{"type":"FeatureCollection","features":[{"type":"Feature","geometry":{"type":"Point","coordinates":[110.76451,-8.08285]},"properties":{"name":"Pasar Baran","type":"Marketplace","category":"kebutuhan","subcategory":"Pasar","opening_hours":null,"operator":null,"osm_id":9179658769}},{"type":"Feature","geometry":{"type":"Point","coordinates":[110.65712,-8.00058]},"properties":{"name":"Convenience","type":"Convenience","category":"kebutuhan","subcategory":"Toko","opening_hours":null,"operator":null,"osm_id":9751923162}},{"type":"Feature","geometry":{"type":"Point","coordinates":[110.554,-7.9097]},"properties":{"name":"Second Cell","type":"Mobile Phone","category":"kebutuhan","subcategory":"Toko","opening_hours":null,"operator":null,"osm_id":9751933975}},{"type":"Feature","geometry":{"type":"Point","coordinates":[110.65041,-7.99676]},"properties":{"name":"Convenience","type":"Convenience","category":"kebutuhan","subcategory":"Toko","opening_hours":null,"operator":null,"osm_id":9751934019}},{"type":"Feature","geometry":{"type":"Point","coordinates":[110.33117,-7.93351]},"properties":{"name":"Dido Loundry","type":"Laundry","category":"kebutuhan","subcategory":"Toko","opening_hours":null,"operator":"Dido","osm_id":11853095138}},{"type":"Feature","geometry":{"type":"Point","coordinates":[110.39109,-7.75288]},"properties":{"name":"76 Komputer","type":"Supermarket","category":"kebutuhan","subcategory":"Supermarket","opening_hours":null,"operator":null,"osm_id":4590655048}},{"type":"Feature","geometry":{"type":"Point","coordinates":[110.41089,-7.75268]},"properties":{"name":"Circle K Korner","type":"Convenience","category":"kebutuhan","subcategory":"Toko","opening_hours":null,"operator":null,"osm_id":13172565501}},{"type":"Feature","geometry":{"type":"Point","coordinates":[110.40767,-7.75723]},"properties":{"name":"Indomaret","type":"Convenience","category":"kebutuhan","subcategory":"Toko","opening_hours":null,"operator":"PT. Indomarco Prismatama","osm_id":1988467904}},{"type":"Feature","geometry":{"type":"Point","coordinates":[110.40607,-7.74936]},"properties":{"name":"Indomaret","type":"Convenience","category":"kebutuhan","subcategory":"Toko","opening_hours":null,"operator":"PT. Indomarco Prismatama","osm_id":5270626863}},{"type":"Feature","geometry":{"type":"Point","coordinates":[110.40828,-7.74041]},"properties":{"name":"Indomaret","type":"Convenience","category":"kebutuhan","subcategory":"Toko","opening_hours":null,"operator":"PT. Indomarco Prismatama","osm_id":5270626864}},{"type":"Feature","geometry":{"type":"Point","coordinates":[110.41116,-7.7514]},"properties":{"name":"Circle K","type":"Convenience","category":"kebutuhan","subcategory":"Toko","opening_hours":null,"operator":null,"osm_id":5268445807}},{"type":"Feature","geometry":{"type":"Point","coordinates":[110.38124,-7.75885]},"properties":{"name":"Beauty","type":"Beauty","category":"kebutuhan","subcategory":"Toko","opening_hours":null,"operator":null,"osm_id":12338747917}},{"type":"Feature","geometry":{"type":"Point","coordinates":[110.38167,-7.75779]},"properties":{"name":"Beauty","type":"Beauty","category":"kebutuhan","subcategory":"Toko","opening_hours":null,"operator":null,"osm_id":12338747926}},{"type":"Feature","geometry":{"type":"Point","coordinates":[110.38217,-7.75679]},"properties":{"name":"Supermarket","type":"Supermarket","category":"kebutuhan","subcategory":"Supermarket","opening_hours":null,"operator":null,"osm_id":12338747933}},{"type":"Feature","geometry":{"type":"Point","coordinates":[110.38009,-7.75629]},"properties":{"name":"Convenience","type":"Convenience","category":"kebutuhan","subcategory":"Toko","opening_hours":null,"operator":null,"osm_id":12338747966}},{"type":"Feature","geometry":{"type":"Point","coordinates":[110.38557,-7.76649]},"properties":{"name":"Mobile Phone","type":"Mobile Phone","category":"kebutuhan","subcategory":"Toko","opening_hours":"Mo-Su 10:00-23:00","operator":null,"osm_id":4329095958}},{"type":"Feature","geometry":{"type":"Point","coordinates":[110.3824,-7.76371]},"properties":{"name":"Larasati Salon","type":"Beauty","category":"kebutuhan","subcategory":"Toko","opening_hours":null,"operator":null,"osm_id":6009384640}},{"type":"Feature","geometry":{"type":"Point","coordinates":[110.37908,-7.76429]},"properties":{"name":"Data FC Phone","type":"Mobile Phone","category":"kebutuhan","subcategory":"Toko","opening_hours":null,"operator":null,"osm_id":6009402148}},{"type":"Feature","geometry":{"type":"Point","coordinates":[110.38721,-7.76429]},"properties":{"name":"Funny Laundry","type":"Laundry","category":"kebutuhan","subcategory":"Toko","opening_hours":null,"operator":null,"osm_id":3451899395}},{"type":"Feature","geometry":{"type":"Point","coordinates":[110.3807,-7.7612]},"properties":{"name":"Samsung Service Center","type":"Electronics","category":"kebutuhan","subcategory":"Toko","opening_hours":null,"operator":null,"osm_id":6009341763}},{"type":"Feature","geometry":{"type":"Point","coordinates":[110.38295,-7.755]},"properties":{"name":"Super Dazzle Jakal","type":"Electronics","category":"kebutuhan","subcategory":"Toko","opening_hours":null,"operator":null,"osm_id":12338747939}},{"type":"Feature","geometry":{"type":"Point","coordinates":[110.38088,-7.75999]},"properties":{"name":"Indomaret","type":"Convenience","category":"kebutuhan","subcategory":"Toko","opening_hours":"24/7","operator":"PT. Indomarco Prismatama","osm_id":5040092321}},{"type":"Feature","geometry":{"type":"Point","coordinates":[110.37031,-7.75397]},"properties":{"name":"Convenience","type":"Convenience","category":"kebutuhan","subcategory":"Toko","opening_hours":null,"operator":null,"osm_id":12338305044}},{"type":"Feature","geometry":{"type":"Point","coordinates":[110.36496,-7.75285]},"properties":{"name":"Gulawentah Pro Art","type":"Laundry","category":"kebutuhan","subcategory":"Toko","opening_hours":null,"operator":null,"osm_id":12357612411}},{"type":"Feature","geometry":{"type":"Point","coordinates":[110.36599,-7.75304]},"properties":{"name":"Laundry Mbak Mun","type":"Laundry","category":"kebutuhan","subcategory":"Toko","opening_hours":null,"operator":null,"osm_id":12357612416}},{"type":"Feature","geometry":{"type":"Point","coordinates":[110.36353,-7.76144]},"properties":{"name":"Toko Sembako","type":"Marketplace","category":"kebutuhan","subcategory":"Pasar","opening_hours":null,"operator":null,"osm_id":12357538047}},{"type":"Feature","geometry":{"type":"Point","coordinates":[110.36383,-7.75934]},"properties":{"name":"Sanurpro","type":"Electronics","category":"kebutuhan","subcategory":"Toko","opening_hours":null,"operator":null,"osm_id":12357538053}},{"type":"Feature","geometry":{"type":"Point","coordinates":[110.37013,-7.75486]},"properties":{"name":"Convenience","type":"Convenience","category":"kebutuhan","subcategory":"Toko","opening_hours":null,"operator":null,"osm_id":12338336979}},{"type":"Feature","geometry":{"type":"Point","coordinates":[110.37013,-7.75459]},"properties":{"name":"Mobile Phone","type":"Mobile Phone","category":"kebutuhan","subcategory":"Toko","opening_hours":null,"operator":null,"osm_id":12338336982}},{"type":"Feature","geometry":{"type":"Point","coordinates":[110.37033,-7.75418]},"properties":{"name":"Kiosk","type":"Kiosk","category":"kebutuhan","subcategory":"Toko","opening_hours":null,"operator":null,"osm_id":12338336983}},{"type":"Feature","geometry":{"type":"Point","coordinates":[110.37025,-7.75424]},"properties":{"name":"Beauty","type":"Beauty","category":"kebutuhan","subcategory":"Toko","opening_hours":null,"operator":null,"osm_id":12338336984}},{"type":"Feature","geometry":{"type":"Point","coordinates":[110.37016,-7.75434]},"properties":{"name":"Copyshop","type":"Copyshop","category":"kebutuhan","subcategory":"Toko","opening_hours":null,"operator":null,"osm_id":12338336985}},{"type":"Feature","geometry":{"type":"Point","coordinates":[110.37015,-7.7544]},"properties":{"name":"Mobile Phone","type":"Mobile Phone","category":"kebutuhan","subcategory":"Toko","opening_hours":null,"operator":null,"osm_id":12338336986}},{"type":"Feature","geometry":{"type":"Point","coordinates":[110.37073,-7.75303]},"properties":{"name":"Convenience","type":"Convenience","category":"kebutuhan","subcategory":"Toko","opening_hours":null,"operator":null,"osm_id":12338305033}},{"type":"Feature","geometry":{"type":"Point","coordinates":[110.37081,-7.75287]},"properties":{"name":"Computer","type":"Computer","category":"kebutuhan","subcategory":"Toko","opening_hours":null,"operator":null,"osm_id":12338305034}},{"type":"Feature","geometry":{"type":"Point","coordinates":[110.3698,-7.7592]},"properties":{"name":"Computer","type":"Computer","category":"kebutuhan","subcategory":"Toko","opening_hours":null,"operator":null,"osm_id":12337486188}},{"type":"Feature","geometry":{"type":"Point","coordinates":[110.36986,-7.75827]},"properties":{"name":"Computer","type":"Computer","category":"kebutuhan","subcategory":"Toko","opening_hours":null,"operator":null,"osm_id":12337486194}},{"type":"Feature","geometry":{"type":"Point","coordinates":[110.37001,-7.75636]},"properties":{"name":"Convenience","type":"Convenience","category":"kebutuhan","subcategory":"Toko","opening_hours":null,"operator":null,"osm_id":12337502004}},{"type":"Feature","geometry":{"type":"Point","coordinates":[110.36995,-7.75665]},"properties":{"name":"Laundry","type":"Laundry","category":"kebutuhan","subcategory":"Toko","opening_hours":null,"operator":null,"osm_id":12337502006}},{"type":"Feature","geometry":{"type":"Point","coordinates":[110.37105,-7.75208]},"properties":{"name":"Convenience","type":"Convenience","category":"kebutuhan","subcategory":"Toko","opening_hours":null,"operator":null,"osm_id":12337510576}},{"type":"Feature","geometry":{"type":"Point","coordinates":[110.37107,-7.7522]},"properties":{"name":"Mobile Phone","type":"Mobile Phone","category":"kebutuhan","subcategory":"Toko","opening_hours":null,"operator":null,"osm_id":12337510577}},{"type":"Feature","geometry":{"type":"Point","coordinates":[110.37089,-7.75245]},"properties":{"name":"Convenience","type":"Convenience","category":"kebutuhan","subcategory":"Toko","opening_hours":null,"operator":null,"osm_id":12337510580}},{"type":"Feature","geometry":{"type":"Point","coordinates":[110.36331,-7.76121]},"properties":{"name":"Supermarket","type":"Supermarket","category":"kebutuhan","subcategory":"Supermarket","opening_hours":null,"operator":null,"osm_id":12298792204}},{"type":"Feature","geometry":{"type":"Point","coordinates":[110.3623,-7.75444]},"properties":{"name":"Nikita Home Furnishing","type":"Supermarket","category":"kebutuhan","subcategory":"Supermarket","opening_hours":null,"operator":null,"osm_id":1848014049}},{"type":"Feature","geometry":{"type":"Point","coordinates":[110.36322,-7.7508]},"properties":{"name":"Indogrosir","type":"Supermarket","category":"kebutuhan","subcategory":"Supermarket","opening_hours":null,"operator":null,"osm_id":12298797314}},{"type":"Feature","geometry":{"type":"Point","coordinates":[110.36261,-7.74772]},"properties":{"name":"Indomaret","type":"Convenience","category":"kebutuhan","subcategory":"Toko","opening_hours":null,"operator":"PT. Indomarco Prismatama","osm_id":9141105417}},{"type":"Feature","geometry":{"type":"Point","coordinates":[110.29356,-7.74984]},"properties":{"name":"Indomaret","type":"Convenience","category":"kebutuhan","subcategory":"Toko","opening_hours":null,"operator":"PT. Indomarco Prismatama","osm_id":13516032594}},{"type":"Feature","geometry":{"type":"Point","coordinates":[110.39011,-7.8243]},"properties":{"name":"Pamella 4","type":"Supermarket","category":"kebutuhan","subcategory":"Supermarket","opening_hours":"Mo-Su 07:30-21:30","operator":null,"osm_id":12361974752}},{"type":"Feature","geometry":{"type":"Point","coordinates":[110.40686,-7.82985]},"properties":{"name":"WS Baru Mart","type":"Convenience","category":"kebutuhan","subcategory":"Toko","opening_hours":null,"operator":null,"osm_id":9811836754}},{"type":"Feature","geometry":{"type":"Point","coordinates":[110.39434,-7.8689]},"properties":{"name":"Pasar Onderdil Motor Jejeran","type":"Marketplace","category":"kebutuhan","subcategory":"Pasar","opening_hours":null,"operator":null,"osm_id":3638560388}},{"type":"Feature","geometry":{"type":"Point","coordinates":[110.39972,-7.83166]},"properties":{"name":"Cokelat Monggo","type":"Kiosk","category":"kebutuhan","subcategory":"Toko","opening_hours":null,"operator":null,"osm_id":3960894157}},{"type":"Feature","geometry":{"type":"Point","coordinates":[110.39077,-7.83373]},"properties":{"name":"Gatya Collection","type":"Beauty","category":"kebutuhan","subcategory":"Toko","opening_hours":"Mo-Sa 07:00-20:00","operator":null,"osm_id":5040105921}},{"type":"Feature","geometry":{"type":"Point","coordinates":[110.38984,-7.83136]},"properties":{"name":"Alfamart","type":"Convenience","category":"kebutuhan","subcategory":"Toko","opening_hours":null,"operator":"PT Sumber Alfaria Trijaya,Tbk","osm_id":4069457553}},{"type":"Feature","geometry":{"type":"Point","coordinates":[110.40138,-7.8197]},"properties":{"name":"Alfamart","type":"Convenience","category":"kebutuhan","subcategory":"Toko","opening_hours":null,"operator":"PT Sumber Alfaria Trijaya,Tbk","osm_id":10079614562}},{"type":"Feature","geometry":{"type":"Point","coordinates":[110.39626,-7.81949]},"properties":{"name":"Indomaret","type":"Convenience","category":"kebutuhan","subcategory":"Toko","opening_hours":null,"operator":"PT. Indomarco Prismatama","osm_id":4316611995}},{"type":"Feature","geometry":{"type":"Point","coordinates":[110.3904,-7.8237]},"properties":{"name":"Indomaret","type":"Convenience","category":"kebutuhan","subcategory":"Toko","opening_hours":null,"operator":"PT. Indomarco Prismatama","osm_id":8002453370}},{"type":"Feature","geometry":{"type":"Point","coordinates":[110.64921,-7.99661]},"properties":{"name":"Alfamart","type":"Convenience","category":"kebutuhan","subcategory":"Toko","opening_hours":null,"operator":"PT Sumber Alfaria Trijaya,Tbk","osm_id":9751906946}},{"type":"Feature","geometry":{"type":"Point","coordinates":[110.60754,-7.97277]},"properties":{"name":"Alfamart","type":"Convenience","category":"kebutuhan","subcategory":"Toko","opening_hours":null,"operator":"PT Sumber Alfaria Trijaya,Tbk","osm_id":9751913651}},{"type":"Feature","geometry":{"type":"Point","coordinates":[110.67829,-7.95276]},"properties":{"name":"Alfamart","type":"Convenience","category":"kebutuhan","subcategory":"Toko","opening_hours":null,"operator":"PT Sumber Alfaria Trijaya,Tbk","osm_id":11759281097}},{"type":"Feature","geometry":{"type":"Point","coordinates":[110.58581,-7.9497]},"properties":{"name":"Indomaret","type":"Convenience","category":"kebutuhan","subcategory":"Toko","opening_hours":null,"operator":"PT. Indomarco Prismatama","osm_id":9751928918}},{"type":"Feature","geometry":{"type":"Point","coordinates":[110.39144,-7.87175]},"properties":{"name":"Toko WS","type":"Supermarket","category":"kebutuhan","subcategory":"Supermarket","opening_hours":null,"operator":null,"osm_id":5006209536}},{"type":"Feature","geometry":{"type":"Point","coordinates":[110.33753,-7.86875]},"properties":{"name":"Alif's Bakery & Cookies","type":"Bakery","category":"kebutuhan","subcategory":"Toko","opening_hours":null,"operator":null,"osm_id":9811872362}},{"type":"Feature","geometry":{"type":"Point","coordinates":[110.51613,-7.86608]},"properties":{"name":"Toko Kelontong A3","type":"Convenience","category":"kebutuhan","subcategory":"Toko","opening_hours":null,"operator":null,"osm_id":9751892060}},{"type":"Feature","geometry":{"type":"Point","coordinates":[110.67532,-7.96121]},"properties":{"name":"GILANG","type":"Beauty","category":"kebutuhan","subcategory":"Toko","opening_hours":null,"operator":null,"osm_id":8186677590}},{"type":"Feature","geometry":{"type":"Point","coordinates":[110.38558,-7.77339]},"properties":{"name":"Kopma UNY","type":"Convenience","category":"kebutuhan","subcategory":"Toko","opening_hours":null,"operator":null,"osm_id":3396431274}},{"type":"Feature","geometry":{"type":"Point","coordinates":[110.38553,-7.77344]},"properties":{"name":"Koperasi Mahasiswa UNY","type":"Supermarket","category":"kebutuhan","subcategory":"Supermarket","opening_hours":null,"operator":null,"osm_id":4591254262}},{"type":"Feature","geometry":{"type":"Point","coordinates":[110.35112,-7.78885]},"properties":{"name":"Bambang Electronic","type":"Electronics","category":"kebutuhan","subcategory":"Toko","opening_hours":null,"operator":null,"osm_id":4771094722}},{"type":"Feature","geometry":{"type":"Point","coordinates":[110.35248,-7.78739]},"properties":{"name":"Toko Dolano","type":"Convenience","category":"kebutuhan","subcategory":"Toko","opening_hours":null,"operator":null,"osm_id":4799118029}},{"type":"Feature","geometry":{"type":"Point","coordinates":[110.43687,-7.76702]},"properties":{"name":"Batik Huys","type":"Clothes","category":"kebutuhan","subcategory":"Toko","opening_hours":null,"operator":null,"osm_id":5220697827}},{"type":"Feature","geometry":{"type":"Point","coordinates":[110.36258,-7.74746]},"properties":{"name":"Alfamart","type":"Convenience","category":"kebutuhan","subcategory":"Toko","opening_hours":null,"operator":"PT Sumber Alfaria Trijaya,Tbk","osm_id":1847988256}},{"type":"Feature","geometry":{"type":"Point","coordinates":[110.36218,-7.75527]},"properties":{"name":"Alfamart","type":"Convenience","category":"kebutuhan","subcategory":"Toko","opening_hours":null,"operator":"PT Sumber Alfaria Trijaya,Tbk","osm_id":1848014568}},{"type":"Feature","geometry":{"type":"Point","coordinates":[110.41455,-7.77796]},"properties":{"name":"Alfamart","type":"Convenience","category":"kebutuhan","subcategory":"Toko","opening_hours":null,"operator":"PT Sumber Alfaria Trijaya,Tbk","osm_id":4585536375}},{"type":"Feature","geometry":{"type":"Point","coordinates":[110.36821,-7.7733]},"properties":{"name":"Alfamart","type":"Convenience","category":"kebutuhan","subcategory":"Toko","opening_hours":"24/7","operator":"PT Sumber Alfaria Trijaya,Tbk","osm_id":4655095789}},{"type":"Feature","geometry":{"type":"Point","coordinates":[110.44878,-7.7648]},"properties":{"name":"Alfamart","type":"Convenience","category":"kebutuhan","subcategory":"Toko","opening_hours":null,"operator":"PT Sumber Alfaria Trijaya,Tbk","osm_id":4928838622}},{"type":"Feature","geometry":{"type":"Point","coordinates":[110.40554,-7.75958]},"properties":{"name":"Alfamart","type":"Convenience","category":"kebutuhan","subcategory":"Toko","opening_hours":null,"operator":"PT Sumber Alfaria Trijaya,Tbk","osm_id":5270626865}},{"type":"Feature","geometry":{"type":"Point","coordinates":[110.36236,-7.78963]},"properties":{"name":"Alfamart","type":"Convenience","category":"kebutuhan","subcategory":"Toko","opening_hours":null,"operator":"PT Sumber Alfaria Trijaya,Tbk","osm_id":6401792054}},{"type":"Feature","geometry":{"type":"Point","coordinates":[110.41974,-7.74686]},"properties":{"name":"Alfamart","type":"Convenience","category":"kebutuhan","subcategory":"Toko","opening_hours":null,"operator":"PT Sumber Alfaria Trijaya,Tbk","osm_id":9671807642}},{"type":"Feature","geometry":{"type":"Point","coordinates":[110.38545,-7.77778]},"properties":{"name":"Alfamart","type":"Convenience","category":"kebutuhan","subcategory":"Toko","opening_hours":null,"operator":"PT Sumber Alfaria Trijaya,Tbk","osm_id":9697446969}},{"type":"Feature","geometry":{"type":"Point","coordinates":[110.44692,-7.78373]},"properties":{"name":"Alfamart","type":"Convenience","category":"kebutuhan","subcategory":"Toko","opening_hours":null,"operator":"PT Sumber Alfaria Trijaya,Tbk","osm_id":9697468008}},{"type":"Feature","geometry":{"type":"Point","coordinates":[110.42746,-7.78364]},"properties":{"name":"Alfamart","type":"Convenience","category":"kebutuhan","subcategory":"Toko","opening_hours":null,"operator":"PT Sumber Alfaria Trijaya,Tbk","osm_id":9725919757}},{"type":"Feature","geometry":{"type":"Point","coordinates":[110.46832,-7.77104]},"properties":{"name":"Alfamart","type":"Convenience","category":"kebutuhan","subcategory":"Toko","opening_hours":null,"operator":"PT Sumber Alfaria Trijaya,Tbk","osm_id":9811816970}},{"type":"Feature","geometry":{"type":"Point","coordinates":[110.38959,-7.77207]},"properties":{"name":"Alfamart","type":"Convenience","category":"kebutuhan","subcategory":"Toko","opening_hours":null,"operator":"PT Sumber Alfaria Trijaya,Tbk","osm_id":9843762789}},{"type":"Feature","geometry":{"type":"Point","coordinates":[110.47867,-7.75921]},"properties":{"name":"Alfamart","type":"Convenience","category":"kebutuhan","subcategory":"Toko","opening_hours":"Mo-Su 07:00-22:00","operator":"PT Sumber Alfaria Trijaya,Tbk","osm_id":9952265380}},{"type":"Feature","geometry":{"type":"Point","coordinates":[110.36465,-7.79381]},"properties":{"name":"Alfamart","type":"Convenience","category":"kebutuhan","subcategory":"Toko","opening_hours":null,"operator":"PT Sumber Alfaria Trijaya,Tbk","osm_id":10770919368}},{"type":"Feature","geometry":{"type":"Point","coordinates":[110.40185,-7.74435]},"properties":{"name":"Alfamart","type":"Convenience","category":"kebutuhan","subcategory":"Toko","opening_hours":null,"operator":"PT Sumber Alfaria Trijaya,Tbk","osm_id":11554845637}},{"type":"Feature","geometry":{"type":"Point","coordinates":[110.39333,-7.77527]},"properties":{"name":"Alfamart","type":"Convenience","category":"kebutuhan","subcategory":"Toko","opening_hours":null,"operator":"PT Sumber Alfaria Trijaya,Tbk","osm_id":12115124901}},{"type":"Feature","geometry":{"type":"Point","coordinates":[110.36108,-7.78071]},"properties":{"name":"Indomaret","type":"Convenience","category":"kebutuhan","subcategory":"Toko","opening_hours":null,"operator":"PT. Indomarco Prismatama","osm_id":3585103219}},{"type":"Feature","geometry":{"type":"Point","coordinates":[110.39593,-7.7676]},"properties":{"name":"Indomaret","type":"Convenience","category":"kebutuhan","subcategory":"Toko","opening_hours":null,"operator":"PT. Indomarco Prismatama","osm_id":3792507114}},{"type":"Feature","geometry":{"type":"Point","coordinates":[110.3997,-7.78643]},"properties":{"name":"Indomaret","type":"Convenience","category":"kebutuhan","subcategory":"Toko","opening_hours":null,"operator":"PT. Indomarco Prismatama","osm_id":4146152131}},{"type":"Feature","geometry":{"type":"Point","coordinates":[110.3728,-7.7956]},"properties":{"name":"Indomaret","type":"Convenience","category":"kebutuhan","subcategory":"Toko","opening_hours":"24/7","operator":"PT. Indomarco Prismatama","osm_id":4362119294}},{"type":"Feature","geometry":{"type":"Point","coordinates":[110.4142,-7.77917]},"properties":{"name":"Indomaret","type":"Convenience","category":"kebutuhan","subcategory":"Toko","opening_hours":null,"operator":"PT. Indomarco Prismatama","osm_id":4585536358}},{"type":"Feature","geometry":{"type":"Point","coordinates":[110.41293,-7.77855]},"properties":{"name":"Indomaret","type":"Convenience","category":"kebutuhan","subcategory":"Toko","opening_hours":null,"operator":"PT. Indomarco Prismatama","osm_id":4585536365}},{"type":"Feature","geometry":{"type":"Point","coordinates":[110.41571,-7.77907]},"properties":{"name":"Indomaret","type":"Convenience","category":"kebutuhan","subcategory":"Toko","opening_hours":null,"operator":"PT. Indomarco Prismatama","osm_id":4585536370}},{"type":"Feature","geometry":{"type":"Point","coordinates":[110.3923,-7.77927]},"properties":{"name":"Indomaret","type":"Convenience","category":"kebutuhan","subcategory":"Toko","opening_hours":"24/7","operator":"PT. Indomarco Prismatama","osm_id":4799160722}},{"type":"Feature","geometry":{"type":"Point","coordinates":[110.47691,-7.76062]},"properties":{"name":"Indomaret","type":"Convenience","category":"kebutuhan","subcategory":"Toko","opening_hours":null,"operator":"PT. Indomarco Prismatama","osm_id":9678982434}},{"type":"Feature","geometry":{"type":"Point","coordinates":[110.42054,-7.76393]},"properties":{"name":"Indomaret","type":"Convenience","category":"kebutuhan","subcategory":"Toko","opening_hours":null,"operator":"PT. Indomarco Prismatama","osm_id":9807884805}},{"type":"Feature","geometry":{"type":"Point","coordinates":[110.44011,-7.75341]},"properties":{"name":"Indomaret","type":"Convenience","category":"kebutuhan","subcategory":"Toko","opening_hours":null,"operator":"PT. Indomarco Prismatama","osm_id":9807888347}},{"type":"Feature","geometry":{"type":"Point","coordinates":[110.39471,-7.73571]},"properties":{"name":"Indomaret","type":"Convenience","category":"kebutuhan","subcategory":"Toko","opening_hours":null,"operator":"PT. Indomarco Prismatama","osm_id":11554845635}},{"type":"Feature","geometry":{"type":"Point","coordinates":[110.37854,-7.74825]},"properties":{"name":"Indomaret","type":"Convenience","category":"kebutuhan","subcategory":"Toko","opening_hours":"Mo-Su 07:00-22:00","operator":"PT. Indomarco Prismatama","osm_id":12298815615}},{"type":"Feature","geometry":{"type":"Point","coordinates":[110.39365,-7.79013]},"properties":{"name":"Indomaret","type":"Convenience","category":"kebutuhan","subcategory":"Toko","opening_hours":null,"operator":"PT. Indomarco Prismatama","osm_id":12805798902}},{"type":"Feature","geometry":{"type":"Point","coordinates":[110.39489,-7.78676]},"properties":{"name":"Indomaret","type":"Convenience","category":"kebutuhan","subcategory":"Toko","opening_hours":null,"operator":"PT. Indomarco Prismatama","osm_id":12805798903}},{"type":"Feature","geometry":{"type":"Point","coordinates":[110.43568,-7.77431]},"properties":{"name":"Indomaret","type":"Convenience","category":"kebutuhan","subcategory":"Toko","opening_hours":null,"operator":"PT. Indomarco Prismatama","osm_id":13159621701}},{"type":"Feature","geometry":{"type":"Point","coordinates":[110.43798,-7.76333]},"properties":{"name":"Indomaret","type":"Convenience","category":"kebutuhan","subcategory":"Toko","opening_hours":null,"operator":"PT. Indomarco Prismatama","osm_id":13167168201}},{"type":"Feature","geometry":{"type":"Point","coordinates":[110.41966,-7.74511]},"properties":{"name":"Indomaret","type":"Convenience","category":"kebutuhan","subcategory":"Toko","opening_hours":null,"operator":"PT. Indomarco Prismatama","osm_id":13172557601}},{"type":"Feature","geometry":{"type":"Point","coordinates":[110.36343,-7.7917]},"properties":{"name":"Circle K","type":"Convenience","category":"kebutuhan","subcategory":"Toko","opening_hours":"24/7","operator":null,"osm_id":4994688422}},{"type":"Feature","geometry":{"type":"Point","coordinates":[110.36644,-7.79875]},"properties":{"name":"Kencana Fashion, Metro Bringharjo","type":"Clothes","category":"kebutuhan","subcategory":"Toko","opening_hours":"Mo-Su 09:00-17:00","operator":null,"osm_id":4861455721}},{"type":"Feature","geometry":{"type":"Point","coordinates":[110.35879,-7.81043]},"properties":{"name":"Batik Blontang","type":"Clothes","category":"kebutuhan","subcategory":"Toko","opening_hours":null,"operator":null,"osm_id":5117049921}},{"type":"Feature","geometry":{"type":"Point","coordinates":[110.36519,-7.81552]},"properties":{"name":"GG Laundry","type":"Laundry","category":"kebutuhan","subcategory":"Toko","opening_hours":null,"operator":null,"osm_id":5530317474}},{"type":"Feature","geometry":{"type":"Point","coordinates":[110.3732,-7.82023]},"properties":{"name":"Laundry service","type":"Laundry","category":"kebutuhan","subcategory":"Toko","opening_hours":null,"operator":null,"osm_id":5583703722}},{"type":"Feature","geometry":{"type":"Point","coordinates":[110.3732,-7.81892]},"properties":{"name":"Laundry","type":"Laundry","category":"kebutuhan","subcategory":"Toko","opening_hours":null,"operator":null,"osm_id":5583703723}},{"type":"Feature","geometry":{"type":"Point","coordinates":[110.37322,-7.8192]},"properties":{"name":"Laundry","type":"Laundry","category":"kebutuhan","subcategory":"Toko","opening_hours":null,"operator":null,"osm_id":5583704721}},{"type":"Feature","geometry":{"type":"Point","coordinates":[110.35225,-7.79891]},"properties":{"name":"Yohann Coffee Roastery","type":"Copyshop","category":"kebutuhan","subcategory":"Toko","opening_hours":null,"operator":null,"osm_id":5728015121}},{"type":"Feature","geometry":{"type":"Point","coordinates":[110.36765,-7.81876]},"properties":{"name":"Batik Winotosastro","type":"Clothes","category":"kebutuhan","subcategory":"Toko","opening_hours":"Mo-Su 09:00-17:00","operator":null,"osm_id":6035133285}},{"type":"Feature","geometry":{"type":"Point","coordinates":[110.37904,-7.82997]},"properties":{"name":"Sambras Computech","type":"Computer","category":"kebutuhan","subcategory":"Toko","opening_hours":"Mo-Fr 09:00-17:00; Sa 09:00-16:00","operator":null,"osm_id":6222513385}},{"type":"Feature","geometry":{"type":"Point","coordinates":[110.36755,-7.80359]},"properties":{"name":"Pangestu Batik","type":"Clothes","category":"kebutuhan","subcategory":"Toko","opening_hours":"Mo-Su 07:00-22:00","operator":null,"osm_id":7094359386}},{"type":"Feature","geometry":{"type":"Point","coordinates":[110.49289,-7.94962]},"properties":{"name":"Ticket Office for Cave & Waterfall","type":"Ticket","category":"kebutuhan","subcategory":"Toko","opening_hours":null,"operator":null,"osm_id":6875525486}},{"type":"Feature","geometry":{"type":"Point","coordinates":[110.39559,-7.92054]},"properties":{"name":"Entrance Fee & Clothes","type":"Ticket","category":"kebutuhan","subcategory":"Toko","opening_hours":null,"operator":null,"osm_id":6875539385}},{"type":"Feature","geometry":{"type":"Point","coordinates":[110.34837,-7.81838]},"properties":{"name":"Alfamart","type":"Convenience","category":"kebutuhan","subcategory":"Toko","opening_hours":null,"operator":"PT Sumber Alfaria Trijaya,Tbk","osm_id":3585204029}},{"type":"Feature","geometry":{"type":"Point","coordinates":[110.39749,-7.81945]},"properties":{"name":"Alfamart","type":"Convenience","category":"kebutuhan","subcategory":"Toko","opening_hours":null,"operator":"PT Sumber Alfaria Trijaya,Tbk","osm_id":12247618238}},{"type":"Feature","geometry":{"type":"Point","coordinates":[110.34227,-7.8068]},"properties":{"name":"Indomaret","type":"Convenience","category":"kebutuhan","subcategory":"Toko","opening_hours":null,"operator":"PT. Indomarco Prismatama","osm_id":2360646862}},{"type":"Feature","geometry":{"type":"Point","coordinates":[110.3735,-7.82497]},"properties":{"name":"Indomaret","type":"Convenience","category":"kebutuhan","subcategory":"Toko","opening_hours":null,"operator":"PT. Indomarco Prismatama","osm_id":3487511789}},{"type":"Feature","geometry":{"type":"Point","coordinates":[110.35567,-7.81779]},"properties":{"name":"Indomaret","type":"Convenience","category":"kebutuhan","subcategory":"Toko","opening_hours":null,"operator":"PT. Indomarco Prismatama","osm_id":3585204026}},{"type":"Feature","geometry":{"type":"Point","coordinates":[110.34914,-7.81309]},"properties":{"name":"Indomaret","type":"Convenience","category":"kebutuhan","subcategory":"Toko","opening_hours":null,"operator":"PT. Indomarco Prismatama","osm_id":3585204030}},{"type":"Feature","geometry":{"type":"Point","coordinates":[110.33677,-7.89275]},"properties":{"name":"Indomaret","type":"Convenience","category":"kebutuhan","subcategory":"Toko","opening_hours":null,"operator":"PT. Indomarco Prismatama","osm_id":3630978235}},{"type":"Feature","geometry":{"type":"Point","coordinates":[110.36155,-7.8223]},"properties":{"name":"Indomaret","type":"Convenience","category":"kebutuhan","subcategory":"Toko","opening_hours":null,"operator":"PT. Indomarco Prismatama","osm_id":4063417183}},{"type":"Feature","geometry":{"type":"Point","coordinates":[110.37308,-7.80089]},"properties":{"name":"Indomaret","type":"Convenience","category":"kebutuhan","subcategory":"Toko","opening_hours":"24/7","operator":"PT. Indomarco Prismatama","osm_id":4362107101}},{"type":"Feature","geometry":{"type":"Point","coordinates":[110.36851,-7.81595]},"properties":{"name":"Indomaret","type":"Convenience","category":"kebutuhan","subcategory":"Toko","opening_hours":null,"operator":"PT. Indomarco Prismatama","osm_id":4742935143}},{"type":"Feature","geometry":{"type":"Point","coordinates":[110.35093,-7.80455]},"properties":{"name":"Indomaret","type":"Convenience","category":"kebutuhan","subcategory":"Toko","opening_hours":null,"operator":"PT. Indomarco Prismatama","osm_id":4799168224}},{"type":"Feature","geometry":{"type":"Point","coordinates":[110.36933,-7.80729]},"properties":{"name":"Indomaret","type":"Convenience","category":"kebutuhan","subcategory":"Toko","opening_hours":null,"operator":"PT. Indomarco Prismatama","osm_id":5729356101}},{"type":"Feature","geometry":{"type":"Point","coordinates":[110.39029,-7.82543]},"properties":{"name":"Indomaret","type":"Convenience","category":"kebutuhan","subcategory":"Toko","opening_hours":null,"operator":"PT. Indomarco Prismatama","osm_id":8002454380}},{"type":"Feature","geometry":{"type":"Point","coordinates":[110.43127,-7.8253]},"properties":{"name":"Indomaret","type":"Convenience","category":"kebutuhan","subcategory":"Toko","opening_hours":null,"operator":"PT. Indomarco Prismatama","osm_id":9811847261}},{"type":"Feature","geometry":{"type":"Point","coordinates":[110.36199,-7.79796]},"properties":{"name":"Indomaret","type":"Convenience","category":"kebutuhan","subcategory":"Toko","opening_hours":null,"operator":"PT. Indomarco Prismatama","osm_id":11554843346}},{"type":"Feature","geometry":{"type":"Point","coordinates":[110.34857,-7.80076]},"properties":{"name":"Indomaret","type":"Convenience","category":"kebutuhan","subcategory":"Toko","opening_hours":null,"operator":"PT. Indomarco Prismatama","osm_id":11554854551}},{"type":"Feature","geometry":{"type":"Point","coordinates":[110.40186,-7.81231]},"properties":{"name":"Indomaret","type":"Convenience","category":"kebutuhan","subcategory":"Toko","opening_hours":null,"operator":"PT. Indomarco Prismatama","osm_id":12247618235}},{"type":"Feature","geometry":{"type":"Point","coordinates":[110.40243,-7.80397]},"properties":{"name":"Indomaret","type":"Convenience","category":"kebutuhan","subcategory":"Toko","opening_hours":null,"operator":"PT. Indomarco Prismatama","osm_id":12247618236}},{"type":"Feature","geometry":{"type":"Point","coordinates":[110.40147,-7.8194]},"properties":{"name":"Indomaret","type":"Convenience","category":"kebutuhan","subcategory":"Toko","opening_hours":null,"operator":"PT. Indomarco Prismatama","osm_id":12247618237}},{"type":"Feature","geometry":{"type":"Point","coordinates":[110.39101,-7.81609]},"properties":{"name":"Indomaret","type":"Convenience","category":"kebutuhan","subcategory":"Toko","opening_hours":null,"operator":"PT. Indomarco Prismatama","osm_id":12805713493}},{"type":"Feature","geometry":{"type":"Point","coordinates":[110.3885,-7.8118]},"properties":{"name":"Indomaret","type":"Convenience","category":"kebutuhan","subcategory":"Toko","opening_hours":null,"operator":"PT. Indomarco Prismatama","osm_id":12805713495}},{"type":"Feature","geometry":{"type":"Point","coordinates":[110.3876,-7.8081]},"properties":{"name":"Indomaret","type":"Convenience","category":"kebutuhan","subcategory":"Toko","opening_hours":null,"operator":"PT. Indomarco Prismatama","osm_id":12805713496}},{"type":"Feature","geometry":{"type":"Point","coordinates":[110.38903,-7.8031]},"properties":{"name":"Indomaret","type":"Convenience","category":"kebutuhan","subcategory":"Toko","opening_hours":null,"operator":"PT. Indomarco Prismatama","osm_id":12805713497}},{"type":"Feature","geometry":{"type":"Point","coordinates":[110.38962,-7.80183]},"properties":{"name":"Indomaret","type":"Convenience","category":"kebutuhan","subcategory":"Toko","opening_hours":null,"operator":"PT. Indomarco Prismatama","osm_id":12805713498}},{"type":"Feature","geometry":{"type":"Point","coordinates":[110.39498,-7.80377]},"properties":{"name":"Indomaret","type":"Convenience","category":"kebutuhan","subcategory":"Toko","opening_hours":null,"operator":"PT. Indomarco Prismatama","osm_id":12805713499}},{"type":"Feature","geometry":{"type":"Point","coordinates":[110.38133,-7.81629]},"properties":{"name":"Indomaret","type":"Convenience","category":"kebutuhan","subcategory":"Toko","opening_hours":null,"operator":"PT. Indomarco Prismatama","osm_id":12805798908}},{"type":"Feature","geometry":{"type":"Point","coordinates":[110.38287,-7.81326]},"properties":{"name":"Indomaret","type":"Convenience","category":"kebutuhan","subcategory":"Toko","opening_hours":null,"operator":"PT. Indomarco Prismatama","osm_id":12805798909}},{"type":"Feature","geometry":{"type":"Point","coordinates":[110.3679,-7.82107]},"properties":{"name":"Circle K","type":"Convenience","category":"kebutuhan","subcategory":"Toko","opening_hours":"24/7","operator":"Circle K","osm_id":3487503062}},{"type":"Feature","geometry":{"type":"Point","coordinates":[110.5384,-7.87685]},"properties":{"name":"Alfamart","type":"Convenience","category":"kebutuhan","subcategory":"Toko","opening_hours":null,"operator":"PT Sumber Alfaria Trijaya,Tbk","osm_id":3029067238}},{"type":"Feature","geometry":{"type":"Point","coordinates":[110.44352,-7.78189]},"properties":{"name":"Mitra Boga Mart","type":"Convenience","category":"kebutuhan","subcategory":"Toko","opening_hours":null,"operator":null,"osm_id":9696646846}},{"type":"Feature","geometry":{"type":"Point","coordinates":[110.46694,-7.77191]},"properties":{"name":"Pusat Oleh-Oleh Bu Vera","type":"Gift","category":"kebutuhan","subcategory":"Toko","opening_hours":null,"operator":null,"osm_id":9794622408}},{"type":"Feature","geometry":{"type":"Point","coordinates":[110.48261,-7.79344]},"properties":{"name":"Damai Indah Swalayan","type":"Convenience","category":"kebutuhan","subcategory":"Toko","opening_hours":null,"operator":null,"osm_id":9748813668}},{"type":"Feature","geometry":{"type":"Point","coordinates":[110.4791,-7.75886]},"properties":{"name":"Alfamart","type":"Convenience","category":"kebutuhan","subcategory":"Toko","opening_hours":null,"operator":"PT Sumber Alfaria Trijaya,Tbk","osm_id":9811804322}},{"type":"Feature","geometry":{"type":"Point","coordinates":[110.46385,-7.77408]},"properties":{"name":"Indomaret","type":"Convenience","category":"kebutuhan","subcategory":"Toko","opening_hours":"Mo-Su 07:00-22:00","operator":"PT. Indomarco Prismatama","osm_id":9678941076}},{"type":"Feature","geometry":{"type":"Point","coordinates":[110.44673,-7.7837]},"properties":{"name":"Indomaret","type":"Convenience","category":"kebutuhan","subcategory":"Toko","opening_hours":null,"operator":"PT. Indomarco Prismatama","osm_id":9697406462}},{"type":"Feature","geometry":{"type":"Point","coordinates":[110.44852,-7.78244]},"properties":{"name":"Indomaret","type":"Convenience","category":"kebutuhan","subcategory":"Toko","opening_hours":null,"operator":"PT. Indomarco Prismatama","osm_id":10049362032}},{"type":"Feature","geometry":{"type":"Point","coordinates":[110.41515,-7.72347]},"properties":{"name":"ABON IBU","type":"Marketplace","category":"kebutuhan","subcategory":"Pasar","opening_hours":"Mo-Su 09:00-17:00","operator":"Retna Estiati","osm_id":11276465430}},{"type":"Feature","geometry":{"type":"Point","coordinates":[110.40427,-7.71859]},"properties":{"name":"Grosir Beras Padi Mas","type":"Supermarket","category":"kebutuhan","subcategory":"Supermarket","opening_hours":null,"operator":null,"osm_id":4242256791}},{"type":"Feature","geometry":{"type":"Point","coordinates":[110.4468,-7.70078]},"properties":{"name":"Pasar Jangkang","type":"Marketplace","category":"kebutuhan","subcategory":"Pasar","opening_hours":null,"operator":null,"osm_id":13234537292}},{"type":"Feature","geometry":{"type":"Point","coordinates":[110.44476,-7.69957]},"properties":{"name":"Pasar Wage Jangkang","type":"Marketplace","category":"kebutuhan","subcategory":"Pasar","opening_hours":null,"operator":null,"osm_id":13240770179}},{"type":"Feature","geometry":{"type":"Point","coordinates":[110.39848,-7.72823]},"properties":{"name":"Alfamart","type":"Convenience","category":"kebutuhan","subcategory":"Toko","opening_hours":null,"operator":"PT Sumber Alfaria Trijaya,Tbk","osm_id":4267436089}},{"type":"Feature","geometry":{"type":"Point","coordinates":[110.38259,-7.72117]},"properties":{"name":"Alfamart","type":"Convenience","category":"kebutuhan","subcategory":"Toko","opening_hours":null,"operator":"PT Sumber Alfaria Trijaya,Tbk","osm_id":4694685490}},{"type":"Feature","geometry":{"type":"Point","coordinates":[110.40002,-7.71975]},"properties":{"name":"Toko Kelontong","type":"Supermarket","category":"kebutuhan","subcategory":"Supermarket","opening_hours":null,"operator":null,"osm_id":13704701963}},{"type":"Feature","geometry":{"type":"Point","coordinates":[110.40172,-7.72016]},"properties":{"name":"Baby Malika Head Office","type":"Clothes","category":"kebutuhan","subcategory":"Toko","opening_hours":null,"operator":null,"osm_id":13704701966}},{"type":"Feature","geometry":{"type":"Point","coordinates":[110.39913,-7.72455]},"properties":{"name":"Manora Comp","type":"Computer","category":"kebutuhan","subcategory":"Toko","opening_hours":null,"operator":null,"osm_id":13704688892}},{"type":"Feature","geometry":{"type":"Point","coordinates":[110.47167,-7.74404]},"properties":{"name":"Coco Card","type":"Mobile Phone","category":"kebutuhan","subcategory":"Toko","opening_hours":null,"operator":null,"osm_id":9678950983}},{"type":"Feature","geometry":{"type":"Point","coordinates":[110.48249,-7.73621]},"properties":{"name":"Sayur Gunung","type":"Marketplace","category":"kebutuhan","subcategory":"Pasar","opening_hours":null,"operator":null,"osm_id":10120491396}},{"type":"Feature","geometry":{"type":"Point","coordinates":[110.48068,-7.73626]},"properties":{"name":"Griya Pengantin & Busana Heppy","type":"Beauty","category":"kebutuhan","subcategory":"Toko","opening_hours":"Mo-Sa 09:00-17:00","operator":null,"osm_id":11533525869}},{"type":"Feature","geometry":{"type":"Point","coordinates":[110.43439,-7.74099]},"properties":{"name":"Devania Buah","type":"Marketplace","category":"kebutuhan","subcategory":"Pasar","opening_hours":null,"operator":null,"osm_id":10839363529}},{"type":"Feature","geometry":{"type":"Point","coordinates":[110.4856,-7.75597]},"properties":{"name":"Indi Cake & Bakery","type":"Bakery","category":"kebutuhan","subcategory":"Toko","opening_hours":null,"operator":null,"osm_id":9780861353}},{"type":"Feature","geometry":{"type":"Point","coordinates":[110.4338,-7.7562]},"properties":{"name":"Aneka Buah Cemerlang","type":"Marketplace","category":"kebutuhan","subcategory":"Pasar","opening_hours":null,"operator":null,"osm_id":10680642542}},{"type":"Feature","geometry":{"type":"Point","coordinates":[110.43814,-7.75293]},"properties":{"name":"TB Sinar Makmur","type":"Hardware","category":"kebutuhan","subcategory":"Toko","opening_hours":null,"operator":null,"osm_id":13238442236}},{"type":"Feature","geometry":{"type":"Point","coordinates":[110.42437,-7.73981]},"properties":{"name":"Violet Exclusive Clean Expert Laundry","type":"Laundry","category":"kebutuhan","subcategory":"Toko","opening_hours":"Mo-Su 07:00-21:30","operator":null,"osm_id":13573738720}},{"type":"Feature","geometry":{"type":"Point","coordinates":[110.45182,-7.73837]},"properties":{"name":"Alfamart","type":"Convenience","category":"kebutuhan","subcategory":"Toko","opening_hours":null,"operator":"PT Sumber Alfaria Trijaya,Tbk","osm_id":9670241259}},{"type":"Feature","geometry":{"type":"Point","coordinates":[110.43426,-7.73908]},"properties":{"name":"Indomaret","type":"Convenience","category":"kebutuhan","subcategory":"Toko","opening_hours":"Mo-Su 07:00-22:00","operator":"PT. Indomarco Prismatama","osm_id":9676490224}},{"type":"Feature","geometry":{"type":"Point","coordinates":[110.05975,-7.90078]},"properties":{"name":"Indomaret","type":"Convenience","category":"kebutuhan","subcategory":"Toko","opening_hours":null,"operator":"PT. Indomarco Prismatama","osm_id":12078121076}},{"type":"Feature","geometry":{"type":"Point","coordinates":[110.27077,-7.81232]},"properties":{"name":"Top Toko Elektronik","type":"Electronics","category":"kebutuhan","subcategory":"Toko","opening_hours":"Mo-Su 08:00-21:00","operator":null,"osm_id":4748802225}},{"type":"Feature","geometry":{"type":"Point","coordinates":[110.31554,-7.79862]},"properties":{"name":"Kiosk","type":"Kiosk","category":"kebutuhan","subcategory":"Toko","opening_hours":null,"operator":null,"osm_id":3559552920}},{"type":"Feature","geometry":{"type":"Point","coordinates":[110.31307,-7.79842]},"properties":{"name":"Warung \"Mbak Adi Suroso\"","type":"Kiosk","category":"kebutuhan","subcategory":"Toko","opening_hours":null,"operator":null,"osm_id":3558087489}},{"type":"Feature","geometry":{"type":"Point","coordinates":[110.31519,-7.79922]},"properties":{"name":"Kiosk","type":"Kiosk","category":"kebutuhan","subcategory":"Toko","opening_hours":null,"operator":null,"osm_id":3558088695}},{"type":"Feature","geometry":{"type":"Point","coordinates":[110.31364,-7.79945]},"properties":{"name":"Warung Sembako","type":"Kiosk","category":"kebutuhan","subcategory":"Toko","opening_hours":null,"operator":null,"osm_id":3558088693}},{"type":"Feature","geometry":{"type":"Point","coordinates":[110.26757,-7.81269]},"properties":{"name":"Alfamart","type":"Convenience","category":"kebutuhan","subcategory":"Toko","opening_hours":null,"operator":"PT Sumber Alfaria Trijaya,Tbk","osm_id":5729355893}},{"type":"Feature","geometry":{"type":"Point","coordinates":[110.34069,-7.80633]},"properties":{"name":"Alfamart","type":"Convenience","category":"kebutuhan","subcategory":"Toko","opening_hours":null,"operator":"PT Sumber Alfaria Trijaya,Tbk","osm_id":7097568701}},{"type":"Feature","geometry":{"type":"Point","coordinates":[110.28618,-7.80901]},"properties":{"name":"Indomaret","type":"Convenience","category":"kebutuhan","subcategory":"Toko","opening_hours":null,"operator":"PT. Indomarco Prismatama","osm_id":11554872775}},{"type":"Feature","geometry":{"type":"Point","coordinates":[110.34384,-7.77759]},"properties":{"name":"Hasty Market","type":"Convenience","category":"kebutuhan","subcategory":"Toko","opening_hours":null,"operator":null,"osm_id":4145328672}},{"type":"Feature","geometry":{"type":"Point","coordinates":[110.31425,-7.79703]},"properties":{"name":"Warung \"Mbak Rani\"","type":"Kiosk","category":"kebutuhan","subcategory":"Toko","opening_hours":null,"operator":null,"osm_id":3558087492}},{"type":"Feature","geometry":{"type":"Point","coordinates":[110.35326,-7.79192]},"properties":{"name":"Alfa Midi","type":"Supermarket","category":"kebutuhan","subcategory":"Supermarket","opening_hours":null,"operator":null,"osm_id":4799168223}},{"type":"Feature","geometry":{"type":"Point","coordinates":[110.35369,-7.79263]},"properties":{"name":"Indomaret","type":"Convenience","category":"kebutuhan","subcategory":"Toko","opening_hours":null,"operator":"PT. Indomarco Prismatama","osm_id":4795283937}},{"type":"Feature","geometry":{"type":"Point","coordinates":[110.35266,-7.79624]},"properties":{"name":"Indomaret","type":"Convenience","category":"kebutuhan","subcategory":"Toko","opening_hours":null,"operator":"PT. Indomarco Prismatama","osm_id":7097567597}},{"type":"Feature","geometry":{"type":"Point","coordinates":[110.34408,-7.77687]},"properties":{"name":"Hasty Market","type":"Convenience","category":"kebutuhan","subcategory":"Toko","opening_hours":null,"operator":null,"osm_id":4145328671}},{"type":"Feature","geometry":{"type":"Point","coordinates":[110.34989,-7.76397]},"properties":{"name":"T'Lab Geek Shop","type":"Supermarket","category":"kebutuhan","subcategory":"Supermarket","opening_hours":null,"operator":"Tlab","osm_id":2591256853}},{"type":"Feature","geometry":{"type":"Point","coordinates":[110.36315,-7.78969]},"properties":{"name":"Indomaret","type":"Convenience","category":"kebutuhan","subcategory":"Toko","opening_hours":null,"operator":"PT. Indomarco Prismatama","osm_id":6401792055}},{"type":"Feature","geometry":{"type":"Point","coordinates":[110.30915,-7.96391]},"properties":{"name":"kosongtujuh adventure","type":"Hardware","category":"kebutuhan","subcategory":"Toko","opening_hours":null,"operator":null,"osm_id":7305576350}},{"type":"Feature","geometry":{"type":"Point","coordinates":[110.37377,-7.93552]},"properties":{"name":"Mini Market","type":"Convenience","category":"kebutuhan","subcategory":"Toko","opening_hours":null,"operator":null,"osm_id":3562591595}},{"type":"Feature","geometry":{"type":"Point","coordinates":[110.27108,-7.99655]},"properties":{"name":"TPR Samas","type":"Ticket","category":"kebutuhan","subcategory":"Toko","opening_hours":null,"operator":null,"osm_id":12981589062}},{"type":"Feature","geometry":{"type":"Point","coordinates":[110.33099,-8.00057]},"properties":{"name":"Goa Jepang","type":"Ticket","category":"kebutuhan","subcategory":"Toko","opening_hours":null,"operator":null,"osm_id":8890288235}},{"type":"Feature","geometry":{"type":"Point","coordinates":[110.32258,-8.01566]},"properties":{"name":"TPR Parangtritis Baru","type":"Ticket","category":"kebutuhan","subcategory":"Toko","opening_hours":null,"operator":null,"osm_id":10898448930}},{"type":"Feature","geometry":{"type":"Point","coordinates":[110.33121,-8.02213]},"properties":{"name":"Alfamart","type":"Convenience","category":"kebutuhan","subcategory":"Toko","opening_hours":null,"operator":"PT Sumber Alfaria Trijaya,Tbk","osm_id":6259024171}},{"type":"Feature","geometry":{"type":"Point","coordinates":[110.46238,-7.77452]},"properties":{"name":"Zeva Tirtomartani","type":"Supermarket","category":"kebutuhan","subcategory":"Supermarket","opening_hours":null,"operator":null,"osm_id":11779954671}},{"type":"Feature","geometry":{"type":"Point","coordinates":[110.45303,-7.78002]},"properties":{"name":"Bakpia Pathok 25","type":"Gift","category":"kebutuhan","subcategory":"Toko","opening_hours":null,"operator":null,"osm_id":9722493992}},{"type":"Feature","geometry":{"type":"Point","coordinates":[110.45416,-7.78]},"properties":{"name":"Indomaret","type":"Convenience","category":"kebutuhan","subcategory":"Toko","opening_hours":"24/7","operator":"PT. Indomarco Prismatama","osm_id":9722477535}},{"type":"Feature","geometry":{"type":"Point","coordinates":[110.4635,-7.77482]},"properties":{"name":"Indomaret","type":"Convenience","category":"kebutuhan","subcategory":"Toko","opening_hours":null,"operator":"PT. Indomarco Prismatama","osm_id":9794183546}},{"type":"Feature","geometry":{"type":"Point","coordinates":[110.40186,-7.76919]},"properties":{"name":"Zahraa Store","type":"Clothes","category":"kebutuhan","subcategory":"Toko","opening_hours":"Mo-Su 10:00-22:00","operator":null,"osm_id":11313765969}},{"type":"Feature","geometry":{"type":"Point","coordinates":[110.40106,-7.77777]},"properties":{"name":"Beli HP Rusak","type":"Mobile Phone","category":"kebutuhan","subcategory":"Toko","opening_hours":"24/7","operator":"belihprusak.com","osm_id":10210318041}},{"type":"Feature","geometry":{"type":"Point","coordinates":[110.41012,-7.76727]},"properties":{"name":"Clothes","type":"Clothes","category":"kebutuhan","subcategory":"Toko","opening_hours":null,"operator":null,"osm_id":1846451288}},{"type":"Feature","geometry":{"type":"Point","coordinates":[110.412,-7.78085]},"properties":{"name":"IKEA Pick-Up Point","type":"Furniture","category":"kebutuhan","subcategory":"Toko","opening_hours":null,"operator":null,"osm_id":13086082216}},{"type":"Feature","geometry":{"type":"Point","coordinates":[110.39275,-7.7784]},"properties":{"name":"KSJM Kreatif","type":"Copyshop","category":"kebutuhan","subcategory":"Toko","opening_hours":null,"operator":null,"osm_id":11875876105}},{"type":"Feature","geometry":{"type":"Point","coordinates":[110.38949,-7.77612]},"properties":{"name":"Mobile Phone","type":"Mobile Phone","category":"kebutuhan","subcategory":"Toko","opening_hours":null,"operator":null,"osm_id":3663310599}},{"type":"Feature","geometry":{"type":"Point","coordinates":[110.39003,-7.77618]},"properties":{"name":"Mobile Phone","type":"Mobile Phone","category":"kebutuhan","subcategory":"Toko","opening_hours":null,"operator":null,"osm_id":3663310601}},{"type":"Feature","geometry":{"type":"Point","coordinates":[110.38805,-7.77763]},"properties":{"name":"Kios Buah Mbak Sam","type":"Marketplace","category":"kebutuhan","subcategory":"Pasar","opening_hours":null,"operator":null,"osm_id":10275532230}},{"type":"Feature","geometry":{"type":"Point","coordinates":[110.39022,-7.77355]},"properties":{"name":"Mom's Laundry Bromo","type":"Laundry","category":"kebutuhan","subcategory":"Toko","opening_hours":null,"operator":null,"osm_id":13172465926}},{"type":"Feature","geometry":{"type":"Point","coordinates":[110.39013,-7.77033]},"properties":{"name":"Indomaret","type":"Convenience","category":"kebutuhan","subcategory":"Toko","opening_hours":null,"operator":"PT. Indomarco Prismatama","osm_id":3521371890}},{"type":"Feature","geometry":{"type":"Point","coordinates":[110.38917,-7.77956]},"properties":{"name":"Toko Gunawan","type":"Convenience","category":"kebutuhan","subcategory":"Toko","opening_hours":null,"operator":null,"osm_id":9969080600}},{"type":"Feature","geometry":{"type":"Point","coordinates":[110.38653,-7.78994]},"properties":{"name":"Indomaret","type":"Convenience","category":"kebutuhan","subcategory":"Toko","opening_hours":null,"operator":"PT. Indomarco Prismatama","osm_id":12805798901}},{"type":"Feature","geometry":{"type":"Point","coordinates":[110.41599,-7.78322]},"properties":{"name":"Bakpia Pathok 25 Jogja Point","type":"Bakery","category":"kebutuhan","subcategory":"Toko","opening_hours":null,"operator":null,"osm_id":10653422426}},{"type":"Feature","geometry":{"type":"Point","coordinates":[110.41528,-7.78322]},"properties":{"name":"Bakpia Pathok 25 Paris Van Jogja","type":"Bakery","category":"kebutuhan","subcategory":"Toko","opening_hours":null,"operator":null,"osm_id":10653444883}},{"type":"Feature","geometry":{"type":"Point","coordinates":[110.41131,-7.78349]},"properties":{"name":"Toko Janti Mandiri","type":"Convenience","category":"kebutuhan","subcategory":"Toko","opening_hours":null,"operator":null,"osm_id":9725919758}},{"type":"Feature","geometry":{"type":"Point","coordinates":[110.41598,-7.77568]},"properties":{"name":"PT. Nafero Mitra Sejati","type":"Supermarket","category":"kebutuhan","subcategory":"Supermarket","opening_hours":"Mo-Su 08:00-17:00","operator":"Amir Fathurahman","osm_id":11162044299}},{"type":"Feature","geometry":{"type":"Point","coordinates":[110.41393,-7.78254]},"properties":{"name":"Agung Digital Printing","type":"Copyshop","category":"kebutuhan","subcategory":"Toko","opening_hours":null,"operator":null,"osm_id":11925726108}},{"type":"Feature","geometry":{"type":"Point","coordinates":[110.41369,-7.77911]},"properties":{"name":"Alfamart","type":"Convenience","category":"kebutuhan","subcategory":"Toko","opening_hours":null,"operator":"PT Sumber Alfaria Trijaya,Tbk","osm_id":4585536356}},{"type":"Feature","geometry":{"type":"Point","coordinates":[110.41027,-7.78384]},"properties":{"name":"Alfamart","type":"Convenience","category":"kebutuhan","subcategory":"Toko","opening_hours":"Mo-Su 07:00-22:00","operator":"PT Sumber Alfaria Trijaya,Tbk","osm_id":12866039857}},{"type":"Feature","geometry":{"type":"Point","coordinates":[110.41068,-7.78382]},"properties":{"name":"Indomaret","type":"Convenience","category":"kebutuhan","subcategory":"Toko","opening_hours":null,"operator":"PT. Indomarco Prismatama","osm_id":4146125388}},{"type":"Feature","geometry":{"type":"Point","coordinates":[110.41941,-7.76311]},"properties":{"name":"Indomaret","type":"Convenience","category":"kebutuhan","subcategory":"Toko","opening_hours":null,"operator":"PT. Indomarco Prismatama","osm_id":4590939190}},{"type":"Feature","geometry":{"type":"Point","coordinates":[110.41215,-7.74645]},"properties":{"name":"Indomaret","type":"Convenience","category":"kebutuhan","subcategory":"Toko","opening_hours":null,"operator":"PT. Indomarco Prismatama","osm_id":5268450216}},{"type":"Feature","geometry":{"type":"Point","coordinates":[110.41432,-7.77965]},"properties":{"name":"Circle K","type":"Convenience","category":"kebutuhan","subcategory":"Toko","opening_hours":null,"operator":null,"osm_id":9863810828}},{"type":"Feature","geometry":{"type":"Point","coordinates":[110.21013,-7.76839]},"properties":{"name":"Pasar Nanggulan","type":"Marketplace","category":"kebutuhan","subcategory":"Pasar","opening_hours":null,"operator":null,"osm_id":13666888634}},{"type":"Feature","geometry":{"type":"Point","coordinates":[110.363,-7.73254]},"properties":{"name":"Indomaret","type":"Convenience","category":"kebutuhan","subcategory":"Toko","opening_hours":null,"operator":"PT. Indomarco Prismatama","osm_id":1847957297}},{"type":"Feature","geometry":{"type":"Point","coordinates":[110.36219,-7.75504]},"properties":{"name":"Indomaret","type":"Convenience","category":"kebutuhan","subcategory":"Toko","opening_hours":null,"operator":"PT. Indomarco Prismatama","osm_id":1848014339}},{"type":"Feature","geometry":{"type":"Point","coordinates":[110.36112,-7.77476]},"properties":{"name":"Indomaret","type":"Convenience","category":"kebutuhan","subcategory":"Toko","opening_hours":null,"operator":"PT. Indomarco Prismatama","osm_id":2266459082}},{"type":"Feature","geometry":{"type":"Point","coordinates":[110.35237,-7.7815]},"properties":{"name":"Indomaret","type":"Convenience","category":"kebutuhan","subcategory":"Toko","opening_hours":"24/7","operator":"PT. Indomarco Prismatama","osm_id":4362119192}},{"type":"Feature","geometry":{"type":"Point","coordinates":[110.3619,-7.76642]},"properties":{"name":"Indomaret","type":"Convenience","category":"kebutuhan","subcategory":"Toko","opening_hours":null,"operator":"PT. Indomarco Prismatama","osm_id":4851278415}},{"type":"Feature","geometry":{"type":"Point","coordinates":[110.34418,-7.76581]},"properties":{"name":"Indomaret","type":"Convenience","category":"kebutuhan","subcategory":"Toko","opening_hours":null,"operator":"PT. Indomarco Prismatama","osm_id":12207757367}},{"type":"Feature","geometry":{"type":"Point","coordinates":[110.36813,-7.77453]},"properties":{"name":"Indomaret","type":"Convenience","category":"kebutuhan","subcategory":"Toko","opening_hours":null,"operator":"PT. Indomarco Prismatama","osm_id":13020324765}},{"type":"Feature","geometry":{"type":"Point","coordinates":[110.36194,-7.75554]},"properties":{"name":"Circle K","type":"Convenience","category":"kebutuhan","subcategory":"Toko","opening_hours":null,"operator":null,"osm_id":1848015107}},{"type":"Feature","geometry":{"type":"Point","coordinates":[110.15631,-7.66062]},"properties":{"name":"BISA MART BUMDES BINANGUN SEJAHTERA NGARGOSARI","type":"Supermarket","category":"kebutuhan","subcategory":"Supermarket","opening_hours":null,"operator":null,"osm_id":10595432562}},{"type":"Feature","geometry":{"type":"Point","coordinates":[110.37551,-7.78612]},"properties":{"name":"Foto Copy","type":"Copyshop","category":"kebutuhan","subcategory":"Toko","opening_hours":"Mo-Sa 09:00-16:00; PH closed","operator":null,"osm_id":9252270616}},{"type":"Feature","geometry":{"type":"Point","coordinates":[110.20846,-7.76644]},"properties":{"name":"AM Mart","type":"Convenience","category":"kebutuhan","subcategory":"Toko","opening_hours":"Mo-Su 08:00-23:30","operator":null,"osm_id":13666949847}},{"type":"Feature","geometry":{"type":"Point","coordinates":[110.31319,-7.84019]},"properties":{"name":"Alfamart","type":"Convenience","category":"kebutuhan","subcategory":"Toko","opening_hours":null,"operator":"PT Sumber Alfaria Trijaya,Tbk","osm_id":3630844911}},{"type":"Feature","geometry":{"type":"Point","coordinates":[110.28636,-7.80901]},"properties":{"name":"Alfamart","type":"Convenience","category":"kebutuhan","subcategory":"Toko","opening_hours":null,"operator":"PT Sumber Alfaria Trijaya,Tbk","osm_id":11554863665}},{"type":"Feature","geometry":{"type":"Point","coordinates":[110.31408,-7.80252]},"properties":{"name":"Alfamart","type":"Convenience","category":"kebutuhan","subcategory":"Toko","opening_hours":null,"operator":"PT Sumber Alfaria Trijaya,Tbk","osm_id":11555005080}},{"type":"Feature","geometry":{"type":"Point","coordinates":[110.31059,-7.80282]},"properties":{"name":"Indomaret","type":"Convenience","category":"kebutuhan","subcategory":"Toko","opening_hours":null,"operator":"PT. Indomarco Prismatama","osm_id":10134659415}},{"type":"Feature","geometry":{"type":"Point","coordinates":[110.30385,-7.80443]},"properties":{"name":"Indomaret","type":"Convenience","category":"kebutuhan","subcategory":"Toko","opening_hours":null,"operator":"PT. Indomarco Prismatama","osm_id":11554872680}},{"type":"Feature","geometry":{"type":"Point","coordinates":[110.23189,-7.85891]},"properties":{"name":"Pasar Ngangkruk (watu ombo) Ndhisil","type":"Marketplace","category":"kebutuhan","subcategory":"Pasar","opening_hours":null,"operator":null,"osm_id":13666842511}},{"type":"Feature","geometry":{"type":"Point","coordinates":[110.56086,-7.92234]},"properties":{"name":"Dama Cell","type":"Mobile Phone","category":"kebutuhan","subcategory":"Toko","opening_hours":null,"operator":null,"osm_id":9751934018}},{"type":"Feature","geometry":{"type":"Point","coordinates":[110.37924,-7.78359]},"properties":{"name":"Alfamidi","type":"Convenience","category":"kebutuhan","subcategory":"Toko","opening_hours":"Mo-Su 09:00-21:00; PH closed","operator":null,"osm_id":9194593860}},{"type":"Feature","geometry":{"type":"Point","coordinates":[110.37821,-7.78114]},"properties":{"name":"ChezMoi","type":"Bakery","category":"kebutuhan","subcategory":"Toko","opening_hours":null,"operator":null,"osm_id":4115706892}},{"type":"Feature","geometry":{"type":"Point","coordinates":[110.37909,-7.78455]},"properties":{"name":"Putra Sehat","type":"Convenience","category":"kebutuhan","subcategory":"Toko","opening_hours":"Mo-Sa 09:00-20:00; PH closed","operator":null,"osm_id":9194548224}},{"type":"Feature","geometry":{"type":"Point","coordinates":[110.3791,-7.78132]},"properties":{"name":"Batik Enom","type":"Supermarket","category":"kebutuhan","subcategory":"Supermarket","opening_hours":"Mo-Su 10:00-19:00","operator":null,"osm_id":11868405365}},{"type":"Feature","geometry":{"type":"Point","coordinates":[110.38081,-7.76622]},"properties":{"name":"Quadra Computer Jogja","type":"Computer","category":"kebutuhan","subcategory":"Toko","opening_hours":"Mo-Sa 09:00-17:00","operator":"Quadra","osm_id":12958379321}},{"type":"Feature","geometry":{"type":"Point","coordinates":[110.37478,-7.8053]},"properties":{"name":"Warung Mak Sum","type":"Convenience","category":"kebutuhan","subcategory":"Toko","opening_hours":"Mo-Su 06:00-21:00","operator":null,"osm_id":11203821734}},{"type":"Feature","geometry":{"type":"Point","coordinates":[110.37468,-7.80541]},"properties":{"name":"Warung Mak Sum","type":"Convenience","category":"kebutuhan","subcategory":"Toko","opening_hours":"Mo-Su 05:00-22:00","operator":null,"osm_id":11155148666}},{"type":"Feature","geometry":{"type":"Point","coordinates":[110.37722,-7.8101]},"properties":{"name":"Indomaret","type":"Convenience","category":"kebutuhan","subcategory":"Toko","opening_hours":null,"operator":"PT. Indomarco Prismatama","osm_id":3782252116}},{"type":"Feature","geometry":{"type":"Point","coordinates":[110.37701,-7.81138]},"properties":{"name":"Indomaret","type":"Convenience","category":"kebutuhan","subcategory":"Toko","opening_hours":"24/7","operator":"PT. Indomarco Prismatama","osm_id":11054121505}},{"type":"Feature","geometry":{"type":"Point","coordinates":[110.38481,-7.79942]},"properties":{"name":"Indomaret","type":"Convenience","category":"kebutuhan","subcategory":"Toko","opening_hours":null,"operator":"PT. Indomarco Prismatama","osm_id":12805713500}},{"type":"Feature","geometry":{"type":"Point","coordinates":[110.38459,-7.81713]},"properties":{"name":"Indomaret","type":"Convenience","category":"kebutuhan","subcategory":"Toko","opening_hours":null,"operator":"PT. Indomarco Prismatama","osm_id":12805798907}},{"type":"Feature","geometry":{"type":"Point","coordinates":[110.38289,-7.75525]},"properties":{"name":"Cemara 7 (Seven Cemara)","type":"Supermarket","category":"kebutuhan","subcategory":"Supermarket","opening_hours":"24/7","operator":null,"osm_id":4319347010}},{"type":"Feature","geometry":{"type":"Point","coordinates":[110.38126,-7.75877]},"properties":{"name":"Clothes","type":"Clothes","category":"kebutuhan","subcategory":"Toko","opening_hours":null,"operator":null,"osm_id":12338747919}},{"type":"Feature","geometry":{"type":"Point","coordinates":[110.38157,-7.75813]},"properties":{"name":"Beauty","type":"Beauty","category":"kebutuhan","subcategory":"Toko","opening_hours":null,"operator":null,"osm_id":12338747925}},{"type":"Feature","geometry":{"type":"Point","coordinates":[110.3826,-7.75455]},"properties":{"name":"Convenience","type":"Convenience","category":"kebutuhan","subcategory":"Toko","opening_hours":null,"operator":null,"osm_id":12338747941}},{"type":"Feature","geometry":{"type":"Point","coordinates":[110.37917,-7.75864]},"properties":{"name":"Laundry","type":"Laundry","category":"kebutuhan","subcategory":"Toko","opening_hours":null,"operator":null,"osm_id":12338747962}},{"type":"Feature","geometry":{"type":"Point","coordinates":[110.38019,-7.75632]},"properties":{"name":"Convenience","type":"Convenience","category":"kebutuhan","subcategory":"Toko","opening_hours":null,"operator":null,"osm_id":12338747964}},{"type":"Feature","geometry":{"type":"Point","coordinates":[110.37953,-7.75642]},"properties":{"name":"Clothes","type":"Clothes","category":"kebutuhan","subcategory":"Toko","opening_hours":null,"operator":null,"osm_id":12338747992}},{"type":"Feature","geometry":{"type":"Point","coordinates":[110.37707,-7.73646]},"properties":{"name":"Hikaru Bakehouse","type":"Bakery","category":"kebutuhan","subcategory":"Toko","opening_hours":null,"operator":"CV Hikaru Bakehouse","osm_id":11878792012}},{"type":"Feature","geometry":{"type":"Point","coordinates":[110.38317,-7.75534]},"properties":{"name":"Sale Stock","type":"Clothes","category":"kebutuhan","subcategory":"Toko","opening_hours":"24/7","operator":null,"osm_id":4299644500}},{"type":"Feature","geometry":{"type":"Point","coordinates":[110.37972,-7.7397]},"properties":{"name":"Mimi Kebaya","type":"Clothes","category":"kebutuhan","subcategory":"Toko","opening_hours":null,"operator":"Mimi Meira","osm_id":8611730107}},{"type":"Feature","geometry":{"type":"Point","coordinates":[110.38096,-7.76066]},"properties":{"name":"Jonny Gadget Kaliurang","type":"Mobile Phone","category":"kebutuhan","subcategory":"Toko","opening_hours":null,"operator":null,"osm_id":6009341761}},{"type":"Feature","geometry":{"type":"Point","coordinates":[110.37559,-7.76172]},"properties":{"name":"Mahel","type":"Laundry","category":"kebutuhan","subcategory":"Toko","opening_hours":null,"operator":null,"osm_id":3451492129}},{"type":"Feature","geometry":{"type":"Point","coordinates":[110.38274,-7.75415]},"properties":{"name":"Indomaret","type":"Convenience","category":"kebutuhan","subcategory":"Toko","opening_hours":null,"operator":"PT. Indomarco Prismatama","osm_id":4851279297}},{"type":"Feature","geometry":{"type":"Point","coordinates":[110.37354,-7.74575]},"properties":{"name":"Indomaret","type":"Convenience","category":"kebutuhan","subcategory":"Toko","opening_hours":"Mo-Su 07:00-22:00","operator":"PT. Indomarco Prismatama","osm_id":6295292185}},{"type":"Feature","geometry":{"type":"Point","coordinates":[110.36585,-7.79168]},"properties":{"name":"Clothes","type":"Clothes","category":"kebutuhan","subcategory":"Toko","opening_hours":null,"operator":null,"osm_id":11571962086}},{"type":"Feature","geometry":{"type":"Point","coordinates":[110.3799,-7.82931]},"properties":{"name":"Ud Pak Man","type":"Convenience","category":"kebutuhan","subcategory":"Toko","opening_hours":null,"operator":null,"osm_id":12583061758}},{"type":"Feature","geometry":{"type":"Point","coordinates":[110.36617,-7.79299]},"properties":{"name":"Hero Supermarket","type":"Supermarket","category":"kebutuhan","subcategory":"Supermarket","opening_hours":null,"operator":null,"osm_id":4069871628}},{"type":"Feature","geometry":{"type":"Point","coordinates":[110.46274,-7.7432]},"properties":{"name":"Toko Ning","type":"Convenience","category":"kebutuhan","subcategory":"Toko","opening_hours":null,"operator":null,"osm_id":9740819929}},{"type":"Feature","geometry":{"type":"Point","coordinates":[110.37237,-7.79176]},"properties":{"name":"Nila Cake","type":"Bakery","category":"kebutuhan","subcategory":"Toko","opening_hours":"Mo-Sa 09:00-21:00; PH closed","operator":null,"osm_id":9198357824}},{"type":"Feature","geometry":{"type":"Point","coordinates":[110.40963,-7.79568]},"properties":{"name":"Qhomemart","type":"Supermarket","category":"kebutuhan","subcategory":"Supermarket","opening_hours":"Mo-Su 08:00-21:00","operator":"PT QHOME SUKSES ABADI","osm_id":11137606009}},{"type":"Feature","geometry":{"type":"Point","coordinates":[110.37571,-7.77792]},"properties":{"name":"Photo Copy","type":"Copyshop","category":"kebutuhan","subcategory":"Toko","opening_hours":null,"operator":null,"osm_id":9222486038}},{"type":"Feature","geometry":{"type":"Point","coordinates":[110.38031,-7.78751]},"properties":{"name":"Top Laundry","type":"Laundry","category":"kebutuhan","subcategory":"Toko","opening_hours":null,"operator":null,"osm_id":9208431566}},{"type":"Feature","geometry":{"type":"Point","coordinates":[110.37877,-7.78678]},"properties":{"name":"Convenience","type":"Convenience","category":"kebutuhan","subcategory":"Toko","opening_hours":"Mo-Sa 09:00-21:00; PH closed","operator":null,"osm_id":9194565890}},{"type":"Feature","geometry":{"type":"Point","coordinates":[110.37715,-7.78905]},"properties":{"name":"Kios","type":"Kiosk","category":"kebutuhan","subcategory":"Toko","opening_hours":"Mo-Su 09:00-21:00","operator":null,"osm_id":7862132542}},{"type":"Feature","geometry":{"type":"Point","coordinates":[110.68685,-7.95468]},"properties":{"name":"Rumah Kana","type":"Mobile Phone","category":"kebutuhan","subcategory":"Toko","opening_hours":null,"operator":null,"osm_id":11759286608}},{"type":"Feature","geometry":{"type":"Point","coordinates":[110.67853,-7.95277]},"properties":{"name":"Diva Swalayan","type":"Convenience","category":"kebutuhan","subcategory":"Toko","opening_hours":null,"operator":null,"osm_id":11758050938}},{"type":"Feature","geometry":{"type":"Point","coordinates":[110.64624,-7.99515]},"properties":{"name":"Barokah","type":"Convenience","category":"kebutuhan","subcategory":"Toko","opening_hours":"24/7","operator":null,"osm_id":10019961236}},{"type":"Feature","geometry":{"type":"Point","coordinates":[110.65346,-8.00111]},"properties":{"name":"Mbk Enik","type":"Convenience","category":"kebutuhan","subcategory":"Toko","opening_hours":"24/7","operator":null,"osm_id":10019961237}},{"type":"Feature","geometry":{"type":"Point","coordinates":[110.7121,-7.97718]},"properties":{"name":"Iki Bisaku","type":"Convenience","category":"kebutuhan","subcategory":"Toko","opening_hours":"24/7","operator":null,"osm_id":10019961238}},{"type":"Feature","geometry":{"type":"Point","coordinates":[110.66432,-7.93711]},"properties":{"name":"AR Cell","type":"Convenience","category":"kebutuhan","subcategory":"Toko","opening_hours":"24/7","operator":null,"osm_id":10019961241}},{"type":"Feature","geometry":{"type":"Point","coordinates":[110.67942,-7.95304]},"properties":{"name":"Convenience","type":"Convenience","category":"kebutuhan","subcategory":"Toko","opening_hours":null,"operator":null,"osm_id":8186833210}},{"type":"Feature","geometry":{"type":"Point","coordinates":[110.68613,-7.95423]},"properties":{"name":"Alfamart","type":"Convenience","category":"kebutuhan","subcategory":"Toko","opening_hours":null,"operator":"PT Sumber Alfaria Trijaya,Tbk","osm_id":11758752609}},{"type":"Feature","geometry":{"type":"Point","coordinates":[110.64731,-7.99529]},"properties":{"name":"Indomaret","type":"Convenience","category":"kebutuhan","subcategory":"Toko","opening_hours":null,"operator":"PT. Indomarco Prismatama","osm_id":9751890830}},{"type":"Feature","geometry":{"type":"Point","coordinates":[110.07658,-7.88696]},"properties":{"name":"Alfamart","type":"Convenience","category":"kebutuhan","subcategory":"Toko","opening_hours":null,"operator":"PT Sumber Alfaria Trijaya,Tbk","osm_id":2751368991}},{"type":"Feature","geometry":{"type":"Point","coordinates":[110.10942,-7.88374]},"properties":{"name":"Alfamart","type":"Convenience","category":"kebutuhan","subcategory":"Toko","opening_hours":null,"operator":"PT Sumber Alfaria Trijaya,Tbk","osm_id":5729356100}},{"type":"Feature","geometry":{"type":"Point","coordinates":[110.40112,-7.72462]},"properties":{"name":"Alfamart","type":"Convenience","category":"kebutuhan","subcategory":"Toko","opening_hours":null,"operator":"PT Sumber Alfaria Trijaya,Tbk","osm_id":5155561863}},{"type":"Feature","geometry":{"type":"Point","coordinates":[110.42284,-7.65406]},"properties":{"name":"Toko Rahmat","type":"Convenience","category":"kebutuhan","subcategory":"Toko","opening_hours":null,"operator":null,"osm_id":11549923911}},{"type":"Feature","geometry":{"type":"Point","coordinates":[110.42579,-7.64712]},"properties":{"name":"Anjani Laundry","type":"Laundry","category":"kebutuhan","subcategory":"Toko","opening_hours":null,"operator":null,"osm_id":11549906824}},{"type":"Feature","geometry":{"type":"Point","coordinates":[110.42423,-7.64553]},"properties":{"name":"Ministop","type":"Convenience","category":"kebutuhan","subcategory":"Toko","opening_hours":"Mo-Su 09:00-23:00","operator":"Dessa Pakembinangun","osm_id":8377524942}},{"type":"Feature","geometry":{"type":"Point","coordinates":[110.41904,-7.68431]},"properties":{"name":"Everest","type":"Kiosk","category":"kebutuhan","subcategory":"Toko","opening_hours":"08:00-22:00","operator":null,"osm_id":5146230477}},{"type":"Feature","geometry":{"type":"Point","coordinates":[110.41844,-7.6867]},"properties":{"name":"Bara Laundry","type":"Laundry","category":"kebutuhan","subcategory":"Toko","opening_hours":null,"operator":null,"osm_id":13233865957}},{"type":"Feature","geometry":{"type":"Point","coordinates":[110.28156,-7.70292]},"properties":{"name":"Alfamart","type":"Convenience","category":"kebutuhan","subcategory":"Toko","opening_hours":null,"operator":"PT Sumber Alfaria Trijaya,Tbk","osm_id":5738527144}},{"type":"Feature","geometry":{"type":"Point","coordinates":[110.22491,-7.71525]},"properties":{"name":"Cantik Catering & Snack","type":"Bakery","category":"kebutuhan","subcategory":"Toko","opening_hours":null,"operator":null,"osm_id":4597266089}},{"type":"Feature","geometry":{"type":"Point","coordinates":[110.40259,-7.72067]},"properties":{"name":"Jual Sembako","type":"Supermarket","category":"kebutuhan","subcategory":"Supermarket","opening_hours":null,"operator":null,"osm_id":13685665033}},{"type":"Feature","geometry":{"type":"Point","coordinates":[110.43483,-7.73594]},"properties":{"name":"Alfamart","type":"Convenience","category":"kebutuhan","subcategory":"Toko","opening_hours":null,"operator":"PT Sumber Alfaria Trijaya,Tbk","osm_id":9676667451}},{"type":"Feature","geometry":{"type":"Point","coordinates":[110.40078,-7.72518]},"properties":{"name":"Gege bakery","type":"Bakery","category":"kebutuhan","subcategory":"Toko","opening_hours":null,"operator":null,"osm_id":13704725101}},{"type":"Feature","geometry":{"type":"Point","coordinates":[110.46131,-7.68966]},"properties":{"name":"Indomaret","type":"Convenience","category":"kebutuhan","subcategory":"Toko","opening_hours":null,"operator":"PT. Indomarco Prismatama","osm_id":10727150522}},{"type":"Feature","geometry":{"type":"Point","coordinates":[110.40125,-7.78172]},"properties":{"name":"Carrefour","type":"Supermarket","category":"kebutuhan","subcategory":"Supermarket","opening_hours":null,"operator":"Transmart","osm_id":5911873194}},{"type":"Feature","geometry":{"type":"Point","coordinates":[110.40054,-7.78311]},"properties":{"name":"Laptop - HP","type":"Electronics","category":"kebutuhan","subcategory":"Toko","opening_hours":null,"operator":null,"osm_id":3473046921}},{"type":"Feature","geometry":{"type":"Point","coordinates":[110.41103,-7.7854]},"properties":{"name":"Modiste Putri Solo","type":"Clothes","category":"kebutuhan","subcategory":"Toko","opening_hours":null,"operator":null,"osm_id":11330314199}},{"type":"Feature","geometry":{"type":"Point","coordinates":[110.41119,-7.78348]},"properties":{"name":"Toko Jago","type":"Convenience","category":"kebutuhan","subcategory":"Toko","opening_hours":null,"operator":null,"osm_id":9725914068}},{"type":"Feature","geometry":{"type":"Point","coordinates":[110.34906,-7.74369]},"properties":{"name":"Alfamart","type":"Convenience","category":"kebutuhan","subcategory":"Toko","opening_hours":null,"operator":"PT Sumber Alfaria Trijaya,Tbk","osm_id":12207758476}},{"type":"Feature","geometry":{"type":"Point","coordinates":[110.55501,-7.91286]},"properties":{"name":"Kompleks Javenir Gunung Kidul","type":"Supermarket","category":"kebutuhan","subcategory":"Supermarket","opening_hours":"Mo-Su 08:00-21:00","operator":"DGM Maju Jaya Group","osm_id":11006726238}},{"type":"Feature","geometry":{"type":"Point","coordinates":[110.59698,-7.96838]},"properties":{"name":"Warung Kemasan","type":"Supermarket","category":"kebutuhan","subcategory":"Supermarket","opening_hours":"24/7","operator":null,"osm_id":9174059851}},{"type":"Feature","geometry":{"type":"Point","coordinates":[110.4289,-7.93159]},"properties":{"name":"Pasar Pencil","type":"Marketplace","category":"kebutuhan","subcategory":"Pasar","opening_hours":"8:00+","operator":null,"osm_id":5850238357}},{"type":"Feature","geometry":{"type":"Point","coordinates":[110.57065,-7.9317]},"properties":{"name":"Amin","type":"Convenience","category":"kebutuhan","subcategory":"Toko","opening_hours":"24/7","operator":null,"osm_id":10019961234}},{"type":"Feature","geometry":{"type":"Point","coordinates":[110.61382,-7.96376]},"properties":{"name":"Kharisma","type":"Convenience","category":"kebutuhan","subcategory":"Toko","opening_hours":"24/7","operator":null,"osm_id":10019961250}},{"type":"Feature","geometry":{"type":"Point","coordinates":[110.60073,-7.96131]},"properties":{"name":"Mozarela Frozen","type":"Convenience","category":"kebutuhan","subcategory":"Toko","opening_hours":"24/7","operator":null,"osm_id":10019961248}},{"type":"Feature","geometry":{"type":"Point","coordinates":[110.60716,-7.96535]},"properties":{"name":"Plastik 88","type":"Convenience","category":"kebutuhan","subcategory":"Toko","opening_hours":"24/7","operator":null,"osm_id":10019961251}},{"type":"Feature","geometry":{"type":"Point","coordinates":[110.55287,-7.9074]},"properties":{"name":"Thiwul Kukus","type":"Gift","category":"kebutuhan","subcategory":"Toko","opening_hours":null,"operator":null,"osm_id":9751920554}},{"type":"Feature","geometry":{"type":"Point","coordinates":[110.5972,-7.96206]},"properties":{"name":"Alfamart","type":"Convenience","category":"kebutuhan","subcategory":"Toko","opening_hours":null,"operator":"PT Sumber Alfaria Trijaya,Tbk","osm_id":9751912842}},{"type":"Feature","geometry":{"type":"Point","coordinates":[110.60427,-7.96959]},"properties":{"name":"Indomaret","type":"Convenience","category":"kebutuhan","subcategory":"Toko","opening_hours":null,"operator":"PT. Indomarco Prismatama","osm_id":9751912843}},{"type":"Feature","geometry":{"type":"Point","coordinates":[110.59662,-7.96145]},"properties":{"name":"Indomaret","type":"Convenience","category":"kebutuhan","subcategory":"Toko","opening_hours":null,"operator":"PT. Indomarco Prismatama","osm_id":9751919053}},{"type":"Feature","geometry":{"type":"Point","coordinates":[110.60562,-7.96685]},"properties":{"name":"Indomaret","type":"Convenience","category":"kebutuhan","subcategory":"Toko","opening_hours":null,"operator":"PT. Indomarco Prismatama","osm_id":10020007928}},{"type":"Feature","geometry":{"type":"Point","coordinates":[110.55153,-8.12447]},"properties":{"name":"TPR Baron","type":"Ticket","category":"kebutuhan","subcategory":"Toko","opening_hours":null,"operator":null,"osm_id":3661256685}},{"type":"Feature","geometry":{"type":"Point","coordinates":[110.55371,-8.1235]},"properties":{"name":"TPR Baron","type":"Ticket","category":"kebutuhan","subcategory":"Toko","opening_hours":null,"operator":null,"osm_id":3661290031}},{"type":"Feature","geometry":{"type":"Point","coordinates":[110.59219,-7.84336]},"properties":{"name":"Fotocopy","type":"Copyshop","category":"kebutuhan","subcategory":"Toko","opening_hours":null,"operator":null,"osm_id":3588969962}},{"type":"Feature","geometry":{"type":"Point","coordinates":[110.5398,-7.87688]},"properties":{"name":"Oreo Cell","type":"Mobile Phone","category":"kebutuhan","subcategory":"Toko","opening_hours":null,"operator":null,"osm_id":9751922161}},{"type":"Feature","geometry":{"type":"Point","coordinates":[110.44844,-7.76748]},"properties":{"name":"Mulia Laundry","type":"Laundry","category":"kebutuhan","subcategory":"Toko","opening_hours":null,"operator":null,"osm_id":9722497013}},{"type":"Feature","geometry":{"type":"Point","coordinates":[110.44882,-7.76475]},"properties":{"name":"Alfamart","type":"Convenience","category":"kebutuhan","subcategory":"Toko","opening_hours":"Mo-Su 07:00-22:00","operator":"PT Sumber Alfaria Trijaya,Tbk","osm_id":5040099422}},{"type":"Feature","geometry":{"type":"Point","coordinates":[110.44591,-7.78324]},"properties":{"name":"Indomaret","type":"Convenience","category":"kebutuhan","subcategory":"Toko","opening_hours":"Mo-Su 07:00-22:00","operator":"PT. Indomarco Prismatama","osm_id":2037735936}},{"type":"Feature","geometry":{"type":"Point","coordinates":[110.43111,-7.77138]},"properties":{"name":"Indomaret","type":"Convenience","category":"kebutuhan","subcategory":"Toko","opening_hours":null,"operator":"PT. Indomarco Prismatama","osm_id":9807895294}},{"type":"Feature","geometry":{"type":"Point","coordinates":[110.38628,-7.78293]},"properties":{"name":"AZKO","type":"Furniture","category":"kebutuhan","subcategory":"Toko","opening_hours":"Mo-Su 09:00-22:00","operator":null,"osm_id":3621489325}},{"type":"Feature","geometry":{"type":"Point","coordinates":[110.39159,-7.78297]},"properties":{"name":"Indomaret","type":"Convenience","category":"kebutuhan","subcategory":"Toko","opening_hours":null,"operator":"PT. Indomarco Prismatama","osm_id":9748480927}},{"type":"Feature","geometry":{"type":"Point","coordinates":[110.37927,-7.78342]},"properties":{"name":"Mirasa","type":"Bakery","category":"kebutuhan","subcategory":"Toko","opening_hours":"Mo-Sa 06:00-20:30; Su 06:00-14:00,16:00-20:30","operator":null,"osm_id":9194593863}},{"type":"Feature","geometry":{"type":"Point","coordinates":[110.3792,-7.78388]},"properties":{"name":"Indomaret","type":"Convenience","category":"kebutuhan","subcategory":"Toko","opening_hours":"Mo-Su 09:00-21:00","operator":"PT. Indomarco Prismatama","osm_id":9194593866}},{"type":"Feature","geometry":{"type":"Point","coordinates":[110.37913,-7.78728]},"properties":{"name":"Unicorn Laundry","type":"Laundry","category":"kebutuhan","subcategory":"Toko","opening_hours":null,"operator":null,"osm_id":9191142223}},{"type":"Feature","geometry":{"type":"Point","coordinates":[110.37854,-7.78824]},"properties":{"name":"Kios","type":"Kiosk","category":"kebutuhan","subcategory":"Toko","opening_hours":null,"operator":null,"osm_id":7863900184}},{"type":"Feature","geometry":{"type":"Point","coordinates":[110.37637,-7.7891]},"properties":{"name":"Kios","type":"Kiosk","category":"kebutuhan","subcategory":"Toko","opening_hours":"Mo-Su 09:00-21:00; PH unknown","operator":null,"osm_id":7877729978}},{"type":"Feature","geometry":{"type":"Point","coordinates":[110.37887,-7.78608]},"properties":{"name":"Lawson","type":"Convenience","category":"kebutuhan","subcategory":"Toko","opening_hours":null,"operator":null,"osm_id":9212889554}},{"type":"Feature","geometry":{"type":"Point","coordinates":[110.37801,-7.79408]},"properties":{"name":"Lawson","type":"Convenience","category":"kebutuhan","subcategory":"Toko","opening_hours":null,"operator":null,"osm_id":13077816880}},{"type":"Feature","geometry":{"type":"Point","coordinates":[110.48129,-7.74498]},"properties":{"name":"Gangsar Swalayan","type":"Convenience","category":"kebutuhan","subcategory":"Toko","opening_hours":"Mo-Su 08:00-19:00","operator":null,"osm_id":9670072084}},{"type":"Feature","geometry":{"type":"Point","coordinates":[110.43285,-7.88288]},"properties":{"name":"Pasar Desa Wonorejo","type":"Marketplace","category":"kebutuhan","subcategory":"Pasar","opening_hours":"12:00+","operator":null,"osm_id":5845619992}},{"type":"Feature","geometry":{"type":"Point","coordinates":[110.43277,-7.70475]},"properties":{"name":"Dotcom Besi","type":"Mobile Phone","category":"kebutuhan","subcategory":"Toko","opening_hours":null,"operator":null,"osm_id":10048454838}},{"type":"Feature","geometry":{"type":"Point","coordinates":[110.4326,-7.70474]},"properties":{"name":"Toko Prima","type":"Supermarket","category":"kebutuhan","subcategory":"Supermarket","opening_hours":null,"operator":null,"osm_id":10048454845}},{"type":"Feature","geometry":{"type":"Point","coordinates":[110.6312,-7.8362]},"properties":{"name":"Batara Sriten","type":"Ticket","category":"kebutuhan","subcategory":"Toko","opening_hours":null,"operator":null,"osm_id":10729376946}},{"type":"Feature","geometry":{"type":"Point","coordinates":[110.55318,-7.93788]},"properties":{"name":"Berkah Playen","type":"Convenience","category":"kebutuhan","subcategory":"Toko","opening_hours":"24/7","operator":null,"osm_id":10019961235}},{"type":"Feature","geometry":{"type":"Point","coordinates":[110.64659,-7.95641]},"properties":{"name":"Win","type":"Convenience","category":"kebutuhan","subcategory":"Toko","opening_hours":"24/7","operator":null,"osm_id":10019961240}},{"type":"Feature","geometry":{"type":"Point","coordinates":[110.58888,-7.96676]},"properties":{"name":"Rapi","type":"Convenience","category":"kebutuhan","subcategory":"Toko","opening_hours":"24/7","operator":null,"osm_id":10019961247}},{"type":"Feature","geometry":{"type":"Point","coordinates":[110.60395,-7.96853]},"properties":{"name":"Langgeng Jaya","type":"Convenience","category":"kebutuhan","subcategory":"Toko","opening_hours":"24/7","operator":null,"osm_id":10019961252}},{"type":"Feature","geometry":{"type":"Point","coordinates":[110.66162,-7.9997]},"properties":{"name":"AVCELL","type":"Mobile Phone","category":"kebutuhan","subcategory":"Toko","opening_hours":null,"operator":null,"osm_id":9751912845}},{"type":"Feature","geometry":{"type":"Point","coordinates":[110.40476,-7.78495]},"properties":{"name":"Angkringan Boy Band","type":"Kiosk","category":"kebutuhan","subcategory":"Toko","opening_hours":"Mo-Sa 07:30-16:30","operator":null,"osm_id":12486006738}},{"type":"Feature","geometry":{"type":"Point","coordinates":[110.37629,-7.73846]},"properties":{"name":"SimplyPrime","type":"Laundry","category":"kebutuhan","subcategory":"Toko","opening_hours":null,"operator":null,"osm_id":9763744041}},{"type":"Feature","geometry":{"type":"Point","coordinates":[110.39921,-7.75875]},"properties":{"name":"Giordano","type":"Clothes","category":"kebutuhan","subcategory":"Toko","opening_hours":null,"operator":null,"osm_id":9833147713}},{"type":"Feature","geometry":{"type":"Point","coordinates":[110.40858,-7.77283]},"properties":{"name":"Super Indo","type":"Supermarket","category":"kebutuhan","subcategory":"Supermarket","opening_hours":null,"operator":null,"osm_id":1769415206}},{"type":"Feature","geometry":{"type":"Point","coordinates":[110.3848,-7.78613]},"properties":{"name":"Wave","type":"Beauty","category":"kebutuhan","subcategory":"Toko","opening_hours":null,"operator":null,"osm_id":9208542433}},{"type":"Feature","geometry":{"type":"Point","coordinates":[110.38319,-7.78289]},"properties":{"name":"Indomaret","type":"Convenience","category":"kebutuhan","subcategory":"Toko","opening_hours":null,"operator":"PT. Indomarco Prismatama","osm_id":12805798906}},{"type":"Feature","geometry":{"type":"Point","coordinates":[110.3547,-7.82402]},"properties":{"name":"Toko Pancing SETIA","type":"Kiosk","category":"kebutuhan","subcategory":"Toko","opening_hours":null,"operator":null,"osm_id":3584894395}},{"type":"Feature","geometry":{"type":"Point","coordinates":[110.35406,-7.82738]},"properties":{"name":"Pasar Dongkelan","type":"Marketplace","category":"kebutuhan","subcategory":"Pasar","opening_hours":null,"operator":null,"osm_id":3585153790}},{"type":"Feature","geometry":{"type":"Point","coordinates":[110.35487,-7.82254]},"properties":{"name":"Damai Indah","type":"Supermarket","category":"kebutuhan","subcategory":"Supermarket","opening_hours":null,"operator":null,"osm_id":3584926493}},{"type":"Feature","geometry":{"type":"Point","coordinates":[110.43185,-7.76334]},"properties":{"name":"Murni Roti","type":"Bakery","category":"kebutuhan","subcategory":"Toko","opening_hours":"Mo-Su 06:30-21:00","operator":null,"osm_id":10845961236}},{"type":"Feature","geometry":{"type":"Point","coordinates":[110.67659,-7.95249]},"properties":{"name":"Lariza","type":"Convenience","category":"kebutuhan","subcategory":"Toko","opening_hours":"24/7","operator":null,"osm_id":10019961239}},{"type":"Feature","geometry":{"type":"Point","coordinates":[110.60224,-7.97323]},"properties":{"name":"Jl baron Laris","type":"Convenience","category":"kebutuhan","subcategory":"Toko","opening_hours":"24/7","operator":null,"osm_id":10019961242}},{"type":"Feature","geometry":{"type":"Point","coordinates":[110.60305,-7.96832]},"properties":{"name":"Gunawan","type":"Convenience","category":"kebutuhan","subcategory":"Toko","opening_hours":"24/7","operator":null,"osm_id":10019961243}},{"type":"Feature","geometry":{"type":"Point","coordinates":[110.61845,-7.96333]},"properties":{"name":"Selang","type":"Convenience","category":"kebutuhan","subcategory":"Toko","opening_hours":"24/7","operator":null,"osm_id":10019961249}},{"type":"Feature","geometry":{"type":"Point","coordinates":[110.33377,-7.84472]},"properties":{"name":"Lakeisha Supermarket","type":"Supermarket","category":"kebutuhan","subcategory":"Supermarket","opening_hours":null,"operator":null,"osm_id":4592680569}},{"type":"Feature","geometry":{"type":"Point","coordinates":[110.33012,-7.84167]},"properties":{"name":"Griya Krudung Solihah","type":"Supermarket","category":"kebutuhan","subcategory":"Supermarket","opening_hours":null,"operator":null,"osm_id":4590622329}},{"type":"Feature","geometry":{"type":"Point","coordinates":[110.33238,-7.82893]},"properties":{"name":"Alfamidi Kasihan","type":"Convenience","category":"kebutuhan","subcategory":"Toko","opening_hours":"24/7","operator":null,"osm_id":13255235601}},{"type":"Feature","geometry":{"type":"Point","coordinates":[110.42066,-7.73717]},"properties":{"name":"Citra Buah","type":"Marketplace","category":"kebutuhan","subcategory":"Pasar","opening_hours":null,"operator":null,"osm_id":11878737007}},{"type":"Feature","geometry":{"type":"Point","coordinates":[110.45161,-7.7513]},"properties":{"name":"Toko Rejeki","type":"Convenience","category":"kebutuhan","subcategory":"Toko","opening_hours":"Mo-Su 05:30-21:00","operator":null,"osm_id":10942103298}},{"type":"Feature","geometry":{"type":"Point","coordinates":[110.43255,-7.76128]},"properties":{"name":"Jeary Buah","type":"Marketplace","category":"kebutuhan","subcategory":"Pasar","opening_hours":null,"operator":null,"osm_id":10839430941}},{"type":"Feature","geometry":{"type":"Point","coordinates":[110.45038,-7.74379]},"properties":{"name":"Convenience","type":"Convenience","category":"kebutuhan","subcategory":"Toko","opening_hours":null,"operator":null,"osm_id":10831692661}},{"type":"Feature","geometry":{"type":"Point","coordinates":[110.42774,-7.74146]},"properties":{"name":"Toko Bu Hesti","type":"Convenience","category":"kebutuhan","subcategory":"Toko","opening_hours":"Mo-Su 07:00-21:00","operator":null,"osm_id":9671798157}},{"type":"Feature","geometry":{"type":"Point","coordinates":[110.44978,-7.75994]},"properties":{"name":"MM Supermarket","type":"Supermarket","category":"kebutuhan","subcategory":"Supermarket","opening_hours":"Mo-Su 10:00-21:00","operator":null,"osm_id":9670261676}},{"type":"Feature","geometry":{"type":"Point","coordinates":[110.44818,-7.75328]},"properties":{"name":"Jajanan Saras","type":"Gift","category":"kebutuhan","subcategory":"Toko","opening_hours":null,"operator":null,"osm_id":9705067025}},{"type":"Feature","geometry":{"type":"Point","coordinates":[110.44895,-7.7505]},"properties":{"name":"TaHaKi Phone Market","type":"Mobile Phone","category":"kebutuhan","subcategory":"Toko","opening_hours":null,"operator":null,"osm_id":9705058201}},{"type":"Feature","geometry":{"type":"Point","coordinates":[110.43323,-7.75859]},"properties":{"name":"Bromart","type":"Convenience","category":"kebutuhan","subcategory":"Toko","opening_hours":null,"operator":null,"osm_id":13164757101}},{"type":"Feature","geometry":{"type":"Point","coordinates":[110.44846,-7.75286]},"properties":{"name":"Alfamart","type":"Convenience","category":"kebutuhan","subcategory":"Toko","opening_hours":null,"operator":"PT Sumber Alfaria Trijaya,Tbk","osm_id":4851279651}},{"type":"Feature","geometry":{"type":"Point","coordinates":[110.43446,-7.73561]},"properties":{"name":"Indomaret","type":"Convenience","category":"kebutuhan","subcategory":"Toko","opening_hours":null,"operator":"PT. Indomarco Prismatama","osm_id":9769607685}},{"type":"Feature","geometry":{"type":"Point","coordinates":[110.3715,-7.81933]},"properties":{"name":"ViaVia","type":"Gift","category":"kebutuhan","subcategory":"Toko","opening_hours":null,"operator":null,"osm_id":12473548764}},{"type":"Feature","geometry":{"type":"Point","coordinates":[110.37595,-7.82031]},"properties":{"name":"Kiosk","type":"Kiosk","category":"kebutuhan","subcategory":"Toko","opening_hours":null,"operator":null,"osm_id":12471082108}},{"type":"Feature","geometry":{"type":"Point","coordinates":[110.3758,-7.81963]},"properties":{"name":"Kiosk","type":"Kiosk","category":"kebutuhan","subcategory":"Toko","opening_hours":null,"operator":null,"osm_id":12471093215}},{"type":"Feature","geometry":{"type":"Point","coordinates":[110.36822,-7.82003]},"properties":{"name":"Pasar Prawirotaman","type":"Marketplace","category":"kebutuhan","subcategory":"Pasar","opening_hours":null,"operator":null,"osm_id":12383448160}},{"type":"Feature","geometry":{"type":"Point","coordinates":[110.36862,-7.82224]},"properties":{"name":"Milas","type":"Marketplace","category":"kebutuhan","subcategory":"Pasar","opening_hours":"Mo-Su 07:00-12:00","operator":null,"osm_id":6284253996}},{"type":"Feature","geometry":{"type":"Point","coordinates":[110.3638,-7.82134]},"properties":{"name":"Laundry Hijau","type":"Laundry","category":"kebutuhan","subcategory":"Toko","opening_hours":null,"operator":null,"osm_id":3487442211}},{"type":"Feature","geometry":{"type":"Point","coordinates":[110.36568,-7.82065]},"properties":{"name":"Karissa","type":"Clothes","category":"kebutuhan","subcategory":"Toko","opening_hours":null,"operator":null,"osm_id":3487503071}},{"type":"Feature","geometry":{"type":"Point","coordinates":[110.36783,-7.82148]},"properties":{"name":"Masrasid Furniture","type":"Furniture","category":"kebutuhan","subcategory":"Toko","opening_hours":null,"operator":null,"osm_id":3487503074}},{"type":"Feature","geometry":{"type":"Point","coordinates":[110.36795,-7.82099]},"properties":{"name":"Mekar Jaya (Lampu)","type":"Electronics","category":"kebutuhan","subcategory":"Toko","opening_hours":null,"operator":null,"osm_id":3487503076}},{"type":"Feature","geometry":{"type":"Point","coordinates":[110.3679,-7.82109]},"properties":{"name":"Vidi Print","type":"Copyshop","category":"kebutuhan","subcategory":"Toko","opening_hours":null,"operator":null,"osm_id":3487503091}},{"type":"Feature","geometry":{"type":"Point","coordinates":[110.37306,-7.82108]},"properties":{"name":"Laundry service","type":"Laundry","category":"kebutuhan","subcategory":"Toko","opening_hours":null,"operator":null,"osm_id":5583703623}},{"type":"Feature","geometry":{"type":"Point","coordinates":[110.37305,-7.81923]},"properties":{"name":"Alfamart","type":"Convenience","category":"kebutuhan","subcategory":"Toko","opening_hours":null,"operator":"PT Sumber Alfaria Trijaya,Tbk","osm_id":12473345955}},{"type":"Feature","geometry":{"type":"Point","coordinates":[110.36966,-7.76331]},"properties":{"name":"HP Service Center","type":"Computer","category":"kebutuhan","subcategory":"Toko","opening_hours":"Mo-Su 09:30-16:30","operator":null,"osm_id":4421612591}},{"type":"Feature","geometry":{"type":"Point","coordinates":[110.36907,-7.76597]},"properties":{"name":"Indomaret","type":"Convenience","category":"kebutuhan","subcategory":"Toko","opening_hours":null,"operator":"PT. Indomarco Prismatama","osm_id":4851278411}},{"type":"Feature","geometry":{"type":"Point","coordinates":[110.42094,-7.82077]},"properties":{"name":"Furniture","type":"Furniture","category":"kebutuhan","subcategory":"Toko","opening_hours":null,"operator":null,"osm_id":9811838524}},{"type":"Feature","geometry":{"type":"Point","coordinates":[110.47922,-7.8249]},"properties":{"name":"Srimartani Mart","type":"Convenience","category":"kebutuhan","subcategory":"Toko","opening_hours":null,"operator":null,"osm_id":1836627998}},{"type":"Feature","geometry":{"type":"Point","coordinates":[110.41751,-7.81891]},"properties":{"name":"Indomaret","type":"Convenience","category":"kebutuhan","subcategory":"Toko","opening_hours":null,"operator":"PT. Indomarco Prismatama","osm_id":9811833481}},{"type":"Feature","geometry":{"type":"Point","coordinates":[110.44254,-7.82764]},"properties":{"name":"Warung Kenzo-Kenzie","type":"Convenience","category":"kebutuhan","subcategory":"Toko","opening_hours":"24/7","operator":null,"osm_id":9811778377}},{"type":"Feature","geometry":{"type":"Point","coordinates":[110.44231,-7.82799]},"properties":{"name":"Jenderal Card","type":"Mobile Phone","category":"kebutuhan","subcategory":"Toko","opening_hours":null,"operator":null,"osm_id":9811843181}},{"type":"Feature","geometry":{"type":"Point","coordinates":[110.44106,-7.8275]},"properties":{"name":"Alfamart","type":"Convenience","category":"kebutuhan","subcategory":"Toko","opening_hours":null,"operator":"PT Sumber Alfaria Trijaya,Tbk","osm_id":2712181350}},{"type":"Feature","geometry":{"type":"Point","coordinates":[110.39055,-7.7788]},"properties":{"name":"Maxi Komputer","type":"Computer","category":"kebutuhan","subcategory":"Toko","opening_hours":null,"operator":null,"osm_id":9807969617}},{"type":"Feature","geometry":{"type":"Point","coordinates":[110.38392,-7.77922]},"properties":{"name":"d'laundry aja","type":"Laundry","category":"kebutuhan","subcategory":"Toko","opening_hours":null,"operator":null,"osm_id":10261890331}},{"type":"Feature","geometry":{"type":"Point","coordinates":[110.38684,-7.77351]},"properties":{"name":"Kedai Mitra","type":"Convenience","category":"kebutuhan","subcategory":"Toko","opening_hours":null,"operator":null,"osm_id":3473955066}},{"type":"Feature","geometry":{"type":"Point","coordinates":[110.38831,-7.74262]},"properties":{"name":"Treknol Laboratory","type":"Computer","category":"kebutuhan","subcategory":"Toko","opening_hours":null,"operator":null,"osm_id":5479421121}},{"type":"Feature","geometry":{"type":"Point","coordinates":[110.39358,-7.73723]},"properties":{"name":"Alfamart","type":"Atm","category":"kebutuhan","subcategory":"Toko","opening_hours":null,"operator":"PT Sumber Alfaria Trijaya,Tbk","osm_id":3214984451}},{"type":"Feature","geometry":{"type":"Point","coordinates":[110.39274,-7.77843]},"properties":{"name":"Circle K","type":"Convenience","category":"kebutuhan","subcategory":"Toko","opening_hours":null,"operator":null,"osm_id":11875887099}},{"type":"Feature","geometry":{"type":"Point","coordinates":[110.37593,-7.77633]},"properties":{"name":"Add Cell","type":"Mobile Phone","category":"kebutuhan","subcategory":"Toko","opening_hours":null,"operator":null,"osm_id":9222486045}},{"type":"Feature","geometry":{"type":"Point","coordinates":[110.38275,-7.77509]},"properties":{"name":"Warung","type":"Convenience","category":"kebutuhan","subcategory":"Toko","opening_hours":null,"operator":null,"osm_id":3874348193}},{"type":"Feature","geometry":{"type":"Point","coordinates":[110.37551,-7.78024]},"properties":{"name":"Indomaret","type":"Convenience","category":"kebutuhan","subcategory":"Toko","opening_hours":null,"operator":"PT. Indomarco Prismatama","osm_id":9200965800}},{"type":"Feature","geometry":{"type":"Point","coordinates":[110.40714,-7.74432]},"properties":{"name":"Convenience","type":"Convenience","category":"kebutuhan","subcategory":"Toko","opening_hours":null,"operator":null,"osm_id":9778837634}},{"type":"Feature","geometry":{"type":"Point","coordinates":[110.40695,-7.74466]},"properties":{"name":"Laundry","type":"Laundry","category":"kebutuhan","subcategory":"Toko","opening_hours":null,"operator":null,"osm_id":9778852730}},{"type":"Feature","geometry":{"type":"Point","coordinates":[110.39971,-7.72663]},"properties":{"name":"A-sell","type":"Mobile Phone","category":"kebutuhan","subcategory":"Toko","opening_hours":null,"operator":null,"osm_id":5155561869}},{"type":"Feature","geometry":{"type":"Point","coordinates":[110.39926,-7.75949]},"properties":{"name":"AZKO","type":"Furniture","category":"kebutuhan","subcategory":"Toko","opening_hours":"Mo-Su 10:00-22:00","operator":null,"osm_id":4615903389}},{"type":"Feature","geometry":{"type":"Point","coordinates":[110.399,-7.74725]},"properties":{"name":"Indomaret","type":"Convenience","category":"kebutuhan","subcategory":"Toko","opening_hours":null,"operator":"PT. Indomarco Prismatama","osm_id":9859587131}},{"type":"Feature","geometry":{"type":"Point","coordinates":[110.39835,-7.75183]},"properties":{"name":"Indomaret","type":"Convenience","category":"kebutuhan","subcategory":"Toko","opening_hours":"Mo-Su 07:00-22:00","operator":"PT. Indomarco Prismatama","osm_id":9895062799}},{"type":"Feature","geometry":{"type":"Point","coordinates":[110.36805,-7.8184]},"properties":{"name":"Cheesecake Expert","type":"Bakery","category":"kebutuhan","subcategory":"Toko","opening_hours":null,"operator":null,"osm_id":11404975869}},{"type":"Feature","geometry":{"type":"Point","coordinates":[110.36839,-7.81629]},"properties":{"name":"Alfamart","type":"Convenience","category":"kebutuhan","subcategory":"Toko","opening_hours":null,"operator":"PT Sumber Alfaria Trijaya,Tbk","osm_id":4058092604}},{"type":"Feature","geometry":{"type":"Point","coordinates":[110.369,-7.80799]},"properties":{"name":"Indomaret","type":"Convenience","category":"kebutuhan","subcategory":"Toko","opening_hours":null,"operator":"PT. Indomarco Prismatama","osm_id":11554891990}},{"type":"Feature","geometry":{"type":"Point","coordinates":[110.35646,-7.80364]},"properties":{"name":"Toko Batik Sri Rejeki","type":"Supermarket","category":"kebutuhan","subcategory":"Supermarket","opening_hours":null,"operator":null,"osm_id":11868376583}},{"type":"Feature","geometry":{"type":"Point","coordinates":[110.35658,-7.80105]},"properties":{"name":"King Laundry","type":"Laundry","category":"kebutuhan","subcategory":"Toko","opening_hours":"Mo-Sa 09:00-20:00","operator":null,"osm_id":4212103489}},{"type":"Feature","geometry":{"type":"Point","coordinates":[110.35965,-7.81001]},"properties":{"name":"Ticket Entrance","type":"Ticket","category":"kebutuhan","subcategory":"Toko","opening_hours":"Mo-Su 09:00-15:00","operator":null,"osm_id":5734076326}},{"type":"Feature","geometry":{"type":"Point","coordinates":[110.35653,-7.80412]},"properties":{"name":"Indomaret","type":"Convenience","category":"kebutuhan","subcategory":"Toko","opening_hours":null,"operator":"PT. Indomarco Prismatama","osm_id":4766777421}},{"type":"Feature","geometry":{"type":"Point","coordinates":[110.37241,-7.79131]},"properties":{"name":"Bak Cang & Kue Mangkok","type":"Bakery","category":"kebutuhan","subcategory":"Toko","opening_hours":null,"operator":null,"osm_id":9198357823}},{"type":"Feature","geometry":{"type":"Point","coordinates":[110.37274,-7.7967]},"properties":{"name":"Fotocopy Lazizah","type":"Copyshop","category":"kebutuhan","subcategory":"Toko","opening_hours":null,"operator":null,"osm_id":13001394637}},{"type":"Feature","geometry":{"type":"Point","coordinates":[110.36528,-7.79668]},"properties":{"name":"Dunkin'","type":"Fast Food","category":"kebutuhan","subcategory":"Toko","opening_hours":"Mo-Su 07:00-22:00","operator":null,"osm_id":4769002523}},{"type":"Feature","geometry":{"type":"Point","coordinates":[110.36552,-7.79669]},"properties":{"name":"Batik Keris","type":"Clothes","category":"kebutuhan","subcategory":"Toko","opening_hours":null,"operator":null,"osm_id":11554891375}},{"type":"Feature","geometry":{"type":"Point","coordinates":[110.36529,-7.79612]},"properties":{"name":"Rocket Shop","type":"Clothes","category":"kebutuhan","subcategory":"Toko","opening_hours":null,"operator":null,"osm_id":11571959952}},{"type":"Feature","geometry":{"type":"Point","coordinates":[110.36536,-7.79553]},"properties":{"name":"Batik Danar hadi","type":"Clothes","category":"kebutuhan","subcategory":"Toko","opening_hours":null,"operator":null,"osm_id":11571959958}},{"type":"Feature","geometry":{"type":"Point","coordinates":[110.36539,-7.79535]},"properties":{"name":"Toko \"Mac Mohan\"","type":"Clothes","category":"kebutuhan","subcategory":"Toko","opening_hours":null,"operator":null,"osm_id":11571959959}},{"type":"Feature","geometry":{"type":"Point","coordinates":[110.36564,-7.79368]},"properties":{"name":"Pangestu","type":"Clothes","category":"kebutuhan","subcategory":"Toko","opening_hours":null,"operator":null,"osm_id":11571959964}},{"type":"Feature","geometry":{"type":"Point","coordinates":[110.36564,-7.79361]},"properties":{"name":"Dugem","type":"Clothes","category":"kebutuhan","subcategory":"Toko","opening_hours":null,"operator":null,"osm_id":11571959965}},{"type":"Feature","geometry":{"type":"Point","coordinates":[110.36565,-7.79356]},"properties":{"name":"OVJ \"Oblong Van Jogja\"","type":"Clothes","category":"kebutuhan","subcategory":"Toko","opening_hours":null,"operator":null,"osm_id":11571959966}},{"type":"Feature","geometry":{"type":"Point","coordinates":[110.36566,-7.79351]},"properties":{"name":"Polo Ralph Lauren","type":"Clothes","category":"kebutuhan","subcategory":"Toko","opening_hours":null,"operator":null,"osm_id":11571959967}},{"type":"Feature","geometry":{"type":"Point","coordinates":[110.36568,-7.79337]},"properties":{"name":"Batik Surya","type":"Clothes","category":"kebutuhan","subcategory":"Toko","opening_hours":null,"operator":null,"osm_id":11571962070}},{"type":"Feature","geometry":{"type":"Point","coordinates":[110.36568,-7.79328]},"properties":{"name":"adikusumo","type":"Clothes","category":"kebutuhan","subcategory":"Toko","opening_hours":null,"operator":null,"osm_id":11571962072}},{"type":"Feature","geometry":{"type":"Point","coordinates":[110.3658,-7.79236]},"properties":{"name":"Kawedar","type":"Gift","category":"kebutuhan","subcategory":"Toko","opening_hours":null,"operator":null,"osm_id":11571962079}},{"type":"Feature","geometry":{"type":"Point","coordinates":[110.36583,-7.79202]},"properties":{"name":"Citra Batik","type":"Clothes","category":"kebutuhan","subcategory":"Toko","opening_hours":null,"operator":null,"osm_id":11571962082}},{"type":"Feature","geometry":{"type":"Point","coordinates":[110.36586,-7.79181]},"properties":{"name":"Djakjok","type":"Clothes","category":"kebutuhan","subcategory":"Toko","opening_hours":null,"operator":null,"osm_id":11571962085}},{"type":"Feature","geometry":{"type":"Point","coordinates":[110.36592,-7.79109]},"properties":{"name":"Maruti Batik","type":"Clothes","category":"kebutuhan","subcategory":"Toko","opening_hours":null,"operator":null,"osm_id":11571962090}},{"type":"Feature","geometry":{"type":"Point","coordinates":[110.36594,-7.79098]},"properties":{"name":"Batik Sekar dan Roro","type":"Clothes","category":"kebutuhan","subcategory":"Toko","opening_hours":null,"operator":null,"osm_id":11571962092}},{"type":"Feature","geometry":{"type":"Point","coordinates":[110.36595,-7.79084]},"properties":{"name":"Radjo batik","type":"Clothes","category":"kebutuhan","subcategory":"Toko","opening_hours":null,"operator":null,"osm_id":11571962094}},{"type":"Feature","geometry":{"type":"Point","coordinates":[110.36277,-7.79361]},"properties":{"name":"Convenience","type":"Convenience","category":"kebutuhan","subcategory":"Toko","opening_hours":null,"operator":null,"osm_id":7100517024}},{"type":"Feature","geometry":{"type":"Point","coordinates":[110.36572,-7.79476]},"properties":{"name":"Telephone & SimCard","type":"Electronics","category":"kebutuhan","subcategory":"Toko","opening_hours":null,"operator":null,"osm_id":4723499991}},{"type":"Feature","geometry":{"type":"Point","coordinates":[110.36554,-7.79538]},"properties":{"name":"Material shop","type":"Clothes","category":"kebutuhan","subcategory":"Toko","opening_hours":null,"operator":null,"osm_id":6076004685}},{"type":"Feature","geometry":{"type":"Point","coordinates":[110.36584,-7.7916]},"properties":{"name":"Alfamart","type":"Convenience","category":"kebutuhan","subcategory":"Toko","opening_hours":"Mo-Su,PH 07:00-22:00","operator":"PT Sumber Alfaria Trijaya,Tbk","osm_id":11554872681}},{"type":"Feature","geometry":{"type":"Point","coordinates":[110.37143,-7.78492]},"properties":{"name":"Mirota Bakery","type":"Bakery","category":"kebutuhan","subcategory":"Toko","opening_hours":null,"operator":null,"osm_id":7859938154}},{"type":"Feature","geometry":{"type":"Point","coordinates":[110.37213,-7.77677]},"properties":{"name":"Indomaret Fresh","type":"Convenience","category":"kebutuhan","subcategory":"Toko","opening_hours":"Mo-Su 07:00-22:00","operator":null,"osm_id":10113774347}},{"type":"Feature","geometry":{"type":"Point","coordinates":[110.36798,-7.77332]},"properties":{"name":"Alfamart","type":"Convenience","category":"kebutuhan","subcategory":"Toko","opening_hours":"24/7","operator":"PT Sumber Alfaria Trijaya,Tbk","osm_id":4655109789}},{"type":"Feature","geometry":{"type":"Point","coordinates":[110.36567,-7.79327]},"properties":{"name":"Adikusumo Batik","type":"Supermarket","category":"kebutuhan","subcategory":"Supermarket","opening_hours":null,"operator":null,"osm_id":11868406576}},{"type":"Feature","geometry":{"type":"Point","coordinates":[110.36562,-7.79381]},"properties":{"name":"Dewata","type":"Clothes","category":"kebutuhan","subcategory":"Toko","opening_hours":null,"operator":null,"osm_id":11571959961}},{"type":"Feature","geometry":{"type":"Point","coordinates":[110.36566,-7.79348]},"properties":{"name":"Bratatex","type":"Clothes","category":"kebutuhan","subcategory":"Toko","opening_hours":null,"operator":null,"osm_id":11571959968}},{"type":"Feature","geometry":{"type":"Point","coordinates":[110.36581,-7.79231]},"properties":{"name":"Srikandi Batik","type":"Clothes","category":"kebutuhan","subcategory":"Toko","opening_hours":null,"operator":null,"osm_id":11571962080}},{"type":"Feature","geometry":{"type":"Point","coordinates":[110.36587,-7.79153]},"properties":{"name":"OVJ \"Oblong Van Jogja\"","type":"Clothes","category":"kebutuhan","subcategory":"Toko","opening_hours":null,"operator":null,"osm_id":11571962087}},{"type":"Feature","geometry":{"type":"Point","coordinates":[110.36594,-7.7909]},"properties":{"name":"Suryadinata Exclusive Batik","type":"Clothes","category":"kebutuhan","subcategory":"Toko","opening_hours":null,"operator":null,"osm_id":11571962093}},{"type":"Feature","geometry":{"type":"Point","coordinates":[110.36132,-7.79564]},"properties":{"name":"Pasar Senen","type":"Marketplace","category":"kebutuhan","subcategory":"Pasar","opening_hours":null,"operator":null,"osm_id":13361882923}},{"type":"Feature","geometry":{"type":"Point","coordinates":[110.37338,-7.79309]},"properties":{"name":"Alfamart","type":"Convenience","category":"kebutuhan","subcategory":"Toko","opening_hours":"24/7","operator":"PT Sumber Alfaria Trijaya,Tbk","osm_id":4362119191}},{"type":"Feature","geometry":{"type":"Point","coordinates":[110.40136,-7.78276]},"properties":{"name":"Giordano","type":"Clothes","category":"kebutuhan","subcategory":"Toko","opening_hours":null,"operator":null,"osm_id":9821410950}},{"type":"Feature","geometry":{"type":"Point","coordinates":[110.39798,-7.79491]},"properties":{"name":"Dyefa Computer","type":"Convenience","category":"kebutuhan","subcategory":"Toko","opening_hours":"Mo-Sa 08:00-16:00","operator":"Dicky","osm_id":1988455488}},{"type":"Feature","geometry":{"type":"Point","coordinates":[110.40014,-7.78306]},"properties":{"name":"Sami Agung","type":"Furniture","category":"kebutuhan","subcategory":"Toko","opening_hours":null,"operator":null,"osm_id":3473046924}},{"type":"Feature","geometry":{"type":"Point","coordinates":[110.406,-7.78296]},"properties":{"name":"Parsley","type":"Bakery","category":"kebutuhan","subcategory":"Toko","opening_hours":null,"operator":null,"osm_id":9725917824}},{"type":"Feature","geometry":{"type":"Point","coordinates":[110.39784,-7.79558]},"properties":{"name":"Indomaret","type":"Convenience","category":"kebutuhan","subcategory":"Toko","opening_hours":null,"operator":"PT. Indomarco Prismatama","osm_id":4146152132}},{"type":"Feature","geometry":{"type":"Point","coordinates":[110.42608,-7.64635]},"properties":{"name":"Toko Idjo","type":"Convenience","category":"kebutuhan","subcategory":"Toko","opening_hours":null,"operator":null,"osm_id":11549915952}},{"type":"Feature","geometry":{"type":"Point","coordinates":[110.44827,-7.65121]},"properties":{"name":"Bambu","type":"Convenience","category":"kebutuhan","subcategory":"Toko","opening_hours":null,"operator":null,"osm_id":10945808622}},{"type":"Feature","geometry":{"type":"Point","coordinates":[110.46833,-7.74378]},"properties":{"name":"Aneka Snack & Jajan Pasar Kurnia","type":"Marketplace","category":"kebutuhan","subcategory":"Pasar","opening_hours":null,"operator":null,"osm_id":9740795130}},{"type":"Feature","geometry":{"type":"Point","coordinates":[110.43637,-7.70606]},"properties":{"name":"Palmy Bakehouse","type":"Bakery","category":"kebutuhan","subcategory":"Toko","opening_hours":"Tu-Su 12:00-20:00","operator":"Seken Living","osm_id":9899621783}},{"type":"Feature","geometry":{"type":"Point","coordinates":[110.43293,-7.69527]},"properties":{"name":"Toko SA","type":"Convenience","category":"kebutuhan","subcategory":"Toko","opening_hours":null,"operator":null,"osm_id":11092548900}},{"type":"Feature","geometry":{"type":"Point","coordinates":[110.43097,-7.70184]},"properties":{"name":"Bakery","type":"Bakery","category":"kebutuhan","subcategory":"Toko","opening_hours":null,"operator":null,"osm_id":4146201737}},{"type":"Feature","geometry":{"type":"Point","coordinates":[110.48524,-7.75572]},"properties":{"name":"Esthy Cake & Bakery","type":"Bakery","category":"kebutuhan","subcategory":"Toko","opening_hours":"Mo-Su 06:00-20:00","operator":null,"osm_id":9728551160}},{"type":"Feature","geometry":{"type":"Point","coordinates":[110.44367,-7.80518]},"properties":{"name":"Tahaki Phone Market","type":"Mobile Phone","category":"kebutuhan","subcategory":"Toko","opening_hours":null,"operator":null,"osm_id":9811849020}},{"type":"Feature","geometry":{"type":"Point","coordinates":[110.44425,-7.75289]},"properties":{"name":"Merly","type":"Convenience","category":"kebutuhan","subcategory":"Toko","opening_hours":null,"operator":null,"osm_id":9769635085}},{"type":"Feature","geometry":{"type":"Point","coordinates":[110.54121,-7.87703]},"properties":{"name":"Indokulak","type":"Convenience","category":"kebutuhan","subcategory":"Toko","opening_hours":null,"operator":null,"osm_id":9751905443}},{"type":"Feature","geometry":{"type":"Point","coordinates":[110.48243,-7.79324]},"properties":{"name":"Cilla Card","type":"Mobile Phone","category":"kebutuhan","subcategory":"Toko","opening_hours":null,"operator":null,"osm_id":9748822172}},{"type":"Feature","geometry":{"type":"Point","coordinates":[110.44022,-7.73643]},"properties":{"name":"Idamart","type":"Convenience","category":"kebutuhan","subcategory":"Toko","opening_hours":null,"operator":null,"osm_id":9742627504}},{"type":"Feature","geometry":{"type":"Point","coordinates":[110.4343,-7.73859]},"properties":{"name":"Purwanti","type":"Convenience","category":"kebutuhan","subcategory":"Toko","opening_hours":null,"operator":null,"osm_id":9742656821}},{"type":"Feature","geometry":{"type":"Point","coordinates":[110.44955,-7.77578]},"properties":{"name":"Krisda Cell","type":"Mobile Phone","category":"kebutuhan","subcategory":"Toko","opening_hours":null,"operator":null,"osm_id":9722477534}},{"type":"Feature","geometry":{"type":"Point","coordinates":[110.55574,-7.91398]},"properties":{"name":"Pasar Gading","type":"Marketplace","category":"kebutuhan","subcategory":"Pasar","opening_hours":null,"operator":null,"osm_id":8385947107}},{"type":"Feature","geometry":{"type":"Point","coordinates":[110.37437,-7.78893]},"properties":{"name":"Toko Kelontong Bu Lis","type":"Kiosk","category":"kebutuhan","subcategory":"Toko","opening_hours":"Mo-Su 09:00-24:00","operator":null,"osm_id":11576804899}},{"type":"Feature","geometry":{"type":"Point","coordinates":[110.37665,-7.79014]},"properties":{"name":"Indomaret","type":"Convenience","category":"kebutuhan","subcategory":"Toko","opening_hours":null,"operator":"PT. Indomarco Prismatama","osm_id":12150446282}},{"type":"Feature","geometry":{"type":"Point","coordinates":[110.40227,-7.81268]},"properties":{"name":"Alfamart","type":"Convenience","category":"kebutuhan","subcategory":"Toko","opening_hours":null,"operator":"PT Sumber Alfaria Trijaya,Tbk","osm_id":5008727844}},{"type":"Feature","geometry":{"type":"Point","coordinates":[110.39437,-7.8069]},"properties":{"name":"CV Sumber Cahaya","type":"Electronics","category":"kebutuhan","subcategory":"Toko","opening_hours":null,"operator":null,"osm_id":11740520420}},{"type":"Feature","geometry":{"type":"Point","coordinates":[110.38827,-7.80286]},"properties":{"name":"Mitra Solusi Teknik","type":"Computer","category":"kebutuhan","subcategory":"Toko","opening_hours":"Mo-Su 09:00-21:00","operator":null,"osm_id":11508631377}},{"type":"Feature","geometry":{"type":"Point","coordinates":[110.39666,-7.81031]},"properties":{"name":"Ganbate","type":"Clothes","category":"kebutuhan","subcategory":"Toko","opening_hours":"Mo-Fr 08:00-15:00","operator":null,"osm_id":9875730047}},{"type":"Feature","geometry":{"type":"Point","coordinates":[110.38815,-7.8153]},"properties":{"name":"Indomaret","type":"Convenience","category":"kebutuhan","subcategory":"Toko","opening_hours":null,"operator":"PT. Indomarco Prismatama","osm_id":12805713494}},{"type":"Feature","geometry":{"type":"Point","coordinates":[110.60989,-7.97466]},"properties":{"name":"Pojok","type":"Convenience","category":"kebutuhan","subcategory":"Toko","opening_hours":null,"operator":null,"osm_id":9751928749}},{"type":"Feature","geometry":{"type":"Point","coordinates":[110.35277,-7.89486]},"properties":{"name":"Optik Manding","type":"Supermarket","category":"kebutuhan","subcategory":"Supermarket","opening_hours":null,"operator":null,"osm_id":4831903518}},{"type":"Feature","geometry":{"type":"Point","coordinates":[110.35613,-7.79601]},"properties":{"name":"kazuma clothing jogja","type":"Clothes","category":"kebutuhan","subcategory":"Toko","opening_hours":"Mo-Su 10:00-18:00","operator":null,"osm_id":8873947023}},{"type":"Feature","geometry":{"type":"Point","coordinates":[110.37129,-7.81799]},"properties":{"name":"Convenience","type":"Convenience","category":"kebutuhan","subcategory":"Toko","opening_hours":null,"operator":null,"osm_id":12473302703}},{"type":"Feature","geometry":{"type":"Point","coordinates":[110.45473,-7.77494]},"properties":{"name":"Convenience","type":"Convenience","category":"kebutuhan","subcategory":"Toko","opening_hours":null,"operator":null,"osm_id":9821581603}},{"type":"Feature","geometry":{"type":"Point","coordinates":[110.42652,-7.70435]},"properties":{"name":"Mina Swalayan","type":"Supermarket","category":"kebutuhan","subcategory":"Supermarket","opening_hours":null,"operator":null,"osm_id":4146201733}},{"type":"Feature","geometry":{"type":"Point","coordinates":[110.35737,-7.84938]},"properties":{"name":"Ayo Print Jogja","type":"Copyshop","category":"kebutuhan","subcategory":"Toko","opening_hours":null,"operator":null,"osm_id":12383448159}},{"type":"Feature","geometry":{"type":"Point","coordinates":[110.25054,-7.85301]},"properties":{"name":"Pasar Sungapan","type":"Marketplace","category":"kebutuhan","subcategory":"Pasar","opening_hours":"05:00-20:00","operator":null,"osm_id":5828494915}},{"type":"Feature","geometry":{"type":"Point","coordinates":[110.25767,-7.97077]},"properties":{"name":"pasar sorobayan","type":"Marketplace","category":"kebutuhan","subcategory":"Pasar","opening_hours":"08:00-15:00","operator":null,"osm_id":5831350193}},{"type":"Feature","geometry":{"type":"Point","coordinates":[110.35739,-7.73988]},"properties":{"name":"MlatiShop","type":"Supermarket","category":"kebutuhan","subcategory":"Supermarket","opening_hours":null,"operator":"tnt","osm_id":5202990373}},{"type":"Feature","geometry":{"type":"Point","coordinates":[110.36293,-7.73361]},"properties":{"name":"Counter Pulsa","type":"Kiosk","category":"kebutuhan","subcategory":"Toko","opening_hours":null,"operator":null,"osm_id":1847956015}},{"type":"Feature","geometry":{"type":"Point","coordinates":[110.36266,-7.73953]},"properties":{"name":"Alfamart","type":"Convenience","category":"kebutuhan","subcategory":"Toko","opening_hours":null,"operator":"PT Sumber Alfaria Trijaya,Tbk","osm_id":1847967404}},{"type":"Feature","geometry":{"type":"Point","coordinates":[110.0603,-7.89727]},"properties":{"name":"KAI Train Tickets","type":"Ticket","category":"kebutuhan","subcategory":"Toko","opening_hours":null,"operator":null,"osm_id":10770127714}},{"type":"Feature","geometry":{"type":"Point","coordinates":[110.3656,-7.79375]},"properties":{"name":"Rianty Batik","type":"Supermarket","category":"kebutuhan","subcategory":"Supermarket","opening_hours":null,"operator":null,"osm_id":11868436830}},{"type":"Feature","geometry":{"type":"Point","coordinates":[110.45592,-7.77934]},"properties":{"name":"Convenience","type":"Convenience","category":"kebutuhan","subcategory":"Toko","opening_hours":null,"operator":null,"osm_id":9824271140}},{"type":"Feature","geometry":{"type":"Point","coordinates":[110.61121,-7.97587]},"properties":{"name":"Convenience","type":"Convenience","category":"kebutuhan","subcategory":"Toko","opening_hours":null,"operator":null,"osm_id":9751913652}},{"type":"Feature","geometry":{"type":"Point","coordinates":[110.61162,-7.97673]},"properties":{"name":"TM Seluler","type":"Mobile Phone","category":"kebutuhan","subcategory":"Toko","opening_hours":null,"operator":null,"osm_id":9751928888}},{"type":"Feature","geometry":{"type":"Point","coordinates":[110.70485,-7.99988]},"properties":{"name":"Convenience","type":"Convenience","category":"kebutuhan","subcategory":"Toko","opening_hours":null,"operator":null,"osm_id":9751928889}},{"type":"Feature","geometry":{"type":"Point","coordinates":[110.48126,-7.74994]},"properties":{"name":"UD. Wakhid","type":"Hardware","category":"kebutuhan","subcategory":"Toko","opening_hours":null,"operator":null,"osm_id":9778831012}},{"type":"Feature","geometry":{"type":"Point","coordinates":[110.48124,-7.74941]},"properties":{"name":"Toko Naima","type":"Convenience","category":"kebutuhan","subcategory":"Toko","opening_hours":null,"operator":null,"osm_id":9778837938}},{"type":"Feature","geometry":{"type":"Point","coordinates":[110.48102,-7.74791]},"properties":{"name":"Mobile Phone","type":"Mobile Phone","category":"kebutuhan","subcategory":"Toko","opening_hours":null,"operator":null,"osm_id":9797793369}},{"type":"Feature","geometry":{"type":"Point","coordinates":[110.47138,-7.74733]},"properties":{"name":"Ran Cell","type":"Mobile Phone","category":"kebutuhan","subcategory":"Toko","opening_hours":null,"operator":null,"osm_id":9722453170}},{"type":"Feature","geometry":{"type":"Point","coordinates":[110.48103,-7.74722]},"properties":{"name":"Surya Cell","type":"Mobile Phone","category":"kebutuhan","subcategory":"Toko","opening_hours":null,"operator":"Akar Daya Mandiri","osm_id":10031190328}},{"type":"Feature","geometry":{"type":"Point","coordinates":[110.47111,-7.74433]},"properties":{"name":"Toko Muyegh","type":"Convenience","category":"kebutuhan","subcategory":"Toko","opening_hours":null,"operator":null,"osm_id":9682376802}},{"type":"Feature","geometry":{"type":"Point","coordinates":[110.47176,-7.74499]},"properties":{"name":"New Normal Minimarket","type":"Convenience","category":"kebutuhan","subcategory":"Toko","opening_hours":null,"operator":null,"osm_id":9725538637}},{"type":"Feature","geometry":{"type":"Point","coordinates":[110.47196,-7.74551]},"properties":{"name":"Lamtoro","type":"Gift","category":"kebutuhan","subcategory":"Toko","opening_hours":null,"operator":null,"osm_id":9722447393}},{"type":"Feature","geometry":{"type":"Point","coordinates":[110.48131,-7.74586]},"properties":{"name":"Sam Apparel","type":"Gift","category":"kebutuhan","subcategory":"Toko","opening_hours":null,"operator":null,"osm_id":9722501621}},{"type":"Feature","geometry":{"type":"Point","coordinates":[110.47639,-7.74354]},"properties":{"name":"Toko Yeny","type":"Convenience","category":"kebutuhan","subcategory":"Toko","opening_hours":null,"operator":null,"osm_id":9678939805}},{"type":"Feature","geometry":{"type":"Point","coordinates":[110.47567,-7.74357]},"properties":{"name":"UD. Lucky Mandiri","type":"Hardware","category":"kebutuhan","subcategory":"Toko","opening_hours":null,"operator":null,"osm_id":9725615749}},{"type":"Feature","geometry":{"type":"Point","coordinates":[110.47106,-7.74409]},"properties":{"name":"Tb. Murah Jaya","type":"Hardware","category":"kebutuhan","subcategory":"Toko","opening_hours":null,"operator":null,"osm_id":9740774914}},{"type":"Feature","geometry":{"type":"Point","coordinates":[110.47131,-7.74408]},"properties":{"name":"Madinah Swalayan","type":"Convenience","category":"kebutuhan","subcategory":"Toko","opening_hours":null,"operator":null,"osm_id":9678902111}},{"type":"Feature","geometry":{"type":"Point","coordinates":[110.47212,-7.74408]},"properties":{"name":"Toko Habibah","type":"Clothes","category":"kebutuhan","subcategory":"Toko","opening_hours":null,"operator":null,"osm_id":9684875957}},{"type":"Feature","geometry":{"type":"Point","coordinates":[110.47325,-7.7437]},"properties":{"name":"Arif Jaya Mandiri","type":"Copyshop","category":"kebutuhan","subcategory":"Toko","opening_hours":null,"operator":null,"osm_id":9725598616}},{"type":"Feature","geometry":{"type":"Point","coordinates":[110.48147,-7.74101]},"properties":{"name":"Foto Copy Yoga Pratama 2","type":"Copyshop","category":"kebutuhan","subcategory":"Toko","opening_hours":null,"operator":null,"osm_id":9679006536}},{"type":"Feature","geometry":{"type":"Point","coordinates":[110.48146,-7.73644]},"properties":{"name":"Rista Laundry","type":"Laundry","category":"kebutuhan","subcategory":"Toko","opening_hours":null,"operator":null,"osm_id":9705063295}},{"type":"Feature","geometry":{"type":"Point","coordinates":[110.48233,-7.73645]},"properties":{"name":"Toko Reni Jaya","type":"Convenience","category":"kebutuhan","subcategory":"Toko","opening_hours":null,"operator":null,"osm_id":10307996082}},{"type":"Feature","geometry":{"type":"Point","coordinates":[110.48158,-7.73652]},"properties":{"name":"Baim Cell","type":"Mobile Phone","category":"kebutuhan","subcategory":"Toko","opening_hours":null,"operator":null,"osm_id":9705069386}},{"type":"Feature","geometry":{"type":"Point","coordinates":[110.48234,-7.73665]},"properties":{"name":"Farhana Buah dan Jus","type":"Marketplace","category":"kebutuhan","subcategory":"Pasar","opening_hours":null,"operator":null,"osm_id":9698307225}},{"type":"Feature","geometry":{"type":"Point","coordinates":[110.4821,-7.73677]},"properties":{"name":"Rafif Plastik","type":"Gift","category":"kebutuhan","subcategory":"Toko","opening_hours":null,"operator":null,"osm_id":10308066259}},{"type":"Feature","geometry":{"type":"Point","coordinates":[110.48195,-7.73822]},"properties":{"name":"Toko Nur Fashion","type":"Clothes","category":"kebutuhan","subcategory":"Toko","opening_hours":null,"operator":null,"osm_id":9679003156}},{"type":"Feature","geometry":{"type":"Point","coordinates":[110.48686,-7.73607]},"properties":{"name":"Rara Salon","type":"Beauty","category":"kebutuhan","subcategory":"Toko","opening_hours":null,"operator":null,"osm_id":10122794247}},{"type":"Feature","geometry":{"type":"Point","coordinates":[110.48412,-7.73632]},"properties":{"name":"Toko Geo","type":"Convenience","category":"kebutuhan","subcategory":"Toko","opening_hours":null,"operator":null,"osm_id":9709296861}},{"type":"Feature","geometry":{"type":"Point","coordinates":[110.48242,-7.73621]},"properties":{"name":"Amanah Laundry","type":"Laundry","category":"kebutuhan","subcategory":"Toko","opening_hours":null,"operator":null,"osm_id":10120494903}},{"type":"Feature","geometry":{"type":"Point","coordinates":[110.48001,-7.7362]},"properties":{"name":"Mediko Ringinsari Swalayan","type":"Convenience","category":"kebutuhan","subcategory":"Toko","opening_hours":"Mo-Su 07:00-21:00","operator":null,"osm_id":9671877618}},{"type":"Feature","geometry":{"type":"Point","coordinates":[110.38808,-7.74465]},"properties":{"name":"Computer","type":"Computer","category":"kebutuhan","subcategory":"Toko","opening_hours":null,"operator":null,"osm_id":4416147995}},{"type":"Feature","geometry":{"type":"Point","coordinates":[110.39883,-7.72808]},"properties":{"name":"Furniture","type":"Furniture","category":"kebutuhan","subcategory":"Toko","opening_hours":null,"operator":null,"osm_id":4769349124}},{"type":"Feature","geometry":{"type":"Point","coordinates":[110.39869,-7.72822]},"properties":{"name":"Alfamidi","type":"Convenience","category":"kebutuhan","subcategory":"Toko","opening_hours":null,"operator":null,"osm_id":4851279652}},{"type":"Feature","geometry":{"type":"Point","coordinates":[110.39645,-7.73224]},"properties":{"name":"Furniture","type":"Furniture","category":"kebutuhan","subcategory":"Toko","opening_hours":null,"operator":null,"osm_id":4769349125}},{"type":"Feature","geometry":{"type":"Point","coordinates":[110.43269,-7.70475]},"properties":{"name":"Happy Cell","type":"Mobile Phone","category":"kebutuhan","subcategory":"Toko","opening_hours":null,"operator":null,"osm_id":10048454839}},{"type":"Feature","geometry":{"type":"Point","coordinates":[110.43287,-7.70475]},"properties":{"name":"Aurora Fashion Stuff","type":"Clothes","category":"kebutuhan","subcategory":"Toko","opening_hours":null,"operator":null,"osm_id":10048454837}},{"type":"Feature","geometry":{"type":"Point","coordinates":[110.43141,-7.71012]},"properties":{"name":"Toko Bangunan UD. Banturejo","type":"Hardware","category":"kebutuhan","subcategory":"Toko","opening_hours":null,"operator":null,"osm_id":9671789382}},{"type":"Feature","geometry":{"type":"Point","coordinates":[110.41099,-7.7071]},"properties":{"name":"Furniture","type":"Furniture","category":"kebutuhan","subcategory":"Toko","opening_hours":null,"operator":null,"osm_id":4769328925}},{"type":"Feature","geometry":{"type":"Point","coordinates":[110.41551,-7.70869]},"properties":{"name":"Cahaya laundry","type":"Laundry","category":"kebutuhan","subcategory":"Toko","opening_hours":null,"operator":null,"osm_id":10656706192}},{"type":"Feature","geometry":{"type":"Point","coordinates":[110.43154,-7.71186]},"properties":{"name":"Tk Dani","type":"Convenience","category":"kebutuhan","subcategory":"Toko","opening_hours":null,"operator":null,"osm_id":4242258089}},{"type":"Feature","geometry":{"type":"Point","coordinates":[110.3872,-7.74397]},"properties":{"name":"Computer","type":"Computer","category":"kebutuhan","subcategory":"Toko","opening_hours":null,"operator":null,"osm_id":4416148396}},{"type":"Feature","geometry":{"type":"Point","coordinates":[110.43438,-7.7422]},"properties":{"name":"JF CELL","type":"Mobile Phone","category":"kebutuhan","subcategory":"Toko","opening_hours":null,"operator":null,"osm_id":9684871838}},{"type":"Feature","geometry":{"type":"Point","coordinates":[110.3734,-7.70847]},"properties":{"name":"Indo Asri","type":"Convenience","category":"kebutuhan","subcategory":"Toko","opening_hours":null,"operator":null,"osm_id":10259607309}},{"type":"Feature","geometry":{"type":"Point","coordinates":[110.36862,-7.71934]},"properties":{"name":"Kiosk","type":"Kiosk","category":"kebutuhan","subcategory":"Toko","opening_hours":null,"operator":null,"osm_id":5058897747}},{"type":"Feature","geometry":{"type":"Point","coordinates":[110.36903,-7.71936]},"properties":{"name":"Supermarket","type":"Supermarket","category":"kebutuhan","subcategory":"Supermarket","opening_hours":null,"operator":null,"osm_id":3201415607}},{"type":"Feature","geometry":{"type":"Point","coordinates":[110.36746,-7.71948]},"properties":{"name":"Furniture","type":"Furniture","category":"kebutuhan","subcategory":"Toko","opening_hours":null,"operator":null,"osm_id":5058886576}},{"type":"Feature","geometry":{"type":"Point","coordinates":[110.46864,-7.77012]},"properties":{"name":"Thiwul Kukus","type":"Gift","category":"kebutuhan","subcategory":"Toko","opening_hours":null,"operator":null,"osm_id":9811812447}},{"type":"Feature","geometry":{"type":"Point","coordinates":[110.45978,-7.6838]},"properties":{"name":"Swalayan Fella Rosa","type":"Convenience","category":"kebutuhan","subcategory":"Toko","opening_hours":null,"operator":null,"osm_id":10206845735}},{"type":"Feature","geometry":{"type":"Point","coordinates":[110.45041,-7.68339]},"properties":{"name":"Carissa Tronik","type":"Mobile Phone","category":"kebutuhan","subcategory":"Toko","opening_hours":null,"operator":null,"osm_id":10219253959}},{"type":"Feature","geometry":{"type":"Point","coordinates":[110.14333,-7.64531]},"properties":{"name":"Nglinggo Tea Plantation","type":"Ticket","category":"kebutuhan","subcategory":"Toko","opening_hours":null,"operator":null,"osm_id":8836326181}},{"type":"Feature","geometry":{"type":"Point","coordinates":[110.43445,-7.74982]},"properties":{"name":"Gong Elektronik","type":"Electronics","category":"kebutuhan","subcategory":"Toko","opening_hours":null,"operator":null,"osm_id":10116169986}},{"type":"Feature","geometry":{"type":"Point","coordinates":[110.44904,-7.74784]},"properties":{"name":"Esthy Bakery","type":"Bakery","category":"kebutuhan","subcategory":"Toko","opening_hours":null,"operator":null,"osm_id":9705035448}},{"type":"Feature","geometry":{"type":"Point","coordinates":[110.44921,-7.7471]},"properties":{"name":"Pamella Tujuh Supermarket","type":"Supermarket","category":"kebutuhan","subcategory":"Supermarket","opening_hours":"Tu 10:00-21:30; Mo, We-Su 07:00-21:30","operator":null,"osm_id":9670212196}},{"type":"Feature","geometry":{"type":"Point","coordinates":[110.44909,-7.74894]},"properties":{"name":"J-Tronik","type":"Mobile Phone","category":"kebutuhan","subcategory":"Toko","opening_hours":null,"operator":null,"osm_id":9705055149}},{"type":"Feature","geometry":{"type":"Point","coordinates":[110.45054,-7.74402]},"properties":{"name":"Bening Perabotan","type":"Furniture","category":"kebutuhan","subcategory":"Toko","opening_hours":null,"operator":null,"osm_id":9705011410}},{"type":"Feature","geometry":{"type":"Point","coordinates":[110.45071,-7.74324]},"properties":{"name":"Smart Bakery","type":"Bakery","category":"kebutuhan","subcategory":"Toko","opening_hours":null,"operator":null,"osm_id":9705070817}},{"type":"Feature","geometry":{"type":"Point","coordinates":[110.46267,-7.74301]},"properties":{"name":"Convenience","type":"Convenience","category":"kebutuhan","subcategory":"Toko","opening_hours":null,"operator":null,"osm_id":9740806795}},{"type":"Feature","geometry":{"type":"Point","coordinates":[110.45525,-7.74022]},"properties":{"name":"Alfa Laundry","type":"Laundry","category":"kebutuhan","subcategory":"Toko","opening_hours":null,"operator":null,"osm_id":9740816331}},{"type":"Feature","geometry":{"type":"Point","coordinates":[110.45317,-7.73984]},"properties":{"name":"Abimana Cell","type":"Mobile Phone","category":"kebutuhan","subcategory":"Toko","opening_hours":null,"operator":null,"osm_id":9705066101}},{"type":"Feature","geometry":{"type":"Point","coordinates":[110.45225,-7.73923]},"properties":{"name":"Rose Laundry","type":"Laundry","category":"kebutuhan","subcategory":"Toko","opening_hours":null,"operator":null,"osm_id":9740826260}},{"type":"Feature","geometry":{"type":"Point","coordinates":[110.45206,-7.73861]},"properties":{"name":"UD. Wakhid","type":"Hardware","category":"kebutuhan","subcategory":"Toko","opening_hours":null,"operator":null,"osm_id":9719584718}},{"type":"Feature","geometry":{"type":"Point","coordinates":[110.45556,-7.74058]},"properties":{"name":"Makmur Jaya Elektronik","type":"Electronics","category":"kebutuhan","subcategory":"Toko","opening_hours":null,"operator":null,"osm_id":9740795129}},{"type":"Feature","geometry":{"type":"Point","coordinates":[110.46137,-7.74167]},"properties":{"name":"Toko Mebel Trijaya","type":"Furniture","category":"kebutuhan","subcategory":"Toko","opening_hours":null,"operator":null,"osm_id":9740791952}},{"type":"Feature","geometry":{"type":"Point","coordinates":[110.43334,-7.73883]},"properties":{"name":"ADZKYA store","type":"Clothes","category":"kebutuhan","subcategory":"Toko","opening_hours":null,"operator":null,"osm_id":9740820292}},{"type":"Feature","geometry":{"type":"Point","coordinates":[110.43237,-7.7387]},"properties":{"name":"Koperasi UPN Wedo","type":"Convenience","category":"kebutuhan","subcategory":"Toko","opening_hours":"Mo-Su 08:00-19:45","operator":null,"osm_id":9671851527}},{"type":"Feature","geometry":{"type":"Point","coordinates":[110.43432,-7.73853]},"properties":{"name":"Toko Besi UD. Nanang","type":"Hardware","category":"kebutuhan","subcategory":"Toko","opening_hours":"Su 08:00-12:00; Mo-Sa 07:30-16:30","operator":null,"osm_id":9671834005}},{"type":"Feature","geometry":{"type":"Point","coordinates":[110.43432,-7.73862]},"properties":{"name":"SmileMom","type":"Clothes","category":"kebutuhan","subcategory":"Toko","opening_hours":null,"operator":null,"osm_id":9671808300}},{"type":"Feature","geometry":{"type":"Point","coordinates":[110.4346,-7.73799]},"properties":{"name":"Pusat Celana Training","type":"Clothes","category":"kebutuhan","subcategory":"Toko","opening_hours":null,"operator":null,"osm_id":10656769019}},{"type":"Feature","geometry":{"type":"Point","coordinates":[110.43422,-7.73802]},"properties":{"name":"Toko Besi Indah Jaya Sakti","type":"Hardware","category":"kebutuhan","subcategory":"Toko","opening_hours":null,"operator":null,"osm_id":9742642184}},{"type":"Feature","geometry":{"type":"Point","coordinates":[110.42913,-7.73628]},"properties":{"name":"Laundry","type":"Laundry","category":"kebutuhan","subcategory":"Toko","opening_hours":null,"operator":null,"osm_id":9778852357}},{"type":"Feature","geometry":{"type":"Point","coordinates":[110.43447,-7.73537]},"properties":{"name":"Pokoh Cell","type":"Mobile Phone","category":"kebutuhan","subcategory":"Toko","opening_hours":null,"operator":null,"osm_id":9719581888}},{"type":"Feature","geometry":{"type":"Point","coordinates":[110.43715,-7.73554]},"properties":{"name":"Wulan Laundry","type":"Laundry","category":"kebutuhan","subcategory":"Toko","opening_hours":null,"operator":null,"osm_id":9704569293}},{"type":"Feature","geometry":{"type":"Point","coordinates":[110.43367,-7.73488]},"properties":{"name":"Lily Laundry","type":"Laundry","category":"kebutuhan","subcategory":"Toko","opening_hours":null,"operator":null,"osm_id":9778855390}},{"type":"Feature","geometry":{"type":"Point","coordinates":[110.43145,-7.73481]},"properties":{"name":"Astroprint Jogja","type":"Copyshop","category":"kebutuhan","subcategory":"Toko","opening_hours":null,"operator":null,"osm_id":9671836306}},{"type":"Feature","geometry":{"type":"Point","coordinates":[110.44754,-7.73679]},"properties":{"name":"Aura Mart","type":"Convenience","category":"kebutuhan","subcategory":"Toko","opening_hours":null,"operator":null,"osm_id":9742624195}},{"type":"Feature","geometry":{"type":"Point","coordinates":[110.44501,-7.7369]},"properties":{"name":"Linken Mebel","type":"Furniture","category":"kebutuhan","subcategory":"Toko","opening_hours":null,"operator":null,"osm_id":9742650991}},{"type":"Feature","geometry":{"type":"Point","coordinates":[110.43483,-7.73336]},"properties":{"name":"Sakura Cellular","type":"Mobile Phone","category":"kebutuhan","subcategory":"Toko","opening_hours":null,"operator":null,"osm_id":9671837901}},{"type":"Feature","geometry":{"type":"Point","coordinates":[110.43282,-7.7216]},"properties":{"name":"Pasar Wonosari Sleman","type":"Marketplace","category":"kebutuhan","subcategory":"Pasar","opening_hours":null,"operator":null,"osm_id":9671831077}},{"type":"Feature","geometry":{"type":"Point","coordinates":[110.3617,-7.73984]},"properties":{"name":"Telur Puyuh \"Bu Marsih\"","type":"Supermarket","category":"kebutuhan","subcategory":"Supermarket","opening_hours":null,"operator":"bu Marsih","osm_id":5203005805}},{"type":"Feature","geometry":{"type":"Point","coordinates":[110.3622,-7.7409]},"properties":{"name":"Toko Arbil","type":"Supermarket","category":"kebutuhan","subcategory":"Supermarket","opening_hours":null,"operator":"Anggar","osm_id":5203064285}},{"type":"Feature","geometry":{"type":"Point","coordinates":[110.20736,-7.74646]},"properties":{"name":"Singkong Keju Jendral Pulen","type":"Gift","category":"kebutuhan","subcategory":"Toko","opening_hours":null,"operator":null,"osm_id":11226481175}},{"type":"Feature","geometry":{"type":"Point","coordinates":[110.46469,-7.78985]},"properties":{"name":"Pabrik & Outlet Bakpia Juwara Satoe","type":"Gift","category":"kebutuhan","subcategory":"Toko","opening_hours":null,"operator":null,"osm_id":9780909130}},{"type":"Feature","geometry":{"type":"Point","coordinates":[110.48287,-7.79099]},"properties":{"name":"Riffa Mart","type":"Convenience","category":"kebutuhan","subcategory":"Toko","opening_hours":null,"operator":null,"osm_id":9748825297}},{"type":"Feature","geometry":{"type":"Point","coordinates":[110.44673,-7.79112]},"properties":{"name":"Mataair Laundry Keluarga","type":"Laundry","category":"kebutuhan","subcategory":"Toko","opening_hours":null,"operator":null,"osm_id":9697468024}},{"type":"Feature","geometry":{"type":"Point","coordinates":[110.44557,-7.79456]},"properties":{"name":"Toko Nadia 354","type":"Convenience","category":"kebutuhan","subcategory":"Toko","opening_hours":null,"operator":null,"osm_id":9811838523}},{"type":"Feature","geometry":{"type":"Point","coordinates":[110.48297,-7.79343]},"properties":{"name":"Putra Mandiri","type":"Convenience","category":"kebutuhan","subcategory":"Toko","opening_hours":null,"operator":null,"osm_id":9748833755}},{"type":"Feature","geometry":{"type":"Point","coordinates":[110.48097,-7.79321]},"properties":{"name":"Toko Bintang Jaya","type":"Convenience","category":"kebutuhan","subcategory":"Toko","opening_hours":null,"operator":null,"osm_id":9748834884}},{"type":"Feature","geometry":{"type":"Point","coordinates":[110.39511,-7.79619]},"properties":{"name":"Fotokopi Mbaknya","type":"Copyshop","category":"kebutuhan","subcategory":"Toko","opening_hours":null,"operator":null,"osm_id":4146152133}},{"type":"Feature","geometry":{"type":"Point","coordinates":[110.33166,-7.76151]},"properties":{"name":"Toko Annasr","type":"Convenience","category":"kebutuhan","subcategory":"Toko","opening_hours":"Mo-Su 09:00-23:00","operator":null,"osm_id":8484225117}},{"type":"Feature","geometry":{"type":"Point","coordinates":[110.38601,-7.83198]},"properties":{"name":"Amnotel Store","type":"Electronics","category":"kebutuhan","subcategory":"Toko","opening_hours":null,"operator":null,"osm_id":8283150826}},{"type":"Feature","geometry":{"type":"Point","coordinates":[110.54947,-7.94385]},"properties":{"name":"Angkasa","type":"Convenience","category":"kebutuhan","subcategory":"Toko","opening_hours":"24/7","operator":null,"osm_id":10019961233}},{"type":"Feature","geometry":{"type":"Point","coordinates":[110.5749,-7.93801]},"properties":{"name":"Toko Pojok Sompil","type":"Marketplace","category":"kebutuhan","subcategory":"Pasar","opening_hours":null,"operator":null,"osm_id":9882398482}},{"type":"Feature","geometry":{"type":"Point","coordinates":[110.56958,-7.91149]},"properties":{"name":"Toko Mebel Herman","type":"Furniture","category":"kebutuhan","subcategory":"Toko","opening_hours":null,"operator":null,"osm_id":8148077924}},{"type":"Feature","geometry":{"type":"Point","coordinates":[110.55447,-7.91059]},"properties":{"name":"Bakpia","type":"Gift","category":"kebutuhan","subcategory":"Toko","opening_hours":null,"operator":null,"osm_id":9751888094}},{"type":"Feature","geometry":{"type":"Point","coordinates":[110.55651,-7.91712]},"properties":{"name":"Minimart","type":"Convenience","category":"kebutuhan","subcategory":"Toko","opening_hours":null,"operator":null,"osm_id":9751906943}},{"type":"Feature","geometry":{"type":"Point","coordinates":[110.55605,-7.91593]},"properties":{"name":"Pusat Oleh-Oleh Sumber Rejeki","type":"Gift","category":"kebutuhan","subcategory":"Toko","opening_hours":null,"operator":null,"osm_id":9751904503}},{"type":"Feature","geometry":{"type":"Point","coordinates":[110.5236,-7.91912]},"properties":{"name":"Convenience","type":"Convenience","category":"kebutuhan","subcategory":"Toko","opening_hours":null,"operator":null,"osm_id":10804597133}},{"type":"Feature","geometry":{"type":"Point","coordinates":[110.43082,-7.92582]},"properties":{"name":"Hutan Pinus Sari","type":"Ticket","category":"kebutuhan","subcategory":"Toko","opening_hours":null,"operator":null,"osm_id":5507916421}},{"type":"Feature","geometry":{"type":"Point","coordinates":[110.5598,-7.92122]},"properties":{"name":"Tan Jaya Cell","type":"Mobile Phone","category":"kebutuhan","subcategory":"Toko","opening_hours":null,"operator":null,"osm_id":9751934579}},{"type":"Feature","geometry":{"type":"Point","coordinates":[110.60307,-7.97223]},"properties":{"name":"Madani","type":"Convenience","category":"kebutuhan","subcategory":"Toko","opening_hours":"24/7","operator":null,"osm_id":10019961244}},{"type":"Feature","geometry":{"type":"Point","coordinates":[110.60424,-7.97142]},"properties":{"name":"Toko Plastik Rejo","type":"Convenience","category":"kebutuhan","subcategory":"Toko","opening_hours":"24/7","operator":null,"osm_id":10019961246}},{"type":"Feature","geometry":{"type":"Point","coordinates":[110.60447,-7.97096]},"properties":{"name":"Pasar Besole","type":"Marketplace","category":"kebutuhan","subcategory":"Pasar","opening_hours":null,"operator":null,"osm_id":10055511049}},{"type":"Feature","geometry":{"type":"Point","coordinates":[110.61897,-7.9829]},"properties":{"name":"Yati","type":"Convenience","category":"kebutuhan","subcategory":"Toko","opening_hours":null,"operator":null,"osm_id":9751894747}},{"type":"Feature","geometry":{"type":"Point","coordinates":[110.65328,-7.99851]},"properties":{"name":"OK Shop","type":"Mobile Phone","category":"kebutuhan","subcategory":"Toko","opening_hours":null,"operator":null,"osm_id":9751888096}},{"type":"Feature","geometry":{"type":"Point","coordinates":[110.66536,-7.99927]},"properties":{"name":"Convenience","type":"Convenience","category":"kebutuhan","subcategory":"Toko","opening_hours":null,"operator":null,"osm_id":9751894748}},{"type":"Feature","geometry":{"type":"Point","coordinates":[110.42501,-7.78308]},"properties":{"name":"Bakpia Djava","type":"Marketplace","category":"kebutuhan","subcategory":"Pasar","opening_hours":null,"operator":null,"osm_id":4590639016}},{"type":"Feature","geometry":{"type":"Point","coordinates":[110.41269,-7.78313]},"properties":{"name":"Istana Mur Baut","type":"Hardware","category":"kebutuhan","subcategory":"Toko","opening_hours":null,"operator":null,"osm_id":9725912654}},{"type":"Feature","geometry":{"type":"Point","coordinates":[110.43314,-7.76653]},"properties":{"name":"LOTTE Grosir","type":"Supermarket","category":"kebutuhan","subcategory":"Supermarket","opening_hours":"Mo-Su 10:00-21:00","operator":null,"osm_id":10833908722}},{"type":"Feature","geometry":{"type":"Point","coordinates":[110.46764,-7.77136]},"properties":{"name":"Toko Oleh-Oleh Kondang Gangsar","type":"Gift","category":"kebutuhan","subcategory":"Toko","opening_hours":null,"operator":null,"osm_id":9724180366}},{"type":"Feature","geometry":{"type":"Point","coordinates":[110.44893,-7.77262]},"properties":{"name":"Kharis Mart","type":"Convenience","category":"kebutuhan","subcategory":"Toko","opening_hours":null,"operator":null,"osm_id":9722493991}},{"type":"Feature","geometry":{"type":"Point","coordinates":[110.46556,-7.77318]},"properties":{"name":"Bakpia Kukus Tugu Jogja","type":"Gift","category":"kebutuhan","subcategory":"Toko","opening_hours":null,"operator":null,"osm_id":9811804323}},{"type":"Feature","geometry":{"type":"Point","coordinates":[110.46675,-7.77193]},"properties":{"name":"Copyshop","type":"Copyshop","category":"kebutuhan","subcategory":"Toko","opening_hours":null,"operator":null,"osm_id":9796369372}},{"type":"Feature","geometry":{"type":"Point","coordinates":[110.4693,-7.76951]},"properties":{"name":"Gift","type":"Gift","category":"kebutuhan","subcategory":"Toko","opening_hours":null,"operator":null,"osm_id":10224872029}},{"type":"Feature","geometry":{"type":"Point","coordinates":[110.4486,-7.76741]},"properties":{"name":"Supermarket","type":"Supermarket","category":"kebutuhan","subcategory":"Supermarket","opening_hours":"Mo-Su 07:00-22:00","operator":null,"osm_id":4580886191}},{"type":"Feature","geometry":{"type":"Point","coordinates":[110.46989,-7.76537]},"properties":{"name":"Toko GISA 2","type":"Convenience","category":"kebutuhan","subcategory":"Toko","opening_hours":null,"operator":null,"osm_id":9722417381}},{"type":"Feature","geometry":{"type":"Point","coordinates":[110.47032,-7.76349]},"properties":{"name":"05 CARD","type":"Mobile Phone","category":"kebutuhan","subcategory":"Toko","opening_hours":null,"operator":null,"osm_id":9722501620}},{"type":"Feature","geometry":{"type":"Point","coordinates":[110.47022,-7.76355]},"properties":{"name":"Convenience","type":"Convenience","category":"kebutuhan","subcategory":"Toko","opening_hours":null,"operator":null,"osm_id":9722479121}},{"type":"Feature","geometry":{"type":"Point","coordinates":[110.44896,-7.76367]},"properties":{"name":"Griya Laundry","type":"Laundry","category":"kebutuhan","subcategory":"Toko","opening_hours":null,"operator":null,"osm_id":9722509401}},{"type":"Feature","geometry":{"type":"Point","coordinates":[110.44861,-7.7648]},"properties":{"name":"Hurin Cell","type":"Mobile Phone","category":"kebutuhan","subcategory":"Toko","opening_hours":null,"operator":null,"osm_id":9722417379}},{"type":"Feature","geometry":{"type":"Point","coordinates":[110.41071,-7.76574]},"properties":{"name":"Total Laundry","type":"Laundry","category":"kebutuhan","subcategory":"Toko","opening_hours":null,"operator":null,"osm_id":4585547416}},{"type":"Feature","geometry":{"type":"Point","coordinates":[110.41,-7.76634]},"properties":{"name":"Laundry Zone","type":"Laundry","category":"kebutuhan","subcategory":"Toko","opening_hours":null,"operator":null,"osm_id":4585547407}},{"type":"Feature","geometry":{"type":"Point","coordinates":[110.41024,-7.76811]},"properties":{"name":"Jaya Adaptor","type":"Computer","category":"kebutuhan","subcategory":"Toko","opening_hours":null,"operator":null,"osm_id":9696996752}},{"type":"Feature","geometry":{"type":"Point","coordinates":[110.41098,-7.76428]},"properties":{"name":"3 Second","type":"Clothes","category":"kebutuhan","subcategory":"Toko","opening_hours":null,"operator":null,"osm_id":4585547401}},{"type":"Feature","geometry":{"type":"Point","coordinates":[110.41139,-7.76427]},"properties":{"name":"Andien Celluler","type":"Mobile Phone","category":"kebutuhan","subcategory":"Toko","opening_hours":null,"operator":null,"osm_id":9748463926}},{"type":"Feature","geometry":{"type":"Point","coordinates":[110.41111,-7.76446]},"properties":{"name":"Beta","type":"Supermarket","category":"kebutuhan","subcategory":"Supermarket","opening_hours":null,"operator":null,"osm_id":4585547400}},{"type":"Feature","geometry":{"type":"Point","coordinates":[110.4827,-7.7773]},"properties":{"name":"Toko Trio","type":"Convenience","category":"kebutuhan","subcategory":"Toko","opening_hours":null,"operator":null,"osm_id":9748841013}},{"type":"Feature","geometry":{"type":"Point","coordinates":[110.4825,-7.77525]},"properties":{"name":"Akfa 22","type":"Convenience","category":"kebutuhan","subcategory":"Toko","opening_hours":null,"operator":null,"osm_id":9748827354}},{"type":"Feature","geometry":{"type":"Point","coordinates":[110.44355,-7.78035]},"properties":{"name":"Bella Dyffa","type":"Convenience","category":"kebutuhan","subcategory":"Toko","opening_hours":null,"operator":null,"osm_id":10050539564}},{"type":"Feature","geometry":{"type":"Point","coordinates":[110.4521,-7.78036]},"properties":{"name":"Midora Meuble","type":"Furniture","category":"kebutuhan","subcategory":"Toko","opening_hours":null,"operator":null,"osm_id":10048516504}},{"type":"Feature","geometry":{"type":"Point","coordinates":[110.45586,-7.77987]},"properties":{"name":"Toko Anugrah","type":"Convenience","category":"kebutuhan","subcategory":"Toko","opening_hours":null,"operator":null,"osm_id":9824249715}},{"type":"Feature","geometry":{"type":"Point","coordinates":[110.45403,-7.77998]},"properties":{"name":"RA Cell","type":"Mobile Phone","category":"kebutuhan","subcategory":"Toko","opening_hours":null,"operator":null,"osm_id":9722501618}},{"type":"Feature","geometry":{"type":"Point","coordinates":[110.45447,-7.77928]},"properties":{"name":"Bakpia Pathok 25","type":"Gift","category":"kebutuhan","subcategory":"Toko","opening_hours":null,"operator":null,"osm_id":9722507793}},{"type":"Feature","geometry":{"type":"Point","coordinates":[110.46411,-7.77406]},"properties":{"name":"Gochie Cell","type":"Mobile Phone","category":"kebutuhan","subcategory":"Toko","opening_hours":null,"operator":null,"osm_id":9722452565}},{"type":"Feature","geometry":{"type":"Point","coordinates":[110.46367,-7.77408]},"properties":{"name":"Gift","type":"Gift","category":"kebutuhan","subcategory":"Toko","opening_hours":null,"operator":null,"osm_id":9722493993}},{"type":"Feature","geometry":{"type":"Point","coordinates":[110.45471,-7.77445]},"properties":{"name":"Convenience","type":"Convenience","category":"kebutuhan","subcategory":"Toko","opening_hours":null,"operator":null,"osm_id":9728438845}},{"type":"Feature","geometry":{"type":"Point","coordinates":[110.61943,-7.95987]},"properties":{"name":"Astuti","type":"Convenience","category":"kebutuhan","subcategory":"Toko","opening_hours":"24/7","operator":null,"osm_id":10019961245}},{"type":"Feature","geometry":{"type":"Point","coordinates":[110.60346,-7.96734]},"properties":{"name":"Mocca Toko Roti","type":"Bakery","category":"kebutuhan","subcategory":"Toko","opening_hours":null,"operator":null,"osm_id":10020007920}},{"type":"Feature","geometry":{"type":"Point","coordinates":[110.43352,-7.72198]},"properties":{"name":"Najla Cell","type":"Mobile Phone","category":"kebutuhan","subcategory":"Toko","opening_hours":null,"operator":null,"osm_id":9671798156}},{"type":"Feature","geometry":{"type":"Point","coordinates":[110.43542,-7.72256]},"properties":{"name":"Toko Bangunan Mayva Jaya","type":"Hardware","category":"kebutuhan","subcategory":"Toko","opening_hours":null,"operator":null,"osm_id":9671840428}},{"type":"Feature","geometry":{"type":"Point","coordinates":[110.40212,-7.72243]},"properties":{"name":"Furniture","type":"Furniture","category":"kebutuhan","subcategory":"Toko","opening_hours":null,"operator":null,"osm_id":4769328926}},{"type":"Feature","geometry":{"type":"Point","coordinates":[110.40067,-7.72482]},"properties":{"name":"Toko Handphone","type":"Mobile Phone","category":"kebutuhan","subcategory":"Toko","opening_hours":null,"operator":null,"osm_id":5155561859}},{"type":"Feature","geometry":{"type":"Point","coordinates":[110.40091,-7.72498]},"properties":{"name":"Sweet Seventeen Kerudung","type":"Clothes","category":"kebutuhan","subcategory":"Toko","opening_hours":null,"operator":null,"osm_id":5155561860}},{"type":"Feature","geometry":{"type":"Point","coordinates":[110.34433,-7.77622]},"properties":{"name":"Hasty Market","type":"Convenience","category":"kebutuhan","subcategory":"Toko","opening_hours":null,"operator":null,"osm_id":4145328669}},{"type":"Feature","geometry":{"type":"Point","coordinates":[110.34411,-7.7763]},"properties":{"name":"Hasty Market","type":"Convenience","category":"kebutuhan","subcategory":"Toko","opening_hours":null,"operator":null,"osm_id":4145328670}},{"type":"Feature","geometry":{"type":"Point","coordinates":[110.35495,-7.77004]},"properties":{"name":"Convenience","type":"Convenience","category":"kebutuhan","subcategory":"Toko","opening_hours":null,"operator":null,"osm_id":4824440822}},{"type":"Feature","geometry":{"type":"Point","coordinates":[110.36123,-7.76809]},"properties":{"name":"UFO Elektronik","type":"Electronics","category":"kebutuhan","subcategory":"Toko","opening_hours":"Mo-Su 09:00-21:30","operator":null,"osm_id":10113733116}},{"type":"Feature","geometry":{"type":"Point","coordinates":[110.35898,-7.78308]},"properties":{"name":"Marketplace","type":"Marketplace","category":"kebutuhan","subcategory":"Pasar","opening_hours":null,"operator":null,"osm_id":1360184919}},{"type":"Feature","geometry":{"type":"Point","coordinates":[110.48544,-7.75641]},"properties":{"name":"Esthy Cake & Bakery","type":"Bakery","category":"kebutuhan","subcategory":"Toko","opening_hours":null,"operator":null,"osm_id":9952235496}},{"type":"Feature","geometry":{"type":"Point","coordinates":[110.48038,-7.75606]},"properties":{"name":"Toko Kelontong Aris","type":"Convenience","category":"kebutuhan","subcategory":"Toko","opening_hours":null,"operator":null,"osm_id":9811767163}},{"type":"Feature","geometry":{"type":"Point","coordinates":[110.48037,-7.75615]},"properties":{"name":"Alat Teknik Tenang","type":"Hardware","category":"kebutuhan","subcategory":"Toko","opening_hours":null,"operator":null,"osm_id":9811788031}},{"type":"Feature","geometry":{"type":"Point","coordinates":[110.48706,-7.75296]},"properties":{"name":"Kop Mart","type":"Convenience","category":"kebutuhan","subcategory":"Toko","opening_hours":null,"operator":null,"osm_id":9709428063}},{"type":"Feature","geometry":{"type":"Point","coordinates":[110.47091,-7.75288]},"properties":{"name":"Jupiter Cell","type":"Mobile Phone","category":"kebutuhan","subcategory":"Toko","opening_hours":null,"operator":null,"osm_id":9722467008}},{"type":"Feature","geometry":{"type":"Point","coordinates":[110.48574,-7.7526]},"properties":{"name":"SRC Krisna","type":"Convenience","category":"kebutuhan","subcategory":"Toko","opening_hours":null,"operator":null,"osm_id":9709375071}},{"type":"Feature","geometry":{"type":"Point","coordinates":[110.37243,-7.79159]},"properties":{"name":"Toko Sinar Jaya","type":"Convenience","category":"kebutuhan","subcategory":"Toko","opening_hours":"Mo-Su 09:00-14:00,17:00-21:00; PH closed","operator":null,"osm_id":9198357819}},{"type":"Feature","geometry":{"type":"Point","coordinates":[110.41421,-7.7812]},"properties":{"name":"Top Computer","type":"Computer","category":"kebutuhan","subcategory":"Toko","opening_hours":null,"operator":null,"osm_id":10065683818}},{"type":"Feature","geometry":{"type":"Point","coordinates":[110.40004,-7.78088]},"properties":{"name":"Pasar Desa Caturtunggal","type":"Marketplace","category":"kebutuhan","subcategory":"Pasar","opening_hours":null,"operator":null,"osm_id":9821421707}},{"type":"Feature","geometry":{"type":"Point","coordinates":[110.38272,-7.77701]},"properties":{"name":"Toko Outdoor Flamingo","type":"Clothes","category":"kebutuhan","subcategory":"Toko","opening_hours":null,"operator":null,"osm_id":3229493996}},{"type":"Feature","geometry":{"type":"Point","coordinates":[110.37365,-7.77817]},"properties":{"name":"EL'S Computer","type":"Computer","category":"kebutuhan","subcategory":"Toko","opening_hours":null,"operator":null,"osm_id":6369552903}},{"type":"Feature","geometry":{"type":"Point","coordinates":[110.28535,-7.77459]},"properties":{"name":"Meika Mart","type":"Supermarket","category":"kebutuhan","subcategory":"Supermarket","opening_hours":null,"operator":null,"osm_id":10181878159}},{"type":"Feature","geometry":{"type":"Point","coordinates":[110.34351,-7.77609]},"properties":{"name":"Hasty Market","type":"Convenience","category":"kebutuhan","subcategory":"Toko","opening_hours":null,"operator":null,"osm_id":4145328668}},{"type":"Feature","geometry":{"type":"Point","coordinates":[110.34253,-7.85037]},"properties":{"name":"WS Swalayan","type":"Supermarket","category":"kebutuhan","subcategory":"Supermarket","opening_hours":null,"operator":null,"osm_id":3632291576}},{"type":"Feature","geometry":{"type":"Point","coordinates":[110.334,-7.84501]},"properties":{"name":"Putra Insan Keramik & Craft Kasongan Jogja","type":"Supermarket","category":"kebutuhan","subcategory":"Supermarket","opening_hours":null,"operator":null,"osm_id":4592680570}},{"type":"Feature","geometry":{"type":"Point","coordinates":[110.33015,-7.84446]},"properties":{"name":"Alfa Galery Jogja","type":"Supermarket","category":"kebutuhan","subcategory":"Supermarket","opening_hours":null,"operator":null,"osm_id":4590622331}},{"type":"Feature","geometry":{"type":"Point","coordinates":[110.33553,-7.84694]},"properties":{"name":"Budi Kramik","type":"Supermarket","category":"kebutuhan","subcategory":"Supermarket","opening_hours":null,"operator":null,"osm_id":4592680568}},{"type":"Feature","geometry":{"type":"Point","coordinates":[110.32321,-7.84689]},"properties":{"name":"Natural Cramic And Craft","type":"Supermarket","category":"kebutuhan","subcategory":"Supermarket","opening_hours":null,"operator":null,"osm_id":4592661718}},{"type":"Feature","geometry":{"type":"Point","coordinates":[110.34143,-7.8547]},"properties":{"name":"Istana Mebel","type":"Furniture","category":"kebutuhan","subcategory":"Toko","opening_hours":null,"operator":null,"osm_id":9811853713}},{"type":"Feature","geometry":{"type":"Point","coordinates":[110.50709,-7.85875]},"properties":{"name":"Aneka Buah","type":"Marketplace","category":"kebutuhan","subcategory":"Pasar","opening_hours":null,"operator":null,"osm_id":9751877971}},{"type":"Feature","geometry":{"type":"Point","coordinates":[110.39115,-7.84405]},"properties":{"name":"MARGO TELO","type":"Supermarket","category":"kebutuhan","subcategory":"Supermarket","opening_hours":null,"operator":null,"osm_id":4592698352}},{"type":"Feature","geometry":{"type":"Point","coordinates":[110.44706,-7.75806]},"properties":{"name":"Diephizet Cell","type":"Mobile Phone","category":"kebutuhan","subcategory":"Toko","opening_hours":null,"operator":null,"osm_id":9722453168}},{"type":"Feature","geometry":{"type":"Point","coordinates":[110.44741,-7.75935]},"properties":{"name":"Toko Mebel Restu Ibu","type":"Furniture","category":"kebutuhan","subcategory":"Toko","opening_hours":null,"operator":null,"osm_id":9748462461}},{"type":"Feature","geometry":{"type":"Point","coordinates":[110.44913,-7.75926]},"properties":{"name":"Toko Hijau","type":"Convenience","category":"kebutuhan","subcategory":"Toko","opening_hours":null,"operator":null,"osm_id":9722509793}},{"type":"Feature","geometry":{"type":"Point","coordinates":[110.44984,-7.75982]},"properties":{"name":"Toko Kado Keluarga","type":"Gift","category":"kebutuhan","subcategory":"Toko","opening_hours":"Mo-Su 08:00-20:00","operator":null,"osm_id":9670196867}},{"type":"Feature","geometry":{"type":"Point","coordinates":[110.44256,-7.7529]},"properties":{"name":"MC Mart","type":"Supermarket","category":"kebutuhan","subcategory":"Supermarket","opening_hours":null,"operator":null,"osm_id":9807877979}},{"type":"Feature","geometry":{"type":"Point","coordinates":[110.44813,-7.75343]},"properties":{"name":"GantengGantengSeluler","type":"Mobile Phone","category":"kebutuhan","subcategory":"Toko","opening_hours":null,"operator":null,"osm_id":9705055148}},{"type":"Feature","geometry":{"type":"Point","coordinates":[110.44841,-7.75352]},"properties":{"name":"Toko Purwo","type":"Convenience","category":"kebutuhan","subcategory":"Toko","opening_hours":null,"operator":null,"osm_id":9705069231}},{"type":"Feature","geometry":{"type":"Point","coordinates":[110.44453,-7.75299]},"properties":{"name":"Minatu","type":"Laundry","category":"kebutuhan","subcategory":"Toko","opening_hours":null,"operator":null,"osm_id":9769689958}},{"type":"Feature","geometry":{"type":"Point","coordinates":[110.44298,-7.75298]},"properties":{"name":"Roti Kapiten","type":"Bakery","category":"kebutuhan","subcategory":"Toko","opening_hours":null,"operator":null,"osm_id":9778676475}},{"type":"Feature","geometry":{"type":"Point","coordinates":[110.44139,-7.75371]},"properties":{"name":"Mitha Ponsel","type":"Mobile Phone","category":"kebutuhan","subcategory":"Toko","opening_hours":null,"operator":null,"osm_id":9807904519}},{"type":"Feature","geometry":{"type":"Point","coordinates":[110.43395,-7.75239]},"properties":{"name":"Sodara Pusat Belanja","type":"Hardware","category":"kebutuhan","subcategory":"Toko","opening_hours":null,"operator":null,"osm_id":9807904521}},{"type":"Feature","geometry":{"type":"Point","coordinates":[110.43446,-7.75203]},"properties":{"name":"Peni Ayu Swalayan","type":"Convenience","category":"kebutuhan","subcategory":"Toko","opening_hours":null,"operator":null,"osm_id":9671815982}},{"type":"Feature","geometry":{"type":"Point","coordinates":[110.41692,-7.75187]},"properties":{"name":"Pasar Organik","type":"Marketplace","category":"kebutuhan","subcategory":"Pasar","opening_hours":null,"operator":null,"osm_id":3832166389}},{"type":"Feature","geometry":{"type":"Point","coordinates":[110.40987,-7.75814]},"properties":{"name":"Cemerlang Laundry","type":"Laundry","category":"kebutuhan","subcategory":"Toko","opening_hours":null,"operator":null,"osm_id":9780982679}},{"type":"Feature","geometry":{"type":"Point","coordinates":[110.411,-7.75845]},"properties":{"name":"Mtronik","type":"Computer","category":"kebutuhan","subcategory":"Toko","opening_hours":null,"operator":null,"osm_id":4590695940}},{"type":"Feature","geometry":{"type":"Point","coordinates":[110.41013,-7.75511]},"properties":{"name":"Ola bakery","type":"Bakery","category":"kebutuhan","subcategory":"Toko","opening_hours":null,"operator":null,"osm_id":4590296605}},{"type":"Feature","geometry":{"type":"Point","coordinates":[110.40967,-7.75539]},"properties":{"name":"Zamart","type":"Convenience","category":"kebutuhan","subcategory":"Toko","opening_hours":null,"operator":null,"osm_id":5270626866}},{"type":"Feature","geometry":{"type":"Point","coordinates":[110.39394,-7.76763]},"properties":{"name":"AC dan Kulkas","type":"Electronics","category":"kebutuhan","subcategory":"Toko","opening_hours":null,"operator":null,"osm_id":3884620626}},{"type":"Feature","geometry":{"type":"Point","coordinates":[110.39002,-7.76878]},"properties":{"name":"iHome Apple Store","type":"Mobile Phone","category":"kebutuhan","subcategory":"Toko","opening_hours":"Su-Sa 10:00-21:00","operator":null,"osm_id":10254042109}},{"type":"Feature","geometry":{"type":"Point","coordinates":[110.38896,-7.7734]},"properties":{"name":"Copyshop","type":"Copyshop","category":"kebutuhan","subcategory":"Toko","opening_hours":null,"operator":null,"osm_id":3473955202}},{"type":"Feature","geometry":{"type":"Point","coordinates":[110.37509,-7.78517]},"properties":{"name":"Kopel Bulog","type":"Convenience","category":"kebutuhan","subcategory":"Toko","opening_hours":null,"operator":null,"osm_id":7859897351}},{"type":"Feature","geometry":{"type":"Point","coordinates":[110.37564,-7.78527]},"properties":{"name":"Laseca","type":"Beauty","category":"kebutuhan","subcategory":"Toko","opening_hours":null,"operator":null,"osm_id":7859897352}},{"type":"Feature","geometry":{"type":"Point","coordinates":[110.37567,-7.78537]},"properties":{"name":"Melia Counter","type":"Laundry","category":"kebutuhan","subcategory":"Toko","opening_hours":null,"operator":null,"osm_id":7859897350}},{"type":"Feature","geometry":{"type":"Point","coordinates":[110.37634,-7.78597]},"properties":{"name":"Hesti Mart","type":"Convenience","category":"kebutuhan","subcategory":"Toko","opening_hours":null,"operator":null,"osm_id":9158972452}},{"type":"Feature","geometry":{"type":"Point","coordinates":[110.37729,-7.78801]},"properties":{"name":"Kios Pak Rahman","type":"Kiosk","category":"kebutuhan","subcategory":"Toko","opening_hours":"Mo-Su 09:00-22:00","operator":null,"osm_id":7848306234}},{"type":"Feature","geometry":{"type":"Point","coordinates":[110.37799,-7.78838]},"properties":{"name":"Sehati Computer","type":"Computer","category":"kebutuhan","subcategory":"Toko","opening_hours":"Mo-Sa 09:00-21:00; PH closed","operator":null,"osm_id":7808417600}},{"type":"Feature","geometry":{"type":"Point","coordinates":[110.37784,-7.78842]},"properties":{"name":"Kiosk","type":"Kiosk","category":"kebutuhan","subcategory":"Toko","opening_hours":"Mo-Su 07:00-22:00; PH unknown","operator":null,"osm_id":7808417595}},{"type":"Feature","geometry":{"type":"Point","coordinates":[110.37734,-7.78861]},"properties":{"name":"Laundry","type":"Laundry","category":"kebutuhan","subcategory":"Toko","opening_hours":null,"operator":null,"osm_id":7808417597}},{"type":"Feature","geometry":{"type":"Point","coordinates":[110.37578,-7.78885]},"properties":{"name":"Toko Bu Warsito","type":"Convenience","category":"kebutuhan","subcategory":"Toko","opening_hours":null,"operator":null,"osm_id":7811468605}},{"type":"Feature","geometry":{"type":"Point","coordinates":[110.36927,-7.76054]},"properties":{"name":"Pluffy Pancakes","type":"Bakery","category":"kebutuhan","subcategory":"Toko","opening_hours":null,"operator":null,"osm_id":8570433136}},{"type":"Feature","geometry":{"type":"Point","coordinates":[110.37223,-7.76129]},"properties":{"name":"Laundry","type":"Laundry","category":"kebutuhan","subcategory":"Toko","opening_hours":null,"operator":null,"osm_id":8364772404}},{"type":"Feature","geometry":{"type":"Point","coordinates":[110.37196,-7.76137]},"properties":{"name":"Citrouli Jakal","type":"Convenience","category":"kebutuhan","subcategory":"Toko","opening_hours":"PH,Mo-Su 06:00-10:00","operator":null,"osm_id":8364772395}},{"type":"Feature","geometry":{"type":"Point","coordinates":[110.36821,-7.76239]},"properties":{"name":"Convenience","type":"Convenience","category":"kebutuhan","subcategory":"Toko","opening_hours":null,"operator":null,"osm_id":3453359518}},{"type":"Feature","geometry":{"type":"Point","coordinates":[110.37209,-7.78828]},"properties":{"name":"Naavagreen Plus","type":"Beauty","category":"kebutuhan","subcategory":"Toko","opening_hours":null,"operator":null,"osm_id":7811256800}},{"type":"Feature","geometry":{"type":"Point","coordinates":[110.37214,-7.78825]},"properties":{"name":"Petit Paris Boulangerie","type":"Bakery","category":"kebutuhan","subcategory":"Toko","opening_hours":null,"operator":null,"osm_id":9161072860}},{"type":"Feature","geometry":{"type":"Point","coordinates":[110.36993,-7.78748]},"properties":{"name":"Impressions","type":"Beauty","category":"kebutuhan","subcategory":"Toko","opening_hours":null,"operator":null,"osm_id":7877656800}},{"type":"Feature","geometry":{"type":"Point","coordinates":[110.37212,-7.78672]},"properties":{"name":"Kios","type":"Kiosk","category":"kebutuhan","subcategory":"Toko","opening_hours":"Mo-Su 09:00-21:00; PH unknown","operator":null,"osm_id":7880489265}},{"type":"Feature","geometry":{"type":"Point","coordinates":[110.37098,-7.78629]},"properties":{"name":"Klambi Apik","type":"Clothes","category":"kebutuhan","subcategory":"Toko","opening_hours":null,"operator":null,"osm_id":9155576726}},{"type":"Feature","geometry":{"type":"Point","coordinates":[110.37076,-7.78553]},"properties":{"name":"Beauthenica","type":"Beauty","category":"kebutuhan","subcategory":"Toko","opening_hours":null,"operator":null,"osm_id":9159302940}},{"type":"Feature","geometry":{"type":"Point","coordinates":[110.37247,-7.78402]},"properties":{"name":"Natasha Skin Care","type":"Beauty","category":"kebutuhan","subcategory":"Toko","opening_hours":null,"operator":null,"osm_id":9149601497}},{"type":"Feature","geometry":{"type":"Point","coordinates":[110.40621,-7.75591]},"properties":{"name":"concat cell","type":"Computer","category":"kebutuhan","subcategory":"Toko","opening_hours":null,"operator":null,"osm_id":4590767007}},{"type":"Feature","geometry":{"type":"Point","coordinates":[110.37572,-7.75609]},"properties":{"name":"Laundry","type":"Laundry","category":"kebutuhan","subcategory":"Toko","opening_hours":null,"operator":null,"osm_id":3451899405}},{"type":"Feature","geometry":{"type":"Point","coordinates":[110.37402,-7.78896]},"properties":{"name":"Kios Pak Paidi","type":"Kiosk","category":"kebutuhan","subcategory":"Toko","opening_hours":"Mo-Sa 08:00-22:00; PH closed","operator":null,"osm_id":7808438812}},{"type":"Feature","geometry":{"type":"Point","coordinates":[110.37479,-7.78598]},"properties":{"name":"Kiosk","type":"Kiosk","category":"kebutuhan","subcategory":"Toko","opening_hours":null,"operator":null,"osm_id":9167786603}},{"type":"Feature","geometry":{"type":"Point","coordinates":[110.37495,-7.78437]},"properties":{"name":"Graha LBC","type":"Beauty","category":"kebutuhan","subcategory":"Toko","opening_hours":null,"operator":null,"osm_id":9175232112}},{"type":"Feature","geometry":{"type":"Point","coordinates":[110.38013,-7.78748]},"properties":{"name":"Laundry K21","type":"Laundry","category":"kebutuhan","subcategory":"Toko","opening_hours":null,"operator":null,"osm_id":9205485634}},{"type":"Feature","geometry":{"type":"Point","coordinates":[110.39678,-7.81501]},"properties":{"name":"Kue ku Ibu Sumiyati","type":"Bakery","category":"kebutuhan","subcategory":"Toko","opening_hours":null,"operator":null,"osm_id":4142881589}},{"type":"Feature","geometry":{"type":"Point","coordinates":[110.40753,-7.74351]},"properties":{"name":"Keen Laundry","type":"Laundry","category":"kebutuhan","subcategory":"Toko","opening_hours":null,"operator":null,"osm_id":9778615461}},{"type":"Feature","geometry":{"type":"Point","coordinates":[110.40651,-7.74694]},"properties":{"name":"Indomaret Gurameh Raya","type":"Supermarket","category":"kebutuhan","subcategory":"Supermarket","opening_hours":null,"operator":null,"osm_id":4832034871}},{"type":"Feature","geometry":{"type":"Point","coordinates":[110.40848,-7.74039]},"properties":{"name":"Manna Kampus mini","type":"Convenience","category":"kebutuhan","subcategory":"Toko","opening_hours":null,"operator":null,"osm_id":9778689445}},{"type":"Feature","geometry":{"type":"Point","coordinates":[110.40812,-7.7417]},"properties":{"name":"Flamboyan","type":"Convenience","category":"kebutuhan","subcategory":"Toko","opening_hours":null,"operator":null,"osm_id":9778690112}},{"type":"Feature","geometry":{"type":"Point","coordinates":[110.41018,-7.73662]},"properties":{"name":"Marketplace","type":"Marketplace","category":"kebutuhan","subcategory":"Pasar","opening_hours":null,"operator":null,"osm_id":9778852864}},{"type":"Feature","geometry":{"type":"Point","coordinates":[110.42086,-7.7375]},"properties":{"name":"AAmart","type":"Convenience","category":"kebutuhan","subcategory":"Toko","opening_hours":null,"operator":null,"osm_id":9720016121}},{"type":"Feature","geometry":{"type":"Point","coordinates":[110.38041,-7.76611]},"properties":{"name":"Boulevard","type":"Supermarket","category":"kebutuhan","subcategory":"Supermarket","opening_hours":null,"operator":null,"osm_id":1748290351}},{"type":"Feature","geometry":{"type":"Point","coordinates":[110.38169,-7.76638]},"properties":{"name":"King's Laundry","type":"Laundry","category":"kebutuhan","subcategory":"Toko","opening_hours":"Mo-Su 08:00-22:00","operator":null,"osm_id":10154499460}},{"type":"Feature","geometry":{"type":"Point","coordinates":[110.38199,-7.76667]},"properties":{"name":"GAMASHIRT","type":"Clothes","category":"kebutuhan","subcategory":"Toko","opening_hours":null,"operator":null,"osm_id":10154529219}},{"type":"Feature","geometry":{"type":"Point","coordinates":[110.38204,-7.76668]},"properties":{"name":"Koperasi Kompa UGM","type":"Supermarket","category":"kebutuhan","subcategory":"Supermarket","opening_hours":"Mo-Su 09:00-21:00","operator":null,"osm_id":10154529221}},{"type":"Feature","geometry":{"type":"Point","coordinates":[110.37941,-7.76361]},"properties":{"name":"Fotokopi Acadia Jakal 2","type":"Copyshop","category":"kebutuhan","subcategory":"Toko","opening_hours":null,"operator":null,"osm_id":6009361191}},{"type":"Feature","geometry":{"type":"Point","coordinates":[110.58917,-7.83589]},"properties":{"name":"Pasar Dungrong","type":"Marketplace","category":"kebutuhan","subcategory":"Pasar","opening_hours":null,"operator":null,"osm_id":3669684071}},{"type":"Feature","geometry":{"type":"Point","coordinates":[110.54653,-7.84649]},"properties":{"name":"Embung Nglanggeran","type":"Ticket","category":"kebutuhan","subcategory":"Toko","opening_hours":null,"operator":null,"osm_id":8826962251}},{"type":"Feature","geometry":{"type":"Point","coordinates":[110.41747,-7.69615]},"properties":{"name":"Speed And Co. // 10.US","type":"Supermarket","category":"kebutuhan","subcategory":"Supermarket","opening_hours":null,"operator":null,"osm_id":4591182616}},{"type":"Feature","geometry":{"type":"Point","coordinates":[110.39027,-7.77614]},"properties":{"name":"Mobile Phone","type":"Mobile Phone","category":"kebutuhan","subcategory":"Toko","opening_hours":null,"operator":null,"osm_id":3663310600}},{"type":"Feature","geometry":{"type":"Point","coordinates":[110.39049,-7.77611]},"properties":{"name":"Mobile Phone","type":"Mobile Phone","category":"kebutuhan","subcategory":"Toko","opening_hours":null,"operator":null,"osm_id":3663310598}},{"type":"Feature","geometry":{"type":"Point","coordinates":[110.38978,-7.77606]},"properties":{"name":"Mobile Phone","type":"Mobile Phone","category":"kebutuhan","subcategory":"Toko","opening_hours":null,"operator":null,"osm_id":3663310596}},{"type":"Feature","geometry":{"type":"Point","coordinates":[110.3899,-7.77603]},"properties":{"name":"Mobile Phone","type":"Mobile Phone","category":"kebutuhan","subcategory":"Toko","opening_hours":null,"operator":null,"osm_id":3663310595}},{"type":"Feature","geometry":{"type":"Point","coordinates":[110.38964,-7.77609]},"properties":{"name":"Mobile Phone","type":"Mobile Phone","category":"kebutuhan","subcategory":"Toko","opening_hours":null,"operator":null,"osm_id":3663310597}},{"type":"Feature","geometry":{"type":"Point","coordinates":[110.3902,-7.77596]},"properties":{"name":"Mobile Phone","type":"Mobile Phone","category":"kebutuhan","subcategory":"Toko","opening_hours":null,"operator":null,"osm_id":3663310593}},{"type":"Feature","geometry":{"type":"Point","coordinates":[110.39035,-7.77592]},"properties":{"name":"Mobile Phone","type":"Mobile Phone","category":"kebutuhan","subcategory":"Toko","opening_hours":null,"operator":null,"osm_id":3663310592}},{"type":"Feature","geometry":{"type":"Point","coordinates":[110.39053,-7.77587]},"properties":{"name":"Mobile Phone","type":"Mobile Phone","category":"kebutuhan","subcategory":"Toko","opening_hours":null,"operator":null,"osm_id":3663310591}},{"type":"Feature","geometry":{"type":"Point","coordinates":[110.39081,-7.77582]},"properties":{"name":"Mobile Phone","type":"Mobile Phone","category":"kebutuhan","subcategory":"Toko","opening_hours":null,"operator":null,"osm_id":3663310589}},{"type":"Feature","geometry":{"type":"Point","coordinates":[110.39067,-7.77585]},"properties":{"name":"Mobile Phone","type":"Mobile Phone","category":"kebutuhan","subcategory":"Toko","opening_hours":null,"operator":null,"osm_id":3663310590}},{"type":"Feature","geometry":{"type":"Point","coordinates":[110.39247,-7.77706]},"properties":{"name":"Pasar Sehat Letusee","type":"Marketplace","category":"kebutuhan","subcategory":"Pasar","opening_hours":"Fr 16:00-19:00","operator":null,"osm_id":3621485954}},{"type":"Feature","geometry":{"type":"Point","coordinates":[110.38964,-7.7778]},"properties":{"name":"Mobile Phone","type":"Mobile Phone","category":"kebutuhan","subcategory":"Toko","opening_hours":null,"operator":null,"osm_id":3663310594}},{"type":"Feature","geometry":{"type":"Point","coordinates":[110.39219,-7.78099]},"properties":{"name":"District Fashion","type":"Clothes","category":"kebutuhan","subcategory":"Toko","opening_hours":null,"operator":null,"osm_id":3473031877}},{"type":"Feature","geometry":{"type":"Point","coordinates":[110.38926,-7.7613]},"properties":{"name":"penjualan pakaian bekas","type":"Clothes","category":"kebutuhan","subcategory":"Toko","opening_hours":null,"operator":null,"osm_id":1459442067}},{"type":"Feature","geometry":{"type":"Point","coordinates":[110.3952,-7.75984]},"properties":{"name":"Official Store Anandam ID","type":"Computer","category":"kebutuhan","subcategory":"Toko","opening_hours":null,"operator":null,"osm_id":10724734077}},{"type":"Feature","geometry":{"type":"Point","coordinates":[110.39204,-7.75042]},"properties":{"name":"Jakardo Konveksi","type":"Supermarket","category":"kebutuhan","subcategory":"Supermarket","opening_hours":null,"operator":null,"osm_id":4590655050}},{"type":"Feature","geometry":{"type":"Point","coordinates":[110.39806,-7.75386]},"properties":{"name":"Rafflesia Computer","type":"Computer","category":"kebutuhan","subcategory":"Toko","opening_hours":null,"operator":null,"osm_id":10614315530}},{"type":"Feature","geometry":{"type":"Point","coordinates":[110.37602,-7.76076]},"properties":{"name":"CopyShot","type":"Copyshop","category":"kebutuhan","subcategory":"Toko","opening_hours":null,"operator":null,"osm_id":3397785494}},{"type":"Feature","geometry":{"type":"Point","coordinates":[110.3829,-7.76066]},"properties":{"name":"Panca Salon","type":"Beauty","category":"kebutuhan","subcategory":"Toko","opening_hours":null,"operator":null,"osm_id":6009377628}},{"type":"Feature","geometry":{"type":"Point","coordinates":[110.37598,-7.76061]},"properties":{"name":"Convenience","type":"Convenience","category":"kebutuhan","subcategory":"Toko","opening_hours":null,"operator":null,"osm_id":3397785522}},{"type":"Feature","geometry":{"type":"Point","coordinates":[110.38205,-7.75788]},"properties":{"name":"Putera Kampus","type":"Supermarket","category":"kebutuhan","subcategory":"Supermarket","opening_hours":null,"operator":null,"osm_id":4832050027}},{"type":"Feature","geometry":{"type":"Point","coordinates":[110.33404,-7.87988]},"properties":{"name":"Supermarket","type":"Supermarket","category":"kebutuhan","subcategory":"Supermarket","opening_hours":null,"operator":null,"osm_id":3632326101}},{"type":"Feature","geometry":{"type":"Point","coordinates":[110.33369,-7.87917]},"properties":{"name":"Hapemart","type":"Mobile Phone","category":"kebutuhan","subcategory":"Toko","opening_hours":null,"operator":null,"osm_id":9811885712}},{"type":"Feature","geometry":{"type":"Point","coordinates":[110.32796,-7.88873]},"properties":{"name":"Larizo Cake & Bakery","type":"Bakery","category":"kebutuhan","subcategory":"Toko","opening_hours":null,"operator":null,"osm_id":9811898450}},{"type":"Feature","geometry":{"type":"Point","coordinates":[110.52994,-7.8754]},"properties":{"name":"Toko Buah & Oleh-Oleh Ibu Supartiyem","type":"Gift","category":"kebutuhan","subcategory":"Toko","opening_hours":null,"operator":null,"osm_id":9751919051}},{"type":"Feature","geometry":{"type":"Point","coordinates":[110.53161,-7.87593]},"properties":{"name":"Toko PW Laris","type":"Convenience","category":"kebutuhan","subcategory":"Toko","opening_hours":null,"operator":null,"osm_id":9751928887}},{"type":"Feature","geometry":{"type":"Point","coordinates":[110.53927,-7.87695]},"properties":{"name":"Toserba Sambipitu","type":"Supermarket","category":"kebutuhan","subcategory":"Supermarket","opening_hours":"Mo-Su 07:00-22:00","operator":null,"osm_id":7203481439}},{"type":"Feature","geometry":{"type":"Point","coordinates":[110.5416,-7.87824]},"properties":{"name":"yola","type":"Convenience","category":"kebutuhan","subcategory":"Toko","opening_hours":"24/7","operator":null,"osm_id":10019961232}},{"type":"Feature","geometry":{"type":"Point","coordinates":[110.57549,-7.88326]},"properties":{"name":"Pasar Ngalang","type":"Marketplace","category":"kebutuhan","subcategory":"Pasar","opening_hours":null,"operator":null,"osm_id":3589045402}},{"type":"Feature","geometry":{"type":"Point","coordinates":[110.37614,-7.92153]},"properties":{"name":"Pasar Hewan Imogiri","type":"Marketplace","category":"kebutuhan","subcategory":"Pasar","opening_hours":null,"operator":null,"osm_id":3638759665}},{"type":"Feature","geometry":{"type":"Point","coordinates":[110.57585,-7.80567]},"properties":{"name":"Kiosk","type":"Kiosk","category":"kebutuhan","subcategory":"Toko","opening_hours":null,"operator":null,"osm_id":5738527225}},{"type":"Feature","geometry":{"type":"Point","coordinates":[110.42215,-7.93227]},"properties":{"name":"Pasar Kaki Langit","type":"Marketplace","category":"kebutuhan","subcategory":"Pasar","opening_hours":"6:00+","operator":null,"osm_id":5850238356}},{"type":"Feature","geometry":{"type":"Point","coordinates":[110.42582,-7.82286]},"properties":{"name":"Pasar Desa Potorono","type":"Marketplace","category":"kebutuhan","subcategory":"Pasar","opening_hours":"05:00-13:00","operator":null,"osm_id":5851054515}},{"type":"Feature","geometry":{"type":"Point","coordinates":[110.39457,-7.78655]},"properties":{"name":"Bhima Jaya Photocopy","type":"Copyshop","category":"kebutuhan","subcategory":"Toko","opening_hours":null,"operator":null,"osm_id":10660930976}},{"type":"Feature","geometry":{"type":"Point","coordinates":[110.2963,-7.91016]},"properties":{"name":"Pasar Hewan Pandak","type":"Marketplace","category":"kebutuhan","subcategory":"Pasar","opening_hours":null,"operator":null,"osm_id":10705747222}},{"type":"Feature","geometry":{"type":"Point","coordinates":[110.32363,-7.89653]},"properties":{"name":"SRC Mayar","type":"Convenience","category":"kebutuhan","subcategory":"Toko","opening_hours":null,"operator":null,"osm_id":9811903802}},{"type":"Feature","geometry":{"type":"Point","coordinates":[110.32088,-7.90576]},"properties":{"name":"Anugrah Buah","type":"Marketplace","category":"kebutuhan","subcategory":"Pasar","opening_hours":null,"operator":null,"osm_id":9811887521}},{"type":"Feature","geometry":{"type":"Point","coordinates":[110.3881,-7.78158]},"properties":{"name":"Aneka Elektronik","type":"Electronics","category":"kebutuhan","subcategory":"Toko","opening_hours":null,"operator":null,"osm_id":10113866298}},{"type":"Feature","geometry":{"type":"Point","coordinates":[110.38809,-7.78166]},"properties":{"name":"Pelangi Elektronik","type":"Electronics","category":"kebutuhan","subcategory":"Toko","opening_hours":null,"operator":null,"osm_id":10113877613}},{"type":"Feature","geometry":{"type":"Point","coordinates":[110.38769,-7.78256]},"properties":{"name":"JET Elektronik","type":"Electronics","category":"kebutuhan","subcategory":"Toko","opening_hours":null,"operator":null,"osm_id":10116311464}},{"type":"Feature","geometry":{"type":"Point","coordinates":[110.37902,-7.78273]},"properties":{"name":"Larissa Galeria Mall","type":"Beauty","category":"kebutuhan","subcategory":"Toko","opening_hours":null,"operator":null,"osm_id":9816082983}},{"type":"Feature","geometry":{"type":"Point","coordinates":[110.37904,-7.78474]},"properties":{"name":"Mebella","type":"Furniture","category":"kebutuhan","subcategory":"Toko","opening_hours":null,"operator":null,"osm_id":9200997801}},{"type":"Feature","geometry":{"type":"Point","coordinates":[110.38518,-7.78613]},"properties":{"name":"Lavish","type":"Furniture","category":"kebutuhan","subcategory":"Toko","opening_hours":null,"operator":null,"osm_id":9208542430}},{"type":"Feature","geometry":{"type":"Point","coordinates":[110.38429,-7.78612]},"properties":{"name":"V Computer","type":"Computer","category":"kebutuhan","subcategory":"Toko","opening_hours":null,"operator":null,"osm_id":9208542429}},{"type":"Feature","geometry":{"type":"Point","coordinates":[110.3842,-7.78611]},"properties":{"name":"Toko Mimi","type":"Convenience","category":"kebutuhan","subcategory":"Toko","opening_hours":null,"operator":null,"osm_id":9208542431}},{"type":"Feature","geometry":{"type":"Point","coordinates":[110.37878,-7.7867]},"properties":{"name":"Pop Mart","type":"Convenience","category":"kebutuhan","subcategory":"Toko","opening_hours":"Mo-Sa 09:00-21:00; PH closed","operator":null,"osm_id":9194565895}},{"type":"Feature","geometry":{"type":"Point","coordinates":[110.37907,-7.78714]},"properties":{"name":"Toko 89","type":"Convenience","category":"kebutuhan","subcategory":"Toko","opening_hours":"Mo-Sa 09:00-16:00; PH closed","operator":null,"osm_id":7868743428}},{"type":"Feature","geometry":{"type":"Point","coordinates":[110.37955,-7.78742]},"properties":{"name":"Widya Laundry","type":"Laundry","category":"kebutuhan","subcategory":"Toko","opening_hours":null,"operator":null,"osm_id":9191142227}},{"type":"Feature","geometry":{"type":"Point","coordinates":[110.37857,-7.78787]},"properties":{"name":"WBell Phone","type":"Mobile Phone","category":"kebutuhan","subcategory":"Toko","opening_hours":null,"operator":null,"osm_id":7867387743}},{"type":"Feature","geometry":{"type":"Point","coordinates":[110.37976,-7.788]},"properties":{"name":"Kios","type":"Kiosk","category":"kebutuhan","subcategory":"Toko","opening_hours":"Mo-Su 09:00-21:00; PH unknown","operator":null,"osm_id":7862132541}},{"type":"Feature","geometry":{"type":"Point","coordinates":[110.37974,-7.78855]},"properties":{"name":"Laundry Mutiara","type":"Laundry","category":"kebutuhan","subcategory":"Toko","opening_hours":null,"operator":null,"osm_id":9191142226}},{"type":"Feature","geometry":{"type":"Point","coordinates":[110.3786,-7.78834]},"properties":{"name":"Prista Mart","type":"Convenience","category":"kebutuhan","subcategory":"Toko","opening_hours":"Mo-Sa 09:00-21:00; PH closed","operator":null,"osm_id":7811503218}},{"type":"Feature","geometry":{"type":"Point","coordinates":[110.3787,-7.78857]},"properties":{"name":"Kios","type":"Kiosk","category":"kebutuhan","subcategory":"Toko","opening_hours":"Mo-Su 09:00-21:00; PH unknown","operator":null,"osm_id":7862132543}},{"type":"Feature","geometry":{"type":"Point","coordinates":[110.37883,-7.78988]},"properties":{"name":"Kios Koran dan Majalah","type":"Kiosk","category":"kebutuhan","subcategory":"Toko","opening_hours":null,"operator":null,"osm_id":7867884281}},{"type":"Feature","geometry":{"type":"Point","coordinates":[110.37901,-7.78711]},"properties":{"name":"Valentina Chang","type":"Beauty","category":"kebutuhan","subcategory":"Toko","opening_hours":"Mo-Sa 09:00-16:00; PH closed","operator":null,"osm_id":7868743433}},{"type":"Feature","geometry":{"type":"Point","coordinates":[110.36536,-7.79562]},"properties":{"name":"Toko \"Dewi Ayu\" Batik","type":"Clothes","category":"kebutuhan","subcategory":"Toko","opening_hours":null,"operator":null,"osm_id":11571959957}},{"type":"Feature","geometry":{"type":"Point","coordinates":[110.36546,-7.79488]},"properties":{"name":"Polo Ralph Lauren","type":"Clothes","category":"kebutuhan","subcategory":"Toko","opening_hours":null,"operator":null,"osm_id":6591142886}},{"type":"Feature","geometry":{"type":"Point","coordinates":[110.36536,-7.79567]},"properties":{"name":"Batik Keris","type":"Clothes","category":"kebutuhan","subcategory":"Toko","opening_hours":null,"operator":null,"osm_id":11571959956}},{"type":"Feature","geometry":{"type":"Point","coordinates":[110.3654,-7.79526]},"properties":{"name":"Toko \"Jogja Batik\"","type":"Clothes","category":"kebutuhan","subcategory":"Toko","opening_hours":null,"operator":null,"osm_id":11571959960}},{"type":"Feature","geometry":{"type":"Point","coordinates":[110.36563,-7.79376]},"properties":{"name":"Rianty","type":"Clothes","category":"kebutuhan","subcategory":"Toko","opening_hours":null,"operator":null,"osm_id":11571959962}},{"type":"Feature","geometry":{"type":"Point","coordinates":[110.36563,-7.79372]},"properties":{"name":"Batik Janoko","type":"Clothes","category":"kebutuhan","subcategory":"Toko","opening_hours":null,"operator":null,"osm_id":11571959963}},{"type":"Feature","geometry":{"type":"Point","coordinates":[110.36571,-7.79315]},"properties":{"name":"Teratai indah","type":"Clothes","category":"kebutuhan","subcategory":"Toko","opening_hours":null,"operator":null,"osm_id":11571962073}},{"type":"Feature","geometry":{"type":"Point","coordinates":[110.36583,-7.79196]},"properties":{"name":"Raditya","type":"Clothes","category":"kebutuhan","subcategory":"Toko","opening_hours":null,"operator":null,"osm_id":11571962083}},{"type":"Feature","geometry":{"type":"Point","coordinates":[110.36593,-7.79104]},"properties":{"name":"Subur Souvenir","type":"Clothes","category":"kebutuhan","subcategory":"Toko","opening_hours":null,"operator":null,"osm_id":11571962091}},{"type":"Feature","geometry":{"type":"Point","coordinates":[110.35343,-7.7912]},"properties":{"name":"Bakpia Wong","type":"Gift","category":"kebutuhan","subcategory":"Toko","opening_hours":null,"operator":null,"osm_id":11554890113}},{"type":"Feature","geometry":{"type":"Point","coordinates":[110.36505,-7.7981]},"properties":{"name":"Bakpia Pathok 145 (Ibu Sri Astuti)","type":"Gift","category":"kebutuhan","subcategory":"Toko","opening_hours":null,"operator":null,"osm_id":11554844742}},{"type":"Feature","geometry":{"type":"Point","coordinates":[110.31667,-7.81074]},"properties":{"name":"Orlando Auto Car","type":"Supermarket","category":"kebutuhan","subcategory":"Supermarket","opening_hours":"24/7","operator":null,"osm_id":11083136486}},{"type":"Feature","geometry":{"type":"Point","coordinates":[110.31688,-7.81087]},"properties":{"name":"Linea Komputama","type":"Electronics","category":"kebutuhan","subcategory":"Toko","opening_hours":null,"operator":null,"osm_id":11083174595}},{"type":"Feature","geometry":{"type":"Point","coordinates":[110.31691,-7.8109]},"properties":{"name":"Miulan Yogyakarta","type":"Supermarket","category":"kebutuhan","subcategory":"Supermarket","opening_hours":null,"operator":null,"osm_id":11083150278}},{"type":"Feature","geometry":{"type":"Point","coordinates":[110.27115,-7.99648]},"properties":{"name":"TPR Samas","type":"Ticket","category":"kebutuhan","subcategory":"Toko","opening_hours":null,"operator":null,"osm_id":5317877618}},{"type":"Feature","geometry":{"type":"Point","coordinates":[110.29561,-8.00961]},"properties":{"name":"TPR Depok","type":"Ticket","category":"kebutuhan","subcategory":"Toko","opening_hours":null,"operator":null,"osm_id":7788511994}},{"type":"Feature","geometry":{"type":"Point","coordinates":[110.40965,-7.77438]},"properties":{"name":"PEMMZ Yogya","type":"Computer","category":"kebutuhan","subcategory":"Toko","opening_hours":"Mo-Fr 10:00-18:00 Sa-Su 10:00-16:00","operator":"PEMMZ Yogya","osm_id":12843631585}},{"type":"Feature","geometry":{"type":"Point","coordinates":[110.42501,-7.78306]},"properties":{"name":"Bakpia Djava","type":"Marketplace","category":"kebutuhan","subcategory":"Pasar","opening_hours":"Mo-Su 09:00-22:00","operator":null,"osm_id":12830117707}},{"type":"Feature","geometry":{"type":"Point","coordinates":[110.41235,-7.77421]},"properties":{"name":"Circles Boulangerie","type":"Bakery","category":"kebutuhan","subcategory":"Toko","opening_hours":null,"operator":null,"osm_id":12492304669}},{"type":"Feature","geometry":{"type":"Point","coordinates":[110.37881,-7.78259]},"properties":{"name":"MAKO Cake and Bakery","type":"Bakery","category":"kebutuhan","subcategory":"Toko","opening_hours":null,"operator":null,"osm_id":6680921576}},{"type":"Feature","geometry":{"type":"Point","coordinates":[110.37576,-7.78486]},"properties":{"name":"Kotabaru Boutique House","type":"Clothes","category":"kebutuhan","subcategory":"Toko","opening_hours":"Mo-Sa 09:00-17:00; PH closed","operator":null,"osm_id":9160286881}},{"type":"Feature","geometry":{"type":"Point","coordinates":[110.37095,-7.75636]},"properties":{"name":"Laundry","type":"Laundry","category":"kebutuhan","subcategory":"Toko","opening_hours":null,"operator":null,"osm_id":12338231186}},{"type":"Feature","geometry":{"type":"Point","coordinates":[110.37129,-7.7564]},"properties":{"name":"Copyshop","type":"Copyshop","category":"kebutuhan","subcategory":"Toko","opening_hours":null,"operator":null,"osm_id":12338231190}},{"type":"Feature","geometry":{"type":"Point","coordinates":[110.37005,-7.7557]},"properties":{"name":"Electronics","type":"Electronics","category":"kebutuhan","subcategory":"Toko","opening_hours":null,"operator":null,"osm_id":12338263808}},{"type":"Feature","geometry":{"type":"Point","coordinates":[110.36808,-7.82422]},"properties":{"name":"Super Indo","type":"Supermarket","category":"kebutuhan","subcategory":"Supermarket","opening_hours":null,"operator":null,"osm_id":1654008773}},{"type":"Feature","geometry":{"type":"Point","coordinates":[110.36678,-7.79879]},"properties":{"name":"Pasar Bringharjo","type":"Marketplace","category":"kebutuhan","subcategory":"Pasar","opening_hours":"24/7","operator":null,"osm_id":8422933296}},{"type":"Feature","geometry":{"type":"Point","coordinates":[110.36134,-7.76752]},"properties":{"name":"Holland Bakery","type":"Bakery","category":"kebutuhan","subcategory":"Toko","opening_hours":null,"operator":null,"osm_id":10588136762}},{"type":"Feature","geometry":{"type":"Point","coordinates":[110.2921,-7.79434]},"properties":{"name":"Warung Mas Ndaru","type":"Supermarket","category":"kebutuhan","subcategory":"Supermarket","opening_hours":null,"operator":null,"osm_id":12851187119}},{"type":"Feature","geometry":{"type":"Point","coordinates":[110.35364,-7.79258]},"properties":{"name":"Atm","type":"Atm","category":"kebutuhan","subcategory":"Toko","opening_hours":"24/7","operator":"ATM BCA & BNI","osm_id":4771094725}},{"type":"Feature","geometry":{"type":"Point","coordinates":[110.34167,-7.80683]},"properties":{"name":"Super Indo","type":"Supermarket","category":"kebutuhan","subcategory":"Supermarket","opening_hours":null,"operator":null,"osm_id":7097536804}},{"type":"Feature","geometry":{"type":"Point","coordinates":[110.67201,-7.96622]},"properties":{"name":"Warung Yatno","type":"Convenience","category":"kebutuhan","subcategory":"Toko","opening_hours":null,"operator":null,"osm_id":8186669016}},{"type":"Feature","geometry":{"type":"Point","coordinates":[110.69009,-7.96189]},"properties":{"name":"Convenience","type":"Convenience","category":"kebutuhan","subcategory":"Toko","opening_hours":null,"operator":null,"osm_id":8186819414}},{"type":"Feature","geometry":{"type":"Point","coordinates":[110.47597,-7.83795]},"properties":{"name":"Toko Kue Melati","type":"Bakery","category":"kebutuhan","subcategory":"Toko","opening_hours":null,"operator":null,"osm_id":9751925215}},{"type":"Feature","geometry":{"type":"Point","coordinates":[110.47604,-7.83781]},"properties":{"name":"Olla Cell Service HP","type":"Mobile Phone","category":"kebutuhan","subcategory":"Toko","opening_hours":null,"operator":null,"osm_id":9751890829}},{"type":"Feature","geometry":{"type":"Point","coordinates":[110.47455,-7.83762]},"properties":{"name":"Mini Market (Indomart) Piyungan","type":"Convenience","category":"kebutuhan","subcategory":"Toko","opening_hours":null,"operator":null,"osm_id":1836609616}},{"type":"Feature","geometry":{"type":"Point","coordinates":[110.41228,-7.82924]},"properties":{"name":"Fotocopy Rohmat","type":"Copyshop","category":"kebutuhan","subcategory":"Toko","opening_hours":null,"operator":null,"osm_id":9811847262}},{"type":"Feature","geometry":{"type":"Point","coordinates":[110.32366,-7.83056]},"properties":{"name":"Toko samunav","type":"Supermarket","category":"kebutuhan","subcategory":"Supermarket","opening_hours":null,"operator":null,"osm_id":4592734534}},{"type":"Feature","geometry":{"type":"Point","coordinates":[110.32871,-7.84163]},"properties":{"name":"Konsep By Philip","type":"Supermarket","category":"kebutuhan","subcategory":"Supermarket","opening_hours":null,"operator":null,"osm_id":4590622328}},{"type":"Feature","geometry":{"type":"Point","coordinates":[110.47924,-7.82463]},"properties":{"name":"Minimarket Alfamart","type":"Convenience","category":"kebutuhan","subcategory":"Toko","opening_hours":null,"operator":null,"osm_id":1836627702}},{"type":"Feature","geometry":{"type":"Point","coordinates":[110.42472,-7.82525]},"properties":{"name":"Toko Srijaya Gypsum","type":"Hardware","category":"kebutuhan","subcategory":"Toko","opening_hours":null,"operator":null,"osm_id":9811828875}},{"type":"Feature","geometry":{"type":"Point","coordinates":[110.41828,-7.81949]},"properties":{"name":"Hoops Bakery & Cafe","type":"Bakery","category":"kebutuhan","subcategory":"Toko","opening_hours":null,"operator":null,"osm_id":9811797466}},{"type":"Feature","geometry":{"type":"Point","coordinates":[110.35138,-7.83806]},"properties":{"name":"Pasar Niten","type":"Supermarket","category":"kebutuhan","subcategory":"Supermarket","opening_hours":"Mo-Sa 05:00-18:00","operator":"Rini","osm_id":12850115922}},{"type":"Feature","geometry":{"type":"Point","coordinates":[110.35906,-7.89635]},"properties":{"name":"Toko Waris Bantul","type":"Supermarket","category":"kebutuhan","subcategory":"Supermarket","opening_hours":null,"operator":"Marsya","osm_id":12865948801}},{"type":"Feature","geometry":{"type":"Point","coordinates":[110.36452,-7.81859]},"properties":{"name":"Mediterranea by Kamil","type":"Bakery","category":"kebutuhan","subcategory":"Toko","opening_hours":null,"operator":null,"osm_id":8380712721}},{"type":"Feature","geometry":{"type":"Point","coordinates":[110.43534,-7.60373]},"properties":{"name":"Jembatan & Talang Plunyon Kalikuning","type":"Ticket","category":"kebutuhan","subcategory":"Toko","opening_hours":null,"operator":null,"osm_id":9895186810}},{"type":"Feature","geometry":{"type":"Point","coordinates":[110.36556,-7.75475]},"properties":{"name":"Jajak Umak","type":"Bakery","category":"kebutuhan","subcategory":"Toko","opening_hours":null,"operator":null,"osm_id":12357632968}},{"type":"Feature","geometry":{"type":"Point","coordinates":[110.35644,-7.68304]},"properties":{"name":"TB. Mekar Sari","type":"Supermarket","category":"kebutuhan","subcategory":"Supermarket","opening_hours":null,"operator":"Danis","osm_id":12873234889}},{"type":"Feature","geometry":{"type":"Point","coordinates":[110.41247,-7.70268]},"properties":{"name":"Warung Makanan Burung","type":"Supermarket","category":"kebutuhan","subcategory":"Supermarket","opening_hours":null,"operator":"Pak tomo","osm_id":12869165337}},{"type":"Feature","geometry":{"type":"Point","coordinates":[110.37312,-7.82377]},"properties":{"name":"Pamela Supermarket Karangkajen","type":"Supermarket","category":"kebutuhan","subcategory":"Supermarket","opening_hours":null,"operator":null,"osm_id":9002856864}},{"type":"Feature","geometry":{"type":"Point","coordinates":[110.45607,-7.79789]},"properties":{"name":"Supermarket","type":"Supermarket","category":"kebutuhan","subcategory":"Supermarket","opening_hours":null,"operator":null,"osm_id":5738526518}},{"type":"Feature","geometry":{"type":"Point","coordinates":[110.41223,-7.80269]},"properties":{"name":"Pasar Bantengan","type":"Marketplace","category":"kebutuhan","subcategory":"Pasar","opening_hours":null,"operator":null,"osm_id":3636307402}},{"type":"Feature","geometry":{"type":"Point","coordinates":[110.42418,-7.80476]},"properties":{"name":"Taufik Bordir","type":"Kiosk","category":"kebutuhan","subcategory":"Toko","opening_hours":"Mo-Sa 09:00-16:00","operator":null,"osm_id":9957146653}},{"type":"Feature","geometry":{"type":"Point","coordinates":[110.44558,-7.80502]},"properties":{"name":"Marketplace","type":"Marketplace","category":"kebutuhan","subcategory":"Pasar","opening_hours":null,"operator":null,"osm_id":9811839278}},{"type":"Feature","geometry":{"type":"Point","coordinates":[110.48261,-7.80808]},"properties":{"name":"Toko Sherina","type":"Convenience","category":"kebutuhan","subcategory":"Toko","opening_hours":null,"operator":null,"osm_id":10578325742}},{"type":"Feature","geometry":{"type":"Point","coordinates":[110.40453,-7.80252]},"properties":{"name":"Pamella 3","type":"Supermarket","category":"kebutuhan","subcategory":"Supermarket","opening_hours":null,"operator":null,"osm_id":10017036413}},{"type":"Feature","geometry":{"type":"Point","coordinates":[110.70198,-7.83625]},"properties":{"name":"Pasar Ngawen","type":"Marketplace","category":"kebutuhan","subcategory":"Pasar","opening_hours":null,"operator":null,"osm_id":12530836408}},{"type":"Feature","geometry":{"type":"Point","coordinates":[110.24156,-7.77461]},"properties":{"name":"Marketplace","type":"Marketplace","category":"kebutuhan","subcategory":"Pasar","opening_hours":null,"operator":null,"osm_id":1431543299}},{"type":"Feature","geometry":{"type":"Point","coordinates":[110.24231,-7.87446]},"properties":{"name":"Toko Sugito","type":"Convenience","category":"kebutuhan","subcategory":"Toko","opening_hours":null,"operator":null,"osm_id":12119484348}},{"type":"Feature","geometry":{"type":"Point","coordinates":[110.24231,-7.87431]},"properties":{"name":"Toko GD","type":"Convenience","category":"kebutuhan","subcategory":"Toko","opening_hours":null,"operator":null,"osm_id":12119484349}},{"type":"Feature","geometry":{"type":"Point","coordinates":[110.23661,-7.87707]},"properties":{"name":"Perajin Furnitur/Mebel Kayu Pak Karmen","type":"Furniture","category":"kebutuhan","subcategory":"Toko","opening_hours":null,"operator":null,"osm_id":12119425184}},{"type":"Feature","geometry":{"type":"Point","coordinates":[110.23653,-7.87625]},"properties":{"name":"Perajin Furnitur/Mebel Kayu Pak Gito","type":"Furniture","category":"kebutuhan","subcategory":"Toko","opening_hours":null,"operator":null,"osm_id":12119425185}},{"type":"Feature","geometry":{"type":"Point","coordinates":[110.23178,-7.87529]},"properties":{"name":"BiB Mart","type":"Convenience","category":"kebutuhan","subcategory":"Toko","opening_hours":null,"operator":null,"osm_id":12119425191}},{"type":"Feature","geometry":{"type":"Point","coordinates":[110.24078,-7.87635]},"properties":{"name":"Laundry-Ku","type":"Laundry","category":"kebutuhan","subcategory":"Toko","opening_hours":null,"operator":null,"osm_id":12053073068}},{"type":"Feature","geometry":{"type":"Point","coordinates":[110.17014,-7.83855]},"properties":{"name":"Pasar Hewan dan Burung","type":"Marketplace","category":"kebutuhan","subcategory":"Pasar","opening_hours":null,"operator":null,"osm_id":11324072730}},{"type":"Feature","geometry":{"type":"Point","coordinates":[110.36126,-7.79752]},"properties":{"name":"Bakpia Pathok 25 Pathok Jaya","type":"Bakery","category":"kebutuhan","subcategory":"Toko","opening_hours":null,"operator":null,"osm_id":10653429662}},{"type":"Feature","geometry":{"type":"Point","coordinates":[110.36479,-7.79707]},"properties":{"name":"Ramai Supermarket","type":"Supermarket","category":"kebutuhan","subcategory":"Supermarket","opening_hours":null,"operator":null,"osm_id":6679884599}},{"type":"Feature","geometry":{"type":"Point","coordinates":[110.35844,-7.80971]},"properties":{"name":"Voice of Jogja","type":"Clothes","category":"kebutuhan","subcategory":"Toko","opening_hours":null,"operator":null,"osm_id":10207238917}},{"type":"Feature","geometry":{"type":"Point","coordinates":[110.35957,-7.80903]},"properties":{"name":"Clothes","type":"Clothes","category":"kebutuhan","subcategory":"Toko","opening_hours":null,"operator":null,"osm_id":5592850621}},{"type":"Feature","geometry":{"type":"Point","coordinates":[110.36034,-7.80518]},"properties":{"name":"Bakpia Pathok 25 Ngasem Jaya","type":"Bakery","category":"kebutuhan","subcategory":"Toko","opening_hours":null,"operator":null,"osm_id":10653424455}},{"type":"Feature","geometry":{"type":"Point","coordinates":[110.34065,-7.80888]},"properties":{"name":"Ohie-Ohie","type":"Laundry","category":"kebutuhan","subcategory":"Toko","opening_hours":null,"operator":null,"osm_id":7097534162}},{"type":"Feature","geometry":{"type":"Point","coordinates":[110.3504,-7.80855]},"properties":{"name":"Essen","type":"Bakery","category":"kebutuhan","subcategory":"Toko","opening_hours":null,"operator":null,"osm_id":7097541251}},{"type":"Feature","geometry":{"type":"Point","coordinates":[110.36096,-7.79683]},"properties":{"name":"Bakpia Pathok 25 Pabrik Jaya","type":"Bakery","category":"kebutuhan","subcategory":"Toko","opening_hours":null,"operator":null,"osm_id":10653433679}},{"type":"Feature","geometry":{"type":"Point","coordinates":[110.36312,-7.79384]},"properties":{"name":"Elfon laundry","type":"Laundry","category":"kebutuhan","subcategory":"Toko","opening_hours":null,"operator":null,"osm_id":4058092414}},{"type":"Feature","geometry":{"type":"Point","coordinates":[110.29514,-7.80089]},"properties":{"name":"R-NA Cell","type":"Mobile Phone","category":"kebutuhan","subcategory":"Toko","opening_hours":null,"operator":null,"osm_id":10134714827}},{"type":"Feature","geometry":{"type":"Point","coordinates":[110.48281,-7.78133]},"properties":{"name":"Convenience","type":"Convenience","category":"kebutuhan","subcategory":"Toko","opening_hours":null,"operator":null,"osm_id":9748844094}},{"type":"Feature","geometry":{"type":"Point","coordinates":[110.48282,-7.7844]},"properties":{"name":"Swalayan Madu Rejeki","type":"Convenience","category":"kebutuhan","subcategory":"Toko","opening_hours":null,"operator":null,"osm_id":9748828110}},{"type":"Feature","geometry":{"type":"Point","coordinates":[110.44146,-7.78368]},"properties":{"name":"ROSE mart","type":"Convenience","category":"kebutuhan","subcategory":"Toko","opening_hours":null,"operator":null,"osm_id":9697499755}},{"type":"Feature","geometry":{"type":"Point","coordinates":[110.44417,-7.78335]},"properties":{"name":"Bakpia Pathok Mutiara Jogja","type":"Gift","category":"kebutuhan","subcategory":"Toko","opening_hours":null,"operator":null,"osm_id":10049325004}},{"type":"Feature","geometry":{"type":"Point","coordinates":[110.46342,-7.78785]},"properties":{"name":"Toko Tanjung","type":"Convenience","category":"kebutuhan","subcategory":"Toko","opening_hours":null,"operator":null,"osm_id":9780896382}},{"type":"Feature","geometry":{"type":"Point","coordinates":[110.36524,-7.75489]},"properties":{"name":"Maharani Modiste & Konveksi","type":"Clothes","category":"kebutuhan","subcategory":"Toko","opening_hours":null,"operator":null,"osm_id":12357632972}},{"type":"Feature","geometry":{"type":"Point","coordinates":[110.36596,-7.75735]},"properties":{"name":"karista for dessert","type":"Bakery","category":"kebutuhan","subcategory":"Toko","opening_hours":null,"operator":null,"osm_id":12357642469}},{"type":"Feature","geometry":{"type":"Point","coordinates":[110.36565,-7.75597]},"properties":{"name":"decolta bakery","type":"Bakery","category":"kebutuhan","subcategory":"Toko","opening_hours":null,"operator":null,"osm_id":12357642489}},{"type":"Feature","geometry":{"type":"Point","coordinates":[110.36601,-7.75643]},"properties":{"name":"room laundri","type":"Laundry","category":"kebutuhan","subcategory":"Toko","opening_hours":null,"operator":null,"osm_id":12357642494}},{"type":"Feature","geometry":{"type":"Point","coordinates":[110.366,-7.75378]},"properties":{"name":"Puri Laundry","type":"Laundry","category":"kebutuhan","subcategory":"Toko","opening_hours":null,"operator":null,"osm_id":12357606620}},{"type":"Feature","geometry":{"type":"Point","coordinates":[110.36528,-7.7518]},"properties":{"name":"Miracle Laundry","type":"Laundry","category":"kebutuhan","subcategory":"Toko","opening_hours":null,"operator":null,"osm_id":12357573605}},{"type":"Feature","geometry":{"type":"Point","coordinates":[110.3404,-7.85978]},"properties":{"name":"Toko Linafan","type":"Supermarket","category":"kebutuhan","subcategory":"Supermarket","opening_hours":"Mo-Su 08:00-22:00","operator":"Rini","osm_id":12864853948}},{"type":"Feature","geometry":{"type":"Point","coordinates":[110.33356,-7.86987]},"properties":{"name":"Emilia Bakery and Cake","type":"Bakery","category":"kebutuhan","subcategory":"Toko","opening_hours":"Mo-Su 09:00-21:00","operator":"Rini","osm_id":12865973696}},{"type":"Feature","geometry":{"type":"Point","coordinates":[110.65916,-7.95649]},"properties":{"name":"Sayur, buah dan frozen Mbak Lussy","type":"Supermarket","category":"kebutuhan","subcategory":"Supermarket","opening_hours":null,"operator":null,"osm_id":12866255164}},{"type":"Feature","geometry":{"type":"Point","coordinates":[110.35188,-7.79898]},"properties":{"name":"Fotocopy Aladdin","type":"Copyshop","category":"kebutuhan","subcategory":"Toko","opening_hours":null,"operator":null,"osm_id":1848525767}},{"type":"Feature","geometry":{"type":"Point","coordinates":[110.36311,-7.80106]},"properties":{"name":"BATIK YOGYA KEMBALI & BATIK BOCAH","type":"Supermarket","category":"kebutuhan","subcategory":"Supermarket","opening_hours":null,"operator":null,"osm_id":11868417835}},{"type":"Feature","geometry":{"type":"Point","coordinates":[110.36772,-7.80346]},"properties":{"name":"Toko Batik Wisnu","type":"Supermarket","category":"kebutuhan","subcategory":"Supermarket","opening_hours":null,"operator":null,"osm_id":11868370178}},{"type":"Feature","geometry":{"type":"Point","coordinates":[110.36902,-7.79805]},"properties":{"name":"Toko Progo","type":"Supermarket","category":"kebutuhan","subcategory":"Supermarket","opening_hours":null,"operator":null,"osm_id":9763771867}},{"type":"Feature","geometry":{"type":"Point","coordinates":[110.37297,-7.80186]},"properties":{"name":"Super Indo","type":"Supermarket","category":"kebutuhan","subcategory":"Supermarket","opening_hours":null,"operator":null,"osm_id":897245281}},{"type":"Feature","geometry":{"type":"Point","coordinates":[110.37165,-7.81939]},"properties":{"name":"ViaVia Artisan Bakery","type":"Bakery","category":"kebutuhan","subcategory":"Toko","opening_hours":null,"operator":null,"osm_id":4784604521}},{"type":"Feature","geometry":{"type":"Point","coordinates":[110.3694,-7.8189]},"properties":{"name":"Annas Laundry","type":"Laundry","category":"kebutuhan","subcategory":"Toko","opening_hours":null,"operator":null,"osm_id":12471093202}},{"type":"Feature","geometry":{"type":"Point","coordinates":[110.37271,-7.818]},"properties":{"name":"Barakallah Laundry","type":"Laundry","category":"kebutuhan","subcategory":"Toko","opening_hours":null,"operator":null,"osm_id":12473335888}},{"type":"Feature","geometry":{"type":"Point","coordinates":[110.36845,-7.81896]},"properties":{"name":"Opera","type":"Bakery","category":"kebutuhan","subcategory":"Toko","opening_hours":"Mo-Su 08:00-23:00","operator":null,"osm_id":5583703631}},{"type":"Feature","geometry":{"type":"Point","coordinates":[110.36341,-7.81835]},"properties":{"name":"Monggo Chocolate shop","type":"Gift","category":"kebutuhan","subcategory":"Toko","opening_hours":"Mo-Su 08:00-22:00","operator":null,"osm_id":4288356591}},{"type":"Feature","geometry":{"type":"Point","coordinates":[110.3732,-7.81879]},"properties":{"name":"Fotocopy Aries","type":"Copyshop","category":"kebutuhan","subcategory":"Toko","opening_hours":null,"operator":null,"osm_id":5583703627}},{"type":"Feature","geometry":{"type":"Point","coordinates":[110.37012,-7.81906]},"properties":{"name":"MiniMarket","type":"Convenience","category":"kebutuhan","subcategory":"Toko","opening_hours":null,"operator":null,"osm_id":5583703628}},{"type":"Feature","geometry":{"type":"Point","coordinates":[110.37029,-7.81906]},"properties":{"name":"Laundry","type":"Laundry","category":"kebutuhan","subcategory":"Toko","opening_hours":null,"operator":null,"osm_id":5583704723}},{"type":"Feature","geometry":{"type":"Point","coordinates":[110.36212,-7.81895]},"properties":{"name":"Green wash","type":"Laundry","category":"kebutuhan","subcategory":"Toko","opening_hours":null,"operator":null,"osm_id":6699652885}},{"type":"Feature","geometry":{"type":"Point","coordinates":[110.37311,-7.81899]},"properties":{"name":"Alfamart","type":"Convenience","category":"kebutuhan","subcategory":"Toko","opening_hours":null,"operator":"PT Sumber Alfaria Trijaya,Tbk","osm_id":5583703624}},{"type":"Feature","geometry":{"type":"Point","coordinates":[110.35442,-7.81102]},"properties":{"name":"Batik Rumah Suryowijayan","type":"Supermarket","category":"kebutuhan","subcategory":"Supermarket","opening_hours":null,"operator":null,"osm_id":11868404396}},{"type":"Feature","geometry":{"type":"Point","coordinates":[110.36608,-7.75602]},"properties":{"name":"griya anie (laundri)","type":"Laundry","category":"kebutuhan","subcategory":"Toko","opening_hours":null,"operator":null,"osm_id":12357642492}},{"type":"Feature","geometry":{"type":"Point","coordinates":[110.36568,-7.75726]},"properties":{"name":"jessy laundry","type":"Laundry","category":"kebutuhan","subcategory":"Toko","opening_hours":null,"operator":null,"osm_id":12357642499}},{"type":"Feature","geometry":{"type":"Point","coordinates":[110.41617,-7.8183]},"properties":{"name":"D&A Swalayan","type":"Supermarket","category":"kebutuhan","subcategory":"Supermarket","opening_hours":"Mo-Su 07:00-21:00","operator":null,"osm_id":1895858034}},{"type":"Feature","geometry":{"type":"Point","coordinates":[110.38059,-7.79813]},"properties":{"name":"Kiosk","type":"Kiosk","category":"kebutuhan","subcategory":"Toko","opening_hours":null,"operator":null,"osm_id":1987943181}},{"type":"Feature","geometry":{"type":"Point","coordinates":[110.36297,-7.78961]},"properties":{"name":"Roti'O","type":"Bakery","category":"kebutuhan","subcategory":"Toko","opening_hours":null,"operator":null,"osm_id":12150116115}},{"type":"Feature","geometry":{"type":"Point","coordinates":[110.36364,-7.78975]},"properties":{"name":"Loket Tiket Kereta Api Bandara","type":"Ticket","category":"kebutuhan","subcategory":"Toko","opening_hours":null,"operator":null,"osm_id":12150116120}},{"type":"Feature","geometry":{"type":"Point","coordinates":[110.36386,-7.78973]},"properties":{"name":"Loket Tiker Commuter Line","type":"Ticket","category":"kebutuhan","subcategory":"Toko","opening_hours":null,"operator":null,"osm_id":12150116126}},{"type":"Feature","geometry":{"type":"Point","coordinates":[110.37646,-7.79023]},"properties":{"name":"Roti'O","type":"Bakery","category":"kebutuhan","subcategory":"Toko","opening_hours":null,"operator":null,"osm_id":12150454803}},{"type":"Feature","geometry":{"type":"Point","coordinates":[110.3792,-7.76403]},"properties":{"name":"Adel Cell","type":"Mobile Phone","category":"kebutuhan","subcategory":"Toko","opening_hours":null,"operator":null,"osm_id":6009402151}},{"type":"Feature","geometry":{"type":"Point","coordinates":[110.36544,-7.79514]},"properties":{"name":"Tamansari","type":"Bakery","category":"kebutuhan","subcategory":"Toko","opening_hours":null,"operator":null,"osm_id":7178656498}},{"type":"Feature","geometry":{"type":"Point","coordinates":[110.38247,-7.76046]},"properties":{"name":"Rinjani Salon","type":"Beauty","category":"kebutuhan","subcategory":"Toko","opening_hours":null,"operator":null,"osm_id":6009377627}},{"type":"Feature","geometry":{"type":"Point","coordinates":[110.381,-7.7597]},"properties":{"name":"Luxe Beauty","type":"Beauty","category":"kebutuhan","subcategory":"Toko","opening_hours":null,"operator":null,"osm_id":6009424980}},{"type":"Feature","geometry":{"type":"Point","coordinates":[110.37185,-7.77234]},"properties":{"name":"Fotocopy Cozy","type":"Copyshop","category":"kebutuhan","subcategory":"Toko","opening_hours":null,"operator":null,"osm_id":4173553418}},{"type":"Feature","geometry":{"type":"Point","coordinates":[110.49469,-7.77797]},"properties":{"name":"Pasar Digital Banyunibo","type":"Marketplace","category":"kebutuhan","subcategory":"Pasar","opening_hours":"Sa-Su 07:00-12:00","operator":null,"osm_id":5864745260}},{"type":"Feature","geometry":{"type":"Point","coordinates":[110.24155,-7.77461]},"properties":{"name":"Pasar Pendulan","type":"Marketplace","category":"kebutuhan","subcategory":"Pasar","opening_hours":null,"operator":null,"osm_id":1431542228}},{"type":"Feature","geometry":{"type":"Point","coordinates":[110.41879,-7.80769]},"properties":{"name":"Warung Madura","type":"Supermarket","category":"kebutuhan","subcategory":"Supermarket","opening_hours":"24/7","operator":null,"osm_id":12872440376}},{"type":"Feature","geometry":{"type":"Point","coordinates":[110.38162,-7.82207]},"properties":{"name":"Yudhistira Sembako","type":"Supermarket","category":"kebutuhan","subcategory":"Supermarket","opening_hours":null,"operator":null,"osm_id":12874730348}},{"type":"Feature","geometry":{"type":"Point","coordinates":[110.42058,-7.8032]},"properties":{"name":"Warung Madura","type":"Supermarket","category":"kebutuhan","subcategory":"Supermarket","opening_hours":"24/7","operator":null,"osm_id":12872305462}},{"type":"Feature","geometry":{"type":"Point","coordinates":[110.36746,-7.819]},"properties":{"name":"Batik Winotosastro","type":"Clothes","category":"kebutuhan","subcategory":"Toko","opening_hours":null,"operator":null,"osm_id":2898857980}},{"type":"Feature","geometry":{"type":"Point","coordinates":[110.3619,-7.81799]},"properties":{"name":"Maga swalayan","type":"Convenience","category":"kebutuhan","subcategory":"Toko","opening_hours":null,"operator":null,"osm_id":1654015340}},{"type":"Feature","geometry":{"type":"Point","coordinates":[110.36763,-7.8145]},"properties":{"name":"Almond","type":"Bakery","category":"kebutuhan","subcategory":"Toko","opening_hours":null,"operator":null,"osm_id":7100517743}},{"type":"Feature","geometry":{"type":"Point","coordinates":[110.36759,-7.81479]},"properties":{"name":"Makmur Jaya Furniture","type":"Furniture","category":"kebutuhan","subcategory":"Toko","opening_hours":null,"operator":null,"osm_id":3256672765}},{"type":"Feature","geometry":{"type":"Point","coordinates":[110.36805,-7.82047]},"properties":{"name":"Jogjamart","type":"Convenience","category":"kebutuhan","subcategory":"Toko","opening_hours":null,"operator":null,"osm_id":4063417063}},{"type":"Feature","geometry":{"type":"Point","coordinates":[110.34601,-7.82397]},"properties":{"name":"Mebel Pangestu","type":"Furniture","category":"kebutuhan","subcategory":"Toko","opening_hours":null,"operator":null,"osm_id":3584972495}},{"type":"Feature","geometry":{"type":"Point","coordinates":[110.35599,-7.81776]},"properties":{"name":"Fotocopy","type":"Copyshop","category":"kebutuhan","subcategory":"Toko","opening_hours":null,"operator":null,"osm_id":3585204027}},{"type":"Feature","geometry":{"type":"Point","coordinates":[110.34215,-7.81991]},"properties":{"name":"Toko rico","type":"Supermarket","category":"kebutuhan","subcategory":"Supermarket","opening_hours":null,"operator":null,"osm_id":4590904371}},{"type":"Feature","geometry":{"type":"Point","coordinates":[110.35477,-7.81609]},"properties":{"name":"Azizi Cake and Catering","type":"Bakery","category":"kebutuhan","subcategory":"Toko","opening_hours":null,"operator":"Azizi Cake and Catering","osm_id":6081246385}},{"type":"Feature","geometry":{"type":"Point","coordinates":[110.36296,-7.78946]},"properties":{"name":"Twins","type":"Supermarket","category":"kebutuhan","subcategory":"Supermarket","opening_hours":"24/7","operator":null,"osm_id":4416176893}},{"type":"Feature","geometry":{"type":"Point","coordinates":[110.47811,-7.84942]},"properties":{"name":"Ticket","type":"Ticket","category":"kebutuhan","subcategory":"Toko","opening_hours":null,"operator":null,"osm_id":10075088556}},{"type":"Feature","geometry":{"type":"Point","coordinates":[110.36511,-7.79389]},"properties":{"name":"Clothes","type":"Clothes","category":"kebutuhan","subcategory":"Toko","opening_hours":null,"operator":null,"osm_id":5272163321}},{"type":"Feature","geometry":{"type":"Point","coordinates":[110.36583,-7.80307]},"properties":{"name":"Dagadu Jogja","type":"Clothes","category":"kebutuhan","subcategory":"Toko","opening_hours":null,"operator":null,"osm_id":7277297210}},{"type":"Feature","geometry":{"type":"Point","coordinates":[110.36634,-7.79938]},"properties":{"name":"Pasar Senthir","type":"Marketplace","category":"kebutuhan","subcategory":"Pasar","opening_hours":null,"operator":null,"osm_id":9833403898}},{"type":"Feature","geometry":{"type":"Point","coordinates":[110.40919,-7.77349]},"properties":{"name":"Citrouli","type":"Supermarket","category":"kebutuhan","subcategory":"Supermarket","opening_hours":"24/7","operator":null,"osm_id":270038249}},{"type":"Feature","geometry":{"type":"Point","coordinates":[110.37518,-7.77937]},"properties":{"name":"Klinik Estetika","type":"Beauty","category":"kebutuhan","subcategory":"Toko","opening_hours":null,"operator":null,"osm_id":362042809}},{"type":"Feature","geometry":{"type":"Point","coordinates":[110.37226,-7.78885]},"properties":{"name":"Kiosk","type":"Convenience","category":"kebutuhan","subcategory":"Toko","opening_hours":null,"operator":null,"osm_id":481611932}},{"type":"Feature","geometry":{"type":"Point","coordinates":[110.39018,-7.77622]},"properties":{"name":"Mobile Phone","type":"Mobile Phone","category":"kebutuhan","subcategory":"Toko","opening_hours":null,"operator":null,"osm_id":612930615}},{"type":"Feature","geometry":{"type":"Point","coordinates":[110.46885,-7.76982]},"properties":{"name":"Pasar Kalasan","type":"Marketplace","category":"kebutuhan","subcategory":"Pasar","opening_hours":"05:00-16:00","operator":null,"osm_id":533720143}},{"type":"Feature","geometry":{"type":"Point","coordinates":[110.43246,-7.78312]},"properties":{"name":"Pasar Sambilegi Sleman","type":"Marketplace","category":"kebutuhan","subcategory":"Pasar","opening_hours":"05:00-12:00","operator":null,"osm_id":354248181}},{"type":"Feature","geometry":{"type":"Point","coordinates":[110.38838,-7.78103]},"properties":{"name":"Pasar Demangan","type":"Marketplace","category":"kebutuhan","subcategory":"Pasar","opening_hours":"04:00-14:00","operator":null,"osm_id":121173690}},{"type":"Feature","geometry":{"type":"Point","coordinates":[110.38653,-7.79028]},"properties":{"name":"Toko Udin","type":"Convenience","category":"kebutuhan","subcategory":"Toko","opening_hours":null,"operator":null,"osm_id":610097691}},{"type":"Feature","geometry":{"type":"Point","coordinates":[110.47414,-7.7773]},"properties":{"name":"Family","type":"Gift","category":"kebutuhan","subcategory":"Toko","opening_hours":null,"operator":null,"osm_id":530793615}},{"type":"Feature","geometry":{"type":"Point","coordinates":[110.47039,-7.7784]},"properties":{"name":"Rooster Vape Store","type":"Mobile Phone","category":"kebutuhan","subcategory":"Toko","opening_hours":null,"operator":null,"osm_id":530793733}},{"type":"Feature","geometry":{"type":"Point","coordinates":[110.3944,-7.78625]},"properties":{"name":"Kopma UIN Sunan Kalijaga","type":"Convenience","category":"kebutuhan","subcategory":"Toko","opening_hours":"Mo-Sa 08:00-20:00","operator":null,"osm_id":270029193}},{"type":"Feature","geometry":{"type":"Point","coordinates":[110.40408,-7.81105]},"properties":{"name":"UD. Setia Darma","type":"Furniture","category":"kebutuhan","subcategory":"Toko","opening_hours":null,"operator":null,"osm_id":530064221}},{"type":"Feature","geometry":{"type":"Point","coordinates":[110.40679,-7.811]},"properties":{"name":"Toko Dian Nita","type":"Kiosk","category":"kebutuhan","subcategory":"Toko","opening_hours":null,"operator":null,"osm_id":530064247}},{"type":"Feature","geometry":{"type":"Point","coordinates":[110.40622,-7.81099]},"properties":{"name":"Toko Ika Moroseneng","type":"Convenience","category":"kebutuhan","subcategory":"Toko","opening_hours":null,"operator":null,"osm_id":530064253}},{"type":"Feature","geometry":{"type":"Point","coordinates":[110.38438,-7.79391]},"properties":{"name":"Pasar Sanggrahan Baciro","type":"Marketplace","category":"kebutuhan","subcategory":"Pasar","opening_hours":null,"operator":null,"osm_id":610753751}},{"type":"Feature","geometry":{"type":"Point","coordinates":[110.39059,-7.78912]},"properties":{"name":"Pasar Talok","type":"Marketplace","category":"kebutuhan","subcategory":"Pasar","opening_hours":"04:00-14:00","operator":null,"osm_id":616072054}},{"type":"Feature","geometry":{"type":"Point","coordinates":[110.40649,-7.81097]},"properties":{"name":"Toko Mebel","type":"Furniture","category":"kebutuhan","subcategory":"Toko","opening_hours":null,"operator":null,"osm_id":530064238}},{"type":"Feature","geometry":{"type":"Point","coordinates":[110.39586,-7.78302]},"properties":{"name":"Wijaya","type":"Clothes","category":"kebutuhan","subcategory":"Toko","opening_hours":null,"operator":null,"osm_id":362349505}},{"type":"Feature","geometry":{"type":"Point","coordinates":[110.4438,-7.82773]},"properties":{"name":"Toko DM Baru 2","type":"Supermarket","category":"kebutuhan","subcategory":"Supermarket","opening_hours":null,"operator":null,"osm_id":1159540477}},{"type":"Feature","geometry":{"type":"Point","coordinates":[110.39093,-7.80154]},"properties":{"name":"pamella 1","type":"Convenience","category":"kebutuhan","subcategory":"Toko","opening_hours":null,"operator":null,"osm_id":610699410}},{"type":"Feature","geometry":{"type":"Point","coordinates":[110.45395,-7.82896]},"properties":{"name":"Pasar","type":"Marketplace","category":"kebutuhan","subcategory":"Pasar","opening_hours":null,"operator":null,"osm_id":359032321}},{"type":"Feature","geometry":{"type":"Point","coordinates":[110.47816,-7.79015]},"properties":{"name":"Toko Kadafi","type":"Convenience","category":"kebutuhan","subcategory":"Toko","opening_hours":null,"operator":null,"osm_id":530817004}},{"type":"Feature","geometry":{"type":"Point","coordinates":[110.40919,-7.76888]},"properties":{"name":"Flaurent Salon - Seturan","type":"Beauty","category":"kebutuhan","subcategory":"Toko","opening_hours":null,"operator":null,"osm_id":362337497}},{"type":"Feature","geometry":{"type":"Point","coordinates":[110.39033,-7.7696]},"properties":{"name":"Mirota Pasaraya","type":"Supermarket","category":"kebutuhan","subcategory":"Supermarket","opening_hours":"Tu-Su 08:00-15:00;Sa 08:00-12:00","operator":null,"osm_id":122803151}},{"type":"Feature","geometry":{"type":"Point","coordinates":[110.40176,-7.76904]},"properties":{"name":"Outlet Biru","type":"Clothes","category":"kebutuhan","subcategory":"Toko","opening_hours":null,"operator":null,"osm_id":338097225}},{"type":"Feature","geometry":{"type":"Point","coordinates":[110.40684,-7.76828]},"properties":{"name":"Warung Sederhana","type":"Kiosk","category":"kebutuhan","subcategory":"Toko","opening_hours":null,"operator":null,"osm_id":530575900}},{"type":"Feature","geometry":{"type":"Point","coordinates":[110.40132,-7.77331]},"properties":{"name":"Roti Mooi","type":"Bakery","category":"kebutuhan","subcategory":"Toko","opening_hours":null,"operator":null,"osm_id":270038788}},{"type":"Feature","geometry":{"type":"Point","coordinates":[110.39622,-7.76528]},"properties":{"name":"Money Laundry","type":"Laundry","category":"kebutuhan","subcategory":"Toko","opening_hours":null,"operator":null,"osm_id":362956412}},{"type":"Feature","geometry":{"type":"Point","coordinates":[110.39817,-7.77095]},"properties":{"name":"Nafero Safety 2","type":"Supermarket","category":"kebutuhan","subcategory":"Supermarket","opening_hours":"Mo-Su 09:00-17:00","operator":"Amir Fathurahman","osm_id":1204325714}},{"type":"Feature","geometry":{"type":"Point","coordinates":[110.36576,-7.79126]},"properties":{"name":"Bakpia pathok 145","type":"Bakery","category":"kebutuhan","subcategory":"Toko","opening_hours":null,"operator":null,"osm_id":638250569}},{"type":"Feature","geometry":{"type":"Point","coordinates":[110.48293,-7.78923]},"properties":{"name":"Madurejo Swalayan","type":"Convenience","category":"kebutuhan","subcategory":"Toko","opening_hours":null,"operator":null,"osm_id":531005427}},{"type":"Feature","geometry":{"type":"Point","coordinates":[110.40273,-7.81097]},"properties":{"name":"KM","type":"Furniture","category":"kebutuhan","subcategory":"Toko","opening_hours":null,"operator":null,"osm_id":530064180}},{"type":"Feature","geometry":{"type":"Point","coordinates":[110.48107,-7.73639]},"properties":{"name":"Pasar Tulung","type":"Marketplace","category":"kebutuhan","subcategory":"Pasar","opening_hours":"05:00-12:00","operator":null,"osm_id":620551952}},{"type":"Feature","geometry":{"type":"Point","coordinates":[110.48981,-7.82674]},"properties":{"name":"Pasar Kembangsari","type":"Marketplace","category":"kebutuhan","subcategory":"Pasar","opening_hours":null,"operator":null,"osm_id":364060250}},{"type":"Feature","geometry":{"type":"Point","coordinates":[110.48908,-7.7571]},"properties":{"name":"Pasar Prambanan","type":"Marketplace","category":"kebutuhan","subcategory":"Pasar","opening_hours":"06:00 - 14:00","operator":null,"osm_id":533772722}},{"type":"Feature","geometry":{"type":"Point","coordinates":[110.29099,-7.76621]},"properties":{"name":"Pasar Godean","type":"Marketplace","category":"kebutuhan","subcategory":"Pasar","opening_hours":"05:00-17:00","operator":null,"osm_id":121301078}},{"type":"Feature","geometry":{"type":"Point","coordinates":[110.36164,-7.7818]},"properties":{"name":"Vegie House","type":"Convenience","category":"kebutuhan","subcategory":"Toko","opening_hours":null,"operator":null,"osm_id":340072459}},{"type":"Feature","geometry":{"type":"Point","coordinates":[110.36581,-7.79106]},"properties":{"name":"Subur Souvenir","type":"Clothes","category":"kebutuhan","subcategory":"Toko","opening_hours":null,"operator":null,"osm_id":532460751}},{"type":"Feature","geometry":{"type":"Point","coordinates":[110.3658,-7.79202]},"properties":{"name":"Citra Batik","type":"Clothes","category":"kebutuhan","subcategory":"Toko","opening_hours":null,"operator":null,"osm_id":532460748}},{"type":"Feature","geometry":{"type":"Point","coordinates":[110.33054,-7.88492]},"properties":{"name":"Pasar Bantul","type":"Marketplace","category":"kebutuhan","subcategory":"Pasar","opening_hours":"06:00 - 14:00","operator":null,"osm_id":1174925092}},{"type":"Feature","geometry":{"type":"Point","coordinates":[110.32383,-7.80174]},"properties":{"name":"Pasar Sentral Gamping","type":"Marketplace","category":"kebutuhan","subcategory":"Pasar","opening_hours":"06:00-16:00","operator":null,"osm_id":318755534}},{"type":"Feature","geometry":{"type":"Point","coordinates":[110.34969,-7.87727]},"properties":{"name":"Pasar Seni Gabusan","type":"Marketplace","category":"kebutuhan","subcategory":"Pasar","opening_hours":"06:00-12:00","operator":null,"osm_id":536121353}},{"type":"Feature","geometry":{"type":"Point","coordinates":[110.33625,-7.80598]},"properties":{"name":"Clothes","type":"Clothes","category":"kebutuhan","subcategory":"Toko","opening_hours":null,"operator":null,"osm_id":418908210}},{"type":"Feature","geometry":{"type":"Point","coordinates":[110.31545,-7.79817]},"properties":{"name":"Warung \"Mbah Kaum\"","type":"Kiosk","category":"kebutuhan","subcategory":"Toko","opening_hours":null,"operator":null,"osm_id":349735438}},{"type":"Feature","geometry":{"type":"Point","coordinates":[110.31476,-7.79647]},"properties":{"name":"Warung \"Mbak Darsih\"","type":"Kiosk","category":"kebutuhan","subcategory":"Toko","opening_hours":null,"operator":null,"osm_id":349803668}},{"type":"Feature","geometry":{"type":"Point","coordinates":[110.31542,-7.79753]},"properties":{"name":"Kiosk","type":"Kiosk","category":"kebutuhan","subcategory":"Toko","opening_hours":null,"operator":null,"osm_id":349955163}},{"type":"Feature","geometry":{"type":"Point","coordinates":[110.33844,-7.77995]},"properties":{"name":"Pasar Tlagareja","type":"Marketplace","category":"kebutuhan","subcategory":"Pasar","opening_hours":"05:00-12:00","operator":null,"osm_id":121522238}},{"type":"Feature","geometry":{"type":"Point","coordinates":[110.34306,-7.82926]},"properties":{"name":"Pasar Desa Nirmala","type":"Marketplace","category":"kebutuhan","subcategory":"Pasar","opening_hours":"04:00-18:00","operator":null,"osm_id":613180551}},{"type":"Feature","geometry":{"type":"Point","coordinates":[110.27337,-7.77945]},"properties":{"name":"Pasar Krempyeng","type":"Marketplace","category":"kebutuhan","subcategory":"Pasar","opening_hours":"06:00-18:00","operator":null,"osm_id":506594889}},{"type":"Feature","geometry":{"type":"Point","coordinates":[110.3639,-7.80691]},"properties":{"name":"Loket Tiket Keraton","type":"Ticket","category":"kebutuhan","subcategory":"Toko","opening_hours":null,"operator":null,"osm_id":438452481}},{"type":"Feature","geometry":{"type":"Point","coordinates":[110.65882,-8.00232]},"properties":{"name":"Pasar Sapi Munggi","type":"Marketplace","category":"kebutuhan","subcategory":"Pasar","opening_hours":null,"operator":null,"osm_id":1095869466}},{"type":"Feature","geometry":{"type":"Point","coordinates":[110.50193,-7.80662]},"properties":{"name":"Pasar Kenaran","type":"Marketplace","category":"kebutuhan","subcategory":"Pasar","opening_hours":"04:00 - 12:00","operator":null,"osm_id":533746467}},{"type":"Feature","geometry":{"type":"Point","coordinates":[110.29926,-7.78371]},"properties":{"name":"Pasar Bibis","type":"Marketplace","category":"kebutuhan","subcategory":"Pasar","opening_hours":"06:00 - 12:00","operator":null,"osm_id":530612319}},{"type":"Feature","geometry":{"type":"Point","coordinates":[110.25187,-7.75831]},"properties":{"name":"Pasar Ngijon","type":"Marketplace","category":"kebutuhan","subcategory":"Pasar","opening_hours":"06:00-15:00","operator":null,"osm_id":121410796}},{"type":"Feature","geometry":{"type":"Point","coordinates":[110.47803,-7.77396]},"properties":{"name":"Pasar Unggas Prambanan","type":"Marketplace","category":"kebutuhan","subcategory":"Pasar","opening_hours":"10:00 - 15:00","operator":null,"osm_id":620766400}},{"type":"Feature","geometry":{"type":"Point","coordinates":[110.14368,-7.89336]},"properties":{"name":"Marketplace","type":"Marketplace","category":"kebutuhan","subcategory":"Pasar","opening_hours":null,"operator":null,"osm_id":236349256}},{"type":"Feature","geometry":{"type":"Point","coordinates":[110.4005,-7.77577]},"properties":{"name":"Niki Shop","type":"Clothes","category":"kebutuhan","subcategory":"Toko","opening_hours":null,"operator":null,"osm_id":270035042}},{"type":"Feature","geometry":{"type":"Point","coordinates":[110.41585,-7.77566]},"properties":{"name":"Nafero Safety","type":"Supermarket","category":"kebutuhan","subcategory":"Supermarket","opening_hours":"Mo-Sa 08:00-16:00","operator":"Novat","osm_id":1016820930}},{"type":"Feature","geometry":{"type":"Point","coordinates":[110.41049,-7.76726]},"properties":{"name":"Rahayu Swalayan","type":"Convenience","category":"kebutuhan","subcategory":"Toko","opening_hours":null,"operator":null,"osm_id":530575909}},{"type":"Feature","geometry":{"type":"Point","coordinates":[110.41021,-7.76662]},"properties":{"name":"Bloem Bakery","type":"Bakery","category":"kebutuhan","subcategory":"Toko","opening_hours":"07:00-21:00","operator":null,"osm_id":530575912}},{"type":"Feature","geometry":{"type":"Point","coordinates":[110.32466,-7.6466]},"properties":{"name":"Pasar Tempel","type":"Marketplace","category":"kebutuhan","subcategory":"Pasar","opening_hours":"08:00-17:00","operator":null,"osm_id":619127064}},{"type":"Feature","geometry":{"type":"Point","coordinates":[110.32272,-7.64638]},"properties":{"name":"Kiosk","type":"Kiosk","category":"kebutuhan","subcategory":"Toko","opening_hours":null,"operator":null,"osm_id":512522611}},{"type":"Feature","geometry":{"type":"Point","coordinates":[110.32304,-7.64631]},"properties":{"name":"Kiosk","type":"Kiosk","category":"kebutuhan","subcategory":"Toko","opening_hours":null,"operator":null,"osm_id":613242679}},{"type":"Feature","geometry":{"type":"Point","coordinates":[110.3234,-7.64596]},"properties":{"name":"Kiosk","type":"Kiosk","category":"kebutuhan","subcategory":"Toko","opening_hours":null,"operator":null,"osm_id":1315457710}},{"type":"Feature","geometry":{"type":"Point","coordinates":[110.3232,-7.64608]},"properties":{"name":"Kiosk","type":"Kiosk","category":"kebutuhan","subcategory":"Toko","opening_hours":null,"operator":null,"osm_id":369095902}},{"type":"Feature","geometry":{"type":"Point","coordinates":[110.32363,-7.64582]},"properties":{"name":"Kiosk","type":"Kiosk","category":"kebutuhan","subcategory":"Toko","opening_hours":null,"operator":null,"osm_id":369095982}},{"type":"Feature","geometry":{"type":"Point","coordinates":[110.32341,-7.64606]},"properties":{"name":"Toko Bahan Bangunan Lancar Tempel","type":"Hardware","category":"kebutuhan","subcategory":"Toko","opening_hours":null,"operator":null,"osm_id":369096007}},{"type":"Feature","geometry":{"type":"Point","coordinates":[110.32373,-7.64591]},"properties":{"name":"Toko Ar-Rohmah","type":"Kiosk","category":"kebutuhan","subcategory":"Toko","opening_hours":null,"operator":null,"osm_id":369096038}},{"type":"Feature","geometry":{"type":"Point","coordinates":[110.25708,-7.81384]},"properties":{"name":"Pasar Desa Babrik Purwomarto","type":"Marketplace","category":"kebutuhan","subcategory":"Pasar","opening_hours":"05:00-09:00","operator":null,"osm_id":616233104}},{"type":"Feature","geometry":{"type":"Point","coordinates":[110.2592,-7.82013]},"properties":{"name":"Pasar Semampir","type":"Marketplace","category":"kebutuhan","subcategory":"Pasar","opening_hours":"05:00-20:00","operator":null,"osm_id":442522365}},{"type":"Feature","geometry":{"type":"Point","coordinates":[110.42552,-7.63772]},"properties":{"name":"Pasar Sompilan","type":"Marketplace","category":"kebutuhan","subcategory":"Pasar","opening_hours":"Mo-Sa 08:00-20:00","operator":null,"osm_id":1024493861}},{"type":"Feature","geometry":{"type":"Point","coordinates":[110.37304,-7.61411]},"properties":{"name":"Minimarket Merapi Jaya","type":"Convenience","category":"kebutuhan","subcategory":"Toko","opening_hours":null,"operator":null,"osm_id":533306758}},{"type":"Feature","geometry":{"type":"Point","coordinates":[110.37487,-7.61522]},"properties":{"name":"Pasar Balerante","type":"Marketplace","category":"kebutuhan","subcategory":"Pasar","opening_hours":"05:30 - 21:00","operator":null,"osm_id":362018026}},{"type":"Feature","geometry":{"type":"Point","coordinates":[110.32307,-7.64635]},"properties":{"name":"Kiosk","type":"Kiosk","category":"kebutuhan","subcategory":"Toko","opening_hours":null,"operator":null,"osm_id":613242680}},{"type":"Feature","geometry":{"type":"Point","coordinates":[110.32248,-7.64655]},"properties":{"name":"Pasar Salakan","type":"Marketplace","category":"kebutuhan","subcategory":"Pasar","opening_hours":"06:00-14:00","operator":null,"osm_id":613242686}},{"type":"Feature","geometry":{"type":"Point","coordinates":[110.32624,-7.64526]},"properties":{"name":"SWALAYAN TAN DESO/SEKRETARIAT RELAWAN GEMOEK","type":"Supermarket","category":"kebutuhan","subcategory":"Supermarket","opening_hours":null,"operator":null,"osm_id":366423656}},{"type":"Feature","geometry":{"type":"Point","coordinates":[110.37724,-7.65183]},"properties":{"name":"Pasar Turi","type":"Marketplace","category":"kebutuhan","subcategory":"Pasar","opening_hours":"03:00-13:00","operator":null,"osm_id":368853437}},{"type":"Feature","geometry":{"type":"Point","coordinates":[110.3769,-7.65184]},"properties":{"name":"Pasar Turi","type":"Marketplace","category":"kebutuhan","subcategory":"Pasar","opening_hours":"03:00-13:00","operator":null,"osm_id":533313481}},{"type":"Feature","geometry":{"type":"Point","coordinates":[110.43266,-7.63753]},"properties":{"name":"MINIMARKET TUMBUH","type":"Convenience","category":"kebutuhan","subcategory":"Toko","opening_hours":null,"operator":null,"osm_id":368884364}},{"type":"Feature","geometry":{"type":"Point","coordinates":[110.45601,-7.64383]},"properties":{"name":"Pasar Cokro Kembang","type":"Marketplace","category":"kebutuhan","subcategory":"Pasar","opening_hours":null,"operator":null,"osm_id":533518573}},{"type":"Feature","geometry":{"type":"Point","coordinates":[110.15535,-7.85968]},"properties":{"name":"wijaya cake and bakery","type":"Bakery","category":"kebutuhan","subcategory":"Toko","opening_hours":null,"operator":null,"osm_id":530460974}},{"type":"Feature","geometry":{"type":"Point","coordinates":[110.42408,-7.64685]},"properties":{"name":"Angkringan","type":"Convenience","category":"kebutuhan","subcategory":"Toko","opening_hours":"Mo-Su 17:00-23:00","operator":"Desa Pakembinangun","osm_id":368182828}},{"type":"Feature","geometry":{"type":"Point","coordinates":[110.15838,-7.86178]},"properties":{"name":"Pasar Wates","type":"Marketplace","category":"kebutuhan","subcategory":"Pasar","opening_hours":null,"operator":null,"osm_id":231287785}},{"type":"Feature","geometry":{"type":"Point","coordinates":[110.36024,-7.71958]},"properties":{"name":"Pasar Beran","type":"Marketplace","category":"kebutuhan","subcategory":"Pasar","opening_hours":null,"operator":null,"osm_id":563158069}},{"type":"Feature","geometry":{"type":"Point","coordinates":[110.3281,-7.69988]},"properties":{"name":"Pasar Nambongan","type":"Marketplace","category":"kebutuhan","subcategory":"Pasar","opening_hours":"05:00-13:00","operator":null,"osm_id":620792740}},{"type":"Feature","geometry":{"type":"Point","coordinates":[110.32925,-7.69855]},"properties":{"name":"Percetakan Ambon","type":"Copyshop","category":"kebutuhan","subcategory":"Toko","opening_hours":null,"operator":null,"osm_id":530439130}},{"type":"Feature","geometry":{"type":"Point","coordinates":[110.16946,-7.83738]},"properties":{"name":"Pasar Hewan dan Burung","type":"Marketplace","category":"kebutuhan","subcategory":"Pasar","opening_hours":null,"operator":null,"osm_id":1301875746}},{"type":"Feature","geometry":{"type":"Point","coordinates":[110.43323,-7.59268]},"properties":{"name":"Ticket Office","type":"Ticket","category":"kebutuhan","subcategory":"Toko","opening_hours":null,"operator":null,"osm_id":399000746}},{"type":"Feature","geometry":{"type":"Point","coordinates":[110.42676,-7.59024]},"properties":{"name":"Ticket Office","type":"Ticket","category":"kebutuhan","subcategory":"Toko","opening_hours":"08:00 - 16:00","operator":null,"osm_id":399000747}},{"type":"Feature","geometry":{"type":"Point","coordinates":[110.14301,-7.893]},"properties":{"name":"Marketplace","type":"Marketplace","category":"kebutuhan","subcategory":"Pasar","opening_hours":null,"operator":null,"osm_id":236349246}},{"type":"Feature","geometry":{"type":"Point","coordinates":[110.14304,-7.89327]},"properties":{"name":"Pasar Bendungan","type":"Marketplace","category":"kebutuhan","subcategory":"Pasar","opening_hours":null,"operator":null,"osm_id":236349242}},{"type":"Feature","geometry":{"type":"Point","coordinates":[110.14372,-7.89305]},"properties":{"name":"Marketplace","type":"Marketplace","category":"kebutuhan","subcategory":"Pasar","opening_hours":null,"operator":null,"osm_id":236349257}},{"type":"Feature","geometry":{"type":"Point","coordinates":[110.14352,-7.89337]},"properties":{"name":"Marketplace","type":"Marketplace","category":"kebutuhan","subcategory":"Pasar","opening_hours":null,"operator":null,"osm_id":236349255}},{"type":"Feature","geometry":{"type":"Point","coordinates":[110.11657,-7.81235]},"properties":{"name":"Warung Mbak Yuni","type":"Kiosk","category":"kebutuhan","subcategory":"Toko","opening_hours":"Mo-Su 08:00-04:00","operator":null,"osm_id":874096401}},{"type":"Feature","geometry":{"type":"Point","coordinates":[110.21842,-7.84746]},"properties":{"name":"Pasar Sentolo Baru","type":"Marketplace","category":"kebutuhan","subcategory":"Pasar","opening_hours":null,"operator":null,"osm_id":1301876302}},{"type":"Feature","geometry":{"type":"Point","coordinates":[110.24259,-7.87442]},"properties":{"name":"Pasar Nyonyol","type":"Marketplace","category":"kebutuhan","subcategory":"Pasar","opening_hours":null,"operator":null,"osm_id":530706505}},{"type":"Feature","geometry":{"type":"Point","coordinates":[110.23672,-7.78904]},"properties":{"name":"Pasar Kembangan","type":"Marketplace","category":"kebutuhan","subcategory":"Pasar","opening_hours":null,"operator":null,"osm_id":873159740}},{"type":"Feature","geometry":{"type":"Point","coordinates":[110.23687,-7.78919]},"properties":{"name":"Pasar Kembangan","type":"Marketplace","category":"kebutuhan","subcategory":"Pasar","opening_hours":"08:00-11:00","operator":null,"osm_id":613673589}},{"type":"Feature","geometry":{"type":"Point","coordinates":[110.29336,-7.76767]},"properties":{"name":"Pusat Kuliner Belut Godean","type":"Marketplace","category":"kebutuhan","subcategory":"Pasar","opening_hours":null,"operator":null,"osm_id":1340969197}},{"type":"Feature","geometry":{"type":"Point","coordinates":[110.41322,-7.70304]},"properties":{"name":"Barokah Service Ponsel","type":"Mobile Phone","category":"kebutuhan","subcategory":"Toko","opening_hours":null,"operator":null,"osm_id":362165214}},{"type":"Feature","geometry":{"type":"Point","coordinates":[110.41319,-7.70278]},"properties":{"name":"Setia Cell","type":"Mobile Phone","category":"kebutuhan","subcategory":"Toko","opening_hours":null,"operator":null,"osm_id":362165193}},{"type":"Feature","geometry":{"type":"Point","coordinates":[110.40955,-7.70239]},"properties":{"name":"Pasar Randu Alas","type":"Marketplace","category":"kebutuhan","subcategory":"Pasar","opening_hours":null,"operator":null,"osm_id":533314777}},{"type":"Feature","geometry":{"type":"Point","coordinates":[110.32992,-7.71456]},"properties":{"name":"Indomaret Kolonel Subadri","type":"Convenience","category":"kebutuhan","subcategory":"Toko","opening_hours":null,"operator":null,"osm_id":366783424}},{"type":"Feature","geometry":{"type":"Point","coordinates":[110.4184,-7.69424]},"properties":{"name":"Hardware","type":"Hardware","category":"kebutuhan","subcategory":"Toko","opening_hours":null,"operator":null,"osm_id":362690958}},{"type":"Feature","geometry":{"type":"Point","coordinates":[110.41848,-7.69377]},"properties":{"name":"Copyshop","type":"Copyshop","category":"kebutuhan","subcategory":"Toko","opening_hours":null,"operator":null,"osm_id":362691022}},{"type":"Feature","geometry":{"type":"Point","coordinates":[110.40531,-7.71674]},"properties":{"name":"Bakpia Pathok Rizky","type":"Bakery","category":"kebutuhan","subcategory":"Toko","opening_hours":null,"operator":null,"osm_id":362388704}},{"type":"Feature","geometry":{"type":"Point","coordinates":[110.40413,-7.71893]},"properties":{"name":"Convenience","type":"Convenience","category":"kebutuhan","subcategory":"Toko","opening_hours":null,"operator":null,"osm_id":362369009}},{"type":"Feature","geometry":{"type":"Point","coordinates":[110.40424,-7.71874]},"properties":{"name":"Mina Swalayan","type":"Convenience","category":"kebutuhan","subcategory":"Toko","opening_hours":null,"operator":null,"osm_id":362369045}},{"type":"Feature","geometry":{"type":"Point","coordinates":[110.4042,-7.71884]},"properties":{"name":"Toko Meubel Margo Murah Baru","type":"Furniture","category":"kebutuhan","subcategory":"Toko","opening_hours":null,"operator":null,"osm_id":362369063}},{"type":"Feature","geometry":{"type":"Point","coordinates":[110.40403,-7.71913]},"properties":{"name":"SRC Toko Atmo","type":"Kiosk","category":"kebutuhan","subcategory":"Toko","opening_hours":null,"operator":null,"osm_id":362369156}},{"type":"Feature","geometry":{"type":"Point","coordinates":[110.40468,-7.71844]},"properties":{"name":"Rumah Grafis Desain dan Percetakan","type":"Gift","category":"kebutuhan","subcategory":"Toko","opening_hours":null,"operator":null,"osm_id":362373882}},{"type":"Feature","geometry":{"type":"Point","coordinates":[110.4173,-7.6972]},"properties":{"name":"Berjaya Laundry","type":"Laundry","category":"kebutuhan","subcategory":"Toko","opening_hours":null,"operator":null,"osm_id":362686397}},{"type":"Feature","geometry":{"type":"Point","coordinates":[110.41727,-7.69729]},"properties":{"name":"Toko jajanan","type":"Kiosk","category":"kebutuhan","subcategory":"Toko","opening_hours":null,"operator":null,"osm_id":362686437}},{"type":"Feature","geometry":{"type":"Point","coordinates":[110.41705,-7.69709]},"properties":{"name":"taylor","type":"Clothes","category":"kebutuhan","subcategory":"Toko","opening_hours":null,"operator":null,"osm_id":362688904}},{"type":"Feature","geometry":{"type":"Point","coordinates":[110.40319,-7.72108]},"properties":{"name":"ANGLE Interior & Furniture","type":"Furniture","category":"kebutuhan","subcategory":"Toko","opening_hours":null,"operator":null,"osm_id":362373708}},{"type":"Feature","geometry":{"type":"Point","coordinates":[110.40393,-7.71965]},"properties":{"name":"Toko Elektronik Bergas","type":"Electronics","category":"kebutuhan","subcategory":"Toko","opening_hours":null,"operator":null,"osm_id":362373758}},{"type":"Feature","geometry":{"type":"Point","coordinates":[110.22751,-7.75218]},"properties":{"name":"Pasar Sembuhan","type":"Marketplace","category":"kebutuhan","subcategory":"Pasar","opening_hours":"Tu-Su 08:00-15:00; Sa 08:00-12:00","operator":null,"osm_id":120522172}},{"type":"Feature","geometry":{"type":"Point","coordinates":[110.36606,-7.75605]},"properties":{"name":"griya anie (laundri)","type":"Laundry","category":"kebutuhan","subcategory":"Toko","opening_hours":null,"operator":null,"osm_id":362019939}},{"type":"Feature","geometry":{"type":"Point","coordinates":[110.43148,-7.76079]},"properties":{"name":"Pasar Stan","type":"Marketplace","category":"kebutuhan","subcategory":"Pasar","opening_hours":"06:00-12:00","operator":null,"osm_id":620278793}},{"type":"Feature","geometry":{"type":"Point","coordinates":[110.36168,-7.77271]},"properties":{"name":"Pasar Karangwaru","type":"Marketplace","category":"kebutuhan","subcategory":"Pasar","opening_hours":"05:00-20:00","operator":null,"osm_id":362876465}},{"type":"Feature","geometry":{"type":"Point","coordinates":[110.36291,-7.75084]},"properties":{"name":"Indogrosir","type":"Supermarket","category":"kebutuhan","subcategory":"Supermarket","opening_hours":null,"operator":null,"osm_id":361749871}},{"type":"Feature","geometry":{"type":"Point","coordinates":[110.36258,-7.72526]},"properties":{"name":"Convenience","type":"Convenience","category":"kebutuhan","subcategory":"Toko","opening_hours":null,"operator":null,"osm_id":363428836}},{"type":"Feature","geometry":{"type":"Point","coordinates":[110.24261,-7.87436]},"properties":{"name":"Pasar Nyonyol","type":"Marketplace","category":"kebutuhan","subcategory":"Pasar","opening_hours":null,"operator":null,"osm_id":530706503}},{"type":"Feature","geometry":{"type":"Point","coordinates":[110.17422,-7.87646]},"properties":{"name":"Toko Qita & Pawkan Petshop","type":"Convenience","category":"kebutuhan","subcategory":"Toko","opening_hours":"Mo-Su 06:00-21:00","operator":null,"osm_id":1171035956}},{"type":"Feature","geometry":{"type":"Point","coordinates":[110.3633,-7.74105]},"properties":{"name":"Pasar Mlati Jati","type":"Marketplace","category":"kebutuhan","subcategory":"Pasar","opening_hours":"05:00-12:00","operator":null,"osm_id":363078386}},{"type":"Feature","geometry":{"type":"Point","coordinates":[110.18578,-7.80006]},"properties":{"name":"Pasar Gunung Gamping","type":"Marketplace","category":"kebutuhan","subcategory":"Pasar","opening_hours":null,"operator":null,"osm_id":530767287}},{"type":"Feature","geometry":{"type":"Point","coordinates":[110.1857,-7.79966]},"properties":{"name":"Pasar Gunung Gamping","type":"Marketplace","category":"kebutuhan","subcategory":"Pasar","opening_hours":null,"operator":null,"osm_id":530767281}},{"type":"Feature","geometry":{"type":"Point","coordinates":[110.18577,-7.8]},"properties":{"name":"Pasar Gunung Gamping","type":"Marketplace","category":"kebutuhan","subcategory":"Pasar","opening_hours":null,"operator":null,"osm_id":530767286}},{"type":"Feature","geometry":{"type":"Point","coordinates":[110.24516,-7.76082]},"properties":{"name":"Warung Mbah Mul","type":"Marketplace","category":"kebutuhan","subcategory":"Pasar","opening_hours":null,"operator":null,"osm_id":186108680}},{"type":"Feature","geometry":{"type":"Point","coordinates":[110.24502,-7.76026]},"properties":{"name":"Warung Pak Mursidi","type":"Supermarket","category":"kebutuhan","subcategory":"Supermarket","opening_hours":null,"operator":null,"osm_id":186108679}},{"type":"Feature","geometry":{"type":"Point","coordinates":[110.68118,-8.15008]},"properties":{"name":"Pasar Dakbong","type":"Marketplace","category":"kebutuhan","subcategory":"Pasar","opening_hours":"Every Pon (Javanese Calendar), in the morning","operator":null,"osm_id":1306961563}},{"type":"Feature","geometry":{"type":"Point","coordinates":[110.68354,-8.18168]},"properties":{"name":"TPI Siung","type":"Marketplace","category":"kebutuhan","subcategory":"Pasar","opening_hours":null,"operator":null,"osm_id":1306960171}},{"type":"Feature","geometry":{"type":"Point","coordinates":[110.24048,-7.81899]},"properties":{"name":"Pasar Desa Klangon","type":"Marketplace","category":"kebutuhan","subcategory":"Pasar","opening_hours":"05:00-20:00","operator":null,"osm_id":616482521}},{"type":"Feature","geometry":{"type":"Point","coordinates":[110.35083,-7.88846]},"properties":{"name":"Optimus Konveksi","type":"Clothes","category":"kebutuhan","subcategory":"Toko","opening_hours":null,"operator":null,"osm_id":530747773}},{"type":"Feature","geometry":{"type":"Point","coordinates":[110.11509,-7.80585]},"properties":{"name":"Warung Sribit","type":"Marketplace","category":"kebutuhan","subcategory":"Pasar","opening_hours":"Mo-Su 09:00-04:00","operator":null,"osm_id":873457337}},{"type":"Feature","geometry":{"type":"Point","coordinates":[110.33168,-7.73048]},"properties":{"name":"Pasar Cebongan","type":"Marketplace","category":"kebutuhan","subcategory":"Pasar","opening_hours":"04:00-18:00","operator":null,"osm_id":619115124}},{"type":"Feature","geometry":{"type":"Point","coordinates":[110.45272,-7.72967]},"properties":{"name":"Pasar Sidorejo Baru","type":"Marketplace","category":"kebutuhan","subcategory":"Pasar","opening_hours":null,"operator":null,"osm_id":234190717}},{"type":"Feature","geometry":{"type":"Point","coordinates":[110.39901,-7.72846]},"properties":{"name":"Indomaret Point","type":"Convenience","category":"kebutuhan","subcategory":"Toko","opening_hours":null,"operator":null,"osm_id":364605299}},{"type":"Feature","geometry":{"type":"Point","coordinates":[110.27167,-7.86114]},"properties":{"name":"Pasar Desa Sudimoro","type":"Marketplace","category":"kebutuhan","subcategory":"Pasar","opening_hours":"06:00-16:00","operator":null,"osm_id":617295471}},{"type":"Feature","geometry":{"type":"Point","coordinates":[110.33971,-7.66017]},"properties":{"name":"Pasar Ngemplak","type":"Marketplace","category":"kebutuhan","subcategory":"Pasar","opening_hours":"08:00-13:00","operator":null,"osm_id":362301350}},{"type":"Feature","geometry":{"type":"Point","coordinates":[110.33976,-7.66008]},"properties":{"name":"Pasar Ngemplak","type":"Marketplace","category":"kebutuhan","subcategory":"Pasar","opening_hours":"08:00-13:00","operator":null,"osm_id":533301912}},{"type":"Feature","geometry":{"type":"Point","coordinates":[110.29872,-7.68059]},"properties":{"name":"Pasar Gendol","type":"Marketplace","category":"kebutuhan","subcategory":"Pasar","opening_hours":"06:00-15:00","operator":null,"osm_id":365380379}},{"type":"Feature","geometry":{"type":"Point","coordinates":[110.34469,-7.81135]},"properties":{"name":"Sahabat Dapur","type":"Kiosk","category":"kebutuhan","subcategory":"Toko","opening_hours":null,"operator":null,"osm_id":529884127}},{"type":"Feature","geometry":{"type":"Point","coordinates":[110.41746,-7.66918]},"properties":{"name":"Fotokopi","type":"Copyshop","category":"kebutuhan","subcategory":"Toko","opening_hours":null,"operator":null,"osm_id":362882045}},{"type":"Feature","geometry":{"type":"Point","coordinates":[110.41919,-7.66609]},"properties":{"name":"Toko Bu Siti","type":"Convenience","category":"kebutuhan","subcategory":"Toko","opening_hours":null,"operator":null,"osm_id":530721413}},{"type":"Feature","geometry":{"type":"Point","coordinates":[110.41895,-7.66584]},"properties":{"name":"DND Cell","type":"Mobile Phone","category":"kebutuhan","subcategory":"Toko","opening_hours":null,"operator":null,"osm_id":530721427}},{"type":"Feature","geometry":{"type":"Point","coordinates":[110.41953,-7.66487]},"properties":{"name":"ELTRON","type":"Electronics","category":"kebutuhan","subcategory":"Toko","opening_hours":null,"operator":null,"osm_id":530721381}},{"type":"Feature","geometry":{"type":"Point","coordinates":[110.41972,-7.66553]},"properties":{"name":"Pasar Pakem","type":"Marketplace","category":"kebutuhan","subcategory":"Pasar","opening_hours":"06:00-12:00","operator":null,"osm_id":319060451}},{"type":"Feature","geometry":{"type":"Point","coordinates":[110.41991,-7.66471]},"properties":{"name":"Toko Rini","type":"Convenience","category":"kebutuhan","subcategory":"Toko","opening_hours":null,"operator":null,"osm_id":530721420}},{"type":"Feature","geometry":{"type":"Point","coordinates":[110.41909,-7.66534]},"properties":{"name":"PAVE Cell","type":"Mobile Phone","category":"kebutuhan","subcategory":"Toko","opening_hours":null,"operator":null,"osm_id":530721425}},{"type":"Feature","geometry":{"type":"Point","coordinates":[110.4186,-7.66746]},"properties":{"name":"WS","type":"Convenience","category":"kebutuhan","subcategory":"Toko","opening_hours":null,"operator":null,"osm_id":362837887}},{"type":"Feature","geometry":{"type":"Point","coordinates":[110.3658,-7.80633]},"properties":{"name":"Pasar Musikanan","type":"Marketplace","category":"kebutuhan","subcategory":"Pasar","opening_hours":"06:00-15:00","operator":null,"osm_id":610350413}},{"type":"Feature","geometry":{"type":"Point","coordinates":[110.35522,-7.82498]},"properties":{"name":"Pasar Pasty","type":"Marketplace","category":"kebutuhan","subcategory":"Pasar","opening_hours":null,"operator":null,"osm_id":417485442}},{"type":"Feature","geometry":{"type":"Point","coordinates":[110.60231,-7.96832]},"properties":{"name":"Pasar Argosari","type":"Marketplace","category":"kebutuhan","subcategory":"Pasar","opening_hours":null,"operator":null,"osm_id":486555132}},{"type":"Feature","geometry":{"type":"Point","coordinates":[110.41446,-7.8232]},"properties":{"name":"Arafah Laundry","type":"Laundry","category":"kebutuhan","subcategory":"Toko","opening_hours":null,"operator":null,"osm_id":797060955}},{"type":"Feature","geometry":{"type":"Point","coordinates":[110.41406,-7.82501]},"properties":{"name":"Toko Pepak","type":"Convenience","category":"kebutuhan","subcategory":"Toko","opening_hours":null,"operator":null,"osm_id":797061007}},{"type":"Feature","geometry":{"type":"Point","coordinates":[110.41497,-7.82247]},"properties":{"name":"Toko Sekar","type":"Convenience","category":"kebutuhan","subcategory":"Toko","opening_hours":null,"operator":null,"osm_id":351193440}},{"type":"Feature","geometry":{"type":"Point","coordinates":[110.41471,-7.82336]},"properties":{"name":"Clothes","type":"Clothes","category":"kebutuhan","subcategory":"Toko","opening_hours":null,"operator":null,"osm_id":351193451}},{"type":"Feature","geometry":{"type":"Point","coordinates":[110.38595,-7.83197]},"properties":{"name":"Electronics","type":"Electronics","category":"kebutuhan","subcategory":"Toko","opening_hours":null,"operator":null,"osm_id":891199381}},{"type":"Feature","geometry":{"type":"Point","coordinates":[110.39017,-7.62563]},"properties":{"name":"Pasar Nggowo","type":"Marketplace","category":"kebutuhan","subcategory":"Pasar","opening_hours":"04:00 - 08:00","operator":null,"osm_id":533323289}},{"type":"Feature","geometry":{"type":"Point","coordinates":[110.37249,-7.94472]},"properties":{"name":"Pasar Desa Mojohuro","type":"Marketplace","category":"kebutuhan","subcategory":"Pasar","opening_hours":"09:00-14:00","operator":null,"osm_id":613596852}},{"type":"Feature","geometry":{"type":"Point","coordinates":[110.39221,-7.86409]},"properties":{"name":"Toko Yumna","type":"Convenience","category":"kebutuhan","subcategory":"Toko","opening_hours":"Mo-Sa 06:30-21:30","operator":null,"osm_id":1023108059}},{"type":"Feature","geometry":{"type":"Point","coordinates":[110.3956,-7.78284]},"properties":{"name":"Batik Soga","type":"Clothes","category":"kebutuhan","subcategory":"Toko","opening_hours":null,"operator":null,"osm_id":362349488}},{"type":"Feature","geometry":{"type":"Point","coordinates":[110.38655,-7.79014]},"properties":{"name":"Unik Store","type":"Copyshop","category":"kebutuhan","subcategory":"Toko","opening_hours":null,"operator":null,"osm_id":610097687}},{"type":"Feature","geometry":{"type":"Point","coordinates":[110.37771,-7.79437]},"properties":{"name":"Intisari","type":"Supermarket","category":"kebutuhan","subcategory":"Supermarket","opening_hours":null,"operator":null,"osm_id":358806296}},{"type":"Feature","geometry":{"type":"Point","coordinates":[110.46983,-7.90094]},"properties":{"name":"Pasar Dangwesi","type":"Marketplace","category":"kebutuhan","subcategory":"Pasar","opening_hours":null,"operator":null,"osm_id":613619150}},{"type":"Feature","geometry":{"type":"Point","coordinates":[110.59844,-7.96338]},"properties":{"name":"Marketplace","type":"Marketplace","category":"kebutuhan","subcategory":"Pasar","opening_hours":null,"operator":null,"osm_id":530836006}},{"type":"Feature","geometry":{"type":"Point","coordinates":[110.59887,-7.96428]},"properties":{"name":"Marketplace","type":"Marketplace","category":"kebutuhan","subcategory":"Pasar","opening_hours":null,"operator":null,"osm_id":530836007}},{"type":"Feature","geometry":{"type":"Point","coordinates":[110.6787,-7.95326]},"properties":{"name":"Pasar Pahing Karangmojo","type":"Marketplace","category":"kebutuhan","subcategory":"Pasar","opening_hours":null,"operator":null,"osm_id":530842234}},{"type":"Feature","geometry":{"type":"Point","coordinates":[110.59851,-7.96397]},"properties":{"name":"Marketplace","type":"Marketplace","category":"kebutuhan","subcategory":"Pasar","opening_hours":null,"operator":null,"osm_id":530836008}},{"type":"Feature","geometry":{"type":"Point","coordinates":[110.57129,-7.9481]},"properties":{"name":"Kiosk","type":"Kiosk","category":"kebutuhan","subcategory":"Toko","opening_hours":null,"operator":null,"osm_id":453608688}},{"type":"Feature","geometry":{"type":"Point","coordinates":[110.59308,-7.95764]},"properties":{"name":"Marketplace","type":"Marketplace","category":"kebutuhan","subcategory":"Pasar","opening_hours":null,"operator":null,"osm_id":530835975}},{"type":"Feature","geometry":{"type":"Point","coordinates":[110.5932,-7.95772]},"properties":{"name":"Marketplace","type":"Marketplace","category":"kebutuhan","subcategory":"Pasar","opening_hours":null,"operator":null,"osm_id":530835974}},{"type":"Feature","geometry":{"type":"Point","coordinates":[110.59201,-7.95704]},"properties":{"name":"Marketplace","type":"Marketplace","category":"kebutuhan","subcategory":"Pasar","opening_hours":null,"operator":null,"osm_id":530835997}},{"type":"Feature","geometry":{"type":"Point","coordinates":[110.39168,-7.87036]},"properties":{"name":"Pasar Wonokromo","type":"Marketplace","category":"kebutuhan","subcategory":"Pasar","opening_hours":"Pagi","operator":null,"osm_id":359053912}},{"type":"Feature","geometry":{"type":"Point","coordinates":[110.46332,-7.93418]},"properties":{"name":"Pasar Dlingo","type":"Marketplace","category":"kebutuhan","subcategory":"Pasar","opening_hours":"7:00+","operator":null,"osm_id":620313199}},{"type":"Feature","geometry":{"type":"Point","coordinates":[110.53919,-7.87677]},"properties":{"name":"Toserba Sambipitu","type":"Supermarket","category":"kebutuhan","subcategory":"Supermarket","opening_hours":"Mo-Su 07:00-22:00","operator":null,"osm_id":771634317}},{"type":"Feature","geometry":{"type":"Point","coordinates":[110.55585,-7.91394]},"properties":{"name":"Pasar Gading","type":"Marketplace","category":"kebutuhan","subcategory":"Pasar","opening_hours":null,"operator":null,"osm_id":902890539}},{"type":"Feature","geometry":{"type":"Point","coordinates":[110.36803,-7.79861]},"properties":{"name":"Pasar Bringharjo","type":"Marketplace","category":"kebutuhan","subcategory":"Pasar","opening_hours":null,"operator":null,"osm_id":277746183}},{"type":"Feature","geometry":{"type":"Point","coordinates":[110.23032,-7.75322]},"properties":{"name":"Dewata","type":"Supermarket","category":"kebutuhan","subcategory":"Supermarket","opening_hours":"Tu-Su 08:00-15:00;Sa 08:00-12:00","operator":null,"osm_id":121513377}},{"type":"Feature","geometry":{"type":"Point","coordinates":[110.3722,-7.91296]},"properties":{"name":"Pasar Barongan","type":"Marketplace","category":"kebutuhan","subcategory":"Pasar","opening_hours":"05:00-15:00","operator":null,"osm_id":359072472}},{"type":"Feature","geometry":{"type":"Point","coordinates":[110.36497,-7.75682]},"properties":{"name":"jirou coklat toko oleh oleh jogja","type":"Gift","category":"kebutuhan","subcategory":"Toko","opening_hours":null,"operator":null,"osm_id":362016386}},{"type":"Feature","geometry":{"type":"Point","coordinates":[110.36602,-7.75645]},"properties":{"name":"room laundri","type":"Laundry","category":"kebutuhan","subcategory":"Toko","opening_hours":null,"operator":null,"osm_id":362019984}},{"type":"Feature","geometry":{"type":"Point","coordinates":[110.39517,-7.86876]},"properties":{"name":"Pasar Klitikan Lestari Mulyo","type":"Marketplace","category":"kebutuhan","subcategory":"Pasar","opening_hours":"09:00-13:00","operator":null,"osm_id":613673142}},{"type":"Feature","geometry":{"type":"Point","coordinates":[110.35347,-7.7823]},"properties":{"name":"Super Indo","type":"Supermarket","category":"kebutuhan","subcategory":"Supermarket","opening_hours":null,"operator":null,"osm_id":1003555627}},{"type":"Feature","geometry":{"type":"Point","coordinates":[110.36245,-7.7967]},"properties":{"name":"Pasar Pathuk","type":"Marketplace","category":"kebutuhan","subcategory":"Pasar","opening_hours":null,"operator":null,"osm_id":597341813}},{"type":"Feature","geometry":{"type":"Point","coordinates":[110.36428,-7.79871]},"properties":{"name":"Teras Malioboro 1","type":"Marketplace","category":"kebutuhan","subcategory":"Pasar","opening_hours":null,"operator":null,"osm_id":283886493}},{"type":"Feature","geometry":{"type":"Point","coordinates":[110.36512,-7.79933]},"properties":{"name":"Pasar Sore Malioboro","type":"Marketplace","category":"kebutuhan","subcategory":"Pasar","opening_hours":"15:00-22:00","operator":null,"osm_id":616211647}},{"type":"Feature","geometry":{"type":"Point","coordinates":[110.3547,-7.81609]},"properties":{"name":"Azizi Cake and Catering","type":"Bakery","category":"kebutuhan","subcategory":"Toko","opening_hours":null,"operator":"Azizi Cake and Catering","osm_id":414550743}},{"type":"Feature","geometry":{"type":"Point","coordinates":[110.35491,-7.81563]},"properties":{"name":"Pasar Condronegaran","type":"Marketplace","category":"kebutuhan","subcategory":"Pasar","opening_hours":null,"operator":null,"osm_id":477334282}},{"type":"Feature","geometry":{"type":"Point","coordinates":[110.3658,-7.79197]},"properties":{"name":"Raditya","type":"Clothes","category":"kebutuhan","subcategory":"Toko","opening_hours":null,"operator":null,"osm_id":532455032}},{"type":"Feature","geometry":{"type":"Point","coordinates":[110.3658,-7.79064]},"properties":{"name":"Batik Corona","type":"Clothes","category":"kebutuhan","subcategory":"Toko","opening_hours":null,"operator":null,"osm_id":1137827100}},{"type":"Feature","geometry":{"type":"Point","coordinates":[110.36581,-7.79099]},"properties":{"name":"Batik Sekar dan Roro","type":"Clothes","category":"kebutuhan","subcategory":"Toko","opening_hours":null,"operator":null,"osm_id":280982119}},{"type":"Feature","geometry":{"type":"Point","coordinates":[110.36588,-7.79038]},"properties":{"name":"Pramatya \"Toko Batik\"","type":"Clothes","category":"kebutuhan","subcategory":"Toko","opening_hours":null,"operator":null,"osm_id":280982724}},{"type":"Feature","geometry":{"type":"Point","coordinates":[110.3658,-7.79111]},"properties":{"name":"Maruti Batik","type":"Clothes","category":"kebutuhan","subcategory":"Toko","opening_hours":null,"operator":null,"osm_id":532455047}},{"type":"Feature","geometry":{"type":"Point","coordinates":[110.36585,-7.7906]},"properties":{"name":"Batik Borobudur","type":"Clothes","category":"kebutuhan","subcategory":"Toko","opening_hours":null,"operator":null,"osm_id":1137827101}},{"type":"Feature","geometry":{"type":"Point","coordinates":[110.34962,-7.80976]},"properties":{"name":"Pasar Legi","type":"Marketplace","category":"kebutuhan","subcategory":"Pasar","opening_hours":"05:00-11:00","operator":null,"osm_id":354282751}},{"type":"Feature","geometry":{"type":"Point","coordinates":[110.35312,-7.79727]},"properties":{"name":"Klithikan Pakuncen","type":"Marketplace","category":"kebutuhan","subcategory":"Pasar","opening_hours":"12:00-24:00","operator":null,"osm_id":361888050}},{"type":"Feature","geometry":{"type":"Point","coordinates":[110.39178,-7.87091]},"properties":{"name":"Pasar Desa Wonokromo","type":"Marketplace","category":"kebutuhan","subcategory":"Pasar","opening_hours":"Mo-Su 05:00-16:00","operator":"Kalurahan Wonokromo","osm_id":1098471107}},{"type":"Feature","geometry":{"type":"Point","coordinates":[110.35583,-7.80958]},"properties":{"name":"Pasar Tamansari","type":"Marketplace","category":"kebutuhan","subcategory":"Pasar","opening_hours":"06:00-14:00","operator":null,"osm_id":414612278}},{"type":"Feature","geometry":{"type":"Point","coordinates":[110.38138,-7.91659]},"properties":{"name":"Pasar Imogiri","type":"Marketplace","category":"kebutuhan","subcategory":"Pasar","opening_hours":"06:00-16:00","operator":null,"osm_id":338094672}},{"type":"Feature","geometry":{"type":"Point","coordinates":[110.38137,-7.91654]},"properties":{"name":"Pasar Imogiri","type":"Marketplace","category":"kebutuhan","subcategory":"Pasar","opening_hours":"06:00 - 16:00","operator":null,"osm_id":615161698}},{"type":"Feature","geometry":{"type":"Point","coordinates":[110.34974,-7.84023]},"properties":{"name":"Pasar Niten","type":"Marketplace","category":"kebutuhan","subcategory":"Pasar","opening_hours":"04:00-18:00","operator":null,"osm_id":357687090}},{"type":"Feature","geometry":{"type":"Point","coordinates":[110.35248,-7.88186]},"properties":{"name":"Toko DM Baru 6","type":"Supermarket","category":"kebutuhan","subcategory":"Supermarket","opening_hours":null,"operator":null,"osm_id":536136136}},{"type":"Feature","geometry":{"type":"Point","coordinates":[110.3541,-7.80088]},"properties":{"name":"Pasar Serangan","type":"Marketplace","category":"kebutuhan","subcategory":"Pasar","opening_hours":"03:00-13:00","operator":null,"osm_id":122961658}},{"type":"Feature","geometry":{"type":"Point","coordinates":[110.36552,-7.79361]},"properties":{"name":"Dugem","type":"Clothes","category":"kebutuhan","subcategory":"Toko","opening_hours":null,"operator":null,"osm_id":283720225}},{"type":"Feature","geometry":{"type":"Point","coordinates":[110.36556,-7.79372]},"properties":{"name":"Batik Janoko","type":"Clothes","category":"kebutuhan","subcategory":"Toko","opening_hours":null,"operator":null,"osm_id":532465725}},{"type":"Feature","geometry":{"type":"Point","coordinates":[110.38082,-7.95295]},"properties":{"name":"Pasar Desa Siluk","type":"Marketplace","category":"kebutuhan","subcategory":"Pasar","opening_hours":"05:00-11:00","operator":null,"osm_id":615162145}},{"type":"Feature","geometry":{"type":"Point","coordinates":[110.45822,-7.68291]},"properties":{"name":"Pasar Banjarharjo","type":"Marketplace","category":"kebutuhan","subcategory":"Pasar","opening_hours":"06:00-12:00","operator":null,"osm_id":619028806}},{"type":"Feature","geometry":{"type":"Point","coordinates":[110.4115,-7.68267]},"properties":{"name":"Joglo Mart","type":"Convenience","category":"kebutuhan","subcategory":"Toko","opening_hours":null,"operator":null,"osm_id":362836670}},{"type":"Feature","geometry":{"type":"Point","coordinates":[110.41963,-7.68282]},"properties":{"name":"Hardware","type":"Hardware","category":"kebutuhan","subcategory":"Toko","opening_hours":null,"operator":null,"osm_id":505438241}},{"type":"Feature","geometry":{"type":"Point","coordinates":[110.3848,-7.66582]},"properties":{"name":"Pasar Perjuangan Kasultanan Srowolan","type":"Marketplace","category":"kebutuhan","subcategory":"Pasar","opening_hours":null,"operator":null,"osm_id":533538000}},{"type":"Feature","geometry":{"type":"Point","coordinates":[110.4023,-7.80832]},"properties":{"name":"Toko SW Plastik","type":"Kiosk","category":"kebutuhan","subcategory":"Toko","opening_hours":null,"operator":null,"osm_id":530313708}},{"type":"Feature","geometry":{"type":"Point","coordinates":[110.40237,-7.80821]},"properties":{"name":"Toko Panji Jaya","type":"Hardware","category":"kebutuhan","subcategory":"Toko","opening_hours":null,"operator":null,"osm_id":530313712}},{"type":"Feature","geometry":{"type":"Point","coordinates":[110.40426,-7.81089]},"properties":{"name":"Rejeki Elektronik","type":"Electronics","category":"kebutuhan","subcategory":"Toko","opening_hours":null,"operator":null,"osm_id":530064231}},{"type":"Feature","geometry":{"type":"Point","coordinates":[110.40301,-7.81113]},"properties":{"name":"Toko Adi","type":"Electronics","category":"kebutuhan","subcategory":"Toko","opening_hours":null,"operator":null,"osm_id":530064186}},{"type":"Feature","geometry":{"type":"Point","coordinates":[110.40606,-7.81098]},"properties":{"name":"Sri Dekor","type":"Furniture","category":"kebutuhan","subcategory":"Toko","opening_hours":null,"operator":null,"osm_id":241494679}},{"type":"Feature","geometry":{"type":"Point","coordinates":[110.40308,-7.81082]},"properties":{"name":"Fresh","type":"Laundry","category":"kebutuhan","subcategory":"Toko","opening_hours":null,"operator":null,"osm_id":530064199}},{"type":"Feature","geometry":{"type":"Point","coordinates":[110.4067,-7.81095]},"properties":{"name":"Wiens","type":"Kiosk","category":"kebutuhan","subcategory":"Toko","opening_hours":null,"operator":null,"osm_id":530064244}},{"type":"Feature","geometry":{"type":"Point","coordinates":[110.40637,-7.81097]},"properties":{"name":"MUR - BAUT","type":"Hardware","category":"kebutuhan","subcategory":"Toko","opening_hours":null,"operator":null,"osm_id":530064235}},{"type":"Feature","geometry":{"type":"Point","coordinates":[110.40369,-7.81112]},"properties":{"name":"Prayoga Jati","type":"Furniture","category":"kebutuhan","subcategory":"Toko","opening_hours":null,"operator":null,"osm_id":240367474}},{"type":"Feature","geometry":{"type":"Point","coordinates":[110.40492,-7.81089]},"properties":{"name":"Toko Utomo","type":"Convenience","category":"kebutuhan","subcategory":"Toko","opening_hours":null,"operator":null,"osm_id":240368665}},{"type":"Feature","geometry":{"type":"Point","coordinates":[110.39891,-7.80344]},"properties":{"name":"Pasar Gedong Kuning","type":"Marketplace","category":"kebutuhan","subcategory":"Pasar","opening_hours":"05:00-14:00","operator":null,"osm_id":594852464}},{"type":"Feature","geometry":{"type":"Point","coordinates":[110.37772,-7.80157]},"properties":{"name":"Toko Sriwijaya","type":"Clothes","category":"kebutuhan","subcategory":"Toko","opening_hours":null,"operator":null,"osm_id":273670908}},{"type":"Feature","geometry":{"type":"Point","coordinates":[110.37741,-7.80211]},"properties":{"name":"Pasar Sentul","type":"Marketplace","category":"kebutuhan","subcategory":"Pasar","opening_hours":"04:00-16:00","operator":null,"osm_id":594852396}},{"type":"Feature","geometry":{"type":"Point","coordinates":[110.43301,-7.70471]},"properties":{"name":"Toko COZY","type":"Supermarket","category":"kebutuhan","subcategory":"Supermarket","opening_hours":"Mo-Su 07:00-21:00","operator":null,"osm_id":363793841}},{"type":"Feature","geometry":{"type":"Point","coordinates":[110.46172,-7.67828]},"properties":{"name":"Pasar Ikan Krido Baruna","type":"Marketplace","category":"kebutuhan","subcategory":"Pasar","opening_hours":"07:00-10:00","operator":null,"osm_id":363666318}},{"type":"Feature","geometry":{"type":"Point","coordinates":[110.41713,-7.67596]},"properties":{"name":"White Guy T-Shirt","type":"Clothes","category":"kebutuhan","subcategory":"Toko","opening_hours":null,"operator":null,"osm_id":362838292}},{"type":"Feature","geometry":{"type":"Point","coordinates":[110.27795,-7.98388]},"properties":{"name":"Marketplace","type":"Marketplace","category":"kebutuhan","subcategory":"Pasar","opening_hours":null,"operator":null,"osm_id":619118279}},{"type":"Feature","geometry":{"type":"Point","coordinates":[110.31138,-7.97073]},"properties":{"name":"Pasar Turi","type":"Marketplace","category":"kebutuhan","subcategory":"Pasar","opening_hours":"07:00-12:00","operator":null,"osm_id":620751093}},{"type":"Feature","geometry":{"type":"Point","coordinates":[110.28409,-7.97375]},"properties":{"name":"Toko Tiara Indah","type":"Convenience","category":"kebutuhan","subcategory":"Toko","opening_hours":null,"operator":null,"osm_id":531012693}},{"type":"Feature","geometry":{"type":"Point","coordinates":[110.27681,-7.96905]},"properties":{"name":"Butcher Shop (Ayam Potong Sifa)","type":"Kiosk","category":"kebutuhan","subcategory":"Toko","opening_hours":null,"operator":null,"osm_id":530659434}},{"type":"Feature","geometry":{"type":"Point","coordinates":[110.2757,-7.97095]},"properties":{"name":"Jasa Pembuatan Website Bantul Jogja","type":"Computer","category":"kebutuhan","subcategory":"Toko","opening_hours":null,"operator":null,"osm_id":530659814}},{"type":"Feature","geometry":{"type":"Point","coordinates":[110.31693,-7.97872]},"properties":{"name":"Pasar Ngangkruk","type":"Marketplace","category":"kebutuhan","subcategory":"Pasar","opening_hours":"06:00-16:00","operator":null,"osm_id":529887118}},{"type":"Feature","geometry":{"type":"Point","coordinates":[110.31839,-7.97264]},"properties":{"name":"Pasar Angkruksari","type":"Marketplace","category":"kebutuhan","subcategory":"Pasar","opening_hours":"04:00-18:00","operator":null,"osm_id":616568603}},{"type":"Feature","geometry":{"type":"Point","coordinates":[110.28621,-7.98375]},"properties":{"name":"Raffa X Store","type":"Convenience","category":"kebutuhan","subcategory":"Toko","opening_hours":null,"operator":null,"osm_id":530758156}},{"type":"Feature","geometry":{"type":"Point","coordinates":[110.28392,-7.97504]},"properties":{"name":"Japhe Methe Cell","type":"Mobile Phone","category":"kebutuhan","subcategory":"Toko","opening_hours":null,"operator":null,"osm_id":531012664}},{"type":"Feature","geometry":{"type":"Point","coordinates":[110.29624,-7.98953]},"properties":{"name":"Ribow Laundry","type":"Laundry","category":"kebutuhan","subcategory":"Toko","opening_hours":null,"operator":null,"osm_id":530810104}},{"type":"Feature","geometry":{"type":"Point","coordinates":[110.31009,-7.98564]},"properties":{"name":"Laundry Nia","type":"Laundry","category":"kebutuhan","subcategory":"Toko","opening_hours":null,"operator":null,"osm_id":530279614}},{"type":"Feature","geometry":{"type":"Point","coordinates":[110.28548,-7.97874]},"properties":{"name":"Toko Raisha","type":"Convenience","category":"kebutuhan","subcategory":"Toko","opening_hours":null,"operator":null,"osm_id":531012241}},{"type":"Feature","geometry":{"type":"Point","coordinates":[110.28266,-7.98213]},"properties":{"name":"Toko Amanah","type":"Convenience","category":"kebutuhan","subcategory":"Toko","opening_hours":null,"operator":null,"osm_id":531012601}},{"type":"Feature","geometry":{"type":"Point","coordinates":[110.30315,-7.94229]},"properties":{"name":"Pasar Grogol","type":"Marketplace","category":"kebutuhan","subcategory":"Pasar","opening_hours":"05:00-09:00","operator":null,"osm_id":617326406}},{"type":"Feature","geometry":{"type":"Point","coordinates":[110.41614,-7.69865]},"properties":{"name":"Furniture","type":"Furniture","category":"kebutuhan","subcategory":"Toko","opening_hours":null,"operator":null,"osm_id":362688896}},{"type":"Feature","geometry":{"type":"Point","coordinates":[110.41752,-7.69676]},"properties":{"name":"Toko Cat prima Warna","type":"Hardware","category":"kebutuhan","subcategory":"Toko","opening_hours":null,"operator":null,"osm_id":362686411}},{"type":"Feature","geometry":{"type":"Point","coordinates":[110.41729,-7.69667]},"properties":{"name":"Drinking Water ROQUA","type":"Kiosk","category":"kebutuhan","subcategory":"Toko","opening_hours":null,"operator":null,"osm_id":530517290}},{"type":"Feature","geometry":{"type":"Point","coordinates":[110.4171,-7.69701]},"properties":{"name":"Dua's","type":"Electronics","category":"kebutuhan","subcategory":"Toko","opening_hours":null,"operator":null,"osm_id":362689161}},{"type":"Feature","geometry":{"type":"Point","coordinates":[110.417,-7.69715]},"properties":{"name":"Fotocopy","type":"Copyshop","category":"kebutuhan","subcategory":"Toko","opening_hours":null,"operator":null,"osm_id":362688885}},{"type":"Feature","geometry":{"type":"Point","coordinates":[110.41718,-7.69693]},"properties":{"name":"laundry","type":"Laundry","category":"kebutuhan","subcategory":"Toko","opening_hours":null,"operator":null,"osm_id":362689127}},{"type":"Feature","geometry":{"type":"Point","coordinates":[110.41747,-7.69687]},"properties":{"name":"EN Cell","type":"Mobile Phone","category":"kebutuhan","subcategory":"Toko","opening_hours":null,"operator":null,"osm_id":362686341}},{"type":"Feature","geometry":{"type":"Point","coordinates":[110.41842,-7.6945]},"properties":{"name":"R3new Property","type":"Furniture","category":"kebutuhan","subcategory":"Toko","opening_hours":null,"operator":null,"osm_id":362691213}},{"type":"Feature","geometry":{"type":"Point","coordinates":[110.47612,-7.69404]},"properties":{"name":"Pasar Jambon","type":"Marketplace","category":"kebutuhan","subcategory":"Pasar","opening_hours":null,"operator":null,"osm_id":533503891}},{"type":"Feature","geometry":{"type":"Point","coordinates":[110.41498,-7.7013]},"properties":{"name":"Kenes Laundry","type":"Laundry","category":"kebutuhan","subcategory":"Toko","opening_hours":"08:30-12:30,15:30-20:00","operator":null,"osm_id":362165234}},{"type":"Feature","geometry":{"type":"Point","coordinates":[110.41177,-7.68758]},"properties":{"name":"SyarE Mart UII","type":"Convenience","category":"kebutuhan","subcategory":"Toko","opening_hours":null,"operator":null,"osm_id":314216271}},{"type":"Feature","geometry":{"type":"Point","coordinates":[110.4155,-7.7005]},"properties":{"name":"Agung Grosir","type":"Supermarket","category":"kebutuhan","subcategory":"Supermarket","opening_hours":"08:30-12:30,15:30-20:00","operator":null,"osm_id":362165221}},{"type":"Feature","geometry":{"type":"Point","coordinates":[110.47545,-7.69436]},"properties":{"name":"Marketplace","type":"Marketplace","category":"kebutuhan","subcategory":"Pasar","opening_hours":null,"operator":null,"osm_id":619028805}},{"type":"Feature","geometry":{"type":"Point","coordinates":[110.31399,-7.7971]},"properties":{"name":"Warung \"Mbak Fat\"","type":"Kiosk","category":"kebutuhan","subcategory":"Toko","opening_hours":null,"operator":null,"osm_id":208668300}},{"type":"Feature","geometry":{"type":"Point","coordinates":[110.37724,-7.78871]},"properties":{"name":"Bintang Biru Copy Center","type":"Copyshop","category":"kebutuhan","subcategory":"Toko","opening_hours":"Mo-Sa 09:00-21:00; PH closed","operator":null,"osm_id":481083135}},{"type":"Feature","geometry":{"type":"Point","coordinates":[110.37507,-7.78386]},"properties":{"name":"Wardah Beauty House","type":"Beauty","category":"kebutuhan","subcategory":"Toko","opening_hours":null,"operator":null,"osm_id":616212916}},{"type":"Feature","geometry":{"type":"Point","coordinates":[110.38717,-7.72191]},"properties":{"name":"Indomaret Kapten Riyadi","type":"Convenience","category":"kebutuhan","subcategory":"Toko","opening_hours":null,"operator":null,"osm_id":530874188}},{"type":"Feature","geometry":{"type":"Point","coordinates":[110.37327,-7.76308]},"properties":{"name":"Copyshop","type":"Copyshop","category":"kebutuhan","subcategory":"Toko","opening_hours":null,"operator":null,"osm_id":529979687}},{"type":"Feature","geometry":{"type":"Point","coordinates":[110.37459,-7.76135]},"properties":{"name":"Toko Shamila","type":"Convenience","category":"kebutuhan","subcategory":"Toko","opening_hours":null,"operator":null,"osm_id":551780876}},{"type":"Feature","geometry":{"type":"Point","coordinates":[110.3633,-7.76121]},"properties":{"name":"Pasar Kutu","type":"Marketplace","category":"kebutuhan","subcategory":"Pasar","opening_hours":"05:00-11:00","operator":null,"osm_id":620576257}},{"type":"Feature","geometry":{"type":"Point","coordinates":[110.38881,-7.72274]},"properties":{"name":"Toko Tri Lestari","type":"Hardware","category":"kebutuhan","subcategory":"Toko","opening_hours":null,"operator":null,"osm_id":364830159}},{"type":"Feature","geometry":{"type":"Point","coordinates":[110.40492,-7.71896]},"properties":{"name":"Ollin Bakery & Cakeshop","type":"Bakery","category":"kebutuhan","subcategory":"Toko","opening_hours":null,"operator":null,"osm_id":362374031}},{"type":"Feature","geometry":{"type":"Point","coordinates":[110.40433,-7.7192]},"properties":{"name":"Pasar Gentan","type":"Marketplace","category":"kebutuhan","subcategory":"Pasar","opening_hours":null,"operator":null,"osm_id":270024386}},{"type":"Feature","geometry":{"type":"Point","coordinates":[110.40561,-7.71618]},"properties":{"name":"Kios","type":"Kiosk","category":"kebutuhan","subcategory":"Toko","opening_hours":null,"operator":null,"osm_id":362388227}},{"type":"Feature","geometry":{"type":"Point","coordinates":[110.40276,-7.72174]},"properties":{"name":"Djogja Photocopy","type":"Copyshop","category":"kebutuhan","subcategory":"Toko","opening_hours":null,"operator":null,"osm_id":362373896}},{"type":"Feature","geometry":{"type":"Point","coordinates":[110.41315,-7.70315]},"properties":{"name":"Gudang Bakpia","type":"Gift","category":"kebutuhan","subcategory":"Toko","opening_hours":null,"operator":null,"osm_id":362165313}},{"type":"Feature","geometry":{"type":"Point","coordinates":[110.43343,-7.70462]},"properties":{"name":"Salon Wied","type":"Beauty","category":"kebutuhan","subcategory":"Toko","opening_hours":null,"operator":null,"osm_id":1097417377}},{"type":"Feature","geometry":{"type":"Point","coordinates":[110.3873,-7.71004]},"properties":{"name":"Pasar Rejodani","type":"Marketplace","category":"kebutuhan","subcategory":"Pasar","opening_hours":"05:00-15:00","operator":null,"osm_id":363088950}},{"type":"Feature","geometry":{"type":"Point","coordinates":[110.38768,-7.70848]},"properties":{"name":"Madani Swalayan","type":"Supermarket","category":"kebutuhan","subcategory":"Supermarket","opening_hours":null,"operator":null,"osm_id":363088345}},{"type":"Feature","geometry":{"type":"Point","coordinates":[110.40473,-7.71845]},"properties":{"name":"Resepshe Undangan Pernikahan","type":"Gift","category":"kebutuhan","subcategory":"Toko","opening_hours":null,"operator":null,"osm_id":362373757}},{"type":"Feature","geometry":{"type":"Point","coordinates":[110.54725,-7.84704]},"properties":{"name":"Convenience","type":"Convenience","category":"kebutuhan","subcategory":"Toko","opening_hours":null,"operator":null,"osm_id":906958449}},{"type":"Feature","geometry":{"type":"Point","coordinates":[110.22147,-7.94907]},"properties":{"name":"Pasar Kliwon/Ngasem/Kranggan","type":"Marketplace","category":"kebutuhan","subcategory":"Pasar","opening_hours":null,"operator":null,"osm_id":530914734}},{"type":"Feature","geometry":{"type":"Point","coordinates":[110.22138,-7.94912]},"properties":{"name":"Pasar Kliwon/Ngasem/Kranggan","type":"Marketplace","category":"kebutuhan","subcategory":"Pasar","opening_hours":null,"operator":null,"osm_id":530914735}},{"type":"Feature","geometry":{"type":"Point","coordinates":[110.22107,-7.94935]},"properties":{"name":"Pasar Kliwon/Ngasem/Kranggan","type":"Marketplace","category":"kebutuhan","subcategory":"Pasar","opening_hours":null,"operator":null,"osm_id":530914736}},{"type":"Feature","geometry":{"type":"Point","coordinates":[110.22132,-7.94929]},"properties":{"name":"Pasar Kliwon/Ngasem/Kranggan","type":"Marketplace","category":"kebutuhan","subcategory":"Pasar","opening_hours":null,"operator":null,"osm_id":530914739}},{"type":"Feature","geometry":{"type":"Point","coordinates":[110.29568,-7.99174]},"properties":{"name":"Pasar Petung","type":"Marketplace","category":"kebutuhan","subcategory":"Pasar","opening_hours":"07:00-12:00","operator":null,"osm_id":530810320}},{"type":"Feature","geometry":{"type":"Point","coordinates":[110.40096,-7.72498]},"properties":{"name":"Clothes","type":"Clothes","category":"kebutuhan","subcategory":"Toko","opening_hours":null,"operator":null,"osm_id":364600729}},{"type":"Feature","geometry":{"type":"Point","coordinates":[110.47729,-7.77746]},"properties":{"name":"Jogja Sablon Prambanan","type":"Clothes","category":"kebutuhan","subcategory":"Toko","opening_hours":null,"operator":null,"osm_id":530793380}},{"type":"Feature","geometry":{"type":"Point","coordinates":[110.47903,-7.77363]},"properties":{"name":"Pasar Unggas Prambanan","type":"Marketplace","category":"kebutuhan","subcategory":"Pasar","opening_hours":"10:00 - 15:00","operator":null,"osm_id":620766401}},{"type":"Feature","geometry":{"type":"Point","coordinates":[110.44408,-7.58291]},"properties":{"name":"Kiosk","type":"Kiosk","category":"kebutuhan","subcategory":"Toko","opening_hours":null,"operator":null,"osm_id":261202648}},{"type":"Feature","geometry":{"type":"Point","coordinates":[110.22115,-7.94933]},"properties":{"name":"Pasar Kliwon/Ngasem/Kranggan","type":"Marketplace","category":"kebutuhan","subcategory":"Pasar","opening_hours":null,"operator":null,"osm_id":530914737}},{"type":"Feature","geometry":{"type":"Point","coordinates":[110.37555,-7.78072]},"properties":{"name":"Computa","type":"Computer","category":"kebutuhan","subcategory":"Toko","opening_hours":"Mo-Fr 08:30-20:00","operator":null,"osm_id":122832064}},{"type":"Feature","geometry":{"type":"Point","coordinates":[110.37205,-7.78123]},"properties":{"name":"Pasar Terban","type":"Marketplace","category":"kebutuhan","subcategory":"Pasar","opening_hours":"04:00-10:00","operator":null,"osm_id":120382810}},{"type":"Feature","geometry":{"type":"Point","coordinates":[110.36567,-7.75727]},"properties":{"name":"jessy laundry","type":"Laundry","category":"kebutuhan","subcategory":"Toko","opening_hours":null,"operator":null,"osm_id":362020107}},{"type":"Feature","geometry":{"type":"Point","coordinates":[110.34531,-7.76353]},"properties":{"name":"Mansion Vvip Jogja","type":"Spa","category":"kebutuhan","subcategory":"Toko","opening_hours":null,"operator":null,"osm_id":363690826}},{"type":"Feature","geometry":{"type":"Point","coordinates":[110.48191,-7.73615]},"properties":{"name":"Kebon Sayur","type":"Marketplace","category":"kebutuhan","subcategory":"Pasar","opening_hours":null,"operator":null,"osm_id":1066714097}},{"type":"Feature","geometry":{"type":"Point","coordinates":[110.35871,-7.78306]},"properties":{"name":"Pasar Pingit","type":"Marketplace","category":"kebutuhan","subcategory":"Pasar","opening_hours":"Mo-Su 06:00-17:00","operator":null,"osm_id":121520340}},{"type":"Feature","geometry":{"type":"Point","coordinates":[110.36574,-7.79084]},"properties":{"name":"Radjo batik","type":"Clothes","category":"kebutuhan","subcategory":"Toko","opening_hours":null,"operator":null,"osm_id":532454990}},{"type":"Feature","geometry":{"type":"Point","coordinates":[110.5316,-7.79829]},"properties":{"name":"Pasar Desa Gayamharjo","type":"Marketplace","category":"kebutuhan","subcategory":"Pasar","opening_hours":"12:00+","operator":null,"osm_id":533737882}},{"type":"Feature","geometry":{"type":"Point","coordinates":[110.64718,-7.85893]},"properties":{"name":"Pasar Wotgaleh","type":"Marketplace","category":"kebutuhan","subcategory":"Pasar","opening_hours":null,"operator":null,"osm_id":1340667477}},{"type":"Feature","geometry":{"type":"Point","coordinates":[110.28652,-7.9821]},"properties":{"name":"Marketplace","type":"Marketplace","category":"kebutuhan","subcategory":"Pasar","opening_hours":"06:00-10:00","operator":null,"osm_id":531012411}},{"type":"Feature","geometry":{"type":"Point","coordinates":[110.41409,-7.82493]},"properties":{"name":"Ashalina Laundry","type":"Laundry","category":"kebutuhan","subcategory":"Toko","opening_hours":null,"operator":null,"osm_id":797061006}},{"type":"Feature","geometry":{"type":"Point","coordinates":[110.41426,-7.8248]},"properties":{"name":"Narindra Cell","type":"Mobile Phone","category":"kebutuhan","subcategory":"Toko","opening_hours":null,"operator":null,"osm_id":797061016}},{"type":"Feature","geometry":{"type":"Point","coordinates":[110.414,-7.82512]},"properties":{"name":"Toko Legi","type":"Convenience","category":"kebutuhan","subcategory":"Toko","opening_hours":null,"operator":null,"osm_id":797061008}},{"type":"Feature","geometry":{"type":"Point","coordinates":[110.14251,-7.89289]},"properties":{"name":"Marketplace","type":"Marketplace","category":"kebutuhan","subcategory":"Pasar","opening_hours":null,"operator":null,"osm_id":236349778}},{"type":"Feature","geometry":{"type":"Point","coordinates":[110.40706,-7.86593]},"properties":{"name":"Pasar Pleret","type":"Marketplace","category":"kebutuhan","subcategory":"Pasar","opening_hours":"04:00-15:00","operator":null,"osm_id":617106561}},{"type":"Feature","geometry":{"type":"Point","coordinates":[110.3558,-7.8206]},"properties":{"name":"Super Indo","type":"Supermarket","category":"kebutuhan","subcategory":"Supermarket","opening_hours":null,"operator":null,"osm_id":612931073}},{"type":"Feature","geometry":{"type":"Point","coordinates":[110.35576,-7.82035]},"properties":{"name":"Alfamidi","type":"Convenience","category":"kebutuhan","subcategory":"Toko","opening_hours":null,"operator":null,"osm_id":612931074}},{"type":"Feature","geometry":{"type":"Point","coordinates":[110.34815,-7.78881]},"properties":{"name":"Alfamart","type":"Convenience","category":"kebutuhan","subcategory":"Toko","opening_hours":null,"operator":"PT Sumber Alfaria Trijaya,Tbk","osm_id":418869327}},{"type":"Feature","geometry":{"type":"Point","coordinates":[110.37253,-7.78817]},"properties":{"name":"Alfamart","type":"Convenience","category":"kebutuhan","subcategory":"Toko","opening_hours":"Mo-Su 09:00-21:00; PH closed","operator":"PT Sumber Alfaria Trijaya,Tbk","osm_id":481309596}},{"type":"Feature","geometry":{"type":"Point","coordinates":[110.41648,-7.82189]},"properties":{"name":"Convenience","type":"Convenience","category":"kebutuhan","subcategory":"Toko","opening_hours":null,"operator":null,"osm_id":531010547}},{"type":"Feature","geometry":{"type":"Point","coordinates":[110.41474,-7.82236]},"properties":{"name":"Toko Adelia","type":"Convenience","category":"kebutuhan","subcategory":"Toko","opening_hours":null,"operator":null,"osm_id":797060948}},{"type":"Feature","geometry":{"type":"Point","coordinates":[110.41478,-7.82313]},"properties":{"name":"Djogjakartu","type":"Mobile Phone","category":"kebutuhan","subcategory":"Toko","opening_hours":null,"operator":null,"osm_id":351193442}},{"type":"Feature","geometry":{"type":"Point","coordinates":[110.41309,-7.82948]},"properties":{"name":"Pasar Ngipik","type":"Marketplace","category":"kebutuhan","subcategory":"Pasar","opening_hours":null,"operator":null,"osm_id":393965186}},{"type":"Feature","geometry":{"type":"Point","coordinates":[110.38253,-7.7546]},"properties":{"name":"Indomaret","type":"Convenience","category":"kebutuhan","subcategory":"Toko","opening_hours":null,"operator":"PT. Indomarco Prismatama","osm_id":288931274}},{"type":"Feature","geometry":{"type":"Point","coordinates":[110.16182,-7.82341]},"properties":{"name":"Pasar Tradisional Clereng","type":"Marketplace","category":"kebutuhan","subcategory":"Pasar","opening_hours":null,"operator":null,"osm_id":386518505}},{"type":"Feature","geometry":{"type":"Point","coordinates":[110.41374,-7.78299]},"properties":{"name":"Indomaret","type":"Convenience","category":"kebutuhan","subcategory":"Toko","opening_hours":null,"operator":"PT. Indomarco Prismatama","osm_id":1012999301}},{"type":"Feature","geometry":{"type":"Point","coordinates":[110.32345,-7.80036]},"properties":{"name":"Indomaret","type":"Convenience","category":"kebutuhan","subcategory":"Toko","opening_hours":"24/7","operator":"PT. Indomarco Prismatama","osm_id":318756420}},{"type":"Feature","geometry":{"type":"Point","coordinates":[110.40413,-7.71903]},"properties":{"name":"Hannocks","type":"Electronics","category":"kebutuhan","subcategory":"Toko","opening_hours":null,"operator":null,"osm_id":362369026}},{"type":"Feature","geometry":{"type":"Point","coordinates":[110.40266,-7.75505]},"properties":{"name":"Cuva Sud Shop 1976","type":"Clothes","category":"kebutuhan","subcategory":"Toko","opening_hours":null,"operator":null,"osm_id":530299299}},{"type":"Feature","geometry":{"type":"Point","coordinates":[110.2712,-7.71683]},"properties":{"name":"Pasar Balangan","type":"Marketplace","category":"kebutuhan","subcategory":"Pasar","opening_hours":"05:00-20:00","operator":null,"osm_id":620559108}},{"type":"Feature","geometry":{"type":"Point","coordinates":[110.29827,-7.70871]},"properties":{"name":"Pasar Ngino","type":"Marketplace","category":"kebutuhan","subcategory":"Pasar","opening_hours":"05:00-20:00","operator":null,"osm_id":620559136}},{"type":"Feature","geometry":{"type":"Point","coordinates":[110.26248,-7.71603]},"properties":{"name":"Pasar Semprong","type":"Marketplace","category":"kebutuhan","subcategory":"Pasar","opening_hours":"Mo-Su 06:00-17:00","operator":null,"osm_id":120477364}},{"type":"Feature","geometry":{"type":"Point","coordinates":[110.23413,-7.72565]},"properties":{"name":"Sri Rejeki","type":"Supermarket","category":"kebutuhan","subcategory":"Supermarket","opening_hours":"Tu-Su 08:00-15:00;Sa 08:00-12:00","operator":null,"osm_id":120816394}},{"type":"Feature","geometry":{"type":"Point","coordinates":[110.27103,-7.74894]},"properties":{"name":"Pasar Klewonan","type":"Marketplace","category":"kebutuhan","subcategory":"Pasar","opening_hours":"05:00-10:00","operator":null,"osm_id":613203929}},{"type":"Feature","geometry":{"type":"Point","coordinates":[110.40714,-7.75978]},"properties":{"name":"Pasar Condong Catur","type":"Marketplace","category":"kebutuhan","subcategory":"Pasar","opening_hours":"05:00-12:00","operator":null,"osm_id":174113470}},{"type":"Feature","geometry":{"type":"Point","coordinates":[110.38506,-7.75276]},"properties":{"name":"Superindo","type":"Supermarket","category":"kebutuhan","subcategory":"Supermarket","opening_hours":null,"operator":null,"osm_id":259544585}},{"type":"Feature","geometry":{"type":"Point","coordinates":[110.38481,-7.74934]},"properties":{"name":"Ascomputer","type":"Computer","category":"kebutuhan","subcategory":"Toko","opening_hours":null,"operator":null,"osm_id":362972530}},{"type":"Feature","geometry":{"type":"Point","coordinates":[110.39588,-7.75866]},"properties":{"name":"Furniture","type":"Furniture","category":"kebutuhan","subcategory":"Toko","opening_hours":null,"operator":null,"osm_id":259567277}},{"type":"Feature","geometry":{"type":"Point","coordinates":[110.36971,-7.81369]},"properties":{"name":"Pehatech Indonesia","type":"Computer","category":"kebutuhan","subcategory":"Toko","opening_hours":"Mo-Fr 09:00-17:00","operator":null,"osm_id":315381957}},{"type":"Feature","geometry":{"type":"Point","coordinates":[110.37603,-7.75118]},"properties":{"name":"Warung Kelontong Anugerah","type":"Convenience","category":"kebutuhan","subcategory":"Toko","opening_hours":null,"operator":null,"osm_id":362869652}},{"type":"Feature","geometry":{"type":"Point","coordinates":[110.39846,-7.76444]},"properties":{"name":"Erma Komputer","type":"Computer","category":"kebutuhan","subcategory":"Toko","opening_hours":null,"operator":null,"osm_id":363103943}},{"type":"Feature","geometry":{"type":"Point","coordinates":[110.38531,-7.75138]},"properties":{"name":"Xtra Hot","type":"Restaurant","category":"kebutuhan","subcategory":"Toko","opening_hours":"10:00-23:00","operator":null,"osm_id":363411661}},{"type":"Feature","geometry":{"type":"Point","coordinates":[110.38684,-7.75896]},"properties":{"name":"Bismar computer djodja","type":"Computer","category":"kebutuhan","subcategory":"Toko","opening_hours":null,"operator":null,"osm_id":132684708}},{"type":"Feature","geometry":{"type":"Point","coordinates":[110.3811,-7.76287]},"properties":{"name":"Flaurent Salon","type":"Beauty","category":"kebutuhan","subcategory":"Toko","opening_hours":null,"operator":null,"osm_id":338123596}},{"type":"Feature","geometry":{"type":"Point","coordinates":[110.38355,-7.76338]},"properties":{"name":"ANOKA Laundry","type":"Laundry","category":"kebutuhan","subcategory":"Toko","opening_hours":"Mo-Su 08:00-21:00","operator":null,"osm_id":362528436}},{"type":"Feature","geometry":{"type":"Point","coordinates":[110.39419,-7.76216]},"properties":{"name":"Furniture","type":"Furniture","category":"kebutuhan","subcategory":"Toko","opening_hours":null,"operator":null,"osm_id":259567261}},{"type":"Feature","geometry":{"type":"Point","coordinates":[110.39527,-7.76212]},"properties":{"name":"Gading Mas 4","type":"Supermarket","category":"kebutuhan","subcategory":"Supermarket","opening_hours":null,"operator":null,"osm_id":259339405}},{"type":"Feature","geometry":{"type":"Point","coordinates":[110.41187,-7.76295]},"properties":{"name":"Toko Printing Eksklusif","type":"Copyshop","category":"kebutuhan","subcategory":"Toko","opening_hours":null,"operator":null,"osm_id":363095758}},{"type":"Feature","geometry":{"type":"Point","coordinates":[110.34413,-7.79351]},"properties":{"name":"Pasar Janten","type":"Marketplace","category":"kebutuhan","subcategory":"Pasar","opening_hours":"05:30-09:30","operator":null,"osm_id":620576278}},{"type":"Feature","geometry":{"type":"Point","coordinates":[110.37294,-7.79216]},"properties":{"name":"Pasar Lempuyangan","type":"Marketplace","category":"kebutuhan","subcategory":"Pasar","opening_hours":"07:00 - 13:00","operator":null,"osm_id":591992413}},{"type":"Feature","geometry":{"type":"Point","coordinates":[110.3142,-7.79704]},"properties":{"name":"Kiosk","type":"Kiosk","category":"kebutuhan","subcategory":"Toko","opening_hours":null,"operator":null,"osm_id":208668302}},{"type":"Feature","geometry":{"type":"Point","coordinates":[110.36859,-7.79836]},"properties":{"name":"Toko Progo","type":"Supermarket","category":"kebutuhan","subcategory":"Supermarket","opening_hours":null,"operator":null,"osm_id":313652617}},{"type":"Feature","geometry":{"type":"Point","coordinates":[110.365,-7.7979]},"properties":{"name":"Invider Shop","type":"Clothes","category":"kebutuhan","subcategory":"Toko","opening_hours":null,"operator":null,"osm_id":610466434}},{"type":"Feature","geometry":{"type":"Point","coordinates":[110.31554,-7.79862]},"properties":{"name":"Kiosk","type":"Kiosk","category":"kebutuhan","subcategory":"Toko","opening_hours":null,"operator":null,"osm_id":349735447}},{"type":"Feature","geometry":{"type":"Point","coordinates":[110.31305,-7.79844]},"properties":{"name":"Kiosk","type":"Kiosk","category":"kebutuhan","subcategory":"Toko","opening_hours":null,"operator":null,"osm_id":349799730}},{"type":"Feature","geometry":{"type":"Point","coordinates":[110.41108,-7.76448]},"properties":{"name":"Indomaret Seturan","type":"Convenience","category":"kebutuhan","subcategory":"Toko","opening_hours":null,"operator":null,"osm_id":530299300}},{"type":"Feature","geometry":{"type":"Point","coordinates":[110.4106,-7.76507]},"properties":{"name":"Jhonny","type":"Electronics","category":"kebutuhan","subcategory":"Toko","opening_hours":null,"operator":null,"osm_id":463270424}},{"type":"Feature","geometry":{"type":"Point","coordinates":[110.32258,-7.79398]},"properties":{"name":"Indomaret Patukan","type":"Convenience","category":"kebutuhan","subcategory":"Toko","opening_hours":"24/7","operator":null,"osm_id":318762111}},{"type":"Feature","geometry":{"type":"Point","coordinates":[110.3873,-7.7597]},"properties":{"name":"sentr@ computer","type":"Computer","category":"kebutuhan","subcategory":"Toko","opening_hours":null,"operator":null,"osm_id":132684719}},{"type":"Feature","geometry":{"type":"Point","coordinates":[110.38755,-7.75845]},"properties":{"name":"Pasar Manggung","type":"Marketplace","category":"kebutuhan","subcategory":"Pasar","opening_hours":"06:00-12:00","operator":null,"osm_id":620278808}},{"type":"Feature","geometry":{"type":"Point","coordinates":[110.374,-7.86498]},"properties":{"name":"Toko DM Baru 4","type":"Supermarket","category":"kebutuhan","subcategory":"Supermarket","opening_hours":null,"operator":null,"osm_id":613210367}},{"type":"Feature","geometry":{"type":"Point","coordinates":[110.40836,-7.86608]},"properties":{"name":"Toko DM Baru 1","type":"Supermarket","category":"kebutuhan","subcategory":"Supermarket","opening_hours":null,"operator":null,"osm_id":1018184695}},{"type":"Feature","geometry":{"type":"Point","coordinates":[110.39505,-7.75882]},"properties":{"name":"Otazen Home","type":"Furniture","category":"kebutuhan","subcategory":"Toko","opening_hours":null,"operator":null,"osm_id":122790617}},{"type":"Feature","geometry":{"type":"Point","coordinates":[110.36467,-7.79916]},"properties":{"name":"Hamzah Batik","type":"Clothes","category":"kebutuhan","subcategory":"Toko","opening_hours":null,"operator":null,"osm_id":121643262}},{"type":"Feature","geometry":{"type":"Point","coordinates":[110.38479,-7.75302]},"properties":{"name":"Mirota Pasaraya","type":"Supermarket","category":"kebutuhan","subcategory":"Supermarket","opening_hours":null,"operator":null,"osm_id":238557477}},{"type":"Feature","geometry":{"type":"Point","coordinates":[110.36562,-7.79351]},"properties":{"name":"Polo Ralph Lauren","type":"Clothes","category":"kebutuhan","subcategory":"Toko","opening_hours":null,"operator":null,"osm_id":532465728}},{"type":"Feature","geometry":{"type":"Point","coordinates":[110.36563,-7.79348]},"properties":{"name":"Bratatex","type":"Clothes","category":"kebutuhan","subcategory":"Toko","opening_hours":null,"operator":null,"osm_id":532465729}},{"type":"Feature","geometry":{"type":"Point","coordinates":[110.36567,-7.79338]},"properties":{"name":"Batik Surya","type":"Clothes","category":"kebutuhan","subcategory":"Toko","opening_hours":null,"operator":null,"osm_id":532465734}},{"type":"Feature","geometry":{"type":"Point","coordinates":[110.36567,-7.79328]},"properties":{"name":"adikusumo","type":"Clothes","category":"kebutuhan","subcategory":"Toko","opening_hours":null,"operator":null,"osm_id":532465741}},{"type":"Feature","geometry":{"type":"Point","coordinates":[110.3657,-7.79315]},"properties":{"name":"Teratai indah","type":"Clothes","category":"kebutuhan","subcategory":"Toko","opening_hours":null,"operator":null,"osm_id":532460744}},{"type":"Feature","geometry":{"type":"Point","coordinates":[110.36579,-7.79231]},"properties":{"name":"Srikandi Batik","type":"Clothes","category":"kebutuhan","subcategory":"Toko","opening_hours":null,"operator":null,"osm_id":532455021}},{"type":"Feature","geometry":{"type":"Point","coordinates":[110.36549,-7.79249]},"properties":{"name":"Ramayana","type":"Clothes","category":"kebutuhan","subcategory":"Toko","opening_hours":null,"operator":null,"osm_id":532455017}},{"type":"Feature","geometry":{"type":"Point","coordinates":[110.36567,-7.79235]},"properties":{"name":"Kawedar","type":"Gift","category":"kebutuhan","subcategory":"Toko","opening_hours":null,"operator":null,"osm_id":532460747}},{"type":"Feature","geometry":{"type":"Point","coordinates":[110.36835,-7.82008]},"properties":{"name":"Pasar Prawirotaman","type":"Marketplace","category":"kebutuhan","subcategory":"Pasar","opening_hours":"mo-su 06:00-15:00","operator":null,"osm_id":279488024}},{"type":"Feature","geometry":{"type":"Point","coordinates":[110.29001,-7.71584]},"properties":{"name":"Komplek Kios Desa","type":"Convenience","category":"kebutuhan","subcategory":"Toko","opening_hours":null,"operator":null,"osm_id":533299446}},{"type":"Feature","geometry":{"type":"Point","coordinates":[110.37319,-7.82436]},"properties":{"name":"Pasar Telo Karangkajen","type":"Marketplace","category":"kebutuhan","subcategory":"Pasar","opening_hours":null,"operator":null,"osm_id":594985595}},{"type":"Feature","geometry":{"type":"Point","coordinates":[110.36507,-7.7955]},"properties":{"name":"Batik Danar hadi","type":"Clothes","category":"kebutuhan","subcategory":"Toko","opening_hours":null,"operator":null,"osm_id":283720271}},{"type":"Feature","geometry":{"type":"Point","coordinates":[110.36534,-7.79567]},"properties":{"name":"Batik Keris","type":"Clothes","category":"kebutuhan","subcategory":"Toko","opening_hours":null,"operator":null,"osm_id":532652485}},{"type":"Feature","geometry":{"type":"Point","coordinates":[110.36358,-7.80538]},"properties":{"name":"Ticket","type":"Ticket","category":"kebutuhan","subcategory":"Toko","opening_hours":null,"operator":null,"osm_id":337341764}},{"type":"Feature","geometry":{"type":"Point","coordinates":[110.36336,-7.81394]},"properties":{"name":"cm 9 Fabric","type":"Clothes","category":"kebutuhan","subcategory":"Toko","opening_hours":null,"operator":null,"osm_id":610659730}},{"type":"Feature","geometry":{"type":"Point","coordinates":[110.38121,-7.75884]},"properties":{"name":"Beauty","type":"Beauty","category":"kebutuhan","subcategory":"Toko","opening_hours":null,"operator":null,"osm_id":362543144}},{"type":"Feature","geometry":{"type":"Point","coordinates":[110.36568,-7.78259]},"properties":{"name":"Pasar Kranggan","type":"Marketplace","category":"kebutuhan","subcategory":"Pasar","opening_hours":"05:00-20:00","operator":null,"osm_id":121121869}},{"type":"Feature","geometry":{"type":"Point","coordinates":[110.43149,-7.70495]},"properties":{"name":"Alfamart","type":"Convenience","category":"kebutuhan","subcategory":"Toko","opening_hours":null,"operator":"PT Sumber Alfaria Trijaya,Tbk","osm_id":363793062}},{"type":"Feature","geometry":{"type":"Point","coordinates":[110.41807,-7.69505]},"properties":{"name":"Indomaret","type":"Convenience","category":"kebutuhan","subcategory":"Toko","opening_hours":null,"operator":"PT. Indomarco Prismatama","osm_id":530590615}},{"type":"Feature","geometry":{"type":"Point","coordinates":[110.43447,-7.64766]},"properties":{"name":"Kios Desa Bedoyo","type":"Kiosk","category":"kebutuhan","subcategory":"Toko","opening_hours":null,"operator":null,"osm_id":533518591}},{"type":"Feature","geometry":{"type":"Point","coordinates":[110.41265,-7.80253]},"properties":{"name":"Pasar Kaswari","type":"Marketplace","category":"kebutuhan","subcategory":"Pasar","opening_hours":"08:00","operator":null,"osm_id":616531499}},{"type":"Feature","geometry":{"type":"Point","coordinates":[110.37439,-7.78878]},"properties":{"name":"Indomaret","type":"Convenience","category":"kebutuhan","subcategory":"Toko","opening_hours":"24/7","operator":"PT. Indomarco Prismatama","osm_id":480918882}},{"type":"Feature","geometry":{"type":"Point","coordinates":[110.40229,-7.81267]},"properties":{"name":"Alfamart","type":"Convenience","category":"kebutuhan","subcategory":"Toko","opening_hours":null,"operator":"PT Sumber Alfaria Trijaya,Tbk","osm_id":974291251}},{"type":"Feature","geometry":{"type":"Point","coordinates":[110.40185,-7.81231]},"properties":{"name":"Indomaret","type":"Convenience","category":"kebutuhan","subcategory":"Toko","opening_hours":null,"operator":"PT. Indomarco Prismatama","osm_id":974293302}},{"type":"Feature","geometry":{"type":"Point","coordinates":[110.39602,-7.81351]},"properties":{"name":"Alfamidi","type":"Convenience","category":"kebutuhan","subcategory":"Toko","opening_hours":null,"operator":null,"osm_id":1317058905}},{"type":"Feature","geometry":{"type":"Point","coordinates":[110.37834,-7.74963]},"properties":{"name":"Toko Keluarga","type":"Convenience","category":"kebutuhan","subcategory":"Toko","opening_hours":null,"operator":null,"osm_id":362869515}},{"type":"Feature","geometry":{"type":"Point","coordinates":[110.39494,-7.65999]},"properties":{"name":"Alfamart","type":"Convenience","category":"kebutuhan","subcategory":"Toko","opening_hours":null,"operator":"PT Sumber Alfaria Trijaya,Tbk","osm_id":362304057}},{"type":"Feature","geometry":{"type":"Point","coordinates":[110.39887,-7.81073]},"properties":{"name":"Indomaret","type":"Convenience","category":"kebutuhan","subcategory":"Toko","opening_hours":null,"operator":"PT. Indomarco Prismatama","osm_id":632140112}},{"type":"Feature","geometry":{"type":"Point","coordinates":[110.40769,-7.78302]},"properties":{"name":"Indomaret","type":"Convenience","category":"kebutuhan","subcategory":"Toko","opening_hours":null,"operator":"PT. Indomarco Prismatama","osm_id":1016758591}},{"type":"Feature","geometry":{"type":"Point","coordinates":[110.4038,-7.71954]},"properties":{"name":"Alfamart","type":"Convenience","category":"kebutuhan","subcategory":"Toko","opening_hours":null,"operator":"PT Sumber Alfaria Trijaya,Tbk","osm_id":362369043}},{"type":"Feature","geometry":{"type":"Point","coordinates":[110.38285,-7.72033]},"properties":{"name":"Indomaret","type":"Convenience","category":"kebutuhan","subcategory":"Toko","opening_hours":null,"operator":"PT. Indomarco Prismatama","osm_id":314101462}},{"type":"Feature","geometry":{"type":"Point","coordinates":[110.34242,-7.85357]},"properties":{"name":"Toko DM Baru 7","type":"Supermarket","category":"kebutuhan","subcategory":"Supermarket","opening_hours":null,"operator":null,"osm_id":1174953114}},{"type":"Feature","geometry":{"type":"Point","coordinates":[110.37917,-7.7815]},"properties":{"name":"Beauty Lux","type":"Beauty","category":"kebutuhan","subcategory":"Toko","opening_hours":null,"operator":null,"osm_id":319259490}},{"type":"Feature","geometry":{"type":"Point","coordinates":[110.38455,-7.77402]},"properties":{"name":"Fotokopi","type":"Copyshop","category":"kebutuhan","subcategory":"Toko","opening_hours":null,"operator":null,"osm_id":340087767}},{"type":"Feature","geometry":{"type":"Point","coordinates":[110.38847,-7.7811]},"properties":{"name":"Pasar Demangan","type":"Marketplace","category":"kebutuhan","subcategory":"Pasar","opening_hours":null,"operator":null,"osm_id":998411846}},{"type":"Feature","geometry":{"type":"Point","coordinates":[110.35231,-7.89481]},"properties":{"name":"Alfamart","type":"Convenience","category":"kebutuhan","subcategory":"Toko","opening_hours":null,"operator":"PT Sumber Alfaria Trijaya,Tbk","osm_id":534570463}},{"type":"Feature","geometry":{"type":"Point","coordinates":[110.38704,-7.76802]},"properties":{"name":"Plaza Agro Gadjah Mada","type":"Convenience","category":"kebutuhan","subcategory":"Toko","opening_hours":null,"operator":null,"osm_id":338123597}},{"type":"Feature","geometry":{"type":"Point","coordinates":[110.37336,-7.76429]},"properties":{"name":"Kantin Sipil","type":"Kiosk","category":"kebutuhan","subcategory":"Toko","opening_hours":null,"operator":null,"osm_id":529979697}},{"type":"Feature","geometry":{"type":"Point","coordinates":[110.39352,-7.73721]},"properties":{"name":"Alfamart","type":"Convenience","category":"kebutuhan","subcategory":"Toko","opening_hours":null,"operator":"PT Sumber Alfaria Trijaya,Tbk","osm_id":315383284}},{"type":"Feature","geometry":{"type":"Point","coordinates":[110.46809,-7.77131]},"properties":{"name":"Alfamart","type":"Convenience","category":"kebutuhan","subcategory":"Toko","opening_hours":null,"operator":"PT Sumber Alfaria Trijaya,Tbk","osm_id":613603888}},{"type":"Feature","geometry":{"type":"Point","coordinates":[110.48731,-7.80134]},"properties":{"name":"Pasar Dinginan","type":"Marketplace","category":"kebutuhan","subcategory":"Pasar","opening_hours":null,"operator":null,"osm_id":533746446}},{"type":"Feature","geometry":{"type":"Point","coordinates":[110.39746,-7.81946]},"properties":{"name":"Alfamart","type":"Convenience","category":"kebutuhan","subcategory":"Toko","opening_hours":null,"operator":"PT Sumber Alfaria Trijaya,Tbk","osm_id":1106598397}},{"type":"Feature","geometry":{"type":"Point","coordinates":[110.39034,-7.84803]},"properties":{"name":"Toko DM Baru 3","type":"Supermarket","category":"kebutuhan","subcategory":"Supermarket","opening_hours":"08:00-21:00","operator":null,"osm_id":1005089758}},{"type":"Feature","geometry":{"type":"Point","coordinates":[110.36623,-7.78787]},"properties":{"name":"Alfamart","type":"Convenience","category":"kebutuhan","subcategory":"Toko","opening_hours":null,"operator":"PT Sumber Alfaria Trijaya,Tbk","osm_id":294018510}},{"type":"Feature","geometry":{"type":"Point","coordinates":[110.76319,-8.08102]},"properties":{"name":"Alfamart","type":"Convenience","category":"kebutuhan","subcategory":"Toko","opening_hours":null,"operator":"PT Sumber Alfaria Trijaya,Tbk","osm_id":993598726}},{"type":"Feature","geometry":{"type":"Point","coordinates":[110.36696,-7.80172]},"properties":{"name":"Kiosk","type":"Kiosk","category":"kebutuhan","subcategory":"Toko","opening_hours":null,"operator":null,"osm_id":1464432301}},{"type":"Feature","geometry":{"type":"Point","coordinates":[110.36821,-7.80165]},"properties":{"name":"Kiosk","type":"Kiosk","category":"kebutuhan","subcategory":"Toko","opening_hours":null,"operator":null,"osm_id":1464917144}},{"type":"Feature","geometry":{"type":"Point","coordinates":[110.36577,-7.79169]},"properties":{"name":"Circle K","type":"Convenience","category":"kebutuhan","subcategory":"Toko","opening_hours":null,"operator":null,"osm_id":532455035}},{"type":"Feature","geometry":{"type":"Point","coordinates":[110.34642,-7.95584]},"properties":{"name":"Pasar Pundong","type":"Marketplace","category":"kebutuhan","subcategory":"Pasar","opening_hours":"05:00-14:00","operator":null,"osm_id":363850758}},{"type":"Feature","geometry":{"type":"Point","coordinates":[110.40143,-7.74603]},"properties":{"name":"Nafero Safety 2","type":"Supermarket","category":"kebutuhan","subcategory":"Supermarket","opening_hours":"Mo-Sa 09:00-17:00","operator":"082249497300","osm_id":1204328481}},{"type":"Feature","geometry":{"type":"Point","coordinates":[110.44738,-7.70163]},"properties":{"name":"Fellarosa Swalayan","type":"Convenience","category":"kebutuhan","subcategory":"Toko","opening_hours":null,"operator":null,"osm_id":1442339158}},{"type":"Feature","geometry":{"type":"Point","coordinates":[110.41324,-7.70298]},"properties":{"name":"Alfamart","type":"Convenience","category":"kebutuhan","subcategory":"Toko","opening_hours":null,"operator":"PT Sumber Alfaria Trijaya,Tbk","osm_id":362165077}},{"type":"Feature","geometry":{"type":"Point","coordinates":[110.41211,-7.70503]},"properties":{"name":"Alfamart","type":"Convenience","category":"kebutuhan","subcategory":"Toko","opening_hours":null,"operator":"PT Sumber Alfaria Trijaya,Tbk","osm_id":362498550}},{"type":"Feature","geometry":{"type":"Point","coordinates":[110.4173,-7.67045]},"properties":{"name":"Indomaret","type":"Convenience","category":"kebutuhan","subcategory":"Toko","opening_hours":null,"operator":"PT. Indomarco Prismatama","osm_id":362838377}},{"type":"Feature","geometry":{"type":"Point","coordinates":[110.30164,-7.99204]},"properties":{"name":"TB Berkah","type":"Convenience","category":"kebutuhan","subcategory":"Toko","opening_hours":null,"operator":null,"osm_id":530773679}},{"type":"Feature","geometry":{"type":"Point","coordinates":[110.41426,-7.78317]},"properties":{"name":"Prana Dewa Furniture","type":"Furniture","category":"kebutuhan","subcategory":"Toko","opening_hours":null,"operator":null,"osm_id":1492031452}},{"type":"Feature","geometry":{"type":"Point","coordinates":[110.40028,-7.78348]},"properties":{"name":"Alfamart","type":"Convenience","category":"kebutuhan","subcategory":"Toko","opening_hours":null,"operator":"PT Sumber Alfaria Trijaya,Tbk","osm_id":362344044}},{"type":"Feature","geometry":{"type":"Point","coordinates":[110.39511,-7.76009]},"properties":{"name":"Indomaret","type":"Convenience","category":"kebutuhan","subcategory":"Toko","opening_hours":"Mo-Su,PH 07:00-22:00","operator":"PT. Indomarco Prismatama","osm_id":362956071}},{"type":"Feature","geometry":{"type":"Point","coordinates":[110.35909,-7.81063]},"properties":{"name":"Batik Painting Suhardi","type":"Gift","category":"kebutuhan","subcategory":"Toko","opening_hours":null,"operator":null,"osm_id":610143483}},{"type":"Feature","geometry":{"type":"Point","coordinates":[110.37489,-7.77581]},"properties":{"name":"Prima Foto Copy","type":"Copyshop","category":"kebutuhan","subcategory":"Toko","opening_hours":null,"operator":null,"osm_id":122890097}},{"type":"Feature","geometry":{"type":"Point","coordinates":[110.37927,-7.76374]},"properties":{"name":"Circle K","type":"Convenience","category":"kebutuhan","subcategory":"Toko","opening_hours":null,"operator":null,"osm_id":720788182}},{"type":"Feature","geometry":{"type":"Point","coordinates":[110.39663,-7.81353]},"properties":{"name":"Toko Basuki","type":"Convenience","category":"kebutuhan","subcategory":"Toko","opening_hours":null,"operator":null,"osm_id":1317058908}},{"type":"Feature","geometry":{"type":"Point","coordinates":[110.41054,-7.79184]},"properties":{"name":"Pasar Angkasa","type":"Marketplace","category":"kebutuhan","subcategory":"Pasar","opening_hours":null,"operator":null,"osm_id":616485450}},{"type":"Feature","geometry":{"type":"Point","coordinates":[110.41228,-7.79845]},"properties":{"name":"Convenience","type":"Convenience","category":"kebutuhan","subcategory":"Toko","opening_hours":null,"operator":null,"osm_id":974385341}},{"type":"Feature","geometry":{"type":"Point","coordinates":[110.40243,-7.80398]},"properties":{"name":"Indomaret","type":"Convenience","category":"kebutuhan","subcategory":"Toko","opening_hours":null,"operator":"PT. Indomarco Prismatama","osm_id":610478088}},{"type":"Feature","geometry":{"type":"Point","coordinates":[110.43263,-7.76086]},"properties":{"name":"Indomaret","type":"Convenience","category":"kebutuhan","subcategory":"Toko","opening_hours":null,"operator":"PT. Indomarco Prismatama","osm_id":270035043}},{"type":"Feature","geometry":{"type":"Point","coordinates":[110.39858,-7.75825]},"properties":{"name":"Mobile Phone","type":"Mobile Phone","category":"kebutuhan","subcategory":"Toko","opening_hours":null,"operator":null,"osm_id":974302022}},{"type":"Feature","geometry":{"type":"Point","coordinates":[110.41509,-7.70034]},"properties":{"name":"Indomaret","type":"Convenience","category":"kebutuhan","subcategory":"Toko","opening_hours":null,"operator":"PT. Indomarco Prismatama","osm_id":314208349}},{"type":"Feature","geometry":{"type":"Point","coordinates":[110.41643,-7.69823]},"properties":{"name":"Indomaret","type":"Convenience","category":"kebutuhan","subcategory":"Toko","opening_hours":null,"operator":"PT. Indomarco Prismatama","osm_id":362688963}},{"type":"Feature","geometry":{"type":"Point","coordinates":[110.43464,-7.7506]},"properties":{"name":"Indomaret","type":"Convenience","category":"kebutuhan","subcategory":"Toko","opening_hours":null,"operator":"PT. Indomarco Prismatama","osm_id":365073703}},{"type":"Feature","geometry":{"type":"Point","coordinates":[110.39486,-7.78678]},"properties":{"name":"Indomaret","type":"Convenience","category":"kebutuhan","subcategory":"Toko","opening_hours":null,"operator":"PT. Indomarco Prismatama","osm_id":270037437}},{"type":"Feature","geometry":{"type":"Point","coordinates":[110.36626,-7.78774]},"properties":{"name":"Indomaret","type":"Convenience","category":"kebutuhan","subcategory":"Toko","opening_hours":null,"operator":"PT. Indomarco Prismatama","osm_id":1459763872}},{"type":"Feature","geometry":{"type":"Point","coordinates":[110.47209,-7.71537]},"properties":{"name":"Pasar Rogobangsan","type":"Marketplace","category":"kebutuhan","subcategory":"Pasar","opening_hours":null,"operator":null,"osm_id":364833216}},{"type":"Feature","geometry":{"type":"Point","coordinates":[110.47216,-7.71569]},"properties":{"name":"Pasar Rogobangsan","type":"Marketplace","category":"kebutuhan","subcategory":"Pasar","opening_hours":null,"operator":null,"osm_id":364833381}},{"type":"Feature","geometry":{"type":"Point","coordinates":[110.47197,-7.7155]},"properties":{"name":"Pasar Rogobangsan","type":"Marketplace","category":"kebutuhan","subcategory":"Pasar","opening_hours":null,"operator":null,"osm_id":364833387}},{"type":"Feature","geometry":{"type":"Point","coordinates":[110.47765,-7.78261]},"properties":{"name":"ATTA Susu","type":"Convenience","category":"kebutuhan","subcategory":"Toko","opening_hours":null,"operator":null,"osm_id":530793491}},{"type":"Feature","geometry":{"type":"Point","coordinates":[110.47146,-7.74933]},"properties":{"name":"Alfamart","type":"Convenience","category":"kebutuhan","subcategory":"Toko","opening_hours":"Mo-Su,PH 07:00-23:00","operator":"PT Sumber Alfaria Trijaya,Tbk","osm_id":613705129}},{"type":"Feature","geometry":{"type":"Point","coordinates":[110.3692,-7.7606]},"properties":{"name":"Indomaret","type":"Convenience","category":"kebutuhan","subcategory":"Toko","opening_hours":"24/7","operator":"PT. Indomarco Prismatama","osm_id":363415063}},{"type":"Feature","geometry":{"type":"Point","coordinates":[110.36665,-7.79892]},"properties":{"name":"Pasar Bringharjo","type":"Marketplace","category":"kebutuhan","subcategory":"Pasar","opening_hours":"05:00-20:00","operator":null,"osm_id":581843901}},{"type":"Feature","geometry":{"type":"Point","coordinates":[110.40272,-7.72141]},"properties":{"name":"Kios Buah","type":"Kiosk","category":"kebutuhan","subcategory":"Toko","opening_hours":null,"operator":null,"osm_id":362369218}},{"type":"Feature","geometry":{"type":"Point","coordinates":[110.40482,-7.71894]},"properties":{"name":"Mina Swalayan","type":"Convenience","category":"kebutuhan","subcategory":"Toko","opening_hours":null,"operator":null,"osm_id":362373866}},{"type":"Feature","geometry":{"type":"Point","coordinates":[110.40465,-7.71806]},"properties":{"name":"Gentan Square","type":"Mobile Phone","category":"kebutuhan","subcategory":"Toko","opening_hours":null,"operator":null,"osm_id":362388278}},{"type":"Feature","geometry":{"type":"Point","coordinates":[110.59391,-7.95847]},"properties":{"name":"Yamaha cabang Wonosari","type":"Marketplace","category":"kebutuhan","subcategory":"Pasar","opening_hours":null,"operator":null,"osm_id":530835972}},{"type":"Feature","geometry":{"type":"Point","coordinates":[110.29696,-7.99055]},"properties":{"name":"Toko Wahyuni Buruhan","type":"Convenience","category":"kebutuhan","subcategory":"Toko","opening_hours":null,"operator":null,"osm_id":530810270}},{"type":"Feature","geometry":{"type":"Point","coordinates":[110.29786,-7.99212]},"properties":{"name":"Cell Phone Store Asri Cell","type":"Mobile Phone","category":"kebutuhan","subcategory":"Toko","opening_hours":null,"operator":null,"osm_id":530773852}},{"type":"Feature","geometry":{"type":"Point","coordinates":[110.40204,-7.80748]},"properties":{"name":"Toko Maspion","type":"Hardware","category":"kebutuhan","subcategory":"Toko","opening_hours":null,"operator":null,"osm_id":530313720}},{"type":"Feature","geometry":{"type":"Point","coordinates":[110.40543,-7.81095]},"properties":{"name":"Blessindo","type":"Copyshop","category":"kebutuhan","subcategory":"Toko","opening_hours":null,"operator":null,"osm_id":530026795}},{"type":"Feature","geometry":{"type":"Point","coordinates":[110.22124,-7.94931]},"properties":{"name":"Pasar Kliwon/Ngasem/Kranggan","type":"Marketplace","category":"kebutuhan","subcategory":"Pasar","opening_hours":null,"operator":null,"osm_id":530914738}},{"type":"Feature","geometry":{"type":"Point","coordinates":[110.22144,-7.94927]},"properties":{"name":"Pasar Kliwon/Ngasem/Kranggan","type":"Marketplace","category":"kebutuhan","subcategory":"Pasar","opening_hours":null,"operator":null,"osm_id":530914740}},{"type":"Feature","geometry":{"type":"Point","coordinates":[110.22154,-7.9493]},"properties":{"name":"Pasar Kliwon/Ngasem/Kranggan","type":"Marketplace","category":"kebutuhan","subcategory":"Pasar","opening_hours":null,"operator":null,"osm_id":530914741}},{"type":"Feature","geometry":{"type":"Point","coordinates":[110.24272,-7.8745]},"properties":{"name":"Pasar Nyonyol","type":"Marketplace","category":"kebutuhan","subcategory":"Pasar","opening_hours":null,"operator":null,"osm_id":530706501}},{"type":"Feature","geometry":{"type":"Point","coordinates":[110.41989,-7.66387]},"properties":{"name":"SRC Inti Utama","type":"Kiosk","category":"kebutuhan","subcategory":"Toko","opening_hours":null,"operator":null,"osm_id":530721375}},{"type":"Feature","geometry":{"type":"Point","coordinates":[110.41569,-7.77566]},"properties":{"name":"Circle K - Babarsari","type":"Convenience","category":"kebutuhan","subcategory":"Toko","opening_hours":null,"operator":null,"osm_id":530763470}},{"type":"Feature","geometry":{"type":"Point","coordinates":[110.42333,-7.77439]},"properties":{"name":"Supermarket Toko Amanah","type":"Supermarket","category":"kebutuhan","subcategory":"Supermarket","opening_hours":null,"operator":null,"osm_id":530763468}},{"type":"Feature","geometry":{"type":"Point","coordinates":[110.41936,-7.66494]},"properties":{"name":"PUJO","type":"Convenience","category":"kebutuhan","subcategory":"Toko","opening_hours":null,"operator":null,"osm_id":530721423}},{"type":"Feature","geometry":{"type":"Point","coordinates":[110.41769,-7.69655]},"properties":{"name":"Laundry C24","type":"Laundry","category":"kebutuhan","subcategory":"Toko","opening_hours":null,"operator":null,"osm_id":362683852}},{"type":"Feature","geometry":{"type":"Point","coordinates":[110.41832,-7.69475]},"properties":{"name":"Elektronik dan Alat Listrik Karunia","type":"Electronics","category":"kebutuhan","subcategory":"Toko","opening_hours":null,"operator":null,"osm_id":362691158}},{"type":"Feature","geometry":{"type":"Point","coordinates":[110.41541,-7.70038]},"properties":{"name":"BF Cell","type":"Computer","category":"kebutuhan","subcategory":"Toko","opening_hours":"08:30-12:30,15:30-20:00","operator":null,"osm_id":362165120}},{"type":"Feature","geometry":{"type":"Point","coordinates":[110.29815,-7.98327]},"properties":{"name":"Toko Lestari","type":"Kiosk","category":"kebutuhan","subcategory":"Toko","opening_hours":null,"operator":null,"osm_id":530809542}},{"type":"Feature","geometry":{"type":"Point","coordinates":[110.48293,-7.79617]},"properties":{"name":"Bagus Collection","type":"Clothes","category":"kebutuhan","subcategory":"Toko","opening_hours":null,"operator":null,"osm_id":531005346}},{"type":"Feature","geometry":{"type":"Point","coordinates":[110.23331,-7.72573]},"properties":{"name":"Pasar Kebon Agung","type":"Marketplace","category":"kebutuhan","subcategory":"Pasar","opening_hours":"Mo-Su 08:00-15:00; Sa 08:00-15:00","operator":null,"osm_id":120816396}},{"type":"Feature","geometry":{"type":"Point","coordinates":[110.18571,-7.79973]},"properties":{"name":"Pasar Gunung Gamping","type":"Marketplace","category":"kebutuhan","subcategory":"Pasar","opening_hours":null,"operator":null,"osm_id":530767282}},{"type":"Feature","geometry":{"type":"Point","coordinates":[110.18576,-7.79978]},"properties":{"name":"Pasar Gunung Gamping","type":"Marketplace","category":"kebutuhan","subcategory":"Pasar","opening_hours":null,"operator":null,"osm_id":530767283}},{"type":"Feature","geometry":{"type":"Point","coordinates":[110.18576,-7.79985]},"properties":{"name":"Pasar Gunung Gamping","type":"Marketplace","category":"kebutuhan","subcategory":"Pasar","opening_hours":null,"operator":null,"osm_id":530767284}},{"type":"Feature","geometry":{"type":"Point","coordinates":[110.18577,-7.79992]},"properties":{"name":"Pasar Gunung Gamping","type":"Marketplace","category":"kebutuhan","subcategory":"Pasar","opening_hours":null,"operator":null,"osm_id":530767285}},{"type":"Feature","geometry":{"type":"Point","coordinates":[110.40672,-7.71479]},"properties":{"name":"Smiley Laundry","type":"Laundry","category":"kebutuhan","subcategory":"Toko","opening_hours":null,"operator":null,"osm_id":362394910}},{"type":"Feature","geometry":{"type":"Point","coordinates":[110.3833,-7.73153]},"properties":{"name":"BIB 3D Wallpapper","type":"Copyshop","category":"kebutuhan","subcategory":"Toko","opening_hours":null,"operator":null,"osm_id":510478139}},{"type":"Feature","geometry":{"type":"Point","coordinates":[110.47424,-7.79079]},"properties":{"name":"Toko Bu Win","type":"Convenience","category":"kebutuhan","subcategory":"Toko","opening_hours":null,"operator":null,"osm_id":530819660}},{"type":"Feature","geometry":{"type":"Point","coordinates":[110.29725,-7.9904]},"properties":{"name":"Warung Mbak War","type":"Kiosk","category":"kebutuhan","subcategory":"Toko","opening_hours":null,"operator":null,"osm_id":530810410}},{"type":"Feature","geometry":{"type":"Point","coordinates":[110.28547,-7.98171]},"properties":{"name":"Kevin Elektronik Service","type":"Electronics","category":"kebutuhan","subcategory":"Toko","opening_hours":null,"operator":null,"osm_id":531012439}},{"type":"Feature","geometry":{"type":"Point","coordinates":[110.28356,-7.98118]},"properties":{"name":"Tisha Olshop","type":"Convenience","category":"kebutuhan","subcategory":"Toko","opening_hours":null,"operator":null,"osm_id":531012573}},{"type":"Feature","geometry":{"type":"Point","coordinates":[110.27397,-7.96931]},"properties":{"name":"Bakery Adabika Bika Ambol","type":"Bakery","category":"kebutuhan","subcategory":"Toko","opening_hours":null,"operator":null,"osm_id":530659508}},{"type":"Feature","geometry":{"type":"Point","coordinates":[110.30103,-7.99177]},"properties":{"name":"Toko Mbak Sati","type":"Clothes","category":"kebutuhan","subcategory":"Toko","opening_hours":null,"operator":null,"osm_id":530773627}},{"type":"Feature","geometry":{"type":"Point","coordinates":[110.59819,-7.96319]},"properties":{"name":"Marketplace","type":"Marketplace","category":"kebutuhan","subcategory":"Pasar","opening_hours":null,"operator":null,"osm_id":530836005}},{"type":"Feature","geometry":{"type":"Point","coordinates":[110.24273,-7.87437]},"properties":{"name":"Pasar Nyonyol","type":"Marketplace","category":"kebutuhan","subcategory":"Pasar","opening_hours":null,"operator":null,"osm_id":530706502}},{"type":"Feature","geometry":{"type":"Point","coordinates":[110.35214,-7.89073]},"properties":{"name":"Cell Phone Store","type":"Mobile Phone","category":"kebutuhan","subcategory":"Toko","opening_hours":null,"operator":null,"osm_id":530747762}},{"type":"Feature","geometry":{"type":"Point","coordinates":[110.36565,-7.79326]},"properties":{"name":"adikusumo","type":"Clothes","category":"kebutuhan","subcategory":"Toko","opening_hours":null,"operator":null,"osm_id":532465745}},{"type":"Feature","geometry":{"type":"Point","coordinates":[110.3697,-7.80611]},"properties":{"name":"Jogja Tronic Mall","type":"Electronics","category":"kebutuhan","subcategory":"Toko","opening_hours":null,"operator":null,"osm_id":448260654}},{"type":"Feature","geometry":{"type":"Point","coordinates":[110.38463,-7.77763]},"properties":{"name":"Indomaret","type":"Convenience","category":"kebutuhan","subcategory":"Toko","opening_hours":null,"operator":"PT. Indomarco Prismatama","osm_id":316770323}},{"type":"Feature","geometry":{"type":"Point","coordinates":[110.35097,-7.80447]},"properties":{"name":"Indomaret","type":"Convenience","category":"kebutuhan","subcategory":"Toko","opening_hours":null,"operator":"PT. Indomarco Prismatama","osm_id":319248177}},{"type":"Feature","geometry":{"type":"Point","coordinates":[110.36625,-7.78781]},"properties":{"name":"Lawson","type":"Convenience","category":"kebutuhan","subcategory":"Toko","opening_hours":null,"operator":null,"osm_id":1155731928}},{"type":"Feature","geometry":{"type":"Point","coordinates":[110.36666,-7.79158]},"properties":{"name":"Teras Malioboro 2","type":"Marketplace","category":"kebutuhan","subcategory":"Pasar","opening_hours":null,"operator":null,"osm_id":1416077805}},{"type":"Feature","geometry":{"type":"Point","coordinates":[110.36572,-7.79161]},"properties":{"name":"Alfamart","type":"Convenience","category":"kebutuhan","subcategory":"Toko","opening_hours":null,"operator":"PT Sumber Alfaria Trijaya,Tbk","osm_id":532455038}},{"type":"Feature","geometry":{"type":"Point","coordinates":[110.36576,-7.79147]},"properties":{"name":"Indomaret","type":"Convenience","category":"kebutuhan","subcategory":"Toko","opening_hours":"24/7","operator":"PT. Indomarco Prismatama","osm_id":532455040}},{"type":"Feature","geometry":{"type":"Point","coordinates":[110.36584,-7.79052]},"properties":{"name":"Indomaret","type":"Convenience","category":"kebutuhan","subcategory":"Toko","opening_hours":null,"operator":"PT. Indomarco Prismatama","osm_id":1137827102}},{"type":"Feature","geometry":{"type":"Point","coordinates":[110.37389,-7.78927]},"properties":{"name":"Kiosk","type":"Kiosk","category":"kebutuhan","subcategory":"Toko","opening_hours":"Mo-Su 08:00-22:00; PH unknown","operator":null,"osm_id":481284976}},{"type":"Feature","geometry":{"type":"Point","coordinates":[110.37319,-7.78909]},"properties":{"name":"Gasbhi Laundry","type":"Laundry","category":"kebutuhan","subcategory":"Toko","opening_hours":null,"operator":null,"osm_id":481468644}},{"type":"Feature","geometry":{"type":"Point","coordinates":[110.37332,-7.78785]},"properties":{"name":"Circle K","type":"Convenience","category":"kebutuhan","subcategory":"Toko","opening_hours":"24/7","operator":null,"osm_id":481306414}},{"type":"Feature","geometry":{"type":"Point","coordinates":[110.36818,-7.80183]},"properties":{"name":"Kiosk","type":"Kiosk","category":"kebutuhan","subcategory":"Toko","opening_hours":null,"operator":null,"osm_id":1464917143}},{"type":"Feature","geometry":{"type":"Point","coordinates":[110.36777,-7.80066]},"properties":{"name":"Marketplace","type":"Marketplace","category":"kebutuhan","subcategory":"Pasar","opening_hours":null,"operator":null,"osm_id":283721022}},{"type":"Feature","geometry":{"type":"Point","coordinates":[110.3945,-7.78795]},"properties":{"name":"Alfamart","type":"Convenience","category":"kebutuhan","subcategory":"Toko","opening_hours":null,"operator":"PT Sumber Alfaria Trijaya,Tbk","osm_id":464059470}},{"type":"Feature","geometry":{"type":"Point","coordinates":[110.39269,-7.79783]},"properties":{"name":"Indomaret","type":"Convenience","category":"kebutuhan","subcategory":"Toko","opening_hours":null,"operator":"PT. Indomarco Prismatama","osm_id":611041897}},{"type":"Feature","geometry":{"type":"Point","coordinates":[110.07655,-7.88699]},"properties":{"name":"Alfamart","type":"Convenience","category":"kebutuhan","subcategory":"Toko","opening_hours":null,"operator":"PT Sumber Alfaria Trijaya,Tbk","osm_id":353001828}},{"type":"Feature","geometry":{"type":"Point","coordinates":[110.32177,-7.77452]},"properties":{"name":"Mix Komputer","type":"Computer","category":"kebutuhan","subcategory":"Toko","opening_hours":null,"operator":null,"osm_id":530572695}},{"type":"Feature","geometry":{"type":"Point","coordinates":[110.31763,-7.8016]},"properties":{"name":"Alfamart","type":"Convenience","category":"kebutuhan","subcategory":"Toko","opening_hours":"24/7","operator":"PT Sumber Alfaria Trijaya,Tbk","osm_id":208677973}},{"type":"Feature","geometry":{"type":"Point","coordinates":[110.41169,-7.75034]},"properties":{"name":"Harmony Laundry","type":"Laundry","category":"kebutuhan","subcategory":"Toko","opening_hours":"08:00-21:00","operator":"operator:website=harmonylaundrys.com","osm_id":363411154}},{"type":"Feature","geometry":{"type":"Point","coordinates":[110.41492,-7.74584]},"properties":{"name":"Indomaret","type":"Convenience","category":"kebutuhan","subcategory":"Toko","opening_hours":null,"operator":"PT. Indomarco Prismatama","osm_id":364113809}},{"type":"Feature","geometry":{"type":"Point","coordinates":[110.36556,-7.79368]},"properties":{"name":"Convenience","type":"Convenience","category":"kebutuhan","subcategory":"Toko","opening_hours":null,"operator":null,"osm_id":532465726}},{"type":"Feature","geometry":{"type":"Point","coordinates":[110.36729,-7.80169]},"properties":{"name":"Kiosk","type":"Kiosk","category":"kebutuhan","subcategory":"Toko","opening_hours":null,"operator":null,"osm_id":1464917137}},{"type":"Feature","geometry":{"type":"Point","coordinates":[110.3429,-7.77972]},"properties":{"name":"Indomaret","type":"Convenience","category":"kebutuhan","subcategory":"Toko","opening_hours":null,"operator":"PT. Indomarco Prismatama","osm_id":270039383}},{"type":"Feature","geometry":{"type":"Point","coordinates":[110.34212,-7.78414]},"properties":{"name":"Indomaret","type":"Convenience","category":"kebutuhan","subcategory":"Toko","opening_hours":null,"operator":"PT. Indomarco Prismatama","osm_id":529781065}},{"type":"Feature","geometry":{"type":"Point","coordinates":[110.4082,-7.78111]},"properties":{"name":"Indomaret","type":"Convenience","category":"kebutuhan","subcategory":"Toko","opening_hours":null,"operator":"PT. Indomarco Prismatama","osm_id":1016787606}},{"type":"Feature","geometry":{"type":"Point","coordinates":[110.47213,-7.71551]},"properties":{"name":"Pasar Rogobangsan","type":"Marketplace","category":"kebutuhan","subcategory":"Pasar","opening_hours":null,"operator":null,"osm_id":364833247}},{"type":"Feature","geometry":{"type":"Point","coordinates":[110.47225,-7.7154]},"properties":{"name":"Pasar Rogobangsan","type":"Marketplace","category":"kebutuhan","subcategory":"Pasar","opening_hours":null,"operator":null,"osm_id":364833322}},{"type":"Feature","geometry":{"type":"Point","coordinates":[110.47203,-7.71567]},"properties":{"name":"Pasar Rogobangsan","type":"Marketplace","category":"kebutuhan","subcategory":"Pasar","opening_hours":null,"operator":null,"osm_id":364833370}},{"type":"Feature","geometry":{"type":"Point","coordinates":[110.45224,-7.73903]},"properties":{"name":"Indomaret","type":"Convenience","category":"kebutuhan","subcategory":"Toko","opening_hours":"Mo-Su 07:00-22:00","operator":"PT. Indomarco Prismatama","osm_id":365231415}},{"type":"Feature","geometry":{"type":"Point","coordinates":[110.14691,-7.8577]},"properties":{"name":"Alfamart","type":"Convenience","category":"kebutuhan","subcategory":"Toko","opening_hours":null,"operator":"PT Sumber Alfaria Trijaya,Tbk","osm_id":886416739}},{"type":"Feature","geometry":{"type":"Point","coordinates":[110.41076,-7.75196]},"properties":{"name":"Pamella 6","type":"Supermarket","category":"kebutuhan","subcategory":"Supermarket","opening_hours":null,"operator":null,"osm_id":363410847}},{"type":"Feature","geometry":{"type":"Point","coordinates":[110.39121,-7.76796]},"properties":{"name":"Indomaret","type":"Convenience","category":"kebutuhan","subcategory":"Toko","opening_hours":null,"operator":"PT. Indomarco Prismatama","osm_id":122803265}},{"type":"Feature","geometry":{"type":"Point","coordinates":[110.40121,-7.77384]},"properties":{"name":"Circle K","type":"Convenience","category":"kebutuhan","subcategory":"Toko","opening_hours":null,"operator":null,"osm_id":362499791}},{"type":"Feature","geometry":{"type":"Point","coordinates":[110.4422,-7.7526]},"properties":{"name":"Indomaret","type":"Convenience","category":"kebutuhan","subcategory":"Toko","opening_hours":null,"operator":"PT. Indomarco Prismatama","osm_id":364394490}},{"type":"Feature","geometry":{"type":"Point","coordinates":[110.408,-7.78275]},"properties":{"name":"Bright Mart","type":"Convenience","category":"kebutuhan","subcategory":"Toko","opening_hours":null,"operator":null,"osm_id":1016758595}},{"type":"Feature","geometry":{"type":"Point","coordinates":[110.40629,-7.78296]},"properties":{"name":"Bakpia Kencana","type":"Bakery","category":"kebutuhan","subcategory":"Toko","opening_hours":null,"operator":null,"osm_id":1066386400}},{"type":"Feature","geometry":{"type":"Point","coordinates":[110.40663,-7.7831]},"properties":{"name":"Alfamart","type":"Convenience","category":"kebutuhan","subcategory":"Toko","opening_hours":null,"operator":"PT Sumber Alfaria Trijaya,Tbk","osm_id":1448045119}},{"type":"Feature","geometry":{"type":"Point","coordinates":[110.42686,-7.78362]},"properties":{"name":"Alfamart","type":"Convenience","category":"kebutuhan","subcategory":"Toko","opening_hours":null,"operator":"PT Sumber Alfaria Trijaya,Tbk","osm_id":270036358}},{"type":"Feature","geometry":{"type":"Point","coordinates":[110.41556,-7.77436]},"properties":{"name":"Indomaret","type":"Convenience","category":"kebutuhan","subcategory":"Toko","opening_hours":"24/7","operator":"PT. Indomarco Prismatama","osm_id":364058120}},{"type":"Feature","geometry":{"type":"Point","coordinates":[110.47507,-7.7626]},"properties":{"name":"Restauran Mbok Berek","type":"Kiosk","category":"kebutuhan","subcategory":"Toko","opening_hours":null,"operator":null,"osm_id":235293775}},{"type":"Feature","geometry":{"type":"Point","coordinates":[110.38973,-7.73852]},"properties":{"name":"Indomaret","type":"Convenience","category":"kebutuhan","subcategory":"Toko","opening_hours":null,"operator":"PT. Indomarco Prismatama","osm_id":121598714}},{"type":"Feature","geometry":{"type":"Point","coordinates":[110.38981,-7.73401]},"properties":{"name":"Indomaret","type":"Convenience","category":"kebutuhan","subcategory":"Toko","opening_hours":null,"operator":"PT. Indomarco Prismatama","osm_id":316823855}},{"type":"Feature","geometry":{"type":"Point","coordinates":[110.3936,-7.73714]},"properties":{"name":"Circle K","type":"Convenience","category":"kebutuhan","subcategory":"Toko","opening_hours":null,"operator":null,"osm_id":315383285}},{"type":"Feature","geometry":{"type":"Point","coordinates":[110.4019,-7.80728]},"properties":{"name":"Indomaret","type":"Convenience","category":"kebutuhan","subcategory":"Toko","opening_hours":null,"operator":"PT. Indomarco Prismatama","osm_id":610689333}},{"type":"Feature","geometry":{"type":"Point","coordinates":[110.39953,-7.7815]},"properties":{"name":"Indomaret","type":"Convenience","category":"kebutuhan","subcategory":"Toko","opening_hours":null,"operator":"PT. Indomarco Prismatama","osm_id":270039836}},{"type":"Feature","geometry":{"type":"Point","coordinates":[110.39934,-7.78278]},"properties":{"name":"Indomaret","type":"Convenience","category":"kebutuhan","subcategory":"Toko","opening_hours":null,"operator":"PT. Indomarco Prismatama","osm_id":362343803}},{"type":"Feature","geometry":{"type":"Point","coordinates":[110.43635,-7.78461]},"properties":{"name":"Convenience","type":"Convenience","category":"kebutuhan","subcategory":"Toko","opening_hours":null,"operator":null,"osm_id":1423382715}},{"type":"Feature","geometry":{"type":"Point","coordinates":[110.43044,-7.70469]},"properties":{"name":"Indomaret","type":"Convenience","category":"kebutuhan","subcategory":"Toko","opening_hours":null,"operator":"PT. Indomarco Prismatama","osm_id":363793277}},{"type":"Feature","geometry":{"type":"Point","coordinates":[110.41403,-7.78171]},"properties":{"name":"Indomaret","type":"Convenience","category":"kebutuhan","subcategory":"Toko","opening_hours":null,"operator":"PT. Indomarco Prismatama","osm_id":393956033}},{"type":"Feature","geometry":{"type":"Point","coordinates":[110.39232,-7.73918]},"properties":{"name":"Indomaret","type":"Convenience","category":"kebutuhan","subcategory":"Toko","opening_hours":null,"operator":"PT. Indomarco Prismatama","osm_id":314371019}},{"type":"Feature","geometry":{"type":"Point","coordinates":[110.47271,-7.76529]},"properties":{"name":"Alfamart","type":"Convenience","category":"kebutuhan","subcategory":"Toko","opening_hours":null,"operator":"PT Sumber Alfaria Trijaya,Tbk","osm_id":364699093}},{"type":"Feature","geometry":{"type":"Point","coordinates":[110.44931,-7.74775]},"properties":{"name":"Indomaret","type":"Convenience","category":"kebutuhan","subcategory":"Toko","opening_hours":null,"operator":"PT. Indomarco Prismatama","osm_id":122866747}},{"type":"Feature","geometry":{"type":"Point","coordinates":[110.37492,-7.76338]},"properties":{"name":"Nasi Kuning","type":"Kiosk","category":"kebutuhan","subcategory":"Toko","opening_hours":null,"operator":null,"osm_id":529979609}},{"type":"Feature","geometry":{"type":"Point","coordinates":[110.374,-7.6143]},"properties":{"name":"Pasar Balerante","type":"Marketplace","category":"kebutuhan","subcategory":"Pasar","opening_hours":null,"operator":null,"osm_id":533306757}},{"type":"Feature","geometry":{"type":"Point","coordinates":[110.40064,-7.72484]},"properties":{"name":"Mobile Phone","type":"Mobile Phone","category":"kebutuhan","subcategory":"Toko","opening_hours":null,"operator":null,"osm_id":364600673}},{"type":"Feature","geometry":{"type":"Point","coordinates":[110.3881,-7.72229]},"properties":{"name":"Toko Kanala","type":"Convenience","category":"kebutuhan","subcategory":"Toko","opening_hours":null,"operator":null,"osm_id":364830550}},{"type":"Feature","geometry":{"type":"Point","coordinates":[110.38316,-7.7315]},"properties":{"name":"Warung Damai","type":"Kiosk","category":"kebutuhan","subcategory":"Toko","opening_hours":null,"operator":null,"osm_id":510478147}},{"type":"Feature","geometry":{"type":"Point","coordinates":[110.43216,-7.76114]},"properties":{"name":"Pasar Tajem","type":"Marketplace","category":"kebutuhan","subcategory":"Pasar","opening_hours":null,"operator":null,"osm_id":241201958}},{"type":"Feature","geometry":{"type":"Point","coordinates":[110.27583,-7.71774]},"properties":{"name":"Kriting Cell","type":"Mobile Phone","category":"kebutuhan","subcategory":"Toko","opening_hours":null,"operator":null,"osm_id":1153311561}},{"type":"Feature","geometry":{"type":"Point","coordinates":[110.34038,-7.8183]},"properties":{"name":"Home Industry Bakpia Pethok Merapi 555","type":"Bakery","category":"kebutuhan","subcategory":"Toko","opening_hours":null,"operator":null,"osm_id":531013662}},{"type":"Feature","geometry":{"type":"Point","coordinates":[110.3999,-7.8284]},"properties":{"name":"Pasar Legi Kotagede","type":"Marketplace","category":"kebutuhan","subcategory":"Pasar","opening_hours":"24/7","operator":null,"osm_id":216214439}},{"type":"Feature","geometry":{"type":"Point","coordinates":[110.39628,-7.81894]},"properties":{"name":"Super Indo","type":"Supermarket","category":"kebutuhan","subcategory":"Supermarket","opening_hours":null,"operator":null,"osm_id":611113283}},{"type":"Feature","geometry":{"type":"Point","coordinates":[110.36022,-7.80795]},"properties":{"name":"Pasar Ngasem","type":"Marketplace","category":"kebutuhan","subcategory":"Pasar","opening_hours":"05:00-13:00","operator":null,"osm_id":616208953}},{"type":"Feature","geometry":{"type":"Point","coordinates":[110.35985,-7.80831]},"properties":{"name":"Pasar Ngasem","type":"Marketplace","category":"kebutuhan","subcategory":"Pasar","opening_hours":null,"operator":null,"osm_id":592289725}},{"type":"Feature","geometry":{"type":"Point","coordinates":[110.38264,-7.78354]},"properties":{"name":"Super Indo","type":"Supermarket","category":"kebutuhan","subcategory":"Supermarket","opening_hours":null,"operator":null,"osm_id":362493991}},{"type":"Feature","geometry":{"type":"Point","coordinates":[110.39574,-7.7819]},"properties":{"name":"Indomaret","type":"Convenience","category":"kebutuhan","subcategory":"Toko","opening_hours":null,"operator":"PT. Indomarco Prismatama","osm_id":362349605}},{"type":"Feature","geometry":{"type":"Point","coordinates":[110.4655,-7.84872]},"properties":{"name":"Pasar Desa Gambirmulyo","type":"Marketplace","category":"kebutuhan","subcategory":"Pasar","opening_hours":"05:00-10:00","operator":null,"osm_id":620518974}},{"type":"Feature","geometry":{"type":"Point","coordinates":[110.36902,-7.81141]},"properties":{"name":"Swiss House","type":"Bakery","category":"kebutuhan","subcategory":"Toko","opening_hours":null,"operator":null,"osm_id":641414049}},{"type":"Feature","geometry":{"type":"Point","coordinates":[110.59144,-7.83924]},"properties":{"name":"Kiosk","type":"Kiosk","category":"kebutuhan","subcategory":"Toko","opening_hours":null,"operator":null,"osm_id":428123267}},{"type":"Feature","geometry":{"type":"Point","coordinates":[110.59318,-7.84165]},"properties":{"name":"Pasar Gedangsari","type":"Marketplace","category":"kebutuhan","subcategory":"Pasar","opening_hours":"02:00-06:00","operator":null,"osm_id":660415659}},{"type":"Feature","geometry":{"type":"Point","coordinates":[110.33691,-7.81185]},"properties":{"name":"Kamila Swalayan","type":"Supermarket","category":"kebutuhan","subcategory":"Supermarket","opening_hours":null,"operator":null,"osm_id":530814564}},{"type":"Feature","geometry":{"type":"Point","coordinates":[110.47096,-7.83683]},"properties":{"name":"Pasar Piyungan","type":"Marketplace","category":"kebutuhan","subcategory":"Pasar","opening_hours":"07:00 - 12:00","operator":null,"osm_id":359032300}},{"type":"Feature","geometry":{"type":"Point","coordinates":[110.35188,-7.90927]},"properties":{"name":"Pasar Bakulan","type":"Marketplace","category":"kebutuhan","subcategory":"Pasar","opening_hours":null,"operator":null,"osm_id":530848055}},{"type":"Feature","geometry":{"type":"Point","coordinates":[110.35195,-7.90845]},"properties":{"name":"Pasar Bakulan","type":"Marketplace","category":"kebutuhan","subcategory":"Pasar","opening_hours":null,"operator":null,"osm_id":530848057}},{"type":"Feature","geometry":{"type":"Point","coordinates":[110.24255,-7.87448]},"properties":{"name":"Pasar Nyonyol","type":"Marketplace","category":"kebutuhan","subcategory":"Pasar","opening_hours":null,"operator":null,"osm_id":530706506}},{"type":"Feature","geometry":{"type":"Point","coordinates":[110.35383,-7.93707]},"properties":{"name":"Pasar Bendo","type":"Marketplace","category":"kebutuhan","subcategory":"Pasar","opening_hours":null,"operator":null,"osm_id":536385526}},{"type":"Feature","geometry":{"type":"Point","coordinates":[110.33117,-7.93352]},"properties":{"name":"Dido Loundry","type":"Laundry","category":"kebutuhan","subcategory":"Toko","opening_hours":null,"operator":"Dido Saputra","osm_id":613182193}},{"type":"Feature","geometry":{"type":"Point","coordinates":[110.16456,-7.86086]},"properties":{"name":"Warung Bu Nia","type":"Kiosk","category":"kebutuhan","subcategory":"Toko","opening_hours":null,"operator":null,"osm_id":530460877}},{"type":"Feature","geometry":{"type":"Point","coordinates":[110.32271,-7.92811]},"properties":{"name":"Pasar Ganjuran","type":"Marketplace","category":"kebutuhan","subcategory":"Pasar","opening_hours":null,"operator":null,"osm_id":531040379}},{"type":"Feature","geometry":{"type":"Point","coordinates":[110.35189,-7.9089]},"properties":{"name":"Pasar Bakulan","type":"Marketplace","category":"kebutuhan","subcategory":"Pasar","opening_hours":null,"operator":null,"osm_id":530848056}},{"type":"Feature","geometry":{"type":"Point","coordinates":[110.352,-7.90813]},"properties":{"name":"Pasar Bakulan","type":"Marketplace","category":"kebutuhan","subcategory":"Pasar","opening_hours":"06:00-10:00","operator":null,"osm_id":530848058}},{"type":"Feature","geometry":{"type":"Point","coordinates":[110.33029,-7.88518]},"properties":{"name":"Pasar Bantul","type":"Marketplace","category":"kebutuhan","subcategory":"Pasar","opening_hours":"06:00 - 14:00","operator":null,"osm_id":121872713}},{"type":"Feature","geometry":{"type":"Point","coordinates":[110.35731,-7.89586]},"properties":{"name":"Titijiti Fashion Store","type":"Clothes","category":"kebutuhan","subcategory":"Toko","opening_hours":null,"operator":"Marsya","osm_id":1185207259}},{"type":"Feature","geometry":{"type":"Point","coordinates":[110.4769,-7.77864]},"properties":{"name":"Ceria Soja Milk","type":"Convenience","category":"kebutuhan","subcategory":"Toko","opening_hours":null,"operator":null,"osm_id":530793396}},{"type":"Feature","geometry":{"type":"Point","coordinates":[110.47798,-7.78305]},"properties":{"name":"Rahma Fotocopy","type":"Copyshop","category":"kebutuhan","subcategory":"Toko","opening_hours":null,"operator":null,"osm_id":530793501}},{"type":"Feature","geometry":{"type":"Point","coordinates":[110.41832,-7.69343]},"properties":{"name":"Supermarket","type":"Supermarket","category":"kebutuhan","subcategory":"Supermarket","opening_hours":null,"operator":null,"osm_id":314358366}},{"type":"Feature","geometry":{"type":"Point","coordinates":[110.44064,-7.65849]},"properties":{"name":"Kios Desa Wukir Sari","type":"Kiosk","category":"kebutuhan","subcategory":"Toko","opening_hours":null,"operator":null,"osm_id":533518582}},{"type":"Feature","geometry":{"type":"Point","coordinates":[110.3889,-7.83172]},"properties":{"name":"Pasar Giwangan","type":"Marketplace","category":"kebutuhan","subcategory":"Pasar","opening_hours":"24/7","operator":null,"osm_id":610435366}},{"type":"Feature","geometry":{"type":"Point","coordinates":[110.41458,-7.78305]},"properties":{"name":"Manna Kampus Babarsari","type":"Supermarket","category":"kebutuhan","subcategory":"Supermarket","opening_hours":null,"operator":null,"osm_id":270038247}},{"type":"Feature","geometry":{"type":"Point","coordinates":[110.47215,-7.71556]},"properties":{"name":"Pasar Rogobangsan","type":"Marketplace","category":"kebutuhan","subcategory":"Pasar","opening_hours":null,"operator":null,"osm_id":364833169}},{"type":"Feature","geometry":{"type":"Point","coordinates":[110.47234,-7.71544]},"properties":{"name":"Pasar Rogobangsan","type":"Marketplace","category":"kebutuhan","subcategory":"Pasar","opening_hours":null,"operator":null,"osm_id":364833253}},{"type":"Feature","geometry":{"type":"Point","coordinates":[110.47196,-7.71543]},"properties":{"name":"Pasar Rogobangsan","type":"Marketplace","category":"kebutuhan","subcategory":"Pasar","opening_hours":null,"operator":null,"osm_id":364833285}},{"type":"Feature","geometry":{"type":"Point","coordinates":[110.47215,-7.71562]},"properties":{"name":"Pasar Rogobangsan","type":"Marketplace","category":"kebutuhan","subcategory":"Pasar","opening_hours":null,"operator":null,"osm_id":364833287}},{"type":"Feature","geometry":{"type":"Point","coordinates":[110.47229,-7.7156]},"properties":{"name":"Pasar Rogobangsan","type":"Marketplace","category":"kebutuhan","subcategory":"Pasar","opening_hours":null,"operator":null,"osm_id":364833359}},{"type":"Feature","geometry":{"type":"Point","coordinates":[110.21849,-7.8343]},"properties":{"name":"Pasar Sentolo Lama","type":"Marketplace","category":"kebutuhan","subcategory":"Pasar","opening_hours":null,"operator":null,"osm_id":1088969688}},{"type":"Feature","geometry":{"type":"Point","coordinates":[110.37452,-7.88215]},"properties":{"name":"Pasar Kepek","type":"Marketplace","category":"kebutuhan","subcategory":"Pasar","opening_hours":"06:00-12:00","operator":null,"osm_id":616893068}},{"type":"Feature","geometry":{"type":"Point","coordinates":[110.03606,-7.88793]},"properties":{"name":"Convenience","type":"Convenience","category":"kebutuhan","subcategory":"Toko","opening_hours":null,"operator":null,"osm_id":352975815}},{"type":"Feature","geometry":{"type":"Point","coordinates":[110.35529,-7.6533]},"properties":{"name":"Pasar Ngablak","type":"Marketplace","category":"kebutuhan","subcategory":"Pasar","opening_hours":null,"operator":null,"osm_id":367218343}},{"type":"Feature","geometry":{"type":"Point","coordinates":[110.32296,-7.64594]},"properties":{"name":"Pasar Tengah","type":"Marketplace","category":"kebutuhan","subcategory":"Pasar","opening_hours":null,"operator":null,"osm_id":369095561}},{"type":"Feature","geometry":{"type":"Point","coordinates":[110.32203,-7.64641]},"properties":{"name":"Pasar Hasil Bumi","type":"Marketplace","category":"kebutuhan","subcategory":"Pasar","opening_hours":null,"operator":null,"osm_id":533314751}},{"type":"Feature","geometry":{"type":"Point","coordinates":[110.4107,-7.78384]},"properties":{"name":"Convenience","type":"Convenience","category":"kebutuhan","subcategory":"Toko","opening_hours":null,"operator":null,"osm_id":362214074}},{"type":"Feature","geometry":{"type":"Point","coordinates":[110.39042,-7.84779]},"properties":{"name":"Milena Store","type":"Clothes","category":"kebutuhan","subcategory":"Toko","opening_hours":"09:00-21:00","operator":null,"osm_id":1337088102}},{"type":"Feature","geometry":{"type":"Point","coordinates":[110.41296,-7.78051]},"properties":{"name":"Mirabell Salon","type":"Beauty","category":"kebutuhan","subcategory":"Toko","opening_hours":null,"operator":null,"osm_id":363135670}},{"type":"Feature","geometry":{"type":"Point","coordinates":[110.36298,-7.81434]},"properties":{"name":"Pasar Gading","type":"Marketplace","category":"kebutuhan","subcategory":"Pasar","opening_hours":"06.00-14.00 wib","operator":null,"osm_id":273191763}},{"type":"Feature","geometry":{"type":"Point","coordinates":[110.41852,-7.74895]},"properties":{"name":"Gift","type":"Gift","category":"kebutuhan","subcategory":"Toko","opening_hours":null,"operator":null,"osm_id":1061263972}},{"type":"Feature","geometry":{"type":"Point","coordinates":[110.38023,-7.76234]},"properties":{"name":"Gading Mas Swalayan","type":"Supermarket","category":"kebutuhan","subcategory":"Supermarket","opening_hours":null,"operator":null,"osm_id":352269176}},{"type":"Feature","geometry":{"type":"Point","coordinates":[110.21901,-7.83441]},"properties":{"name":"Pasar Sentolo Lama","type":"Marketplace","category":"kebutuhan","subcategory":"Pasar","opening_hours":null,"operator":null,"osm_id":613583181}},{"type":"Feature","geometry":{"type":"Point","coordinates":[110.34718,-7.70158]},"properties":{"name":"Pasar Sleman Unit I","type":"Marketplace","category":"kebutuhan","subcategory":"Pasar","opening_hours":"Mo-Su 03:00-21:00","operator":null,"osm_id":620586567}},{"type":"Feature","geometry":{"type":"Point","coordinates":[110.34819,-7.70215]},"properties":{"name":"Pasar Tradisional Sleman Baru","type":"Marketplace","category":"kebutuhan","subcategory":"Pasar","opening_hours":"02:00-21:00","operator":null,"osm_id":621105661}},{"type":"Feature","geometry":{"type":"Point","coordinates":[110.36262,-7.75645]},"properties":{"name":"Atakrib Electronics Lifestyle","type":"Electronics","category":"kebutuhan","subcategory":"Toko","opening_hours":null,"operator":null,"osm_id":362012861}},{"type":"Feature","geometry":{"type":"Point","coordinates":[110.30746,-7.72332]},"properties":{"name":"Supermarket WS","type":"Supermarket","category":"kebutuhan","subcategory":"Supermarket","opening_hours":null,"operator":null,"osm_id":364685559}},{"type":"Feature","geometry":{"type":"Point","coordinates":[110.37994,-7.76597]},"properties":{"name":"RM Padang Lima Sekawan","type":"Convenience","category":"kebutuhan","subcategory":"Toko","opening_hours":null,"operator":null,"osm_id":122674466}},{"type":"Feature","geometry":{"type":"Point","coordinates":[110.33858,-7.80443]},"properties":{"name":"Kiosk","type":"Kiosk","category":"kebutuhan","subcategory":"Toko","opening_hours":null,"operator":null,"osm_id":418908208}},{"type":"Feature","geometry":{"type":"Point","coordinates":[110.59334,-7.95789]},"properties":{"name":"Marketplace","type":"Marketplace","category":"kebutuhan","subcategory":"Pasar","opening_hours":null,"operator":null,"osm_id":530835973}},{"type":"Feature","geometry":{"type":"Point","coordinates":[110.27348,-7.98102]},"properties":{"name":"Toko Adit Srigading","type":"Convenience","category":"kebutuhan","subcategory":"Toko","opening_hours":null,"operator":null,"osm_id":530996229}},{"type":"Feature","geometry":{"type":"Point","coordinates":[110.37212,-7.77684]},"properties":{"name":"Indomaret","type":"Convenience","category":"kebutuhan","subcategory":"Toko","opening_hours":null,"operator":"PT. Indomarco Prismatama","osm_id":362146838}},{"type":"Feature","geometry":{"type":"Point","coordinates":[110.37341,-7.78964]},"properties":{"name":"Kopeka","type":"Convenience","category":"kebutuhan","subcategory":"Toko","opening_hours":null,"operator":null,"osm_id":481284956}},{"type":"Feature","geometry":{"type":"Point","coordinates":[110.27542,-7.96939]},"properties":{"name":"Tukita Cell","type":"Mobile Phone","category":"kebutuhan","subcategory":"Toko","opening_hours":null,"operator":null,"osm_id":530659481}},{"type":"Feature","geometry":{"type":"Point","coordinates":[110.45928,-7.68246]},"properties":{"name":"Pasar Banjarharjo","type":"Marketplace","category":"kebutuhan","subcategory":"Pasar","opening_hours":null,"operator":null,"osm_id":266961080}},{"type":"Feature","geometry":{"type":"Point","coordinates":[110.3551,-7.65319]},"properties":{"name":"Pasar Ngablak","type":"Marketplace","category":"kebutuhan","subcategory":"Pasar","opening_hours":null,"operator":null,"osm_id":367217863}},{"type":"Feature","geometry":{"type":"Point","coordinates":[110.35553,-7.65327]},"properties":{"name":"Pasar Ngablak","type":"Marketplace","category":"kebutuhan","subcategory":"Pasar","opening_hours":null,"operator":null,"osm_id":367218200}},{"type":"Feature","geometry":{"type":"Point","coordinates":[110.35532,-7.6532]},"properties":{"name":"Pasar Ngablak","type":"Marketplace","category":"kebutuhan","subcategory":"Pasar","opening_hours":null,"operator":null,"osm_id":367218443}},{"type":"Feature","geometry":{"type":"Point","coordinates":[110.27334,-7.96189]},"properties":{"name":"Timbang Biyen Perabot","type":"Furniture","category":"kebutuhan","subcategory":"Toko","opening_hours":null,"operator":null,"osm_id":530658964}},{"type":"Feature","geometry":{"type":"Point","coordinates":[110.34346,-7.81267]},"properties":{"name":"K'Andy Air","type":"Marketplace","category":"kebutuhan","subcategory":"Pasar","opening_hours":null,"operator":null,"osm_id":529884137}},{"type":"Feature","geometry":{"type":"Point","coordinates":[110.34501,-7.81347]},"properties":{"name":"CV. Noorside Indonesia","type":"Furniture","category":"kebutuhan","subcategory":"Toko","opening_hours":null,"operator":null,"osm_id":529884123}},{"type":"Feature","geometry":{"type":"Point","coordinates":[110.35268,-7.88821]},"properties":{"name":"Toko Amabel","type":"Kiosk","category":"kebutuhan","subcategory":"Toko","opening_hours":null,"operator":null,"osm_id":530747775}},{"type":"Feature","geometry":{"type":"Point","coordinates":[110.34306,-7.89397]},"properties":{"name":"Marketplace","type":"Marketplace","category":"kebutuhan","subcategory":"Pasar","opening_hours":"04:00-16:00","operator":null,"osm_id":616249112}},{"type":"Feature","geometry":{"type":"Point","coordinates":[110.59221,-7.95724]},"properties":{"name":"Marketplace","type":"Marketplace","category":"kebutuhan","subcategory":"Pasar","opening_hours":null,"operator":null,"osm_id":530835998}},{"type":"Feature","geometry":{"type":"Point","coordinates":[110.26365,-7.93332]},"properties":{"name":"Pasar Mangiran","type":"Marketplace","category":"kebutuhan","subcategory":"Pasar","opening_hours":"06:00-16:00","operator":null,"osm_id":613670200}},{"type":"Feature","geometry":{"type":"Point","coordinates":[110.07721,-7.88719]},"properties":{"name":"Pasar Temon","type":"Marketplace","category":"kebutuhan","subcategory":"Pasar","opening_hours":null,"operator":null,"osm_id":270039819}},{"type":"Feature","geometry":{"type":"Point","coordinates":[110.31153,-7.91055]},"properties":{"name":"Pasar Jodog","type":"Marketplace","category":"kebutuhan","subcategory":"Pasar","opening_hours":"05:00-12:00","operator":null,"osm_id":615152037}},{"type":"Feature","geometry":{"type":"Point","coordinates":[110.40784,-7.61461]},"properties":{"name":"Pasar Ngepring","type":"Marketplace","category":"kebutuhan","subcategory":"Pasar","opening_hours":null,"operator":null,"osm_id":533538026}},{"type":"Feature","geometry":{"type":"Point","coordinates":[110.3915,-7.73434]},"properties":{"name":"Alfamart","type":"Convenience","category":"kebutuhan","subcategory":"Toko","opening_hours":null,"operator":"PT Sumber Alfaria Trijaya,Tbk","osm_id":314371018}},{"type":"Feature","geometry":{"type":"Point","coordinates":[110.22443,-7.98116]},"properties":{"name":"Toko Adam","type":"Convenience","category":"kebutuhan","subcategory":"Toko","opening_hours":null,"operator":null,"osm_id":530293715}},{"type":"Feature","geometry":{"type":"Point","coordinates":[110.22404,-7.98124]},"properties":{"name":"Cinta Damai","type":"Convenience","category":"kebutuhan","subcategory":"Toko","opening_hours":null,"operator":null,"osm_id":530293461}},{"type":"Feature","geometry":{"type":"Point","coordinates":[110.29627,-7.91019]},"properties":{"name":"Pasar Hewan Pandak","type":"Marketplace","category":"kebutuhan","subcategory":"Pasar","opening_hours":null,"operator":null,"osm_id":1150855589}},{"type":"Feature","geometry":{"type":"Point","coordinates":[110.32541,-7.80074]},"properties":{"name":"Warmindo Burjo Semar","type":"Kiosk","category":"kebutuhan","subcategory":"Toko","opening_hours":null,"operator":null,"osm_id":530392923}},{"type":"Feature","geometry":{"type":"Point","coordinates":[110.29728,-7.9001]},"properties":{"name":"Pasar Pijenan","type":"Marketplace","category":"kebutuhan","subcategory":"Pasar","opening_hours":null,"operator":null,"osm_id":617125341}},{"type":"Feature","geometry":{"type":"Point","coordinates":[110.23504,-7.97736]},"properties":{"name":"Pasar Koripan","type":"Marketplace","category":"kebutuhan","subcategory":"Pasar","opening_hours":"Mengikuti Kalender Jawa","operator":null,"osm_id":614752302}},{"type":"Feature","geometry":{"type":"Point","coordinates":[110.35128,-7.80251]},"properties":{"name":"JOGJA Bakery","type":"Bakery","category":"kebutuhan","subcategory":"Toko","opening_hours":null,"operator":null,"osm_id":319248174}},{"type":"Feature","geometry":{"type":"Point","coordinates":[110.3239,-7.80035]},"properties":{"name":"Mirota Gamping","type":"Supermarket","category":"kebutuhan","subcategory":"Supermarket","opening_hours":null,"operator":null,"osm_id":208677977}},{"type":"Feature","geometry":{"type":"Point","coordinates":[110.32058,-7.80098]},"properties":{"name":"Delingmas","type":"Supermarket","category":"kebutuhan","subcategory":"Supermarket","opening_hours":"Mo-Fr 08:30-20:00","operator":null,"osm_id":208677975}},{"type":"Feature","geometry":{"type":"Point","coordinates":[110.14301,-7.8935]},"properties":{"name":"Marketplace","type":"Marketplace","category":"kebutuhan","subcategory":"Pasar","opening_hours":null,"operator":null,"osm_id":236349244}},{"type":"Feature","geometry":{"type":"Point","coordinates":[110.1434,-7.89335]},"properties":{"name":"Marketplace","type":"Marketplace","category":"kebutuhan","subcategory":"Pasar","opening_hours":null,"operator":null,"osm_id":236349243}},{"type":"Feature","geometry":{"type":"Point","coordinates":[110.14277,-7.89325]},"properties":{"name":"Marketplace","type":"Marketplace","category":"kebutuhan","subcategory":"Pasar","opening_hours":null,"operator":null,"osm_id":236349245}},{"type":"Feature","geometry":{"type":"Point","coordinates":[110.14358,-7.89361]},"properties":{"name":"Marketplace","type":"Marketplace","category":"kebutuhan","subcategory":"Pasar","opening_hours":null,"operator":null,"osm_id":236349254}},{"type":"Feature","geometry":{"type":"Point","coordinates":[110.39172,-7.87045]},"properties":{"name":"Pasar Desa Wonokromo","type":"Marketplace","category":"kebutuhan","subcategory":"Pasar","opening_hours":"Mo-Su 05:00-16:00","operator":"Kalurahan Wonokromo","osm_id":1098471106}},{"type":"Feature","geometry":{"type":"Point","coordinates":[110.48774,-7.81181]},"properties":{"name":"E-WARUNG","type":"Hardware","category":"kebutuhan","subcategory":"Toko","opening_hours":null,"operator":null,"osm_id":533746458}},{"type":"Feature","geometry":{"type":"Point","coordinates":[110.36927,-7.81399]},"properties":{"name":"Pujokusuman","type":"Marketplace","category":"kebutuhan","subcategory":"Pasar","opening_hours":"Everyday 05.00 s. d. 12.00 WIB","operator":null,"osm_id":616063605}},{"type":"Feature","geometry":{"type":"Point","coordinates":[110.46181,-7.80759]},"properties":{"name":"Pasar Jragung","type":"Marketplace","category":"kebutuhan","subcategory":"Pasar","opening_hours":"06:00-11:00","operator":null,"osm_id":621033382}},{"type":"Feature","geometry":{"type":"Point","coordinates":[110.36547,-7.80946]},"properties":{"name":"Pasar Klue","type":"Marketplace","category":"kebutuhan","subcategory":"Pasar","opening_hours":"06:00-12:00","operator":null,"osm_id":616208954}},{"type":"Feature","geometry":{"type":"Point","coordinates":[110.31518,-7.79923]},"properties":{"name":"Kiosk","type":"Kiosk","category":"kebutuhan","subcategory":"Toko","opening_hours":null,"operator":null,"osm_id":349735405}},{"type":"Feature","geometry":{"type":"Point","coordinates":[110.31363,-7.79945]},"properties":{"name":"Kiosk","type":"Kiosk","category":"kebutuhan","subcategory":"Toko","opening_hours":null,"operator":null,"osm_id":349749413}},{"type":"Feature","geometry":{"type":"Point","coordinates":[110.41448,-7.8231]},"properties":{"name":"Toko Sakinah","type":"Convenience","category":"kebutuhan","subcategory":"Toko","opening_hours":null,"operator":null,"osm_id":797060954}},{"type":"Feature","geometry":{"type":"Point","coordinates":[110.41477,-7.82316]},"properties":{"name":"FIA Beauty Care","type":"Beauty","category":"kebutuhan","subcategory":"Toko","opening_hours":null,"operator":null,"osm_id":351193463}},{"type":"Feature","geometry":{"type":"Point","coordinates":[110.47889,-7.78862]},"properties":{"name":"Minimarket tokis Nasa Ab 1326","type":"Convenience","category":"kebutuhan","subcategory":"Toko","opening_hours":null,"operator":null,"osm_id":531011736}},{"type":"Feature","geometry":{"type":"Point","coordinates":[110.45757,-7.79032]},"properties":{"name":"Pasar Tanjungtirto Berbah","type":"Marketplace","category":"kebutuhan","subcategory":"Pasar","opening_hours":"06:00-11:00","operator":null,"osm_id":621021687}},{"type":"Feature","geometry":{"type":"Point","coordinates":[110.41814,-7.82949]},"properties":{"name":"Pasar Ngipik","type":"Marketplace","category":"kebutuhan","subcategory":"Pasar","opening_hours":"05:30-18:00","operator":null,"osm_id":617111676}},{"type":"Feature","geometry":{"type":"Point","coordinates":[110.47794,-7.79033]},"properties":{"name":"Toko Bu Sulis","type":"Convenience","category":"kebutuhan","subcategory":"Toko","opening_hours":null,"operator":null,"osm_id":530817000}},{"type":"Feature","geometry":{"type":"Point","coordinates":[110.34431,-7.81104]},"properties":{"name":"A. Barokah","type":"Electronics","category":"kebutuhan","subcategory":"Toko","opening_hours":null,"operator":null,"osm_id":529884125}},{"type":"Feature","geometry":{"type":"Point","coordinates":[110.34258,-7.8107]},"properties":{"name":"MFS Store","type":"Clothes","category":"kebutuhan","subcategory":"Toko","opening_hours":null,"operator":null,"osm_id":529865181}},{"type":"Feature","geometry":{"type":"Point","coordinates":[110.36561,-7.79625]},"properties":{"name":"Mirota Gallery","type":"Furniture","category":"kebutuhan","subcategory":"Toko","opening_hours":null,"operator":null,"osm_id":121643245}},{"type":"Feature","geometry":{"type":"Point","coordinates":[110.36288,-7.7962]},"properties":{"name":"Paket Margorejo","type":"Marketplace","category":"kebutuhan","subcategory":"Pasar","opening_hours":"04:00-16:00","operator":null,"osm_id":610683063}},{"type":"Feature","geometry":{"type":"Point","coordinates":[110.36507,-7.79672]},"properties":{"name":"Mac Mohan","type":"Clothes","category":"kebutuhan","subcategory":"Toko","opening_hours":null,"operator":null,"osm_id":283720177}},{"type":"Feature","geometry":{"type":"Point","coordinates":[110.35604,-7.80376]},"properties":{"name":"Pasar Parkir Ngabean","type":"Marketplace","category":"kebutuhan","subcategory":"Pasar","opening_hours":"04:00-18:00","operator":null,"osm_id":610365674}},{"type":"Feature","geometry":{"type":"Point","coordinates":[110.41519,-7.82165]},"properties":{"name":"Convenience","type":"Convenience","category":"kebutuhan","subcategory":"Toko","opening_hours":null,"operator":null,"osm_id":790463734}},{"type":"Feature","geometry":{"type":"Point","coordinates":[110.41496,-7.82171]},"properties":{"name":"Convenience","type":"Convenience","category":"kebutuhan","subcategory":"Toko","opening_hours":null,"operator":null,"osm_id":613644476}},{"type":"Feature","geometry":{"type":"Point","coordinates":[110.41524,-7.82177]},"properties":{"name":"Tb. Rohmad Putra","type":"Hardware","category":"kebutuhan","subcategory":"Toko","opening_hours":null,"operator":null,"osm_id":656417463}},{"type":"Feature","geometry":{"type":"Point","coordinates":[110.48224,-7.79315]},"properties":{"name":"Pasar Potrojayan (Pasar Gendeng)","type":"Marketplace","category":"kebutuhan","subcategory":"Pasar","opening_hours":"4:00 - 10:00","operator":null,"osm_id":620766408}},{"type":"Feature","geometry":{"type":"Point","coordinates":[110.38236,-7.73131]},"properties":{"name":"Berkah Jaya","type":"Electronics","category":"kebutuhan","subcategory":"Toko","opening_hours":null,"operator":null,"osm_id":510478165}},{"type":"Feature","geometry":{"type":"Point","coordinates":[110.38519,-7.73195]},"properties":{"name":"Centro Futsal & Badminton","type":"Bakery","category":"kebutuhan","subcategory":"Toko","opening_hours":"08:00-16:00","operator":null,"osm_id":510477699}},{"type":"Feature","geometry":{"type":"Point","coordinates":[110.38238,-7.73099]},"properties":{"name":"Lion Star","type":"Convenience","category":"kebutuhan","subcategory":"Toko","opening_hours":null,"operator":null,"osm_id":510477815}},{"type":"Feature","geometry":{"type":"Point","coordinates":[110.38293,-7.73146]},"properties":{"name":"Laundry Zone","type":"Laundry","category":"kebutuhan","subcategory":"Toko","opening_hours":null,"operator":null,"osm_id":510478149}},{"type":"Feature","geometry":{"type":"Point","coordinates":[110.29593,-7.80669]},"properties":{"name":"Pasar Balecatur","type":"Marketplace","category":"kebutuhan","subcategory":"Pasar","opening_hours":"05:00-20:00","operator":null,"osm_id":619116664}},{"type":"Feature","geometry":{"type":"Point","coordinates":[110.40114,-7.72467]},"properties":{"name":"Supermarket","type":"Supermarket","category":"kebutuhan","subcategory":"Supermarket","opening_hours":null,"operator":null,"osm_id":364600482}},{"type":"Feature","geometry":{"type":"Point","coordinates":[110.3997,-7.72664]},"properties":{"name":"A-sell","type":"Mobile Phone","category":"kebutuhan","subcategory":"Toko","opening_hours":null,"operator":null,"osm_id":314371030}},{"type":"Feature","geometry":{"type":"Point","coordinates":[110.38501,-7.7494]},"properties":{"name":"MINIMARKET PAMOR","type":"Atm","category":"kebutuhan","subcategory":"Toko","opening_hours":null,"operator":null,"osm_id":259573278}},{"type":"Feature","geometry":{"type":"Point","coordinates":[110.38936,-7.74553]},"properties":{"name":"Pasar Kolombo","type":"Marketplace","category":"kebutuhan","subcategory":"Pasar","opening_hours":"05:00-12:00","operator":null,"osm_id":509816859}},{"type":"Feature","geometry":{"type":"Point","coordinates":[110.43431,-7.78289]},"properties":{"name":"Toko Oleh-Oleh Bandara Jaya","type":"Gift","category":"kebutuhan","subcategory":"Toko","opening_hours":null,"operator":null,"osm_id":191906264}},{"type":"Feature","geometry":{"type":"Point","coordinates":[110.43798,-7.82698]},"properties":{"name":"Pasar Tegalsari","type":"Marketplace","category":"kebutuhan","subcategory":"Pasar","opening_hours":"05:00-09:00","operator":null,"osm_id":7665837}},{"type":"Feature","geometry":{"type":"Point","coordinates":[110.19074,-7.89814]},"properties":{"name":"Pasar Krembangan","type":"Marketplace","category":"kebutuhan","subcategory":"Pasar","opening_hours":null,"operator":null,"osm_id":19992954}},{"type":"Feature","geometry":{"type":"Point","coordinates":[110.39018,-7.75937]},"properties":{"name":"DBKlik Yogyakarta","type":"Computer","category":"kebutuhan","subcategory":"Toko","opening_hours":"Mo-Fr 09:00-17:00","operator":null,"osm_id":14229445}},{"type":"Feature","geometry":{"type":"Point","coordinates":[110.46247,-7.6648]},"properties":{"name":"Pasar Desa Argomulyo","type":"Marketplace","category":"kebutuhan","subcategory":"Pasar","opening_hours":null,"operator":null,"osm_id":7663429}}]}