{"type":"FeatureCollection","features":[{"type":"Feature","geometry":{"type":"Point","coordinates":[110.77327,-8.08288]},"properties":{"name":"Bidan Bandi","type":"Clinic","category":"kesehatan_darurat","subcategory":"Klinik","opening_hours":null,"operator":null,"osm_id":9179658779}},{"type":"Feature","geometry":{"type":"Point","coordinates":[110.73744,-8.01771]},"properties":{"name":"Apotek Air Langga","type":"Pharmacy","category":"kesehatan_darurat","subcategory":"Apotek","opening_hours":null,"operator":null,"osm_id":9751877972}},{"type":"Feature","geometry":{"type":"Point","coordinates":[110.36981,-7.75913]},"properties":{"name":"Pharmacy","type":"Pharmacy","category":"kesehatan_darurat","subcategory":"Apotek","opening_hours":null,"operator":null,"osm_id":12337486190}},{"type":"Feature","geometry":{"type":"Point","coordinates":[110.37001,-7.75676]},"properties":{"name":"Pharmacy","type":"Pharmacy","category":"kesehatan_darurat","subcategory":"Apotek","opening_hours":null,"operator":null,"osm_id":12337502007}},{"type":"Feature","geometry":{"type":"Point","coordinates":[110.37257,-7.75673]},"properties":{"name":"Praktik Dokter dr. Mahir, Sp.N","type":"Doctors","category":"kesehatan_darurat","subcategory":"Dokter","opening_hours":null,"operator":null,"osm_id":12298809451}},{"type":"Feature","geometry":{"type":"Point","coordinates":[110.38953,-7.84242]},"properties":{"name":"RUMAH NGOBROL BUNDA WENING","type":"Hospital","category":"kesehatan_darurat","subcategory":"Rumah Sakit","opening_hours":null,"operator":null,"osm_id":11875182883}},{"type":"Feature","geometry":{"type":"Point","coordinates":[110.41399,-7.82919]},"properties":{"name":"PUSKESMAS BANGUNTAPAN","type":"Hospital","category":"kesehatan_darurat","subcategory":"Rumah Sakit","opening_hours":null,"operator":null,"osm_id":11919849132}},{"type":"Feature","geometry":{"type":"Point","coordinates":[110.41024,-7.84833]},"properties":{"name":"RS Rajawali Citra","type":"Hospital","category":"kesehatan_darurat","subcategory":"Rumah Sakit","opening_hours":null,"operator":null,"osm_id":3724392322}},{"type":"Feature","geometry":{"type":"Point","coordinates":[110.39024,-7.82494]},"properties":{"name":"Apotek K-24","type":"Pharmacy","category":"kesehatan_darurat","subcategory":"Apotek","opening_hours":null,"operator":null,"osm_id":8002461193}},{"type":"Feature","geometry":{"type":"Point","coordinates":[110.57829,-8.06413]},"properties":{"name":"Polsek Tanjungsari","type":"Police","category":"kesehatan_darurat","subcategory":"Polisi","opening_hours":null,"operator":null,"osm_id":5195252921}},{"type":"Feature","geometry":{"type":"Point","coordinates":[110.35342,-7.79237]},"properties":{"name":"Apotek Lumbung Obat (K24)","type":"Pharmacy","category":"kesehatan_darurat","subcategory":"Apotek","opening_hours":null,"operator":null,"osm_id":4799118028}},{"type":"Feature","geometry":{"type":"Point","coordinates":[110.34805,-7.80104]},"properties":{"name":"Pharm 24","type":"Pharmacy","category":"kesehatan_darurat","subcategory":"Apotek","opening_hours":null,"operator":null,"osm_id":5905752785}},{"type":"Feature","geometry":{"type":"Point","coordinates":[110.34305,-7.85467]},"properties":{"name":"bidan NY meita s","type":"Clinic","category":"kesehatan_darurat","subcategory":"Klinik","opening_hours":"24/7","operator":null,"osm_id":7757234385}},{"type":"Feature","geometry":{"type":"Point","coordinates":[110.39379,-7.72624]},"properties":{"name":"grahita indonesia jogja","type":"Hospital","category":"kesehatan_darurat","subcategory":"Rumah Sakit","opening_hours":null,"operator":null,"osm_id":11874507249}},{"type":"Feature","geometry":{"type":"Point","coordinates":[110.44468,-7.69792]},"properties":{"name":"Polsek Ngemplak","type":"Police","category":"kesehatan_darurat","subcategory":"Polisi","opening_hours":null,"operator":null,"osm_id":13172456901}},{"type":"Feature","geometry":{"type":"Point","coordinates":[110.32981,-7.80247]},"properties":{"name":"Biro Psikologi Metamorfosa","type":"Hospital","category":"kesehatan_darurat","subcategory":"Rumah Sakit","opening_hours":null,"operator":null,"osm_id":11875197527}},{"type":"Feature","geometry":{"type":"Point","coordinates":[110.31428,-7.79861]},"properties":{"name":"Pos Ronda RW 24","type":"Police","category":"kesehatan_darurat","subcategory":"Polisi","opening_hours":null,"operator":null,"osm_id":3558030829}},{"type":"Feature","geometry":{"type":"Point","coordinates":[110.35365,-7.79159]},"properties":{"name":"Waluyo Medika","type":"Clinic","category":"kesehatan_darurat","subcategory":"Klinik","opening_hours":null,"operator":null,"osm_id":4409172491}},{"type":"Feature","geometry":{"type":"Point","coordinates":[110.35707,-7.78514]},"properties":{"name":"Klinik Adhiwarga PKBI DIY","type":"Hospital","category":"kesehatan_darurat","subcategory":"Rumah Sakit","opening_hours":null,"operator":null,"osm_id":2631261031}},{"type":"Feature","geometry":{"type":"Point","coordinates":[110.40224,-8.03219]},"properties":{"name":"Puskesmas Giripurwo","type":"Hospital","category":"kesehatan_darurat","subcategory":"Rumah Sakit","opening_hours":null,"operator":null,"osm_id":5024644440}},{"type":"Feature","geometry":{"type":"Point","coordinates":[110.32025,-7.92743]},"properties":{"name":"Kantor Polisi Sektor Bambanglipuro","type":"Police","category":"kesehatan_darurat","subcategory":"Polisi","opening_hours":null,"operator":null,"osm_id":4831903830}},{"type":"Feature","geometry":{"type":"Point","coordinates":[110.31882,-7.97251]},"properties":{"name":"Puskesmas Kretek","type":"Clinic","category":"kesehatan_darurat","subcategory":"Klinik","opening_hours":null,"operator":"Ministry of Health","osm_id":12864489168}},{"type":"Feature","geometry":{"type":"Point","coordinates":[110.46932,-7.76947]},"properties":{"name":"Pharmacy","type":"Pharmacy","category":"kesehatan_darurat","subcategory":"Apotek","opening_hours":null,"operator":null,"osm_id":10224870164}},{"type":"Feature","geometry":{"type":"Point","coordinates":[110.39884,-7.78335]},"properties":{"name":"Kimia Farma","type":"Pharmacy","category":"kesehatan_darurat","subcategory":"Apotek","opening_hours":null,"operator":null,"osm_id":3473046920}},{"type":"Feature","geometry":{"type":"Point","coordinates":[110.39088,-7.7834]},"properties":{"name":"Rumah Sakit Siloam Yogyakarta","type":"Hospital","category":"kesehatan_darurat","subcategory":"Rumah Sakit","opening_hours":null,"operator":null,"osm_id":7331641864}},{"type":"Feature","geometry":{"type":"Point","coordinates":[110.41542,-7.76181]},"properties":{"name":"Polsek Depok Timur","type":"Police","category":"kesehatan_darurat","subcategory":"Polisi","opening_hours":null,"operator":null,"osm_id":1362922066}},{"type":"Feature","geometry":{"type":"Point","coordinates":[110.15664,-7.66038]},"properties":{"name":"POLSEK SAMIGALUH","type":"Police","category":"kesehatan_darurat","subcategory":"Polisi","opening_hours":null,"operator":"Kepolisian Negara Republik Indonesia","osm_id":10595432519}},{"type":"Feature","geometry":{"type":"Point","coordinates":[110.13478,-7.674]},"properties":{"name":"Puskesmas Samigaluh 2, Kulon Progo Yogyakarta","type":"Clinic","category":"kesehatan_darurat","subcategory":"Klinik","opening_hours":null,"operator":null,"osm_id":4531456146}},{"type":"Feature","geometry":{"type":"Point","coordinates":[110.32957,-7.79932]},"properties":{"name":"Klinik Pratama PMI DIY","type":"Clinic","category":"kesehatan_darurat","subcategory":"Klinik","opening_hours":null,"operator":null,"osm_id":9835208674}},{"type":"Feature","geometry":{"type":"Point","coordinates":[110.21288,-7.75394]},"properties":{"name":"RS PKU Muhamadiyah Nanggulan","type":"Hospital","category":"kesehatan_darurat","subcategory":"Rumah Sakit","opening_hours":null,"operator":null,"osm_id":13666888628}},{"type":"Feature","geometry":{"type":"Point","coordinates":[110.25671,-7.96939]},"properties":{"name":"posyandu cempaka sari dan murih sehat","type":"Clinic","category":"kesehatan_darurat","subcategory":"Klinik","opening_hours":null,"operator":null,"osm_id":5831350194}},{"type":"Feature","geometry":{"type":"Point","coordinates":[110.2245,-7.94719]},"properties":{"name":"Puskesmas Galur II","type":"Hospital","category":"kesehatan_darurat","subcategory":"Rumah Sakit","opening_hours":null,"operator":null,"osm_id":3428139821}},{"type":"Feature","geometry":{"type":"Point","coordinates":[110.379,-7.78525]},"properties":{"name":"Med Glow","type":"Clinic","category":"kesehatan_darurat","subcategory":"Klinik","opening_hours":null,"operator":null,"osm_id":9200943210}},{"type":"Feature","geometry":{"type":"Point","coordinates":[110.3733,-7.81803]},"properties":{"name":"Polsek Mergangsan","type":"Police","category":"kesehatan_darurat","subcategory":"Polisi","opening_hours":null,"operator":null,"osm_id":12473323673}},{"type":"Feature","geometry":{"type":"Point","coordinates":[110.374,-7.80884]},"properties":{"name":"Posyandu Dadap Biru","type":"Clinic","category":"kesehatan_darurat","subcategory":"Klinik","opening_hours":null,"operator":null,"osm_id":5826419248}},{"type":"Feature","geometry":{"type":"Point","coordinates":[110.37371,-7.74446]},"properties":{"name":"apotek kimia farma","type":"Hospital","category":"kesehatan_darurat","subcategory":"Rumah Sakit","opening_hours":null,"operator":null,"osm_id":4114148391}},{"type":"Feature","geometry":{"type":"Point","coordinates":[110.36124,-7.72182]},"properties":{"name":"Pos Lantas Denggung","type":"Police","category":"kesehatan_darurat","subcategory":"Polisi","opening_hours":null,"operator":null,"osm_id":10065909182}},{"type":"Feature","geometry":{"type":"Point","coordinates":[110.4269,-7.60338]},"properties":{"name":"Polisi","type":"Police","category":"kesehatan_darurat","subcategory":"Polisi","opening_hours":null,"operator":null,"osm_id":3661147643}},{"type":"Feature","geometry":{"type":"Point","coordinates":[110.41849,-7.68726]},"properties":{"name":"Apotek UII","type":"Pharmacy","category":"kesehatan_darurat","subcategory":"Apotek","opening_hours":"24/7","operator":"Universitas Islam Indonesia","osm_id":3202540420}},{"type":"Feature","geometry":{"type":"Point","coordinates":[110.34715,-7.69864]},"properties":{"name":"KANTOR SAMSAT SLEMAN","type":"Police","category":"kesehatan_darurat","subcategory":"Polisi","opening_hours":null,"operator":null,"osm_id":2004865511}},{"type":"Feature","geometry":{"type":"Point","coordinates":[110.34677,-7.69702]},"properties":{"name":"POLRES SLEMAN","type":"Police","category":"kesehatan_darurat","subcategory":"Polisi","opening_hours":null,"operator":null,"osm_id":2004857646}},{"type":"Feature","geometry":{"type":"Point","coordinates":[110.60562,-7.96522]},"properties":{"name":"Markas PMI Gunungkidul","type":"Clinic","category":"kesehatan_darurat","subcategory":"Klinik","opening_hours":null,"operator":null,"osm_id":3589549129}},{"type":"Feature","geometry":{"type":"Point","coordinates":[110.5805,-7.94936]},"properties":{"name":"ABHIPRAYA CENTER (Biro Psikologi Abhipraya)","type":"Hospital","category":"kesehatan_darurat","subcategory":"Rumah Sakit","opening_hours":null,"operator":null,"osm_id":11875180126}},{"type":"Feature","geometry":{"type":"Point","coordinates":[110.55595,-7.9145]},"properties":{"name":"Polsek Playen","type":"Police","category":"kesehatan_darurat","subcategory":"Polisi","opening_hours":null,"operator":null,"osm_id":8385959139}},{"type":"Feature","geometry":{"type":"Point","coordinates":[110.59887,-7.96639]},"properties":{"name":"Asprintis res gunungkidul","type":"Police","category":"kesehatan_darurat","subcategory":"Polisi","opening_hours":null,"operator":null,"osm_id":5195243922}},{"type":"Feature","geometry":{"type":"Point","coordinates":[110.60578,-7.97044]},"properties":{"name":"Polres Gunungkidul","type":"Police","category":"kesehatan_darurat","subcategory":"Polisi","opening_hours":null,"operator":null,"osm_id":5195253121}},{"type":"Feature","geometry":{"type":"Point","coordinates":[110.43142,-7.7749]},"properties":{"name":"Puskesmas Depok I","type":"Clinic","category":"kesehatan_darurat","subcategory":"Klinik","opening_hours":null,"operator":null,"osm_id":12457793601}},{"type":"Feature","geometry":{"type":"Point","coordinates":[110.37916,-7.78237]},"properties":{"name":"Watsons","type":"Pharmacy","category":"kesehatan_darurat","subcategory":"Apotek","opening_hours":null,"operator":null,"osm_id":7450811336}},{"type":"Feature","geometry":{"type":"Point","coordinates":[110.37583,-7.79786]},"properties":{"name":"Puskesmas Pakualaman","type":"Clinic","category":"kesehatan_darurat","subcategory":"Klinik","opening_hours":"Mo-Sa 07:30-12:00","operator":null,"osm_id":13512307801}},{"type":"Feature","geometry":{"type":"Point","coordinates":[110.37312,-7.78522]},"properties":{"name":"Apotek Pangastuti","type":"Pharmacy","category":"kesehatan_darurat","subcategory":"Apotek","opening_hours":"Mo-Sa 09:00-21:00","operator":null,"osm_id":13563613876}},{"type":"Feature","geometry":{"type":"Point","coordinates":[110.38492,-7.75262]},"properties":{"name":"Century","type":"Pharmacy","category":"kesehatan_darurat","subcategory":"Apotek","opening_hours":null,"operator":null,"osm_id":3451535428}},{"type":"Feature","geometry":{"type":"Point","coordinates":[110.37836,-7.77599]},"properties":{"name":"Apotek Kosudgama","type":"Pharmacy","category":"kesehatan_darurat","subcategory":"Apotek","opening_hours":null,"operator":null,"osm_id":9222644146}},{"type":"Feature","geometry":{"type":"Point","coordinates":[110.37624,-7.78481]},"properties":{"name":"dr Purnomo Subagyo","type":"Doctors","category":"kesehatan_darurat","subcategory":"Dokter","opening_hours":"Mo-Sa 06:00-07:00,17:00-19:00; PH closed","operator":null,"osm_id":9206304762}},{"type":"Feature","geometry":{"type":"Point","coordinates":[110.37422,-7.78511]},"properties":{"name":"Erha dermacenter","type":"Clinic","category":"kesehatan_darurat","subcategory":"Klinik","opening_hours":null,"operator":null,"osm_id":7880489266}},{"type":"Feature","geometry":{"type":"Point","coordinates":[110.34253,-7.82888]},"properties":{"name":"Polsek Kasihan","type":"Police","category":"kesehatan_darurat","subcategory":"Polisi","opening_hours":null,"operator":null,"osm_id":3582733611}},{"type":"Feature","geometry":{"type":"Point","coordinates":[110.63205,-7.98914]},"properties":{"name":"RSU Pelita Husada","type":"Hospital","category":"kesehatan_darurat","subcategory":"Rumah Sakit","opening_hours":null,"operator":null,"osm_id":9751906945}},{"type":"Feature","geometry":{"type":"Point","coordinates":[110.30977,-7.83876]},"properties":{"name":"RSH IN CARE (Rumah Sehat Holistik) - Bekam Jogja","type":"Hospital","category":"kesehatan_darurat","subcategory":"Rumah Sakit","opening_hours":null,"operator":"HIINCARE","osm_id":10720341447}},{"type":"Feature","geometry":{"type":"Point","coordinates":[110.33256,-7.8315]},"properties":{"name":"Klinik Sehat Pesantren","type":"Clinic","category":"kesehatan_darurat","subcategory":"Klinik","opening_hours":null,"operator":null,"osm_id":5824693118}},{"type":"Feature","geometry":{"type":"Point","coordinates":[110.31261,-7.83914]},"properties":{"name":"Puskesmas Kasihan 1","type":"Clinic","category":"kesehatan_darurat","subcategory":"Klinik","opening_hours":null,"operator":"Ministry of Health","osm_id":3630844909}},{"type":"Feature","geometry":{"type":"Point","coordinates":[110.44928,-7.75841]},"properties":{"name":"Puskesmas Kalasan","type":"Clinic","category":"kesehatan_darurat","subcategory":"Klinik","opening_hours":null,"operator":"Ministry of Health","osm_id":13706782451}},{"type":"Feature","geometry":{"type":"Point","coordinates":[110.36715,-7.78322]},"properties":{"name":"Pos Polisi Tugu Jogja","type":"Police","category":"kesehatan_darurat","subcategory":"Polisi","opening_hours":null,"operator":null,"osm_id":9821670588}},{"type":"Feature","geometry":{"type":"Point","coordinates":[110.4748,-7.83768]},"properties":{"name":"Polsek Piyungan","type":"Police","category":"kesehatan_darurat","subcategory":"Polisi","opening_hours":null,"operator":null,"osm_id":5908962486}},{"type":"Feature","geometry":{"type":"Point","coordinates":[110.39926,-7.75875]},"properties":{"name":"Erha Apothecary Pakuwon Mall Yogyakarta","type":"Pharmacy","category":"kesehatan_darurat","subcategory":"Apotek","opening_hours":null,"operator":null,"osm_id":9833122593}},{"type":"Feature","geometry":{"type":"Point","coordinates":[110.36306,-7.81456]},"properties":{"name":"Polsek Mantrijeron","type":"Police","category":"kesehatan_darurat","subcategory":"Polisi","opening_hours":null,"operator":null,"osm_id":1654015715}},{"type":"Feature","geometry":{"type":"Point","coordinates":[110.36526,-7.79626]},"properties":{"name":"Toko Obat \"Sumber Husodo\"","type":"Pharmacy","category":"kesehatan_darurat","subcategory":"Apotek","opening_hours":null,"operator":null,"osm_id":11571959951}},{"type":"Feature","geometry":{"type":"Point","coordinates":[110.36575,-7.79263]},"properties":{"name":"Kimia Farma","type":"Pharmacy","category":"kesehatan_darurat","subcategory":"Apotek","opening_hours":null,"operator":null,"osm_id":11571962078}},{"type":"Feature","geometry":{"type":"Point","coordinates":[110.36762,-7.79007]},"properties":{"name":"Police","type":"Police","category":"kesehatan_darurat","subcategory":"Polisi","opening_hours":null,"operator":null,"osm_id":13523525100}},{"type":"Feature","geometry":{"type":"Point","coordinates":[110.37557,-7.78407]},"properties":{"name":"Dr Laksmi","type":"Doctors","category":"kesehatan_darurat","subcategory":"Dokter","opening_hours":"Mo-Th 16:00-18:00; PH closed","operator":null,"osm_id":9194567502}},{"type":"Feature","geometry":{"type":"Point","coordinates":[110.40904,-7.79846]},"properties":{"name":"Pharmacy","type":"Pharmacy","category":"kesehatan_darurat","subcategory":"Apotek","opening_hours":null,"operator":null,"osm_id":7117208213}},{"type":"Feature","geometry":{"type":"Point","coordinates":[110.37901,-7.78515]},"properties":{"name":"Klinik Gigi R+","type":"Clinic","category":"kesehatan_darurat","subcategory":"Klinik","opening_hours":null,"operator":null,"osm_id":9200943213}},{"type":"Feature","geometry":{"type":"Point","coordinates":[110.3325,-7.88053]},"properties":{"name":"PMI Bantul","type":"Clinic","category":"kesehatan_darurat","subcategory":"Klinik","opening_hours":null,"operator":null,"osm_id":3630767261}},{"type":"Feature","geometry":{"type":"Point","coordinates":[110.36682,-7.81443]},"properties":{"name":"Panji Anom","type":"Pharmacy","category":"kesehatan_darurat","subcategory":"Apotek","opening_hours":null,"operator":null,"osm_id":3256671760}},{"type":"Feature","geometry":{"type":"Point","coordinates":[110.36755,-7.823]},"properties":{"name":"Kimia Farma","type":"Pharmacy","category":"kesehatan_darurat","subcategory":"Apotek","opening_hours":null,"operator":null,"osm_id":1654010512}},{"type":"Feature","geometry":{"type":"Point","coordinates":[110.36229,-7.81856]},"properties":{"name":"BP4 (Paru)","type":"Doctors","category":"kesehatan_darurat","subcategory":"Dokter","opening_hours":"Tu-Su 08:00-15:00; Sa 08:00-12:00","operator":null,"osm_id":1938492750}},{"type":"Feature","geometry":{"type":"Point","coordinates":[110.55869,-7.91989]},"properties":{"name":"Apotek Paramartha","type":"Pharmacy","category":"kesehatan_darurat","subcategory":"Apotek","opening_hours":null,"operator":null,"osm_id":9751913648}},{"type":"Feature","geometry":{"type":"Point","coordinates":[110.28586,-7.8136]},"properties":{"name":"Apotek Sembuh Jatisawit","type":"Pharmacy","category":"kesehatan_darurat","subcategory":"Apotek","opening_hours":null,"operator":null,"osm_id":10198378242}},{"type":"Feature","geometry":{"type":"Point","coordinates":[110.48124,-7.7361]},"properties":{"name":"Apotek Akhdan Farma","type":"Pharmacy","category":"kesehatan_darurat","subcategory":"Apotek","opening_hours":null,"operator":null,"osm_id":9670088776}},{"type":"Feature","geometry":{"type":"Point","coordinates":[110.39943,-7.72818]},"properties":{"name":"Doctors","type":"Doctors","category":"kesehatan_darurat","subcategory":"Dokter","opening_hours":null,"operator":null,"osm_id":4851278885}},{"type":"Feature","geometry":{"type":"Point","coordinates":[110.39291,-7.73425]},"properties":{"name":"Apotek Doa Sehat","type":"Pharmacy","category":"kesehatan_darurat","subcategory":"Apotek","opening_hours":null,"operator":null,"osm_id":3230045807}},{"type":"Feature","geometry":{"type":"Point","coordinates":[110.37228,-7.74822]},"properties":{"name":"Apotek Jongkang","type":"Hospital","category":"kesehatan_darurat","subcategory":"Rumah Sakit","opening_hours":null,"operator":null,"osm_id":5251324939}},{"type":"Feature","geometry":{"type":"Point","coordinates":[110.33142,-7.73137]},"properties":{"name":"Apotek K24","type":"Pharmacy","category":"kesehatan_darurat","subcategory":"Apotek","opening_hours":null,"operator":null,"osm_id":10086800733}},{"type":"Feature","geometry":{"type":"Point","coordinates":[110.30859,-7.72015]},"properties":{"name":"Polsek Seyegan","type":"Police","category":"kesehatan_darurat","subcategory":"Polisi","opening_hours":"24/7","operator":null,"osm_id":3309083904}},{"type":"Feature","geometry":{"type":"Point","coordinates":[110.35941,-7.72095]},"properties":{"name":"Polisi Pariwisata","type":"Police","category":"kesehatan_darurat","subcategory":"Polisi","opening_hours":null,"operator":null,"osm_id":1361184760}},{"type":"Feature","geometry":{"type":"Point","coordinates":[110.45417,-7.74015]},"properties":{"name":"Apotek Zhafira Farma","type":"Pharmacy","category":"kesehatan_darurat","subcategory":"Apotek","opening_hours":null,"operator":null,"osm_id":9705067777}},{"type":"Feature","geometry":{"type":"Point","coordinates":[110.45185,-7.7386]},"properties":{"name":"Apotek Pratama","type":"Pharmacy","category":"kesehatan_darurat","subcategory":"Apotek","opening_hours":null,"operator":null,"osm_id":9676687406}},{"type":"Feature","geometry":{"type":"Point","coordinates":[110.43452,-7.73534]},"properties":{"name":"Apotek Nirmala","type":"Pharmacy","category":"kesehatan_darurat","subcategory":"Apotek","opening_hours":null,"operator":null,"osm_id":9671827316}},{"type":"Feature","geometry":{"type":"Point","coordinates":[110.43925,-7.73617]},"properties":{"name":"Apotek Gandok","type":"Pharmacy","category":"kesehatan_darurat","subcategory":"Apotek","opening_hours":null,"operator":null,"osm_id":9740782949}},{"type":"Feature","geometry":{"type":"Point","coordinates":[110.43917,-7.73614]},"properties":{"name":"Clinic","type":"Clinic","category":"kesehatan_darurat","subcategory":"Klinik","opening_hours":null,"operator":null,"osm_id":9778852863}},{"type":"Feature","geometry":{"type":"Point","coordinates":[110.3553,-7.71693]},"properties":{"name":"Satuan Polisi Pamong Praja","type":"Police","category":"kesehatan_darurat","subcategory":"Polisi","opening_hours":null,"operator":null,"osm_id":1361158435}},{"type":"Feature","geometry":{"type":"Point","coordinates":[110.32831,-7.73451]},"properties":{"name":"Polsek Mlati","type":"Police","category":"kesehatan_darurat","subcategory":"Polisi","opening_hours":null,"operator":null,"osm_id":3318110561}},{"type":"Feature","geometry":{"type":"Point","coordinates":[110.31896,-7.92709]},"properties":{"name":"K-24","type":"Pharmacy","category":"kesehatan_darurat","subcategory":"Apotek","opening_hours":"Mo-Su 07:00-23:00","operator":null,"osm_id":9811904626}},{"type":"Feature","geometry":{"type":"Point","coordinates":[110.56148,-7.92242]},"properties":{"name":"RS Nurrohmah","type":"Hospital","category":"kesehatan_darurat","subcategory":"Rumah Sakit","opening_hours":null,"operator":null,"osm_id":8385985634}},{"type":"Feature","geometry":{"type":"Point","coordinates":[110.41064,-7.76621]},"properties":{"name":"DST Clinic Skin & Slimming Care","type":"Clinic","category":"kesehatan_darurat","subcategory":"Klinik","opening_hours":null,"operator":null,"osm_id":9824556757}},{"type":"Feature","geometry":{"type":"Point","coordinates":[110.40073,-7.72346]},"properties":{"name":"Polsek Ngaglik","type":"Police","category":"kesehatan_darurat","subcategory":"Polisi","opening_hours":null,"operator":null,"osm_id":1769202232}},{"type":"Feature","geometry":{"type":"Point","coordinates":[110.33206,-7.76774]},"properties":{"name":"Health Architecture Center","type":"Hospital","category":"kesehatan_darurat","subcategory":"Rumah Sakit","opening_hours":null,"operator":null,"osm_id":9233361241}},{"type":"Feature","geometry":{"type":"Point","coordinates":[110.48523,-7.75587]},"properties":{"name":"Juru Supit Bogem","type":"Clinic","category":"kesehatan_darurat","subcategory":"Klinik","opening_hours":null,"operator":null,"osm_id":9728592854}},{"type":"Feature","geometry":{"type":"Point","coordinates":[110.40053,-7.77764]},"properties":{"name":"Apotek Asha Medika","type":"Pharmacy","category":"kesehatan_darurat","subcategory":"Apotek","opening_hours":"Mo-Su 09:00-21:00","operator":null,"osm_id":10210311258}},{"type":"Feature","geometry":{"type":"Point","coordinates":[110.49206,-7.8535]},"properties":{"name":"Wizula Medica","type":"Clinic","category":"kesehatan_darurat","subcategory":"Klinik","opening_hours":null,"operator":null,"osm_id":9751893608}},{"type":"Feature","geometry":{"type":"Point","coordinates":[110.48755,-7.85189]},"properties":{"name":"Polsek Patuk","type":"Police","category":"kesehatan_darurat","subcategory":"Polisi","opening_hours":null,"operator":null,"osm_id":9751924127}},{"type":"Feature","geometry":{"type":"Point","coordinates":[110.41006,-7.76019]},"properties":{"name":"condong catur apotik","type":"Hospital","category":"kesehatan_darurat","subcategory":"Rumah Sakit","opening_hours":null,"operator":null,"osm_id":4590296608}},{"type":"Feature","geometry":{"type":"Point","coordinates":[110.40976,-7.7553]},"properties":{"name":"Apotek K24","type":"Pharmacy","category":"kesehatan_darurat","subcategory":"Apotek","opening_hours":null,"operator":null,"osm_id":9861977930}},{"type":"Feature","geometry":{"type":"Point","coordinates":[110.37563,-7.78536]},"properties":{"name":"ZAP Premiere Yogyakarta","type":"Clinic","category":"kesehatan_darurat","subcategory":"Klinik","opening_hours":null,"operator":null,"osm_id":9821697047}},{"type":"Feature","geometry":{"type":"Point","coordinates":[110.37559,-7.78867]},"properties":{"name":"Klinik Cito","type":"Clinic","category":"kesehatan_darurat","subcategory":"Klinik","opening_hours":null,"operator":"Mediclinic","osm_id":9903001022}},{"type":"Feature","geometry":{"type":"Point","coordinates":[110.37104,-7.78894]},"properties":{"name":"Jogja Kidney Centre","type":"Clinic","category":"kesehatan_darurat","subcategory":"Klinik","opening_hours":null,"operator":null,"osm_id":7811256797}},{"type":"Feature","geometry":{"type":"Point","coordinates":[110.37151,-7.78623]},"properties":{"name":"Klinik Onkologi","type":"Clinic","category":"kesehatan_darurat","subcategory":"Klinik","opening_hours":null,"operator":null,"osm_id":9152586819}},{"type":"Feature","geometry":{"type":"Point","coordinates":[110.37096,-7.78554]},"properties":{"name":"Dokter Rani Satiti SpKK","type":"Doctors","category":"kesehatan_darurat","subcategory":"Dokter","opening_hours":null,"operator":null,"osm_id":9159302938}},{"type":"Feature","geometry":{"type":"Point","coordinates":[110.371,-7.78552]},"properties":{"name":"Apotek Ranisha","type":"Pharmacy","category":"kesehatan_darurat","subcategory":"Apotek","opening_hours":null,"operator":null,"osm_id":9229319593}},{"type":"Feature","geometry":{"type":"Point","coordinates":[110.37494,-7.78422]},"properties":{"name":"Apotek LBC","type":"Pharmacy","category":"kesehatan_darurat","subcategory":"Apotek","opening_hours":null,"operator":null,"osm_id":9175232115}},{"type":"Feature","geometry":{"type":"Point","coordinates":[110.14595,-7.74425]},"properties":{"name":"Puskesmas Girimulyo 2","type":"Hospital","category":"kesehatan_darurat","subcategory":"Rumah Sakit","opening_hours":null,"operator":null,"osm_id":3377375693}},{"type":"Feature","geometry":{"type":"Point","coordinates":[110.28951,-7.70083]},"properties":{"name":"A AMIRUDIN A","type":"Doctors","category":"kesehatan_darurat","subcategory":"Dokter","opening_hours":"Mo-Sa 16:00-20:00","operator":null,"osm_id":3306152021}},{"type":"Feature","geometry":{"type":"Point","coordinates":[110.38874,-7.77795]},"properties":{"name":"Police","type":"Police","category":"kesehatan_darurat","subcategory":"Polisi","opening_hours":null,"operator":null,"osm_id":3624913655}},{"type":"Feature","geometry":{"type":"Point","coordinates":[110.39261,-7.77846]},"properties":{"name":"Apotek K24","type":"Pharmacy","category":"kesehatan_darurat","subcategory":"Apotek","opening_hours":null,"operator":"K24","osm_id":4278281576}},{"type":"Feature","geometry":{"type":"Point","coordinates":[110.38937,-7.7794]},"properties":{"name":"Naavagreen Cendrawasih","type":"Clinic","category":"kesehatan_darurat","subcategory":"Klinik","opening_hours":null,"operator":null,"osm_id":9969080603}},{"type":"Feature","geometry":{"type":"Point","coordinates":[110.38387,-7.75391]},"properties":{"name":"Parahita Diagnostic","type":"Clinic","category":"kesehatan_darurat","subcategory":"Klinik","opening_hours":null,"operator":null,"osm_id":3914446537}},{"type":"Feature","geometry":{"type":"Point","coordinates":[110.24786,-7.93702]},"properties":{"name":"Posyandu Kasih Ibu","type":"Clinic","category":"kesehatan_darurat","subcategory":"Klinik","opening_hours":null,"operator":null,"osm_id":5831564297}},{"type":"Feature","geometry":{"type":"Point","coordinates":[110.2959,-7.90917]},"properties":{"name":"Rumah Sakit Universitas Islam Indonesia","type":"Hospital","category":"kesehatan_darurat","subcategory":"Rumah Sakit","opening_hours":null,"operator":null,"osm_id":10705747215}},{"type":"Feature","geometry":{"type":"Point","coordinates":[110.37904,-7.78482]},"properties":{"name":"Apotek Rinjani","type":"Pharmacy","category":"kesehatan_darurat","subcategory":"Apotek","opening_hours":"Mo-Sa 08:00-21:00; PH closed","operator":null,"osm_id":9194548223}},{"type":"Feature","geometry":{"type":"Point","coordinates":[110.38415,-7.78435]},"properties":{"name":"Apotek Vishva Mitra","type":"Pharmacy","category":"kesehatan_darurat","subcategory":"Apotek","opening_hours":null,"operator":null,"osm_id":9157678762}},{"type":"Feature","geometry":{"type":"Point","coordinates":[110.37843,-7.78775]},"properties":{"name":"Klinik Pratama Detasemen Kesehatan Wilayah 04.04.02","type":"Clinic","category":"kesehatan_darurat","subcategory":"Klinik","opening_hours":null,"operator":"Korem 072 Pamungkas","osm_id":7867387742}},{"type":"Feature","geometry":{"type":"Point","coordinates":[110.37695,-7.78564]},"properties":{"name":"DKT","type":"Hospital","category":"kesehatan_darurat","subcategory":"Rumah Sakit","opening_hours":null,"operator":"Gilang","osm_id":12846795692}},{"type":"Feature","geometry":{"type":"Point","coordinates":[110.39743,-7.78303]},"properties":{"name":"Apotek K-24","type":"Pharmacy","category":"kesehatan_darurat","subcategory":"Apotek","opening_hours":null,"operator":null,"osm_id":3473046917}},{"type":"Feature","geometry":{"type":"Point","coordinates":[110.37023,-7.75789]},"properties":{"name":"Doctors","type":"Doctors","category":"kesehatan_darurat","subcategory":"Dokter","opening_hours":null,"operator":null,"osm_id":12337486197}},{"type":"Feature","geometry":{"type":"Point","coordinates":[110.37064,-7.75637]},"properties":{"name":"Doctors","type":"Doctors","category":"kesehatan_darurat","subcategory":"Dokter","opening_hours":null,"operator":null,"osm_id":12338231184}},{"type":"Feature","geometry":{"type":"Point","coordinates":[110.37011,-7.75542]},"properties":{"name":"Pharmacy","type":"Pharmacy","category":"kesehatan_darurat","subcategory":"Apotek","opening_hours":null,"operator":null,"osm_id":12338263811}},{"type":"Feature","geometry":{"type":"Point","coordinates":[110.35579,-7.81995]},"properties":{"name":"Kimia Farma","type":"Pharmacy","category":"kesehatan_darurat","subcategory":"Apotek","opening_hours":null,"operator":null,"osm_id":5803907165}},{"type":"Feature","geometry":{"type":"Point","coordinates":[110.33204,-7.79989]},"properties":{"name":"Kimia Farma","type":"Pharmacy","category":"kesehatan_darurat","subcategory":"Apotek","opening_hours":null,"operator":null,"osm_id":11554844740}},{"type":"Feature","geometry":{"type":"Point","coordinates":[110.34499,-7.80093]},"properties":{"name":"Apotek K-24","type":"Pharmacy","category":"kesehatan_darurat","subcategory":"Apotek","opening_hours":null,"operator":null,"osm_id":5905752287}},{"type":"Feature","geometry":{"type":"Point","coordinates":[110.47607,-7.83823]},"properties":{"name":"Pos Lantas Piyungan","type":"Police","category":"kesehatan_darurat","subcategory":"Polisi","opening_hours":null,"operator":null,"osm_id":3638415602}},{"type":"Feature","geometry":{"type":"Point","coordinates":[110.44871,-7.82854]},"properties":{"name":"Puskesmas Piyungan","type":"Hospital","category":"kesehatan_darurat","subcategory":"Rumah Sakit","opening_hours":null,"operator":null,"osm_id":1836618291}},{"type":"Feature","geometry":{"type":"Point","coordinates":[110.47813,-7.8302]},"properties":{"name":"Apotek Zakia Farma","type":"Pharmacy","category":"kesehatan_darurat","subcategory":"Apotek","opening_hours":null,"operator":null,"osm_id":9751893607}},{"type":"Feature","geometry":{"type":"Point","coordinates":[110.34915,-7.928]},"properties":{"name":"Puskesmas Jetis","type":"Clinic","category":"kesehatan_darurat","subcategory":"Klinik","opening_hours":null,"operator":"Ministry of Health","osm_id":2651041094}},{"type":"Feature","geometry":{"type":"Point","coordinates":[110.39678,-7.81037]},"properties":{"name":"dr. Arlita Wahyu Ciptarahmi","type":"Doctors","category":"kesehatan_darurat","subcategory":"Dokter","opening_hours":"Mo-Fr 17:00-21:00","operator":null,"osm_id":9875730046}},{"type":"Feature","geometry":{"type":"Point","coordinates":[110.66872,-7.952]},"properties":{"name":"Puskesmas","type":"Clinic","category":"kesehatan_darurat","subcategory":"Klinik","opening_hours":null,"operator":"Ministry of Health","osm_id":11759259235}},{"type":"Feature","geometry":{"type":"Point","coordinates":[110.17428,-7.867]},"properties":{"name":"NMM Konsultan Psikologi Kulon Progo","type":"Hospital","category":"kesehatan_darurat","subcategory":"Rumah Sakit","opening_hours":null,"operator":null,"osm_id":11875198704}},{"type":"Feature","geometry":{"type":"Point","coordinates":[110.31461,-7.79601]},"properties":{"name":"Pos Ronda RW 23","type":"Police","category":"kesehatan_darurat","subcategory":"Polisi","opening_hours":null,"operator":null,"osm_id":3558030827}},{"type":"Feature","geometry":{"type":"Point","coordinates":[110.31294,-7.79581]},"properties":{"name":"Pos Ronda RW 23","type":"Police","category":"kesehatan_darurat","subcategory":"Polisi","opening_hours":null,"operator":null,"osm_id":3559577401}},{"type":"Feature","geometry":{"type":"Point","coordinates":[110.6581,-7.95639]},"properties":{"name":"Rumah Sakit Panti Rahayu","type":"Hospital","category":"kesehatan_darurat","subcategory":"Rumah Sakit","opening_hours":null,"operator":null,"osm_id":12866255147}},{"type":"Feature","geometry":{"type":"Point","coordinates":[110.65774,-7.95585]},"properties":{"name":"Gedung Stella Maris RS Panti Rahayu","type":"Hospital","category":"kesehatan_darurat","subcategory":"Rumah Sakit","opening_hours":null,"operator":null,"osm_id":12866255156}},{"type":"Feature","geometry":{"type":"Point","coordinates":[110.3732,-7.80117]},"properties":{"name":"Apotek K-24","type":"Pharmacy","category":"kesehatan_darurat","subcategory":"Apotek","opening_hours":"24/7","operator":null,"osm_id":11977911064}},{"type":"Feature","geometry":{"type":"Point","coordinates":[110.37319,-7.80113]},"properties":{"name":"Dr. Tri Kusumo Bawono","type":"Clinic","category":"kesehatan_darurat","subcategory":"Klinik","opening_hours":null,"operator":null,"osm_id":11977975515}},{"type":"Feature","geometry":{"type":"Point","coordinates":[110.36193,-7.81895]},"properties":{"name":"Rumah Sunat","type":"Clinic","category":"kesehatan_darurat","subcategory":"Klinik","opening_hours":null,"operator":null,"osm_id":3630332123}},{"type":"Feature","geometry":{"type":"Point","coordinates":[110.36816,-7.81786]},"properties":{"name":"Ratna","type":"Pharmacy","category":"kesehatan_darurat","subcategory":"Apotek","opening_hours":null,"operator":null,"osm_id":5583703629}},{"type":"Feature","geometry":{"type":"Point","coordinates":[110.32222,-7.77852]},"properties":{"name":"Praktik Psikolog Nadia","type":"Hospital","category":"kesehatan_darurat","subcategory":"Rumah Sakit","opening_hours":null,"operator":null,"osm_id":11875162815}},{"type":"Feature","geometry":{"type":"Point","coordinates":[110.32019,-7.81026]},"properties":{"name":"Humaira Consulting (Konsultan Psikologi)","type":"Hospital","category":"kesehatan_darurat","subcategory":"Rumah Sakit","opening_hours":null,"operator":null,"osm_id":11875177363}},{"type":"Feature","geometry":{"type":"Point","coordinates":[110.30625,-7.77384]},"properties":{"name":"Biro Konsultasi Psikologi PARIPURNA Yogyakarta","type":"Hospital","category":"kesehatan_darurat","subcategory":"Rumah Sakit","opening_hours":null,"operator":null,"osm_id":11875191688}},{"type":"Feature","geometry":{"type":"Point","coordinates":[110.36337,-7.75736]},"properties":{"name":"Rumah Sakit Khusus Bedah (RSKB) Sinduadi","type":"Hospital","category":"kesehatan_darurat","subcategory":"Rumah Sakit","opening_hours":null,"operator":null,"osm_id":12298790416}},{"type":"Feature","geometry":{"type":"Point","coordinates":[110.40174,-7.84056]},"properties":{"name":"Arkandina","type":"Hospital","category":"kesehatan_darurat","subcategory":"Rumah Sakit","opening_hours":null,"operator":null,"osm_id":11875158121}},{"type":"Feature","geometry":{"type":"Point","coordinates":[110.3796,-7.76312]},"properties":{"name":"Apotek K-24","type":"Pharmacy","category":"kesehatan_darurat","subcategory":"Apotek","opening_hours":null,"operator":null,"osm_id":6009361195}},{"type":"Feature","geometry":{"type":"Point","coordinates":[110.33952,-7.76335]},"properties":{"name":"Lembaga Psikologi Terapan DELTA","type":"Hospital","category":"kesehatan_darurat","subcategory":"Rumah Sakit","opening_hours":null,"operator":null,"osm_id":11875160993}},{"type":"Feature","geometry":{"type":"Point","coordinates":[110.37786,-7.7971]},"properties":{"name":"Apotek Waringin","type":"Pharmacy","category":"kesehatan_darurat","subcategory":"Apotek","opening_hours":null,"operator":null,"osm_id":1987943183}},{"type":"Feature","geometry":{"type":"Point","coordinates":[110.3686,-7.81462]},"properties":{"name":"Pos Polisi Pojok Beteng Wetan","type":"Police","category":"kesehatan_darurat","subcategory":"Polisi","opening_hours":null,"operator":null,"osm_id":3214932240}},{"type":"Feature","geometry":{"type":"Point","coordinates":[110.36045,-7.81354]},"properties":{"name":"Apotek Sanitas","type":"Pharmacy","category":"kesehatan_darurat","subcategory":"Apotek","opening_hours":null,"operator":null,"osm_id":5202387848}},{"type":"Feature","geometry":{"type":"Point","coordinates":[110.36294,-7.81407]},"properties":{"name":"Pos Polisi Plengkung Gading","type":"Police","category":"kesehatan_darurat","subcategory":"Polisi","opening_hours":null,"operator":null,"osm_id":3214932239}},{"type":"Feature","geometry":{"type":"Point","coordinates":[110.35259,-7.81751]},"properties":{"name":"Klinik Bersalin dan Bidan Pipin","type":"Clinic","category":"kesehatan_darurat","subcategory":"Klinik","opening_hours":null,"operator":null,"osm_id":2564059694}},{"type":"Feature","geometry":{"type":"Point","coordinates":[110.3571,-7.81747]},"properties":{"name":"Apotik Aditya","type":"Pharmacy","category":"kesehatan_darurat","subcategory":"Apotek","opening_hours":null,"operator":null,"osm_id":3585123760}},{"type":"Feature","geometry":{"type":"Point","coordinates":[110.35122,-7.81587]},"properties":{"name":"Pos Yandu","type":"Clinic","category":"kesehatan_darurat","subcategory":"Klinik","opening_hours":null,"operator":null,"osm_id":3522111898}},{"type":"Feature","geometry":{"type":"Point","coordinates":[110.25693,-7.81415]},"properties":{"name":"Pos Polisi Lalu Lintas Sedayu","type":"Police","category":"kesehatan_darurat","subcategory":"Polisi","opening_hours":null,"operator":"Polsek Sedayu","osm_id":4770819621}},{"type":"Feature","geometry":{"type":"Point","coordinates":[110.34605,-7.93188]},"properties":{"name":"Rahma Husada","type":"Hospital","category":"kesehatan_darurat","subcategory":"Rumah Sakit","opening_hours":null,"operator":null,"osm_id":2651174542}},{"type":"Feature","geometry":{"type":"Point","coordinates":[110.32165,-7.89975]},"properties":{"name":"Damkar Bantul","type":"Fire Station","category":"kesehatan_darurat","subcategory":"Pemadam","opening_hours":null,"operator":null,"osm_id":3631002642}},{"type":"Feature","geometry":{"type":"Point","coordinates":[110.34314,-7.81168]},"properties":{"name":"PSIKOLOGI PARADIGMA","type":"Hospital","category":"kesehatan_darurat","subcategory":"Rumah Sakit","opening_hours":null,"operator":null,"osm_id":11875080903}},{"type":"Feature","geometry":{"type":"Point","coordinates":[110.59878,-7.96374]},"properties":{"name":"Kimia Farma","type":"Pharmacy","category":"kesehatan_darurat","subcategory":"Apotek","opening_hours":null,"operator":null,"osm_id":9751913650}},{"type":"Feature","geometry":{"type":"Point","coordinates":[110.36587,-7.79367]},"properties":{"name":"Gerai Sentra Pelayanan Masyarakat Malioboro Mall","type":"Police","category":"kesehatan_darurat","subcategory":"Polisi","opening_hours":null,"operator":null,"osm_id":9821473368}},{"type":"Feature","geometry":{"type":"Point","coordinates":[110.75864,-8.06882]},"properties":{"name":"Polsek Rongkop","type":"Police","category":"kesehatan_darurat","subcategory":"Polisi","opening_hours":null,"operator":null,"osm_id":994844680}},{"type":"Feature","geometry":{"type":"Point","coordinates":[110.41578,-7.77113]},"properties":{"name":"RSKIA Sadewa","type":"Hospital","category":"kesehatan_darurat","subcategory":"Rumah Sakit","opening_hours":"24/7","operator":null,"osm_id":530763479}},{"type":"Feature","geometry":{"type":"Point","coordinates":[110.4716,-7.76623]},"properties":{"name":"Rumah Sakit Bhayangkara","type":"Hospital","category":"kesehatan_darurat","subcategory":"Rumah Sakit","opening_hours":null,"operator":null,"osm_id":491025622}},{"type":"Feature","geometry":{"type":"Point","coordinates":[110.38941,-7.77826]},"properties":{"name":"Puskesmas Depok 3","type":"Clinic","category":"kesehatan_darurat","subcategory":"Klinik","opening_hours":null,"operator":null,"osm_id":139940247}},{"type":"Feature","geometry":{"type":"Point","coordinates":[110.3868,-7.77813]},"properties":{"name":"Rumah Sakit Khusus Bedah An-Nur","type":"Hospital","category":"kesehatan_darurat","subcategory":"Rumah Sakit","opening_hours":null,"operator":null,"osm_id":610149135}},{"type":"Feature","geometry":{"type":"Point","coordinates":[110.37805,-7.78843]},"properties":{"name":"Kepolisian Sektor Danurejan","type":"Police","category":"kesehatan_darurat","subcategory":"Polisi","opening_hours":"24/7","operator":null,"osm_id":480931262}},{"type":"Feature","geometry":{"type":"Point","coordinates":[110.37781,-7.78861]},"properties":{"name":"Puskesmas Danurejan II","type":"Clinic","category":"kesehatan_darurat","subcategory":"Klinik","opening_hours":null,"operator":null,"osm_id":610165659}},{"type":"Feature","geometry":{"type":"Point","coordinates":[110.37241,-7.77575]},"properties":{"name":"Klinik Rumah Sehat UGM","type":"Clinic","category":"kesehatan_darurat","subcategory":"Klinik","opening_hours":null,"operator":null,"osm_id":616212901}},{"type":"Feature","geometry":{"type":"Point","coordinates":[110.43327,-7.78116]},"properties":{"name":"Bidan Wayan Witri","type":"Clinic","category":"kesehatan_darurat","subcategory":"Klinik","opening_hours":null,"operator":null,"osm_id":364077315}},{"type":"Feature","geometry":{"type":"Point","coordinates":[110.46519,-7.78464]},"properties":{"name":"Bidan Muryati Gendangsari","type":"Doctors","category":"kesehatan_darurat","subcategory":"Dokter","opening_hours":null,"operator":null,"osm_id":530284985}},{"type":"Feature","geometry":{"type":"Point","coordinates":[110.37762,-7.79365]},"properties":{"name":"Klinik Parahita","type":"Clinic","category":"kesehatan_darurat","subcategory":"Klinik","opening_hours":null,"operator":null,"osm_id":610095221}},{"type":"Feature","geometry":{"type":"Point","coordinates":[110.45884,-7.77576]},"properties":{"name":"RSIY PDHI","type":"Hospital","category":"kesehatan_darurat","subcategory":"Rumah Sakit","opening_hours":null,"operator":null,"osm_id":1066702261}},{"type":"Feature","geometry":{"type":"Point","coordinates":[110.38643,-7.7841]},"properties":{"name":"Klinik Pratama Titian Medika","type":"Clinic","category":"kesehatan_darurat","subcategory":"Klinik","opening_hours":null,"operator":null,"osm_id":610132501}},{"type":"Feature","geometry":{"type":"Point","coordinates":[110.38675,-7.78897]},"properties":{"name":"Posyandu Sere","type":"Clinic","category":"kesehatan_darurat","subcategory":"Klinik","opening_hours":null,"operator":null,"osm_id":610097888}},{"type":"Feature","geometry":{"type":"Point","coordinates":[110.40165,-7.80249]},"properties":{"name":"Klinik Ramadhan","type":"Clinic","category":"kesehatan_darurat","subcategory":"Klinik","opening_hours":null,"operator":null,"osm_id":610105646}},{"type":"Feature","geometry":{"type":"Point","coordinates":[110.41005,-7.79868]},"properties":{"name":"Pos Polisi Lalu Lintas Blok O","type":"Police","category":"kesehatan_darurat","subcategory":"Polisi","opening_hours":null,"operator":"Polres Bantul","osm_id":615162981}},{"type":"Feature","geometry":{"type":"Point","coordinates":[110.37182,-7.81491]},"properties":{"name":"Apotik Panji Farma","type":"Pharmacy","category":"kesehatan_darurat","subcategory":"Apotek","opening_hours":null,"operator":null,"osm_id":594852353}},{"type":"Feature","geometry":{"type":"Point","coordinates":[110.3761,-7.79789]},"properties":{"name":"Klinik Utama Khadijah","type":"Clinic","category":"kesehatan_darurat","subcategory":"Klinik","opening_hours":null,"operator":null,"osm_id":592216377}},{"type":"Feature","geometry":{"type":"Point","coordinates":[110.39752,-7.81496]},"properties":{"name":"Klinik Pratama Puri Adisty Rejowinangun","type":"Clinic","category":"kesehatan_darurat","subcategory":"Klinik","opening_hours":null,"operator":null,"osm_id":594852414}},{"type":"Feature","geometry":{"type":"Point","coordinates":[110.3946,-7.81372]},"properties":{"name":"Puskesmas Kotagede II","type":"Clinic","category":"kesehatan_darurat","subcategory":"Klinik","opening_hours":null,"operator":"Ministry of Health","osm_id":386422943}},{"type":"Feature","geometry":{"type":"Point","coordinates":[110.37867,-7.80087]},"properties":{"name":"Neuro-Psychiater Prof DR Dr Soejono","type":"Doctors","category":"kesehatan_darurat","subcategory":"Dokter","opening_hours":null,"operator":null,"osm_id":275416671}},{"type":"Feature","geometry":{"type":"Point","coordinates":[110.39443,-7.78609]},"properties":{"name":"Klinik UIN Sunan Kalijaga","type":"Clinic","category":"kesehatan_darurat","subcategory":"Klinik","opening_hours":"8:00-15:00","operator":"UIN Sunan Kalijaga","osm_id":270029192}},{"type":"Feature","geometry":{"type":"Point","coordinates":[110.4267,-7.76534]},"properties":{"name":"Klinik DK Dokter Keluarga","type":"Clinic","category":"kesehatan_darurat","subcategory":"Klinik","opening_hours":null,"operator":null,"osm_id":366233624}},{"type":"Feature","geometry":{"type":"Point","coordinates":[110.38024,-7.80452]},"properties":{"name":"Posyandu Lansia dan Balita Wirogunan","type":"Clinic","category":"kesehatan_darurat","subcategory":"Klinik","opening_hours":null,"operator":null,"osm_id":278849245}},{"type":"Feature","geometry":{"type":"Point","coordinates":[110.46636,-7.77164]},"properties":{"name":"RS Panti Rini","type":"Hospital","category":"kesehatan_darurat","subcategory":"Rumah Sakit","opening_hours":null,"operator":null,"osm_id":198739428}},{"type":"Feature","geometry":{"type":"Point","coordinates":[110.37691,-7.80094]},"properties":{"name":"Rumah Sakit Khusus Puri Nirmala","type":"Hospital","category":"kesehatan_darurat","subcategory":"Rumah Sakit","opening_hours":null,"operator":null,"osm_id":120718008}},{"type":"Feature","geometry":{"type":"Point","coordinates":[110.39223,-7.81276]},"properties":{"name":"Apotek Dantisa","type":"Pharmacy","category":"kesehatan_darurat","subcategory":"Apotek","opening_hours":null,"operator":null,"osm_id":594177115}},{"type":"Feature","geometry":{"type":"Point","coordinates":[110.38969,-7.8002]},"properties":{"name":"Puskesmas Umbulharjo II","type":"Clinic","category":"kesehatan_darurat","subcategory":"Klinik","opening_hours":null,"operator":null,"osm_id":594852393}},{"type":"Feature","geometry":{"type":"Point","coordinates":[110.39013,-7.80214]},"properties":{"name":"Apotek Pharm 24","type":"Pharmacy","category":"kesehatan_darurat","subcategory":"Apotek","opening_hours":null,"operator":null,"osm_id":594852454}},{"type":"Feature","geometry":{"type":"Point","coordinates":[110.4646,-7.77325]},"properties":{"name":"RS PARU PARU","type":"Hospital","category":"kesehatan_darurat","subcategory":"Rumah Sakit","opening_hours":null,"operator":null,"osm_id":364888110}},{"type":"Feature","geometry":{"type":"Point","coordinates":[110.46438,-7.77325]},"properties":{"name":"RS PARU PARU","type":"Hospital","category":"kesehatan_darurat","subcategory":"Rumah Sakit","opening_hours":null,"operator":null,"osm_id":364887978}},{"type":"Feature","geometry":{"type":"Point","coordinates":[110.43921,-7.76508]},"properties":{"name":"Apotek Namiya","type":"Pharmacy","category":"kesehatan_darurat","subcategory":"Apotek","opening_hours":"Mo-Sa 08:00-21:00","operator":null,"osm_id":1132688255}},{"type":"Feature","geometry":{"type":"Point","coordinates":[110.37783,-7.80664]},"properties":{"name":"dr. L. Soewarno dan dr. Meilya T.","type":"Doctors","category":"kesehatan_darurat","subcategory":"Dokter","opening_hours":null,"operator":null,"osm_id":594073279}},{"type":"Feature","geometry":{"type":"Point","coordinates":[110.38503,-7.81569]},"properties":{"name":"Posyandu Balita Kunci III","type":"Clinic","category":"kesehatan_darurat","subcategory":"Klinik","opening_hours":null,"operator":null,"osm_id":610460906}},{"type":"Feature","geometry":{"type":"Point","coordinates":[110.36755,-7.78435]},"properties":{"name":"Posyandu Johar IX","type":"Clinic","category":"kesehatan_darurat","subcategory":"Klinik","opening_hours":null,"operator":null,"osm_id":616049897}},{"type":"Feature","geometry":{"type":"Point","coordinates":[110.38436,-7.80959]},"properties":{"name":"Posyandu Jahe 8B","type":"Clinic","category":"kesehatan_darurat","subcategory":"Klinik","opening_hours":null,"operator":null,"osm_id":594177100}},{"type":"Feature","geometry":{"type":"Point","coordinates":[110.37099,-7.77865]},"properties":{"name":"Puskesmas Gondokusuman 2","type":"Clinic","category":"kesehatan_darurat","subcategory":"Klinik","opening_hours":null,"operator":null,"osm_id":362146628}},{"type":"Feature","geometry":{"type":"Point","coordinates":[110.37,-7.77846]},"properties":{"name":"Puskesmas Mendiskusikan II","type":"Clinic","category":"kesehatan_darurat","subcategory":"Klinik","opening_hours":null,"operator":null,"osm_id":362158338}},{"type":"Feature","geometry":{"type":"Point","coordinates":[110.39092,-7.76849]},"properties":{"name":"Apotek Gejayan","type":"Pharmacy","category":"kesehatan_darurat","subcategory":"Apotek","opening_hours":null,"operator":null,"osm_id":592316893}},{"type":"Feature","geometry":{"type":"Point","coordinates":[110.38494,-7.77043]},"properties":{"name":"Kantor Polisi","type":"Police","category":"kesehatan_darurat","subcategory":"Polisi","opening_hours":null,"operator":null,"osm_id":338097224}},{"type":"Feature","geometry":{"type":"Point","coordinates":[110.43715,-7.8886]},"properties":{"name":"posyandu harapan santoso","type":"Clinic","category":"kesehatan_darurat","subcategory":"Klinik","opening_hours":null,"operator":null,"osm_id":613247532}},{"type":"Feature","geometry":{"type":"Point","coordinates":[110.40961,-7.76951]},"properties":{"name":"Kimia Farma","type":"Pharmacy","category":"kesehatan_darurat","subcategory":"Apotek","opening_hours":"24/7","operator":null,"osm_id":1019935396}},{"type":"Feature","geometry":{"type":"Point","coordinates":[110.38985,-7.77043]},"properties":{"name":"Apotek K24","type":"Pharmacy","category":"kesehatan_darurat","subcategory":"Apotek","opening_hours":null,"operator":null,"osm_id":591479962}},{"type":"Feature","geometry":{"type":"Point","coordinates":[110.40143,-7.77196]},"properties":{"name":"Kimia Farma Nologaten","type":"Pharmacy","category":"kesehatan_darurat","subcategory":"Apotek","opening_hours":null,"operator":null,"osm_id":1017694005}},{"type":"Feature","geometry":{"type":"Point","coordinates":[110.37968,-7.7758]},"properties":{"name":"Firefighter Base","type":"Fire Station","category":"kesehatan_darurat","subcategory":"Pemadam","opening_hours":null,"operator":null,"osm_id":1092295789}},{"type":"Feature","geometry":{"type":"Point","coordinates":[110.41547,-7.7745]},"properties":{"name":"Apotek Anugerah","type":"Pharmacy","category":"kesehatan_darurat","subcategory":"Apotek","opening_hours":null,"operator":null,"osm_id":364059275}},{"type":"Feature","geometry":{"type":"Point","coordinates":[110.25582,-7.90959]},"properties":{"name":"Puskesmas Pembantu Gulurejo","type":"Hospital","category":"kesehatan_darurat","subcategory":"Rumah Sakit","opening_hours":null,"operator":"Pemerintah","osm_id":575262947}},{"type":"Feature","geometry":{"type":"Point","coordinates":[110.35262,-7.77957]},"properties":{"name":"Klinik Notokusumo","type":"Clinic","category":"kesehatan_darurat","subcategory":"Klinik","opening_hours":null,"operator":null,"osm_id":591503002}},{"type":"Feature","geometry":{"type":"Point","coordinates":[110.33777,-7.78311]},"properties":{"name":"puskesmas gamping 2","type":"Clinic","category":"kesehatan_darurat","subcategory":"Klinik","opening_hours":null,"operator":null,"osm_id":530079560}},{"type":"Feature","geometry":{"type":"Point","coordinates":[110.45207,-7.625]},"properties":{"name":"Puskesmas Pembantu","type":"Hospital","category":"kesehatan_darurat","subcategory":"Rumah Sakit","opening_hours":null,"operator":null,"osm_id":261194331}},{"type":"Feature","geometry":{"type":"Point","coordinates":[110.48293,-7.79204]},"properties":{"name":"Apotek Danien Farma","type":"Pharmacy","category":"kesehatan_darurat","subcategory":"Apotek","opening_hours":null,"operator":null,"osm_id":531005471}},{"type":"Feature","geometry":{"type":"Point","coordinates":[110.3802,-7.91991]},"properties":{"name":"Puskesmas Imogiri I","type":"Clinic","category":"kesehatan_darurat","subcategory":"Klinik","opening_hours":null,"operator":null,"osm_id":612879603}},{"type":"Feature","geometry":{"type":"Point","coordinates":[110.39753,-7.80067]},"properties":{"name":"Rumah Sakit Khusus Bedah Soedirman","type":"Hospital","category":"kesehatan_darurat","subcategory":"Rumah Sakit","opening_hours":null,"operator":null,"osm_id":594852354}},{"type":"Feature","geometry":{"type":"Point","coordinates":[110.47869,-7.73612]},"properties":{"name":"Klinik Pratama RH Medika","type":"Clinic","category":"kesehatan_darurat","subcategory":"Klinik","opening_hours":"Mo-Sa 08:00-20:00","operator":null,"osm_id":613634093}},{"type":"Feature","geometry":{"type":"Point","coordinates":[110.34015,-7.90124]},"properties":{"name":"Klinik Pratama Istiazah","type":"Clinic","category":"kesehatan_darurat","subcategory":"Klinik","opening_hours":null,"operator":null,"osm_id":614754398}},{"type":"Feature","geometry":{"type":"Point","coordinates":[110.48322,-7.8046]},"properties":{"name":"RSUD PRAMBANAN","type":"Hospital","category":"kesehatan_darurat","subcategory":"Rumah Sakit","opening_hours":null,"operator":null,"osm_id":533746481}},{"type":"Feature","geometry":{"type":"Point","coordinates":[110.48951,-7.76207]},"properties":{"name":"Puskesmas Prambanan","type":"Clinic","category":"kesehatan_darurat","subcategory":"Klinik","opening_hours":null,"operator":null,"osm_id":533783168}},{"type":"Feature","geometry":{"type":"Point","coordinates":[110.32448,-7.77396]},"properties":{"name":"Rumah Bersalin Nurani","type":"Clinic","category":"kesehatan_darurat","subcategory":"Klinik","opening_hours":null,"operator":null,"osm_id":620304265}},{"type":"Feature","geometry":{"type":"Point","coordinates":[110.59283,-7.84434]},"properties":{"name":"Polsek Gedangsari","type":"Police","category":"kesehatan_darurat","subcategory":"Polisi","opening_hours":null,"operator":null,"osm_id":362504758}},{"type":"Feature","geometry":{"type":"Point","coordinates":[110.5925,-7.84201]},"properties":{"name":"Puskesmas Gedangsari","type":"Clinic","category":"kesehatan_darurat","subcategory":"Klinik","opening_hours":null,"operator":null,"osm_id":362504764}},{"type":"Feature","geometry":{"type":"Point","coordinates":[110.35287,-7.79239]},"properties":{"name":"Rumah Sakit Ludira Husada Tama","type":"Hospital","category":"kesehatan_darurat","subcategory":"Rumah Sakit","opening_hours":null,"operator":null,"osm_id":591938608}},{"type":"Feature","geometry":{"type":"Point","coordinates":[110.32663,-7.82534]},"properties":{"name":"Puskesmas Pembantu Kasihan","type":"Clinic","category":"kesehatan_darurat","subcategory":"Klinik","opening_hours":null,"operator":null,"osm_id":613485323}},{"type":"Feature","geometry":{"type":"Point","coordinates":[110.31405,-7.87896]},"properties":{"name":"Klinik Pratama Cahaya Husada","type":"Clinic","category":"kesehatan_darurat","subcategory":"Klinik","opening_hours":null,"operator":null,"osm_id":613578915}},{"type":"Feature","geometry":{"type":"Point","coordinates":[110.27716,-7.82236]},"properties":{"name":"Clinic","type":"Clinic","category":"kesehatan_darurat","subcategory":"Klinik","opening_hours":null,"operator":null,"osm_id":613200233}},{"type":"Feature","geometry":{"type":"Point","coordinates":[110.33509,-7.79379]},"properties":{"name":"Posyandu Mawar 2","type":"Clinic","category":"kesehatan_darurat","subcategory":"Klinik","opening_hours":null,"operator":null,"osm_id":530182156}},{"type":"Feature","geometry":{"type":"Point","coordinates":[110.34075,-7.80771]},"properties":{"name":"Klinik Citra Madina - Pratama dan Persalinan","type":"Clinic","category":"kesehatan_darurat","subcategory":"Klinik","opening_hours":null,"operator":null,"osm_id":620576284}},{"type":"Feature","geometry":{"type":"Point","coordinates":[110.30116,-7.80885]},"properties":{"name":"Puskesmas Gamping I","type":"Clinic","category":"kesehatan_darurat","subcategory":"Klinik","opening_hours":null,"operator":null,"osm_id":619116658}},{"type":"Feature","geometry":{"type":"Point","coordinates":[110.25654,-7.81681]},"properties":{"name":"Puskesmas Sedayu 2","type":"Clinic","category":"kesehatan_darurat","subcategory":"Klinik","opening_hours":null,"operator":null,"osm_id":442522324}},{"type":"Feature","geometry":{"type":"Point","coordinates":[110.32123,-7.7906]},"properties":{"name":"Posyandu Balitaria","type":"Clinic","category":"kesehatan_darurat","subcategory":"Klinik","opening_hours":null,"operator":null,"osm_id":613635289}},{"type":"Feature","geometry":{"type":"Point","coordinates":[110.32224,-7.79381]},"properties":{"name":"Klinik Pratama Sido Waras","type":"Clinic","category":"kesehatan_darurat","subcategory":"Klinik","opening_hours":null,"operator":null,"osm_id":620222894}},{"type":"Feature","geometry":{"type":"Point","coordinates":[110.32184,-7.79368]},"properties":{"name":"Klinik Pratama Amanda","type":"Clinic","category":"kesehatan_darurat","subcategory":"Klinik","opening_hours":null,"operator":null,"osm_id":620222895}},{"type":"Feature","geometry":{"type":"Point","coordinates":[110.34859,-7.78544]},"properties":{"name":"RS Khusus Ibu dan Anak Adinda","type":"Hospital","category":"kesehatan_darurat","subcategory":"Rumah Sakit","opening_hours":null,"operator":"Private","osm_id":374397543}},{"type":"Feature","geometry":{"type":"Point","coordinates":[110.33152,-7.77677]},"properties":{"name":"Via Medica","type":"Clinic","category":"kesehatan_darurat","subcategory":"Klinik","opening_hours":null,"operator":null,"osm_id":688276659}},{"type":"Feature","geometry":{"type":"Point","coordinates":[110.32436,-7.77499]},"properties":{"name":"Apotek Alfa Rama","type":"Pharmacy","category":"kesehatan_darurat","subcategory":"Apotek","opening_hours":null,"operator":null,"osm_id":530572539}},{"type":"Feature","geometry":{"type":"Point","coordinates":[110.35038,-7.80495]},"properties":{"name":"Polsek Wirobrajan","type":"Police","category":"kesehatan_darurat","subcategory":"Polisi","opening_hours":null,"operator":null,"osm_id":592267346}},{"type":"Feature","geometry":{"type":"Point","coordinates":[110.49968,-7.7839]},"properties":{"name":"Pos Kesehatan Desa (PosKesDes)","type":"Clinic","category":"kesehatan_darurat","subcategory":"Klinik","opening_hours":null,"operator":null,"osm_id":613651884}},{"type":"Feature","geometry":{"type":"Point","coordinates":[110.48766,-7.81179]},"properties":{"name":"BIDAN WIWIK","type":"Doctors","category":"kesehatan_darurat","subcategory":"Dokter","opening_hours":null,"operator":null,"osm_id":533746457}},{"type":"Feature","geometry":{"type":"Point","coordinates":[110.25351,-7.77358]},"properties":{"name":"Polsek Moyudan","type":"Police","category":"kesehatan_darurat","subcategory":"Polisi","opening_hours":null,"operator":null,"osm_id":121414004}},{"type":"Feature","geometry":{"type":"Point","coordinates":[110.33038,-7.88697]},"properties":{"name":"RSU PKU Muhammadiyah","type":"Hospital","category":"kesehatan_darurat","subcategory":"Rumah Sakit","opening_hours":null,"operator":null,"osm_id":366465707}},{"type":"Feature","geometry":{"type":"Point","coordinates":[110.34197,-7.82753]},"properties":{"name":"Posyandu Menur","type":"Clinic","category":"kesehatan_darurat","subcategory":"Klinik","opening_hours":null,"operator":null,"osm_id":613197824}},{"type":"Feature","geometry":{"type":"Point","coordinates":[110.25283,-7.77605]},"properties":{"name":"Puskesmas Moyudan","type":"Clinic","category":"kesehatan_darurat","subcategory":"Klinik","opening_hours":null,"operator":null,"osm_id":507728578}},{"type":"Feature","geometry":{"type":"Point","coordinates":[110.52103,-7.82106]},"properties":{"name":"Polindes Wukirharjo","type":"Clinic","category":"kesehatan_darurat","subcategory":"Klinik","opening_hours":null,"operator":null,"osm_id":533736991}},{"type":"Feature","geometry":{"type":"Point","coordinates":[110.13415,-7.92563]},"properties":{"name":"Puskesmas Panjatan 2","type":"Hospital","category":"kesehatan_darurat","subcategory":"Rumah Sakit","opening_hours":null,"operator":null,"osm_id":342903629}},{"type":"Feature","geometry":{"type":"Point","coordinates":[110.36257,-7.79981]},"properties":{"name":"Polresta Yogyakarta","type":"Police","category":"kesehatan_darurat","subcategory":"Polisi","opening_hours":"24/7","operator":null,"osm_id":121643269}},{"type":"Feature","geometry":{"type":"Point","coordinates":[110.43339,-7.76218]},"properties":{"name":"Posbindu Cerdik","type":"Clinic","category":"kesehatan_darurat","subcategory":"Klinik","opening_hours":null,"operator":null,"osm_id":620278794}},{"type":"Feature","geometry":{"type":"Point","coordinates":[110.37863,-7.76614]},"properties":{"name":"Polsek Bulaksumur","type":"Police","category":"kesehatan_darurat","subcategory":"Polisi","opening_hours":null,"operator":null,"osm_id":265560234}},{"type":"Feature","geometry":{"type":"Point","coordinates":[110.34351,-7.77959]},"properties":{"name":"Apotek K-24","type":"Pharmacy","category":"kesehatan_darurat","subcategory":"Apotek","opening_hours":null,"operator":null,"osm_id":530742329}},{"type":"Feature","geometry":{"type":"Point","coordinates":[110.33697,-7.77843]},"properties":{"name":"Apotek Kimia Farma","type":"Pharmacy","category":"kesehatan_darurat","subcategory":"Apotek","opening_hours":null,"operator":null,"osm_id":530742291}},{"type":"Feature","geometry":{"type":"Point","coordinates":[110.24969,-7.84628]},"properties":{"name":"Puskesmas Pembantu Desa Argodadi","type":"Clinic","category":"kesehatan_darurat","subcategory":"Klinik","opening_hours":null,"operator":null,"osm_id":616482536}},{"type":"Feature","geometry":{"type":"Point","coordinates":[110.30779,-7.81629]},"properties":{"name":"Puskesmas Pembantu Gamping I","type":"Clinic","category":"kesehatan_darurat","subcategory":"Klinik","opening_hours":null,"operator":null,"osm_id":530756997}},{"type":"Feature","geometry":{"type":"Point","coordinates":[110.3627,-7.62477]},"properties":{"name":"Clinic","type":"Clinic","category":"kesehatan_darurat","subcategory":"Klinik","opening_hours":null,"operator":null,"osm_id":368582371}},{"type":"Feature","geometry":{"type":"Point","coordinates":[110.42723,-7.60293]},"properties":{"name":"Pustu Pakem","type":"Clinic","category":"kesehatan_darurat","subcategory":"Klinik","opening_hours":null,"operator":null,"osm_id":533528999}},{"type":"Feature","geometry":{"type":"Point","coordinates":[110.33119,-7.64819]},"properties":{"name":"BIDAN TRI MARTINI","type":"Doctors","category":"kesehatan_darurat","subcategory":"Dokter","opening_hours":null,"operator":null,"osm_id":507213305}},{"type":"Feature","geometry":{"type":"Point","coordinates":[110.34783,-7.63719]},"properties":{"name":"Posyandu Mekar","type":"Clinic","category":"kesehatan_darurat","subcategory":"Klinik","opening_hours":null,"operator":null,"osm_id":393566960}},{"type":"Feature","geometry":{"type":"Point","coordinates":[110.35622,-7.65346]},"properties":{"name":"Puskesmas Pembantu Bangunkerto","type":"Clinic","category":"kesehatan_darurat","subcategory":"Klinik","opening_hours":null,"operator":null,"osm_id":533312322}},{"type":"Feature","geometry":{"type":"Point","coordinates":[110.3237,-7.64729]},"properties":{"name":"PUSKESMAS PEMBANTU","type":"Clinic","category":"kesehatan_darurat","subcategory":"Klinik","opening_hours":null,"operator":null,"osm_id":369095599}},{"type":"Feature","geometry":{"type":"Point","coordinates":[110.25718,-7.81264]},"properties":{"name":"Puskesmas Pembantu Argosari","type":"Clinic","category":"kesehatan_darurat","subcategory":"Klinik","opening_hours":null,"operator":null,"osm_id":616482524}},{"type":"Feature","geometry":{"type":"Point","coordinates":[110.38513,-7.63929]},"properties":{"name":"FASKES Tingkat 1","type":"Clinic","category":"kesehatan_darurat","subcategory":"Klinik","opening_hours":null,"operator":null,"osm_id":394251376}},{"type":"Feature","geometry":{"type":"Point","coordinates":[110.37968,-7.65392]},"properties":{"name":"Puskesmas Turi","type":"Clinic","category":"kesehatan_darurat","subcategory":"Klinik","opening_hours":null,"operator":null,"osm_id":533313484}},{"type":"Feature","geometry":{"type":"Point","coordinates":[110.46082,-7.59206]},"properties":{"name":"Hospital","type":"Hospital","category":"kesehatan_darurat","subcategory":"Rumah Sakit","opening_hours":null,"operator":null,"osm_id":261190301}},{"type":"Feature","geometry":{"type":"Point","coordinates":[110.33886,-7.64417]},"properties":{"name":"Posyandu Balita \"Nusa Indah\"","type":"Clinic","category":"kesehatan_darurat","subcategory":"Klinik","opening_hours":null,"operator":null,"osm_id":533309431}},{"type":"Feature","geometry":{"type":"Point","coordinates":[110.32286,-7.64808]},"properties":{"name":"BIDAN BU YUNI","type":"Doctors","category":"kesehatan_darurat","subcategory":"Dokter","opening_hours":null,"operator":null,"osm_id":369096100}},{"type":"Feature","geometry":{"type":"Point","coordinates":[110.34327,-7.63318]},"properties":{"name":"Puskesmas Pembantu Desa Merdikorejo","type":"Clinic","category":"kesehatan_darurat","subcategory":"Klinik","opening_hours":null,"operator":null,"osm_id":533309421}},{"type":"Feature","geometry":{"type":"Point","coordinates":[110.43285,-7.62579]},"properties":{"name":"Puskesmas Pembantu Desa Umbulharjo","type":"Hospital","category":"kesehatan_darurat","subcategory":"Rumah Sakit","opening_hours":null,"operator":null,"osm_id":261200968}},{"type":"Feature","geometry":{"type":"Point","coordinates":[110.39915,-7.6347]},"properties":{"name":"BIDAN FELIS","type":"Doctors","category":"kesehatan_darurat","subcategory":"Dokter","opening_hours":null,"operator":null,"osm_id":367371820}},{"type":"Feature","geometry":{"type":"Point","coordinates":[110.38082,-7.63055]},"properties":{"name":"Pustu Desa Wonokerto","type":"Clinic","category":"kesehatan_darurat","subcategory":"Klinik","opening_hours":null,"operator":null,"osm_id":367389497}},{"type":"Feature","geometry":{"type":"Point","coordinates":[110.31678,-7.64964]},"properties":{"name":"Posyandu Lansia Sehat Sejahtera","type":"Clinic","category":"kesehatan_darurat","subcategory":"Klinik","opening_hours":null,"operator":null,"osm_id":507682939}},{"type":"Feature","geometry":{"type":"Point","coordinates":[110.31819,-7.6496]},"properties":{"name":"Klinik Pratama H.M. Sosromiharjo","type":"Clinic","category":"kesehatan_darurat","subcategory":"Klinik","opening_hours":null,"operator":null,"osm_id":507682965}},{"type":"Feature","geometry":{"type":"Point","coordinates":[110.34239,-7.68717]},"properties":{"name":"RSUD Sleman","type":"Hospital","category":"kesehatan_darurat","subcategory":"Rumah Sakit","opening_hours":null,"operator":"pemkab sleman","osm_id":589707391}},{"type":"Feature","geometry":{"type":"Point","coordinates":[110.37079,-7.69227]},"properties":{"name":"Nusa Indah","type":"Clinic","category":"kesehatan_darurat","subcategory":"Klinik","opening_hours":null,"operator":null,"osm_id":613177968}},{"type":"Feature","geometry":{"type":"Point","coordinates":[110.34134,-7.70062]},"properties":{"name":"Faskes Tingkat I dr.H.Sunarko D.","type":"Clinic","category":"kesehatan_darurat","subcategory":"Klinik","opening_hours":null,"operator":null,"osm_id":366903110}},{"type":"Feature","geometry":{"type":"Point","coordinates":[110.34057,-7.70087]},"properties":{"name":"Klinik Ibunda","type":"Clinic","category":"kesehatan_darurat","subcategory":"Klinik","opening_hours":null,"operator":null,"osm_id":366903424}},{"type":"Feature","geometry":{"type":"Point","coordinates":[110.34099,-7.70069]},"properties":{"name":"Klinik Pratama H.R.S. Dordjowardojo","type":"Clinic","category":"kesehatan_darurat","subcategory":"Klinik","opening_hours":null,"operator":null,"osm_id":366903468}},{"type":"Feature","geometry":{"type":"Point","coordinates":[110.36868,-7.69114]},"properties":{"name":"Puskesmas Rawat Inap sleman","type":"Clinic","category":"kesehatan_darurat","subcategory":"Klinik","opening_hours":null,"operator":"Ministry of Health","osm_id":620580168}},{"type":"Feature","geometry":{"type":"Point","coordinates":[110.4275,-7.60032]},"properties":{"name":"Puskesmas Pembantu Hargo Binangun Pakem","type":"Clinic","category":"kesehatan_darurat","subcategory":"Klinik","opening_hours":null,"operator":null,"osm_id":311502143}},{"type":"Feature","geometry":{"type":"Point","coordinates":[110.39197,-7.65059]},"properties":{"name":"BIDAN FITRI","type":"Doctors","category":"kesehatan_darurat","subcategory":"Dokter","opening_hours":null,"operator":null,"osm_id":362309687}},{"type":"Feature","geometry":{"type":"Point","coordinates":[110.29697,-7.78245]},"properties":{"name":"Laboratorium Klinik Prapatan","type":"Clinic","category":"kesehatan_darurat","subcategory":"Klinik","opening_hours":null,"operator":null,"osm_id":530716186}},{"type":"Feature","geometry":{"type":"Point","coordinates":[110.29385,-7.75048]},"properties":{"name":"Rumah Sakit At-Turots Al-Islamy","type":"Hospital","category":"kesehatan_darurat","subcategory":"Rumah Sakit","opening_hours":null,"operator":null,"osm_id":620578145}},{"type":"Feature","geometry":{"type":"Point","coordinates":[110.04967,-7.89799]},"properties":{"name":"Fire Station","type":"Fire Station","category":"kesehatan_darurat","subcategory":"Pemadam","opening_hours":null,"operator":null,"osm_id":697022366}},{"type":"Feature","geometry":{"type":"Point","coordinates":[110.47125,-7.75777]},"properties":{"name":"Klinik Bidan Delima","type":"Clinic","category":"kesehatan_darurat","subcategory":"Klinik","opening_hours":null,"operator":null,"osm_id":364698267}},{"type":"Feature","geometry":{"type":"Point","coordinates":[110.27641,-7.80178]},"properties":{"name":"Puskesmas Sedayu I","type":"Clinic","category":"kesehatan_darurat","subcategory":"Klinik","opening_hours":null,"operator":null,"osm_id":505188215}},{"type":"Feature","geometry":{"type":"Point","coordinates":[110.24632,-7.85307]},"properties":{"name":"Klinik Bunga Arsari","type":"Clinic","category":"kesehatan_darurat","subcategory":"Klinik","opening_hours":null,"operator":null,"osm_id":613665491}},{"type":"Feature","geometry":{"type":"Point","coordinates":[110.23297,-7.76619]},"properties":{"name":"Puskesmas Pembantu Sumberarum","type":"Clinic","category":"kesehatan_darurat","subcategory":"Klinik","opening_hours":null,"operator":null,"osm_id":508588891}},{"type":"Feature","geometry":{"type":"Point","coordinates":[110.44478,-7.70315]},"properties":{"name":"Puskesmas Ngemplak II","type":"Clinic","category":"kesehatan_darurat","subcategory":"Klinik","opening_hours":null,"operator":null,"osm_id":363663924}},{"type":"Feature","geometry":{"type":"Point","coordinates":[110.28167,-7.81309]},"properties":{"name":"Clinic","type":"Clinic","category":"kesehatan_darurat","subcategory":"Klinik","opening_hours":null,"operator":null,"osm_id":613364464}},{"type":"Feature","geometry":{"type":"Point","coordinates":[110.15556,-7.85954]},"properties":{"name":"Dokter Ambar","type":"Doctors","category":"kesehatan_darurat","subcategory":"Dokter","opening_hours":null,"operator":null,"osm_id":530460969}},{"type":"Feature","geometry":{"type":"Point","coordinates":[110.41621,-7.6985]},"properties":{"name":"Rose Dawasir","type":"Doctors","category":"kesehatan_darurat","subcategory":"Dokter","opening_hours":null,"operator":null,"osm_id":362688911}},{"type":"Feature","geometry":{"type":"Point","coordinates":[110.40267,-7.72113]},"properties":{"name":"Apotek Dianita","type":"Pharmacy","category":"kesehatan_darurat","subcategory":"Apotek","opening_hours":null,"operator":null,"osm_id":362369051}},{"type":"Feature","geometry":{"type":"Point","coordinates":[110.34648,-7.70188]},"properties":{"name":"Puskesmas Sleman","type":"Clinic","category":"kesehatan_darurat","subcategory":"Klinik","opening_hours":null,"operator":null,"osm_id":613453278}},{"type":"Feature","geometry":{"type":"Point","coordinates":[110.36286,-7.75448]},"properties":{"name":"Puskesmas Mlati I","type":"Clinic","category":"kesehatan_darurat","subcategory":"Klinik","opening_hours":null,"operator":null,"osm_id":362219443}},{"type":"Feature","geometry":{"type":"Point","coordinates":[110.36295,-7.76699]},"properties":{"name":"Raisha Vaccine Center Sinduadi","type":"Clinic","category":"kesehatan_darurat","subcategory":"Klinik","opening_hours":null,"operator":null,"osm_id":591454187}},{"type":"Feature","geometry":{"type":"Point","coordinates":[110.36034,-7.84732]},"properties":{"name":"Kantor Polisi Resor Batul Sektor Sleman","type":"Police","category":"kesehatan_darurat","subcategory":"Polisi","opening_hours":null,"operator":null,"osm_id":120833434}},{"type":"Feature","geometry":{"type":"Point","coordinates":[110.36983,-7.77851]},"properties":{"name":"Djemari Reflexologi Jetis","type":"Clinic","category":"kesehatan_darurat","subcategory":"Klinik","opening_hours":null,"operator":null,"osm_id":362158407}},{"type":"Feature","geometry":{"type":"Point","coordinates":[110.36782,-7.76766]},"properties":{"name":"RS Sakina Idaman","type":"Hospital","category":"kesehatan_darurat","subcategory":"Rumah Sakit","opening_hours":null,"operator":null,"osm_id":617106472}},{"type":"Feature","geometry":{"type":"Point","coordinates":[110.36565,-7.77464]},"properties":{"name":"dr. Hr. Nuryono, M.Kes","type":"Doctors","category":"kesehatan_darurat","subcategory":"Dokter","opening_hours":null,"operator":null,"osm_id":362700664}},{"type":"Feature","geometry":{"type":"Point","coordinates":[110.36154,-7.77211]},"properties":{"name":"Polsek Tegal Rejo","type":"Police","category":"kesehatan_darurat","subcategory":"Polisi","opening_hours":null,"operator":null,"osm_id":121400462}},{"type":"Feature","geometry":{"type":"Point","coordinates":[110.21211,-7.77704]},"properties":{"name":"Kantor Polisi Sektor Nanggulan","type":"Police","category":"kesehatan_darurat","subcategory":"Polisi","opening_hours":null,"operator":null,"osm_id":591845830}},{"type":"Feature","geometry":{"type":"Point","coordinates":[110.34317,-7.73091]},"properties":{"name":"Puskesmas Pembantu Tlogoadi","type":"Clinic","category":"kesehatan_darurat","subcategory":"Klinik","opening_hours":null,"operator":null,"osm_id":619108112}},{"type":"Feature","geometry":{"type":"Point","coordinates":[110.35019,-7.74335]},"properties":{"name":"Rumah Sakit Akademik UGM","type":"Hospital","category":"kesehatan_darurat","subcategory":"Rumah Sakit","opening_hours":null,"operator":null,"osm_id":233729584}},{"type":"Feature","geometry":{"type":"Point","coordinates":[110.36184,-7.74878]},"properties":{"name":"Pos Polisi Lalu Lintas Jombor","type":"Police","category":"kesehatan_darurat","subcategory":"Polisi","opening_hours":"24/7","operator":"Polresta Sleman","osm_id":1332808068}},{"type":"Feature","geometry":{"type":"Point","coordinates":[110.36463,-7.73472]},"properties":{"name":"Puskesmas Pembantu Sub Sendangadi","type":"Clinic","category":"kesehatan_darurat","subcategory":"Klinik","opening_hours":null,"operator":null,"osm_id":363091054}},{"type":"Feature","geometry":{"type":"Point","coordinates":[110.36399,-7.73536]},"properties":{"name":"Klinik Bersalin Puri Melati","type":"Clinic","category":"kesehatan_darurat","subcategory":"Klinik","opening_hours":null,"operator":null,"osm_id":510323293}},{"type":"Feature","geometry":{"type":"Point","coordinates":[110.33934,-7.69027]},"properties":{"name":"Poliklinik & Rumah Bersalin KIA/KB","type":"Clinic","category":"kesehatan_darurat","subcategory":"Klinik","opening_hours":null,"operator":null,"osm_id":620586569}},{"type":"Feature","geometry":{"type":"Point","coordinates":[110.23753,-7.72633]},"properties":{"name":"Posyandu Anggrek","type":"Clinic","category":"kesehatan_darurat","subcategory":"Klinik","opening_hours":null,"operator":null,"osm_id":220346629}},{"type":"Feature","geometry":{"type":"Point","coordinates":[110.24232,-7.75523]},"properties":{"name":"RSU PANTI BAKTININGSIH","type":"Hospital","category":"kesehatan_darurat","subcategory":"Rumah Sakit","opening_hours":null,"operator":null,"osm_id":620520372}},{"type":"Feature","geometry":{"type":"Point","coordinates":[110.37303,-7.74698]},"properties":{"name":"Apotek","type":"Pharmacy","category":"kesehatan_darurat","subcategory":"Apotek","opening_hours":null,"operator":null,"osm_id":362720169}},{"type":"Feature","geometry":{"type":"Point","coordinates":[110.32859,-7.74872]},"properties":{"name":"Sub Puskesmas Mlati 2","type":"Hospital","category":"kesehatan_darurat","subcategory":"Rumah Sakit","opening_hours":null,"operator":null,"osm_id":363969384}},{"type":"Feature","geometry":{"type":"Point","coordinates":[110.32797,-7.73257]},"properties":{"name":"Puskesmas Mlati","type":"Clinic","category":"kesehatan_darurat","subcategory":"Klinik","opening_hours":null,"operator":null,"osm_id":619116614}},{"type":"Feature","geometry":{"type":"Point","coordinates":[110.3214,-7.73158]},"properties":{"name":"Klinik Pratama Aswaja","type":"Clinic","category":"kesehatan_darurat","subcategory":"Klinik","opening_hours":null,"operator":null,"osm_id":507493956}},{"type":"Feature","geometry":{"type":"Point","coordinates":[110.16405,-7.83136]},"properties":{"name":"Puskesmas Pengasih 1","type":"Hospital","category":"kesehatan_darurat","subcategory":"Rumah Sakit","opening_hours":null,"operator":null,"osm_id":236813795}},{"type":"Feature","geometry":{"type":"Point","coordinates":[110.35831,-7.7764]},"properties":{"name":"Klinik Widosari VIII","type":"Clinic","category":"kesehatan_darurat","subcategory":"Klinik","opening_hours":null,"operator":null,"osm_id":591934295}},{"type":"Feature","geometry":{"type":"Point","coordinates":[110.36125,-7.77707]},"properties":{"name":"Kimia Farma","type":"Pharmacy","category":"kesehatan_darurat","subcategory":"Apotek","opening_hours":null,"operator":null,"osm_id":611140943}},{"type":"Feature","geometry":{"type":"Point","coordinates":[110.4564,-7.66472]},"properties":{"name":"Puskesmas Induk Cangkringan","type":"Clinic","category":"kesehatan_darurat","subcategory":"Klinik","opening_hours":null,"operator":null,"osm_id":364051553}},{"type":"Feature","geometry":{"type":"Point","coordinates":[110.32716,-7.65816]},"properties":{"name":"PUSKESMAS 1 TEMPEL","type":"Clinic","category":"kesehatan_darurat","subcategory":"Klinik","opening_hours":null,"operator":null,"osm_id":369028456}},{"type":"Feature","geometry":{"type":"Point","coordinates":[110.32502,-7.68544]},"properties":{"name":"Puskesmas Pembantu Caturharjo","type":"Clinic","category":"kesehatan_darurat","subcategory":"Klinik","opening_hours":null,"operator":null,"osm_id":510028990}},{"type":"Feature","geometry":{"type":"Point","coordinates":[110.41701,-7.66867]},"properties":{"name":"RS Panti Nugroho","type":"Hospital","category":"kesehatan_darurat","subcategory":"Rumah Sakit","opening_hours":null,"operator":null,"osm_id":620543767}},{"type":"Feature","geometry":{"type":"Point","coordinates":[110.39551,-7.65916]},"properties":{"name":"Klinik Pulowatu Sisma Medika","type":"Clinic","category":"kesehatan_darurat","subcategory":"Klinik","opening_hours":null,"operator":null,"osm_id":362303610}},{"type":"Feature","geometry":{"type":"Point","coordinates":[110.46878,-7.90016]},"properties":{"name":"Klinik Pratama Umum Mitra Husada","type":"Clinic","category":"kesehatan_darurat","subcategory":"Klinik","opening_hours":null,"operator":null,"osm_id":613619071}},{"type":"Feature","geometry":{"type":"Point","coordinates":[110.3896,-7.86079]},"properties":{"name":"Apotek Andalan Farma","type":"Pharmacy","category":"kesehatan_darurat","subcategory":"Apotek","opening_hours":"07:30-21:30","operator":null,"osm_id":1338990357}},{"type":"Feature","geometry":{"type":"Point","coordinates":[110.38971,-7.86421]},"properties":{"name":"Puskesmas Pleret","type":"Clinic","category":"kesehatan_darurat","subcategory":"Klinik","opening_hours":null,"operator":null,"osm_id":615155081}},{"type":"Feature","geometry":{"type":"Point","coordinates":[110.39584,-7.82746]},"properties":{"name":"Puskesmas Jagalan","type":"Clinic","category":"kesehatan_darurat","subcategory":"Klinik","opening_hours":null,"operator":null,"osm_id":610090451}},{"type":"Feature","geometry":{"type":"Point","coordinates":[110.39126,-7.83253]},"properties":{"name":"Klinik IMS Pustu Giwangan","type":"Clinic","category":"kesehatan_darurat","subcategory":"Klinik","opening_hours":null,"operator":null,"osm_id":536539565}},{"type":"Feature","geometry":{"type":"Point","coordinates":[110.37855,-7.8225]},"properties":{"name":"Posyandu Darma Sejahtera","type":"Clinic","category":"kesehatan_darurat","subcategory":"Klinik","opening_hours":null,"operator":null,"osm_id":616245309}},{"type":"Feature","geometry":{"type":"Point","coordinates":[110.39175,-7.83683]},"properties":{"name":"Pos Polisi Lalu Lintas Gondowulung","type":"Police","category":"kesehatan_darurat","subcategory":"Polisi","opening_hours":"24/7","operator":"Polresta Yogyakarta","osm_id":1152311528}},{"type":"Feature","geometry":{"type":"Point","coordinates":[110.60582,-7.97014]},"properties":{"name":"Kepolisian Resor Wonosari","type":"Police","category":"kesehatan_darurat","subcategory":"Polisi","opening_hours":null,"operator":null,"osm_id":530268929}},{"type":"Feature","geometry":{"type":"Point","coordinates":[110.3204,-8.0137]},"properties":{"name":"Klinik Pertama","type":"Clinic","category":"kesehatan_darurat","subcategory":"Klinik","opening_hours":null,"operator":null,"osm_id":529870008}},{"type":"Feature","geometry":{"type":"Point","coordinates":[110.39079,-7.62466]},"properties":{"name":"PUSKESMAS PEMBANTU","type":"Clinic","category":"kesehatan_darurat","subcategory":"Klinik","opening_hours":null,"operator":null,"osm_id":533323270}},{"type":"Feature","geometry":{"type":"Point","coordinates":[110.34457,-7.95816]},"properties":{"name":"RS Terpadu Penyandang Disabilitas","type":"Hospital","category":"kesehatan_darurat","subcategory":"Rumah Sakit","opening_hours":null,"operator":null,"osm_id":447657872}},{"type":"Feature","geometry":{"type":"Point","coordinates":[110.40556,-7.8713]},"properties":{"name":"Klinik Kedaton","type":"Clinic","category":"kesehatan_darurat","subcategory":"Klinik","opening_hours":null,"operator":null,"osm_id":534916930}},{"type":"Feature","geometry":{"type":"Point","coordinates":[110.41393,-7.82915]},"properties":{"name":"Puskesmas Banguntapan 1","type":"Clinic","category":"kesehatan_darurat","subcategory":"Klinik","opening_hours":null,"operator":null,"osm_id":617111675}},{"type":"Feature","geometry":{"type":"Point","coordinates":[110.38771,-7.81498]},"properties":{"name":"RSI Hidayatullah","type":"Hospital","category":"kesehatan_darurat","subcategory":"Rumah Sakit","opening_hours":null,"operator":null,"osm_id":616211547}},{"type":"Feature","geometry":{"type":"Point","coordinates":[110.3751,-7.78368]},"properties":{"name":"Ku\u00e7ala Medical Center","type":"Clinic","category":"kesehatan_darurat","subcategory":"Klinik","opening_hours":null,"operator":null,"osm_id":362003208}},{"type":"Feature","geometry":{"type":"Point","coordinates":[110.39352,-7.79218]},"properties":{"name":"Klinik Pratama Telkomedika","type":"Clinic","category":"kesehatan_darurat","subcategory":"Klinik","opening_hours":null,"operator":null,"osm_id":615120504}},{"type":"Feature","geometry":{"type":"Point","coordinates":[110.40924,-7.90519]},"properties":{"name":"Puskesmas Pembantu Wukirsari","type":"Clinic","category":"kesehatan_darurat","subcategory":"Klinik","opening_hours":null,"operator":null,"osm_id":615083723}},{"type":"Feature","geometry":{"type":"Point","coordinates":[110.44124,-7.91005]},"properties":{"name":"Puskesmas Pembantu Muntuk","type":"Clinic","category":"kesehatan_darurat","subcategory":"Klinik","opening_hours":null,"operator":null,"osm_id":615104517}},{"type":"Feature","geometry":{"type":"Point","coordinates":[110.47472,-7.9272]},"properties":{"name":"Klinik Pratama Qanta Husada","type":"Clinic","category":"kesehatan_darurat","subcategory":"Klinik","opening_hours":null,"operator":null,"osm_id":620313200}},{"type":"Feature","geometry":{"type":"Point","coordinates":[110.46938,-7.92226]},"properties":{"name":"Klinik Pratama Avicena","type":"Clinic","category":"kesehatan_darurat","subcategory":"Klinik","opening_hours":null,"operator":null,"osm_id":612996876}},{"type":"Feature","geometry":{"type":"Point","coordinates":[110.42985,-7.88238]},"properties":{"name":"Puskesmas Pembantu Wonolelo","type":"Clinic","category":"kesehatan_darurat","subcategory":"Klinik","opening_hours":null,"operator":null,"osm_id":613619732}},{"type":"Feature","geometry":{"type":"Point","coordinates":[110.42827,-7.88225]},"properties":{"name":"Praktek Dokter dr. Latifatun Nisa","type":"Clinic","category":"kesehatan_darurat","subcategory":"Klinik","opening_hours":null,"operator":null,"osm_id":534386653}},{"type":"Feature","geometry":{"type":"Point","coordinates":[110.60417,-7.95427]},"properties":{"name":"Klinik Bakti Husada","type":"Clinic","category":"kesehatan_darurat","subcategory":"Klinik","opening_hours":null,"operator":null,"osm_id":486756954}},{"type":"Feature","geometry":{"type":"Point","coordinates":[110.60387,-7.9618]},"properties":{"name":"RSUD Wonosari","type":"Hospital","category":"kesehatan_darurat","subcategory":"Rumah Sakit","opening_hours":null,"operator":null,"osm_id":530314270}},{"type":"Feature","geometry":{"type":"Point","coordinates":[110.46518,-7.93383]},"properties":{"name":"Puskesmas Dlingo I","type":"Clinic","category":"kesehatan_darurat","subcategory":"Klinik","opening_hours":null,"operator":null,"osm_id":613465093}},{"type":"Feature","geometry":{"type":"Point","coordinates":[110.47296,-7.9478]},"properties":{"name":"Posyandu Lestari Pokoh I","type":"Clinic","category":"kesehatan_darurat","subcategory":"Klinik","opening_hours":null,"operator":null,"osm_id":613675846}},{"type":"Feature","geometry":{"type":"Point","coordinates":[110.35397,-7.82794]},"properties":{"name":"Pos Polisi Lalu Lintas Dongkelan","type":"Police","category":"kesehatan_darurat","subcategory":"Polisi","opening_hours":"24/7","operator":"Polres Bantul","osm_id":610352502}},{"type":"Feature","geometry":{"type":"Point","coordinates":[110.36682,-7.80333]},"properties":{"name":"Klinik Yudhonegaran","type":"Clinic","category":"kesehatan_darurat","subcategory":"Klinik","opening_hours":null,"operator":null,"osm_id":610114084}},{"type":"Feature","geometry":{"type":"Point","coordinates":[110.20974,-7.77457]},"properties":{"name":"Puskesmas Nanggulan","type":"Clinic","category":"kesehatan_darurat","subcategory":"Klinik","opening_hours":null,"operator":"Ministry of Health","osm_id":591845831}},{"type":"Feature","geometry":{"type":"Point","coordinates":[110.3666,-7.78271]},"properties":{"name":"Klinik Utama Amanah","type":"Clinic","category":"kesehatan_darurat","subcategory":"Klinik","opening_hours":null,"operator":null,"osm_id":616072410}},{"type":"Feature","geometry":{"type":"Point","coordinates":[110.36322,-7.78471]},"properties":{"name":"Apotek SW","type":"Pharmacy","category":"kesehatan_darurat","subcategory":"Apotek","opening_hours":null,"operator":null,"osm_id":591457098}},{"type":"Feature","geometry":{"type":"Point","coordinates":[110.36332,-7.75738]},"properties":{"name":"RSKB SINDUADI","type":"Hospital","category":"kesehatan_darurat","subcategory":"Rumah Sakit","opening_hours":null,"operator":null,"osm_id":591454189}},{"type":"Feature","geometry":{"type":"Point","coordinates":[110.37513,-7.89777]},"properties":{"name":"Puskesmas Jetis 1","type":"Clinic","category":"kesehatan_darurat","subcategory":"Klinik","opening_hours":null,"operator":null,"osm_id":612975971}},{"type":"Feature","geometry":{"type":"Point","coordinates":[110.35599,-7.80516]},"properties":{"name":"Posyandu Pala 3","type":"Clinic","category":"kesehatan_darurat","subcategory":"Klinik","opening_hours":null,"operator":null,"osm_id":616039913}},{"type":"Feature","geometry":{"type":"Point","coordinates":[110.35584,-7.80356]},"properties":{"name":"Puskesmas Ngampilan","type":"Clinic","category":"kesehatan_darurat","subcategory":"Klinik","opening_hours":null,"operator":null,"osm_id":386421831}},{"type":"Feature","geometry":{"type":"Point","coordinates":[110.3705,-7.80393]},"properties":{"name":"Puskesmas Gondomanan","type":"Clinic","category":"kesehatan_darurat","subcategory":"Klinik","opening_hours":null,"operator":null,"osm_id":592226017}},{"type":"Feature","geometry":{"type":"Point","coordinates":[110.38121,-7.92114]},"properties":{"name":"Klinik Pratama Syiwak","type":"Clinic","category":"kesehatan_darurat","subcategory":"Klinik","opening_hours":null,"operator":null,"osm_id":618206960}},{"type":"Feature","geometry":{"type":"Point","coordinates":[110.35959,-7.78929]},"properties":{"name":"Polsek Gedongtengen","type":"Police","category":"kesehatan_darurat","subcategory":"Polisi","opening_hours":null,"operator":null,"osm_id":683479808}},{"type":"Feature","geometry":{"type":"Point","coordinates":[110.36546,-7.78867]},"properties":{"name":"Klinik Kesehatan PT. KAI Yogyakarta","type":"Clinic","category":"kesehatan_darurat","subcategory":"Klinik","opening_hours":null,"operator":null,"osm_id":293043838}},{"type":"Feature","geometry":{"type":"Point","coordinates":[110.3504,-7.8065]},"properties":{"name":"Klinik Pratama 24 Jam Firdaus","type":"Clinic","category":"kesehatan_darurat","subcategory":"Klinik","opening_hours":null,"operator":null,"osm_id":592267328}},{"type":"Feature","geometry":{"type":"Point","coordinates":[110.36267,-7.78774]},"properties":{"name":"Klinik Pelita Kasih","type":"Clinic","category":"kesehatan_darurat","subcategory":"Klinik","opening_hours":null,"operator":null,"osm_id":314517551}},{"type":"Feature","geometry":{"type":"Point","coordinates":[110.34795,-7.78462]},"properties":{"name":"Klinik Dokter Ferihana","type":"Clinic","category":"kesehatan_darurat","subcategory":"Klinik","opening_hours":null,"operator":null,"osm_id":620576256}},{"type":"Feature","geometry":{"type":"Point","coordinates":[110.3876,-7.88729]},"properties":{"name":"Rumah Sakit Nur Hidayah","type":"Clinic","category":"kesehatan_darurat","subcategory":"Klinik","opening_hours":null,"operator":null,"osm_id":614432230}},{"type":"Feature","geometry":{"type":"Point","coordinates":[110.38797,-7.88622]},"properties":{"name":"Rumah Sakit Nur Hidayah","type":"Hospital","category":"kesehatan_darurat","subcategory":"Rumah Sakit","opening_hours":null,"operator":null,"osm_id":614432401}},{"type":"Feature","geometry":{"type":"Point","coordinates":[110.38657,-7.93519]},"properties":{"name":"Puskesmas Pembantu Karang Tengah","type":"Clinic","category":"kesehatan_darurat","subcategory":"Klinik","opening_hours":null,"operator":null,"osm_id":613351975}},{"type":"Feature","geometry":{"type":"Point","coordinates":[110.36776,-7.79322]},"properties":{"name":"Klinik Realino","type":"Clinic","category":"kesehatan_darurat","subcategory":"Klinik","opening_hours":null,"operator":null,"osm_id":591935674}},{"type":"Feature","geometry":{"type":"Point","coordinates":[110.40221,-8.03222]},"properties":{"name":"Puskesmas Giripurwo","type":"Hospital","category":"kesehatan_darurat","subcategory":"Rumah Sakit","opening_hours":null,"operator":null,"osm_id":514264630}},{"type":"Feature","geometry":{"type":"Point","coordinates":[110.36039,-7.83417]},"properties":{"name":"Rumah Sakit Khusus Bedah","type":"Hospital","category":"kesehatan_darurat","subcategory":"Rumah Sakit","opening_hours":null,"operator":null,"osm_id":535953749}},{"type":"Feature","geometry":{"type":"Point","coordinates":[110.39567,-7.88617]},"properties":{"name":"Panti Hafara","type":"Clinic","category":"kesehatan_darurat","subcategory":"Klinik","opening_hours":null,"operator":null,"osm_id":616838266}},{"type":"Feature","geometry":{"type":"Point","coordinates":[110.34495,-7.79829]},"properties":{"name":"RS Khusus Ibu dan Anak Kahyangan","type":"Hospital","category":"kesehatan_darurat","subcategory":"Rumah Sakit","opening_hours":null,"operator":null,"osm_id":418521933}},{"type":"Feature","geometry":{"type":"Point","coordinates":[110.36362,-7.79396]},"properties":{"name":"Apotek Tan's Farma","type":"Pharmacy","category":"kesehatan_darurat","subcategory":"Apotek","opening_hours":null,"operator":null,"osm_id":591933043}},{"type":"Feature","geometry":{"type":"Point","coordinates":[110.35367,-7.79545]},"properties":{"name":"Posyandu Balita dan Lansia","type":"Clinic","category":"kesehatan_darurat","subcategory":"Klinik","opening_hours":null,"operator":null,"osm_id":610086449}},{"type":"Feature","geometry":{"type":"Point","coordinates":[110.42166,-7.6602]},"properties":{"name":"Puskesmas Pakem","type":"Clinic","category":"kesehatan_darurat","subcategory":"Klinik","opening_hours":null,"operator":null,"osm_id":514258004}},{"type":"Feature","geometry":{"type":"Point","coordinates":[110.30411,-7.67605]},"properties":{"name":"Klinik Fia","type":"Clinic","category":"kesehatan_darurat","subcategory":"Klinik","opening_hours":null,"operator":null,"osm_id":533306940}},{"type":"Feature","geometry":{"type":"Point","coordinates":[110.23536,-7.79075]},"properties":{"name":"Posyandu Sekar Rahayu","type":"Clinic","category":"kesehatan_darurat","subcategory":"Klinik","opening_hours":null,"operator":null,"osm_id":511669816}},{"type":"Feature","geometry":{"type":"Point","coordinates":[110.35799,-7.68484]},"properties":{"name":"Posyandu Wijaya Kusuma","type":"Clinic","category":"kesehatan_darurat","subcategory":"Klinik","opening_hours":null,"operator":null,"osm_id":508058634}},{"type":"Feature","geometry":{"type":"Point","coordinates":[110.40851,-7.68192]},"properties":{"name":"Puskesmas Pembantu","type":"Clinic","category":"kesehatan_darurat","subcategory":"Klinik","opening_hours":null,"operator":null,"osm_id":362836838}},{"type":"Feature","geometry":{"type":"Point","coordinates":[110.41146,-7.68012]},"properties":{"name":"Puskesmas Pembantu","type":"Clinic","category":"kesehatan_darurat","subcategory":"Klinik","opening_hours":null,"operator":null,"osm_id":362837507}},{"type":"Feature","geometry":{"type":"Point","coordinates":[110.35195,-7.66374]},"properties":{"name":"Dusun Kawedan","type":"Clinic","category":"kesehatan_darurat","subcategory":"Klinik","opening_hours":null,"operator":null,"osm_id":368737928}},{"type":"Feature","geometry":{"type":"Point","coordinates":[110.42053,-7.66165]},"properties":{"name":"Apotek Pakem","type":"Pharmacy","category":"kesehatan_darurat","subcategory":"Apotek","opening_hours":null,"operator":null,"osm_id":530721374}},{"type":"Feature","geometry":{"type":"Point","coordinates":[110.42188,-7.66209]},"properties":{"name":"Rumah Sakit Jiwa Grhasia","type":"Hospital","category":"kesehatan_darurat","subcategory":"Rumah Sakit","opening_hours":null,"operator":null,"osm_id":620526505}},{"type":"Feature","geometry":{"type":"Point","coordinates":[110.45569,-7.65824]},"properties":{"name":"Pos Kesehatan Hewan Cangkringan","type":"Clinic","category":"kesehatan_darurat","subcategory":"Klinik","opening_hours":null,"operator":null,"osm_id":533504226}},{"type":"Feature","geometry":{"type":"Point","coordinates":[110.36311,-7.67001]},"properties":{"name":"Puskesmas Pembantu Trimulyo","type":"Clinic","category":"kesehatan_darurat","subcategory":"Klinik","opening_hours":null,"operator":null,"osm_id":505595316}},{"type":"Feature","geometry":{"type":"Point","coordinates":[110.3619,-7.66972]},"properties":{"name":"Klinik Pratama SWA","type":"Clinic","category":"kesehatan_darurat","subcategory":"Klinik","opening_hours":null,"operator":null,"osm_id":505594890}},{"type":"Feature","geometry":{"type":"Point","coordinates":[110.37694,-7.78553]},"properties":{"name":"Rumah Sakit Dr Soetarto","type":"Hospital","category":"kesehatan_darurat","subcategory":"Rumah Sakit","opening_hours":null,"operator":null,"osm_id":591475169}},{"type":"Feature","geometry":{"type":"Point","coordinates":[110.35535,-7.66447]},"properties":{"name":"Posyandu Pambregan","type":"Clinic","category":"kesehatan_darurat","subcategory":"Klinik","opening_hours":null,"operator":null,"osm_id":368737899}},{"type":"Feature","geometry":{"type":"Point","coordinates":[110.38462,-7.7857]},"properties":{"name":"Klinik Pratama Bussiness Polda DIY","type":"Clinic","category":"kesehatan_darurat","subcategory":"Klinik","opening_hours":null,"operator":null,"osm_id":362534848}},{"type":"Feature","geometry":{"type":"Point","coordinates":[110.38286,-7.62103]},"properties":{"name":"Puskesmas Pembantu Wonokerto","type":"Clinic","category":"kesehatan_darurat","subcategory":"Klinik","opening_hours":null,"operator":null,"osm_id":362013813}},{"type":"Feature","geometry":{"type":"Point","coordinates":[110.4547,-7.61688]},"properties":{"name":"POSYANDU SINGKONG","type":"Clinic","category":"kesehatan_darurat","subcategory":"Klinik","opening_hours":null,"operator":null,"osm_id":261196481}},{"type":"Feature","geometry":{"type":"Point","coordinates":[110.37725,-7.80816]},"properties":{"name":"Klinik Prima Medika","type":"Clinic","category":"kesehatan_darurat","subcategory":"Klinik","opening_hours":null,"operator":null,"osm_id":594985469}},{"type":"Feature","geometry":{"type":"Point","coordinates":[110.37531,-7.81015]},"properties":{"name":"Puskesmas Mergangsan","type":"Clinic","category":"kesehatan_darurat","subcategory":"Klinik","opening_hours":null,"operator":null,"osm_id":610364799}},{"type":"Feature","geometry":{"type":"Point","coordinates":[110.38707,-7.81073]},"properties":{"name":"Apotek Vita Farma","type":"Pharmacy","category":"kesehatan_darurat","subcategory":"Apotek","opening_hours":null,"operator":null,"osm_id":593643086}},{"type":"Feature","geometry":{"type":"Point","coordinates":[110.39475,-7.80625]},"properties":{"name":"Puskesmas Umbulharjo I","type":"Clinic","category":"kesehatan_darurat","subcategory":"Klinik","opening_hours":null,"operator":null,"osm_id":594553061}},{"type":"Feature","geometry":{"type":"Point","coordinates":[110.37963,-7.81178]},"properties":{"name":"Posyandu Remujung","type":"Clinic","category":"kesehatan_darurat","subcategory":"Klinik","opening_hours":null,"operator":null,"osm_id":594177096}},{"type":"Feature","geometry":{"type":"Point","coordinates":[110.37693,-7.81194]},"properties":{"name":"Apotek K-24","type":"Pharmacy","category":"kesehatan_darurat","subcategory":"Apotek","opening_hours":null,"operator":null,"osm_id":594177112}},{"type":"Feature","geometry":{"type":"Point","coordinates":[110.37722,-7.81183]},"properties":{"name":"dr H. R. Soehadi","type":"Doctors","category":"kesehatan_darurat","subcategory":"Dokter","opening_hours":null,"operator":null,"osm_id":595380113}},{"type":"Feature","geometry":{"type":"Point","coordinates":[110.40511,-7.8109]},"properties":{"name":"Apotek Fiki","type":"Pharmacy","category":"kesehatan_darurat","subcategory":"Apotek","opening_hours":null,"operator":null,"osm_id":530026823}},{"type":"Feature","geometry":{"type":"Point","coordinates":[110.39141,-7.80106]},"properties":{"name":"Dinas Kebakaran Kota Yogyakarta","type":"Fire Station","category":"kesehatan_darurat","subcategory":"Pemadam","opening_hours":null,"operator":null,"osm_id":393957343}},{"type":"Feature","geometry":{"type":"Point","coordinates":[110.38931,-7.80218]},"properties":{"name":"Apotek K-24","type":"Pharmacy","category":"kesehatan_darurat","subcategory":"Apotek","opening_hours":null,"operator":null,"osm_id":594852453}},{"type":"Feature","geometry":{"type":"Point","coordinates":[110.38563,-7.80213]},"properties":{"name":"Kimia Farma","type":"Pharmacy","category":"kesehatan_darurat","subcategory":"Apotek","opening_hours":null,"operator":null,"osm_id":517889470}},{"type":"Feature","geometry":{"type":"Point","coordinates":[110.40235,-7.80325]},"properties":{"name":"Apotik Gedong Kuning","type":"Pharmacy","category":"kesehatan_darurat","subcategory":"Apotek","opening_hours":"Mo-Sa 08:00-21:00","operator":null,"osm_id":610105533}},{"type":"Feature","geometry":{"type":"Point","coordinates":[110.39758,-7.79995]},"properties":{"name":"Posyandu Lengkuas","type":"Clinic","category":"kesehatan_darurat","subcategory":"Klinik","opening_hours":null,"operator":null,"osm_id":594422000}},{"type":"Feature","geometry":{"type":"Point","coordinates":[110.37722,-7.80094]},"properties":{"name":"Rumah Sakit Khusus Puri Nirmala","type":"Hospital","category":"kesehatan_darurat","subcategory":"Rumah Sakit","opening_hours":null,"operator":null,"osm_id":273660215}},{"type":"Feature","geometry":{"type":"Point","coordinates":[110.39544,-7.80187]},"properties":{"name":"Apotek Panasea","type":"Pharmacy","category":"kesehatan_darurat","subcategory":"Apotek","opening_hours":null,"operator":null,"osm_id":594852394}},{"type":"Feature","geometry":{"type":"Point","coordinates":[110.39534,-7.80199]},"properties":{"name":"Dental Clinic FDC (Family Dental Clinic)","type":"Clinic","category":"kesehatan_darurat","subcategory":"Klinik","opening_hours":null,"operator":null,"osm_id":594985471}},{"type":"Feature","geometry":{"type":"Point","coordinates":[110.38712,-7.80084]},"properties":{"name":"Posyandu Balita Temugiring V","type":"Clinic","category":"kesehatan_darurat","subcategory":"Klinik","opening_hours":null,"operator":null,"osm_id":610949700}},{"type":"Feature","geometry":{"type":"Point","coordinates":[110.37765,-7.80622]},"properties":{"name":"Apotek Anugerah","type":"Pharmacy","category":"kesehatan_darurat","subcategory":"Apotek","opening_hours":null,"operator":null,"osm_id":518682406}},{"type":"Feature","geometry":{"type":"Point","coordinates":[110.39319,-7.806]},"properties":{"name":"Posyandu Balita Lengkuas 12-A","type":"Clinic","category":"kesehatan_darurat","subcategory":"Klinik","opening_hours":null,"operator":null,"osm_id":594421971}},{"type":"Feature","geometry":{"type":"Point","coordinates":[110.42144,-7.66815]},"properties":{"name":"Klinik Rawat Inap PKU Muhammadiyah Pakem","type":"Clinic","category":"kesehatan_darurat","subcategory":"Klinik","opening_hours":null,"operator":null,"osm_id":620528988}},{"type":"Feature","geometry":{"type":"Point","coordinates":[110.46534,-7.69972]},"properties":{"name":"Puskesmas Ngemplak I","type":"Clinic","category":"kesehatan_darurat","subcategory":"Klinik","opening_hours":null,"operator":null,"osm_id":363965320}},{"type":"Feature","geometry":{"type":"Point","coordinates":[110.34371,-7.95674]},"properties":{"name":"Puskesmas Pundong","type":"Clinic","category":"kesehatan_darurat","subcategory":"Klinik","opening_hours":null,"operator":null,"osm_id":619019065}},{"type":"Feature","geometry":{"type":"Point","coordinates":[110.29187,-7.99894]},"properties":{"name":"Puskesmas Pembantu Tirtohargo","type":"Clinic","category":"kesehatan_darurat","subcategory":"Klinik","opening_hours":null,"operator":null,"osm_id":620758142}},{"type":"Feature","geometry":{"type":"Point","coordinates":[110.34426,-7.95602]},"properties":{"name":"Polsek Pundong","type":"Police","category":"kesehatan_darurat","subcategory":"Polisi","opening_hours":null,"operator":null,"osm_id":447660323}},{"type":"Feature","geometry":{"type":"Point","coordinates":[110.3149,-7.99742]},"properties":{"name":"Dharma Husada","type":"Clinic","category":"kesehatan_darurat","subcategory":"Klinik","opening_hours":null,"operator":null,"osm_id":612876059}},{"type":"Feature","geometry":{"type":"Point","coordinates":[110.27981,-7.98136]},"properties":{"name":"klinik desa","type":"Clinic","category":"kesehatan_darurat","subcategory":"Klinik","opening_hours":null,"operator":null,"osm_id":619118277}},{"type":"Feature","geometry":{"type":"Point","coordinates":[110.31886,-7.97251]},"properties":{"name":"Puskesmas Kretek","type":"Clinic","category":"kesehatan_darurat","subcategory":"Klinik","opening_hours":null,"operator":null,"osm_id":530192223}},{"type":"Feature","geometry":{"type":"Point","coordinates":[110.29718,-7.97044]},"properties":{"name":"Puskesmas Pembantu","type":"Clinic","category":"kesehatan_darurat","subcategory":"Klinik","opening_hours":null,"operator":null,"osm_id":613460579}},{"type":"Feature","geometry":{"type":"Point","coordinates":[110.29278,-7.95572]},"properties":{"name":"Puskesmas Bambanglipuro","type":"Clinic","category":"kesehatan_darurat","subcategory":"Klinik","opening_hours":null,"operator":null,"osm_id":615080968}},{"type":"Feature","geometry":{"type":"Point","coordinates":[110.39727,-7.82789]},"properties":{"name":"Posyandu Kuntum Harapan","type":"Clinic","category":"kesehatan_darurat","subcategory":"Klinik","opening_hours":null,"operator":null,"osm_id":610750356}},{"type":"Feature","geometry":{"type":"Point","coordinates":[110.30384,-7.77668]},"properties":{"name":"Puskesmas Godean II","type":"Clinic","category":"kesehatan_darurat","subcategory":"Klinik","opening_hours":null,"operator":null,"osm_id":335804625}},{"type":"Feature","geometry":{"type":"Point","coordinates":[110.29665,-7.77837]},"properties":{"name":"Clinic","type":"Clinic","category":"kesehatan_darurat","subcategory":"Klinik","opening_hours":null,"operator":null,"osm_id":620794492}},{"type":"Feature","geometry":{"type":"Point","coordinates":[110.47609,-7.69158]},"properties":{"name":"Puskesmas Pembantu Sindumartani","type":"Clinic","category":"kesehatan_darurat","subcategory":"Klinik","opening_hours":null,"operator":"Ministry of Health","osm_id":364290020}},{"type":"Feature","geometry":{"type":"Point","coordinates":[110.41868,-7.69493]},"properties":{"name":"Klinik Utama An-Nissa","type":"Clinic","category":"kesehatan_darurat","subcategory":"Klinik","opening_hours":null,"operator":null,"osm_id":362683875}},{"type":"Feature","geometry":{"type":"Point","coordinates":[110.38867,-7.6897]},"properties":{"name":"Puskesmas Ngaglik 2","type":"Clinic","category":"kesehatan_darurat","subcategory":"Klinik","opening_hours":null,"operator":null,"osm_id":363400080}},{"type":"Feature","geometry":{"type":"Point","coordinates":[110.41695,-7.70144]},"properties":{"name":"RSU Gramedika","type":"Hospital","category":"kesehatan_darurat","subcategory":"Rumah Sakit","opening_hours":null,"operator":null,"osm_id":533314778}},{"type":"Feature","geometry":{"type":"Point","coordinates":[110.30762,-7.7711]},"properties":{"name":"Klinik Pratama Sarodja","type":"Clinic","category":"kesehatan_darurat","subcategory":"Klinik","opening_hours":null,"operator":null,"osm_id":506151846}},{"type":"Feature","geometry":{"type":"Point","coordinates":[110.46954,-7.69227]},"properties":{"name":"Posyandu Tunas Mulia","type":"Clinic","category":"kesehatan_darurat","subcategory":"Klinik","opening_hours":null,"operator":null,"osm_id":619028804}},{"type":"Feature","geometry":{"type":"Point","coordinates":[110.3016,-7.75518]},"properties":{"name":"Puskesmas Pembantu Margoluwih","type":"Clinic","category":"kesehatan_darurat","subcategory":"Klinik","opening_hours":null,"operator":null,"osm_id":509038413}},{"type":"Feature","geometry":{"type":"Point","coordinates":[110.31215,-7.76261]},"properties":{"name":"Posyandu Dusun Jetak 1","type":"Clinic","category":"kesehatan_darurat","subcategory":"Klinik","opening_hours":null,"operator":null,"osm_id":530827141}},{"type":"Feature","geometry":{"type":"Point","coordinates":[110.37379,-7.78874]},"properties":{"name":"Klinik Mata Sehati","type":"Clinic","category":"kesehatan_darurat","subcategory":"Klinik","opening_hours":"08:00-20:00","operator":null,"osm_id":481091540}},{"type":"Feature","geometry":{"type":"Point","coordinates":[110.33692,-7.76262]},"properties":{"name":"Rumah Sakit Umum Queen Latifa","type":"Hospital","category":"kesehatan_darurat","subcategory":"Rumah Sakit","opening_hours":null,"operator":null,"osm_id":616883613}},{"type":"Feature","geometry":{"type":"Point","coordinates":[110.3864,-7.70586]},"properties":{"name":"RS Puri Husada","type":"Hospital","category":"kesehatan_darurat","subcategory":"Rumah Sakit","opening_hours":null,"operator":null,"osm_id":620520051}},{"type":"Feature","geometry":{"type":"Point","coordinates":[110.3549,-7.78399]},"properties":{"name":"Puskesmas Pembantu Tompeyan","type":"Clinic","category":"kesehatan_darurat","subcategory":"Klinik","opening_hours":null,"operator":null,"osm_id":529958343}},{"type":"Feature","geometry":{"type":"Point","coordinates":[110.44807,-7.71411]},"properties":{"name":"RSU Mitra Paramedika","type":"Hospital","category":"kesehatan_darurat","subcategory":"Rumah Sakit","opening_hours":null,"operator":null,"osm_id":1138796873}},{"type":"Feature","geometry":{"type":"Point","coordinates":[110.4721,-7.72377]},"properties":{"name":"Klinik Kalasan Sehat","type":"Clinic","category":"kesehatan_darurat","subcategory":"Klinik","opening_hours":null,"operator":null,"osm_id":1010393284}},{"type":"Feature","geometry":{"type":"Point","coordinates":[110.40421,-7.71946]},"properties":{"name":"Apotek Gentan","type":"Pharmacy","category":"kesehatan_darurat","subcategory":"Apotek","opening_hours":null,"operator":null,"osm_id":362373712}},{"type":"Feature","geometry":{"type":"Point","coordinates":[110.412,-7.70522]},"properties":{"name":"Apotek Doa Sehat","type":"Pharmacy","category":"kesehatan_darurat","subcategory":"Apotek","opening_hours":null,"operator":null,"osm_id":530982790}},{"type":"Feature","geometry":{"type":"Point","coordinates":[110.4027,-7.72213]},"properties":{"name":"Puskesmas Ngaglik 1","type":"Clinic","category":"kesehatan_darurat","subcategory":"Klinik","opening_hours":null,"operator":null,"osm_id":364625097}},{"type":"Feature","geometry":{"type":"Point","coordinates":[110.25269,-7.77746]},"properties":{"name":"Klinik Thursina Husada","type":"Clinic","category":"kesehatan_darurat","subcategory":"Klinik","opening_hours":null,"operator":null,"osm_id":616482522}},{"type":"Feature","geometry":{"type":"Point","coordinates":[110.37842,-7.70731]},"properties":{"name":"Bidan Desa","type":"Clinic","category":"kesehatan_darurat","subcategory":"Klinik","opening_hours":null,"operator":null,"osm_id":510465779}},{"type":"Feature","geometry":{"type":"Point","coordinates":[110.41069,-7.7662]},"properties":{"name":"Apotek SS","type":"Pharmacy","category":"kesehatan_darurat","subcategory":"Apotek","opening_hours":null,"operator":null,"osm_id":362362118}},{"type":"Feature","geometry":{"type":"Point","coordinates":[110.51549,-7.78646]},"properties":{"name":"Puskesmas Pembantu Sambirejo","type":"Clinic","category":"kesehatan_darurat","subcategory":"Klinik","opening_hours":null,"operator":null,"osm_id":613352476}},{"type":"Feature","geometry":{"type":"Point","coordinates":[110.52141,-7.8216]},"properties":{"name":"Poskesdes Wukirharjo","type":"Clinic","category":"kesehatan_darurat","subcategory":"Klinik","opening_hours":null,"operator":null,"osm_id":613241037}},{"type":"Feature","geometry":{"type":"Point","coordinates":[110.53056,-7.79912]},"properties":{"name":"Puskesmas Pembantu Gayamharjo","type":"Clinic","category":"kesehatan_darurat","subcategory":"Klinik","opening_hours":null,"operator":null,"osm_id":533737886}},{"type":"Feature","geometry":{"type":"Point","coordinates":[110.24926,-7.78697]},"properties":{"name":"Klinik Permata Bhakti","type":"Clinic","category":"kesehatan_darurat","subcategory":"Klinik","opening_hours":null,"operator":null,"osm_id":613602044}},{"type":"Feature","geometry":{"type":"Point","coordinates":[110.28236,-7.78283]},"properties":{"name":"Posyandu Lansia Menuju Sehat","type":"Clinic","category":"kesehatan_darurat","subcategory":"Klinik","opening_hours":null,"operator":null,"osm_id":613267663}},{"type":"Feature","geometry":{"type":"Point","coordinates":[110.27374,-7.82121]},"properties":{"name":"Puskesmas Pembantu Argomulyo","type":"Clinic","category":"kesehatan_darurat","subcategory":"Klinik","opening_hours":null,"operator":null,"osm_id":616233102}},{"type":"Feature","geometry":{"type":"Point","coordinates":[110.31784,-8.00649]},"properties":{"name":"Klinik Rusdi Husada","type":"Clinic","category":"kesehatan_darurat","subcategory":"Klinik","opening_hours":null,"operator":null,"osm_id":529865918}},{"type":"Feature","geometry":{"type":"Point","coordinates":[110.40344,-7.65967]},"properties":{"name":"UPT Puskesmas Pakem","type":"Clinic","category":"kesehatan_darurat","subcategory":"Klinik","opening_hours":null,"operator":null,"osm_id":533532135}},{"type":"Feature","geometry":{"type":"Point","coordinates":[110.44853,-7.75261]},"properties":{"name":"Klinik Permata Keluarga","type":"Clinic","category":"kesehatan_darurat","subcategory":"Klinik","opening_hours":null,"operator":null,"osm_id":364866633}},{"type":"Feature","geometry":{"type":"Point","coordinates":[110.47266,-7.73459]},"properties":{"name":"Praktik dr. Esti Kurniasih","type":"Doctors","category":"kesehatan_darurat","subcategory":"Dokter","opening_hours":null,"operator":null,"osm_id":1019948309}},{"type":"Feature","geometry":{"type":"Point","coordinates":[110.43469,-7.73116]},"properties":{"name":"Puskesmas Pembantu Wedomartani I","type":"Clinic","category":"kesehatan_darurat","subcategory":"Klinik","opening_hours":null,"operator":null,"osm_id":365293029}},{"type":"Feature","geometry":{"type":"Point","coordinates":[110.4248,-7.74712]},"properties":{"name":"Rumah Sakit Universitas Ahmad Dahlan","type":"Hospital","category":"kesehatan_darurat","subcategory":"Rumah Sakit","opening_hours":null,"operator":null,"osm_id":613598097}},{"type":"Feature","geometry":{"type":"Point","coordinates":[110.47147,-7.7397]},"properties":{"name":"Apotek Nabila Farma","type":"Pharmacy","category":"kesehatan_darurat","subcategory":"Apotek","opening_hours":null,"operator":null,"osm_id":365030368}},{"type":"Feature","geometry":{"type":"Point","coordinates":[110.36634,-7.78071]},"properties":{"name":"Medika Jaya","type":"Clinic","category":"kesehatan_darurat","subcategory":"Klinik","opening_hours":null,"operator":null,"osm_id":610464556}},{"type":"Feature","geometry":{"type":"Point","coordinates":[110.43376,-7.74832]},"properties":{"name":"Rumah Sakit Medika Respati","type":"Hospital","category":"kesehatan_darurat","subcategory":"Rumah Sakit","opening_hours":null,"operator":null,"osm_id":620278791}},{"type":"Feature","geometry":{"type":"Point","coordinates":[110.37529,-7.77908]},"properties":{"name":"Laboratorium Klinik Pramita","type":"Clinic","category":"kesehatan_darurat","subcategory":"Klinik","opening_hours":null,"operator":null,"osm_id":362042321}},{"type":"Feature","geometry":{"type":"Point","coordinates":[110.3536,-7.7767]},"properties":{"name":"Puskesmas Pembantu Bener","type":"Clinic","category":"kesehatan_darurat","subcategory":"Klinik","opening_hours":"Tu-Su 08:00-15:00;Sa 08:00-12:00","operator":null,"osm_id":120408472}},{"type":"Feature","geometry":{"type":"Point","coordinates":[110.34551,-7.78192]},"properties":{"name":"Klinik Pratama Poltekkes Kemenkes Yogyakarta","type":"Clinic","category":"kesehatan_darurat","subcategory":"Klinik","opening_hours":null,"operator":null,"osm_id":530261058}},{"type":"Feature","geometry":{"type":"Point","coordinates":[110.36135,-7.77286]},"properties":{"name":"Klinik Sehat Sejahtera","type":"Clinic","category":"kesehatan_darurat","subcategory":"Klinik","opening_hours":null,"operator":null,"osm_id":362876242}},{"type":"Feature","geometry":{"type":"Point","coordinates":[110.36138,-7.77419]},"properties":{"name":"Apotek K-24","type":"Pharmacy","category":"kesehatan_darurat","subcategory":"Apotek","opening_hours":null,"operator":null,"osm_id":362876286}},{"type":"Feature","geometry":{"type":"Point","coordinates":[110.36138,-7.77426]},"properties":{"name":"HI-LAB Laboratorium & Klinik","type":"Hospital","category":"kesehatan_darurat","subcategory":"Rumah Sakit","opening_hours":"Mo-Su 06:00-21:00","operator":"PT. HI-LAB Internasional","osm_id":362876467}},{"type":"Feature","geometry":{"type":"Point","coordinates":[110.33513,-7.77458]},"properties":{"name":"Puskesmas Pembantu Nogotirto","type":"Clinic","category":"kesehatan_darurat","subcategory":"Klinik","opening_hours":null,"operator":null,"osm_id":363839697}},{"type":"Feature","geometry":{"type":"Point","coordinates":[110.45261,-7.88026]},"properties":{"name":"Puskesmas Dlingo II","type":"Clinic","category":"kesehatan_darurat","subcategory":"Klinik","opening_hours":null,"operator":null,"osm_id":614422561}},{"type":"Feature","geometry":{"type":"Point","coordinates":[110.36951,-7.78938]},"properties":{"name":"Apotek K24 Kotabaru","type":"Pharmacy","category":"kesehatan_darurat","subcategory":"Apotek","opening_hours":"24/7","operator":"K24","osm_id":315368427}},{"type":"Feature","geometry":{"type":"Point","coordinates":[110.35773,-7.79115]},"properties":{"name":"Puskesmas Gedong Tengen","type":"Clinic","category":"kesehatan_darurat","subcategory":"Klinik","opening_hours":null,"operator":"Ministry of Health","osm_id":386271504}},{"type":"Feature","geometry":{"type":"Point","coordinates":[110.3701,-7.78391]},"properties":{"name":"Posyandu Johar VII","type":"Clinic","category":"kesehatan_darurat","subcategory":"Klinik","opening_hours":null,"operator":null,"osm_id":615734364}},{"type":"Feature","geometry":{"type":"Point","coordinates":[110.25074,-7.93819]},"properties":{"name":"Puskesmas Srandakan","type":"Clinic","category":"kesehatan_darurat","subcategory":"Klinik","opening_hours":null,"operator":null,"osm_id":464893980}},{"type":"Feature","geometry":{"type":"Point","coordinates":[110.40999,-7.76764]},"properties":{"name":"Apotek K-24","type":"Pharmacy","category":"kesehatan_darurat","subcategory":"Apotek","opening_hours":null,"operator":null,"osm_id":530575905}},{"type":"Feature","geometry":{"type":"Point","coordinates":[110.24536,-7.94061]},"properties":{"name":"Polsek Srandakan","type":"Police","category":"kesehatan_darurat","subcategory":"Polisi","opening_hours":null,"operator":null,"osm_id":721045708}},{"type":"Feature","geometry":{"type":"Point","coordinates":[110.72545,-7.86343]},"properties":{"name":"Polsek Semin","type":"Police","category":"kesehatan_darurat","subcategory":"Polisi","opening_hours":null,"operator":null,"osm_id":1325635420}},{"type":"Feature","geometry":{"type":"Point","coordinates":[110.28728,-7.98273]},"properties":{"name":"Bidan Estu Tri Haryati","type":"Doctors","category":"kesehatan_darurat","subcategory":"Dokter","opening_hours":null,"operator":null,"osm_id":531012405}},{"type":"Feature","geometry":{"type":"Point","coordinates":[110.41452,-7.87903]},"properties":{"name":"Klinik Ash Shiddiq","type":"Clinic","category":"kesehatan_darurat","subcategory":"Klinik","opening_hours":null,"operator":null,"osm_id":613600430}},{"type":"Feature","geometry":{"type":"Point","coordinates":[110.31377,-7.80272]},"properties":{"name":"Kantor Polsek Gamping","type":"Police","category":"kesehatan_darurat","subcategory":"Polisi","opening_hours":null,"operator":null,"osm_id":321229424}},{"type":"Feature","geometry":{"type":"Point","coordinates":[110.05134,-7.88767]},"properties":{"name":"Puskesmas Temon 2","type":"Clinic","category":"kesehatan_darurat","subcategory":"Klinik","opening_hours":null,"operator":null,"osm_id":1466276565}},{"type":"Feature","geometry":{"type":"Point","coordinates":[110.36222,-7.79905]},"properties":{"name":"Apotek K-24","type":"Pharmacy","category":"kesehatan_darurat","subcategory":"Apotek","opening_hours":"24/7","operator":null,"osm_id":520700664}},{"type":"Feature","geometry":{"type":"Point","coordinates":[110.38779,-7.80183]},"properties":{"name":"Apotek Mari Sehat Indonesia (MSI)","type":"Pharmacy","category":"kesehatan_darurat","subcategory":"Apotek","opening_hours":null,"operator":null,"osm_id":594421955}},{"type":"Feature","geometry":{"type":"Point","coordinates":[110.38375,-7.81478]},"properties":{"name":"Klinik Sang Timur","type":"Clinic","category":"kesehatan_darurat","subcategory":"Klinik","opening_hours":null,"operator":null,"osm_id":286212137}},{"type":"Feature","geometry":{"type":"Point","coordinates":[110.36834,-7.81794]},"properties":{"name":"Darmaya","type":"Clinic","category":"kesehatan_darurat","subcategory":"Klinik","opening_hours":null,"operator":null,"osm_id":616082755}},{"type":"Feature","geometry":{"type":"Point","coordinates":[110.36245,-7.78331]},"properties":{"name":"Puskesmas Jetis","type":"Clinic","category":"kesehatan_darurat","subcategory":"Klinik","opening_hours":null,"operator":"Ministry of Health","osm_id":386423736}},{"type":"Feature","geometry":{"type":"Point","coordinates":[110.37907,-7.78289]},"properties":{"name":"Pos Polisi","type":"Police","category":"kesehatan_darurat","subcategory":"Polisi","opening_hours":null,"operator":null,"osm_id":1455327371}},{"type":"Feature","geometry":{"type":"Point","coordinates":[110.40613,-7.78303]},"properties":{"name":"Orimedic","type":"Pharmacy","category":"kesehatan_darurat","subcategory":"Apotek","opening_hours":null,"operator":null,"osm_id":362198378}},{"type":"Feature","geometry":{"type":"Point","coordinates":[110.48196,-7.78003]},"properties":{"name":"Puskesmas Pariwisata Prambanan","type":"Clinic","category":"kesehatan_darurat","subcategory":"Klinik","opening_hours":null,"operator":null,"osm_id":1134226620}},{"type":"Feature","geometry":{"type":"Point","coordinates":[110.41393,-7.81812]},"properties":{"name":"Posyandu Lansia Larasati & Posyandu Balita Gandaria I","type":"Clinic","category":"kesehatan_darurat","subcategory":"Klinik","opening_hours":null,"operator":null,"osm_id":617111680}},{"type":"Feature","geometry":{"type":"Point","coordinates":[110.25474,-7.74383]},"properties":{"name":"Puskesmas Pembantu Desa Sendangarum","type":"Clinic","category":"kesehatan_darurat","subcategory":"Klinik","opening_hours":null,"operator":null,"osm_id":506077430}},{"type":"Feature","geometry":{"type":"Point","coordinates":[110.3163,-7.71479]},"properties":{"name":"PUSKESMAS PEMBANTU","type":"Clinic","category":"kesehatan_darurat","subcategory":"Klinik","opening_hours":null,"operator":null,"osm_id":533301066}},{"type":"Feature","geometry":{"type":"Point","coordinates":[110.2273,-7.74782]},"properties":{"name":"Nurul","type":"Doctors","category":"kesehatan_darurat","subcategory":"Dokter","opening_hours":"24/7","operator":null,"osm_id":121513256}},{"type":"Feature","geometry":{"type":"Point","coordinates":[110.26199,-7.71596]},"properties":{"name":"Anugerah Farma","type":"Pharmacy","category":"kesehatan_darurat","subcategory":"Apotek","opening_hours":"Mo-su 08:00-17:00","operator":null,"osm_id":120477367}},{"type":"Feature","geometry":{"type":"Point","coordinates":[110.25882,-7.71328]},"properties":{"name":"Puskesmas Pembantu Sendangsari","type":"Clinic","category":"kesehatan_darurat","subcategory":"Klinik","opening_hours":null,"operator":null,"osm_id":533524222}},{"type":"Feature","geometry":{"type":"Point","coordinates":[110.35996,-7.83003]},"properties":{"name":"Rumah Sakit Umum Veteran Patmasuri","type":"Hospital","category":"kesehatan_darurat","subcategory":"Rumah Sakit","opening_hours":null,"operator":null,"osm_id":120838420}},{"type":"Feature","geometry":{"type":"Point","coordinates":[110.38496,-7.75168]},"properties":{"name":"Clinic","type":"Clinic","category":"kesehatan_darurat","subcategory":"Klinik","opening_hours":null,"operator":null,"osm_id":259573314}},{"type":"Feature","geometry":{"type":"Point","coordinates":[110.40729,-7.74985]},"properties":{"name":"Praktik Mandiri Bidan Dini Melani M.","type":"Clinic","category":"kesehatan_darurat","subcategory":"Klinik","opening_hours":null,"operator":null,"osm_id":363100448}},{"type":"Feature","geometry":{"type":"Point","coordinates":[110.38422,-7.75293]},"properties":{"name":"Kimia","type":"Pharmacy","category":"kesehatan_darurat","subcategory":"Apotek","opening_hours":null,"operator":null,"osm_id":259544607}},{"type":"Feature","geometry":{"type":"Point","coordinates":[110.38587,-7.75088]},"properties":{"name":"Apotek K24 Kentungan","type":"Pharmacy","category":"kesehatan_darurat","subcategory":"Apotek","opening_hours":null,"operator":null,"osm_id":363411575}},{"type":"Feature","geometry":{"type":"Point","coordinates":[110.3858,-7.75086]},"properties":{"name":"Apotek K24 Kentungan","type":"Pharmacy","category":"kesehatan_darurat","subcategory":"Apotek","opening_hours":null,"operator":null,"osm_id":363411625}},{"type":"Feature","geometry":{"type":"Point","coordinates":[110.38326,-7.75438]},"properties":{"name":"Apotek Kentungan","type":"Pharmacy","category":"kesehatan_darurat","subcategory":"Apotek","opening_hours":null,"operator":null,"osm_id":122907901}},{"type":"Feature","geometry":{"type":"Point","coordinates":[110.38332,-7.75522]},"properties":{"name":"Pos Polisi Kentungan","type":"Police","category":"kesehatan_darurat","subcategory":"Polisi","opening_hours":null,"operator":"Polresta Sleman","osm_id":362679947}},{"type":"Feature","geometry":{"type":"Point","coordinates":[110.36269,-7.81618]},"properties":{"name":"Klinik Gading","type":"Clinic","category":"kesehatan_darurat","subcategory":"Klinik","opening_hours":null,"operator":null,"osm_id":611385411}},{"type":"Feature","geometry":{"type":"Point","coordinates":[110.36105,-7.8155]},"properties":{"name":"Posyandu Sambiroto","type":"Clinic","category":"kesehatan_darurat","subcategory":"Klinik","opening_hours":null,"operator":"Posyandu","osm_id":611385599}},{"type":"Feature","geometry":{"type":"Point","coordinates":[110.35716,-7.81274]},"properties":{"name":"dr. Ngudi WS","type":"Doctors","category":"kesehatan_darurat","subcategory":"Dokter","opening_hours":null,"operator":null,"osm_id":592298571}},{"type":"Feature","geometry":{"type":"Point","coordinates":[110.3542,-7.81369]},"properties":{"name":"Posyandu Mahoni","type":"Clinic","category":"kesehatan_darurat","subcategory":"Klinik","opening_hours":null,"operator":"Posyandu","osm_id":414575551}},{"type":"Feature","geometry":{"type":"Point","coordinates":[110.40818,-7.75659]},"properties":{"name":"Puskesmas Depok II","type":"Clinic","category":"kesehatan_darurat","subcategory":"Klinik","opening_hours":null,"operator":null,"osm_id":363090631}},{"type":"Feature","geometry":{"type":"Point","coordinates":[110.40575,-7.75434]},"properties":{"name":"Rumah Sakit Condong Catur","type":"Hospital","category":"kesehatan_darurat","subcategory":"Rumah Sakit","opening_hours":null,"operator":null,"osm_id":1134408330}},{"type":"Feature","geometry":{"type":"Point","coordinates":[110.36017,-7.82114]},"properties":{"name":"Posyandu Sambiroto","type":"Clinic","category":"kesehatan_darurat","subcategory":"Klinik","opening_hours":null,"operator":null,"osm_id":615059609}},{"type":"Feature","geometry":{"type":"Point","coordinates":[110.3602,-7.81859]},"properties":{"name":"Posyandu Sambiroto","type":"Clinic","category":"kesehatan_darurat","subcategory":"Klinik","opening_hours":null,"operator":null,"osm_id":611372648}},{"type":"Feature","geometry":{"type":"Point","coordinates":[110.35328,-7.81944]},"properties":{"name":"Puskesmas Pembantu Dukuh","type":"Clinic","category":"kesehatan_darurat","subcategory":"Klinik","opening_hours":null,"operator":null,"osm_id":414572005}},{"type":"Feature","geometry":{"type":"Point","coordinates":[110.30713,-7.68995]},"properties":{"name":"Puskesmas Pembantu Tambakrejo","type":"Clinic","category":"kesehatan_darurat","subcategory":"Klinik","opening_hours":null,"operator":null,"osm_id":507131775}},{"type":"Feature","geometry":{"type":"Point","coordinates":[110.35234,-7.79756]},"properties":{"name":"Apotek K-24","type":"Pharmacy","category":"kesehatan_darurat","subcategory":"Apotek","opening_hours":null,"operator":null,"osm_id":592232573}},{"type":"Feature","geometry":{"type":"Point","coordinates":[110.36124,-7.82453]},"properties":{"name":"Ali Maksum","type":"Clinic","category":"kesehatan_darurat","subcategory":"Klinik","opening_hours":null,"operator":null,"osm_id":536129634}},{"type":"Feature","geometry":{"type":"Point","coordinates":[110.35963,-7.79771]},"properties":{"name":"Apotek Benny Farma","type":"Pharmacy","category":"kesehatan_darurat","subcategory":"Apotek","opening_hours":null,"operator":null,"osm_id":591946282}},{"type":"Feature","geometry":{"type":"Point","coordinates":[110.36022,-7.79744]},"properties":{"name":"Polsek Ngampilan","type":"Police","category":"kesehatan_darurat","subcategory":"Polisi","opening_hours":null,"operator":null,"osm_id":591946281}},{"type":"Feature","geometry":{"type":"Point","coordinates":[110.37652,-7.79789]},"properties":{"name":"Polsek Pakualaman","type":"Police","category":"kesehatan_darurat","subcategory":"Polisi","opening_hours":null,"operator":null,"osm_id":258224656}},{"type":"Feature","geometry":{"type":"Point","coordinates":[110.33411,-7.79989]},"properties":{"name":"Gerai Sehat","type":"Clinic","category":"kesehatan_darurat","subcategory":"Klinik","opening_hours":null,"operator":null,"osm_id":621088086}},{"type":"Feature","geometry":{"type":"Point","coordinates":[110.33013,-7.79971]},"properties":{"name":"Pos Polisi Lalu Lintas Pelemgurih","type":"Police","category":"kesehatan_darurat","subcategory":"Polisi","opening_hours":"24/7","operator":"Polresta Sleman","osm_id":1332805059}},{"type":"Feature","geometry":{"type":"Point","coordinates":[110.22821,-7.72877]},"properties":{"name":"Posyandu Mekar Bhakti","type":"Clinic","category":"kesehatan_darurat","subcategory":"Klinik","opening_hours":null,"operator":null,"osm_id":220312412}},{"type":"Feature","geometry":{"type":"Point","coordinates":[110.22637,-7.7306]},"properties":{"name":"Posyandu Tengahan XII","type":"Clinic","category":"kesehatan_darurat","subcategory":"Klinik","opening_hours":null,"operator":null,"osm_id":220312438}},{"type":"Feature","geometry":{"type":"Point","coordinates":[110.39547,-7.75823]},"properties":{"name":"Pos Polisi Lalu Lintas Condongcatur","type":"Police","category":"kesehatan_darurat","subcategory":"Polisi","opening_hours":null,"operator":"Polresta Sleman","osm_id":1332809190}},{"type":"Feature","geometry":{"type":"Point","coordinates":[110.41022,-7.84863]},"properties":{"name":"Rumah Sakit Rajawali Citra","type":"Hospital","category":"kesehatan_darurat","subcategory":"Rumah Sakit","opening_hours":null,"operator":null,"osm_id":619125299}},{"type":"Feature","geometry":{"type":"Point","coordinates":[110.39729,-7.85448]},"properties":{"name":"Posyandu Bougenvile","type":"Clinic","category":"kesehatan_darurat","subcategory":"Klinik","opening_hours":null,"operator":null,"osm_id":620214935}},{"type":"Feature","geometry":{"type":"Point","coordinates":[110.39569,-7.86701]},"properties":{"name":"Posyandu Kaswari & Posyandu Lansia Wredoraharjo Kanggotaan Lor","type":"Clinic","category":"kesehatan_darurat","subcategory":"Klinik","opening_hours":null,"operator":null,"osm_id":617106547}},{"type":"Feature","geometry":{"type":"Point","coordinates":[110.37022,-7.75789]},"properties":{"name":"Doctors","type":"Doctors","category":"kesehatan_darurat","subcategory":"Dokter","opening_hours":null,"operator":null,"osm_id":362688187}},{"type":"Feature","geometry":{"type":"Point","coordinates":[110.31292,-7.79581]},"properties":{"name":"Pos Ronda RW 23","type":"Police","category":"kesehatan_darurat","subcategory":"Polisi","opening_hours":null,"operator":null,"osm_id":349955197}},{"type":"Feature","geometry":{"type":"Point","coordinates":[110.40819,-7.8658]},"properties":{"name":"Rumah Sakit Permata Husada","type":"Hospital","category":"kesehatan_darurat","subcategory":"Rumah Sakit","opening_hours":null,"operator":null,"osm_id":1134739784}},{"type":"Feature","geometry":{"type":"Point","coordinates":[110.4082,-7.86499]},"properties":{"name":"Klinik Grha Permata","type":"Clinic","category":"kesehatan_darurat","subcategory":"Klinik","opening_hours":null,"operator":null,"osm_id":534916811}},{"type":"Feature","geometry":{"type":"Point","coordinates":[110.34667,-7.79346]},"properties":{"name":"Klinik Pratama Karunia Husada","type":"Clinic","category":"kesehatan_darurat","subcategory":"Klinik","opening_hours":null,"operator":null,"osm_id":611358959}},{"type":"Feature","geometry":{"type":"Point","coordinates":[110.37694,-7.75563]},"properties":{"name":"Apotek Sahabat Sehat","type":"Pharmacy","category":"kesehatan_darurat","subcategory":"Apotek","opening_hours":null,"operator":null,"osm_id":591999870}},{"type":"Feature","geometry":{"type":"Point","coordinates":[110.37373,-7.80067]},"properties":{"name":"Klinik Intan","type":"Clinic","category":"kesehatan_darurat","subcategory":"Klinik","opening_hours":null,"operator":null,"osm_id":592223809}},{"type":"Feature","geometry":{"type":"Point","coordinates":[110.37197,-7.79938]},"properties":{"name":"Puskesmas Pakualaman","type":"Clinic","category":"kesehatan_darurat","subcategory":"Klinik","opening_hours":null,"operator":null,"osm_id":610718872}},{"type":"Feature","geometry":{"type":"Point","coordinates":[110.36094,-7.79363]},"properties":{"name":"Apotek Yogya Farma","type":"Pharmacy","category":"kesehatan_darurat","subcategory":"Apotek","opening_hours":null,"operator":null,"osm_id":591929561}},{"type":"Feature","geometry":{"type":"Point","coordinates":[110.37521,-7.79458]},"properties":{"name":"Puskesmas Danurejan 1","type":"Clinic","category":"kesehatan_darurat","subcategory":"Klinik","opening_hours":null,"operator":null,"osm_id":616232271}},{"type":"Feature","geometry":{"type":"Point","coordinates":[110.36167,-7.79247]},"properties":{"name":"Apotek Caritas","type":"Pharmacy","category":"kesehatan_darurat","subcategory":"Apotek","opening_hours":null,"operator":null,"osm_id":283918887}},{"type":"Feature","geometry":{"type":"Point","coordinates":[110.36167,-7.79265]},"properties":{"name":"Kakiku Pusat Refleksi Keluarga Sosromenduran","type":"Clinic","category":"kesehatan_darurat","subcategory":"Klinik","opening_hours":null,"operator":null,"osm_id":283918896}},{"type":"Feature","geometry":{"type":"Point","coordinates":[110.36561,-7.79266]},"properties":{"name":"Kimia Farma","type":"Pharmacy","category":"kesehatan_darurat","subcategory":"Apotek","opening_hours":"24/7","operator":null,"osm_id":532455015}},{"type":"Feature","geometry":{"type":"Point","coordinates":[110.35333,-7.86091]},"properties":{"name":"Puskesmas Sewon 1","type":"Clinic","category":"kesehatan_darurat","subcategory":"Klinik","opening_hours":null,"operator":null,"osm_id":613201114}},{"type":"Feature","geometry":{"type":"Point","coordinates":[110.36294,-7.84181]},"properties":{"name":"Klinik Pratama Kartika","type":"Clinic","category":"kesehatan_darurat","subcategory":"Klinik","opening_hours":null,"operator":null,"osm_id":614664904}},{"type":"Feature","geometry":{"type":"Point","coordinates":[110.288,-7.70061]},"properties":{"name":"Puskesmas Tempel II","type":"Clinic","category":"kesehatan_darurat","subcategory":"Klinik","opening_hours":null,"operator":null,"osm_id":365342922}},{"type":"Feature","geometry":{"type":"Point","coordinates":[110.37435,-7.83649]},"properties":{"name":"Pos Polisi Lalu Lintas Wojo","type":"Police","category":"kesehatan_darurat","subcategory":"Polisi","opening_hours":null,"operator":"Polres Bantul","osm_id":1332798114}},{"type":"Feature","geometry":{"type":"Point","coordinates":[110.23898,-7.72132]},"properties":{"name":"PUSKESMAS MINGGIR","type":"Clinic","category":"kesehatan_darurat","subcategory":"Klinik","opening_hours":null,"operator":null,"osm_id":219226197}},{"type":"Feature","geometry":{"type":"Point","coordinates":[110.23331,-7.72332]},"properties":{"name":"Posyandu Imbas 2","type":"Clinic","category":"kesehatan_darurat","subcategory":"Klinik","opening_hours":null,"operator":null,"osm_id":220324356}},{"type":"Feature","geometry":{"type":"Point","coordinates":[110.36715,-7.83513]},"properties":{"name":"Klinik Shin-she","type":"Clinic","category":"kesehatan_darurat","subcategory":"Klinik","opening_hours":null,"operator":null,"osm_id":617109131}},{"type":"Feature","geometry":{"type":"Point","coordinates":[110.301,-7.71928]},"properties":{"name":"Puskesmas Seyegan","type":"Clinic","category":"kesehatan_darurat","subcategory":"Klinik","opening_hours":null,"operator":null,"osm_id":367046377}},{"type":"Feature","geometry":{"type":"Point","coordinates":[110.23324,-7.73599]},"properties":{"name":"Puskesmas Pembantu Desa Sendangmulyo","type":"Clinic","category":"kesehatan_darurat","subcategory":"Klinik","opening_hours":null,"operator":null,"osm_id":613689974}},{"type":"Feature","geometry":{"type":"Point","coordinates":[110.29896,-7.73734]},"properties":{"name":"Puskesmas Pembantu Margodadi","type":"Clinic","category":"kesehatan_darurat","subcategory":"Klinik","opening_hours":null,"operator":null,"osm_id":613687404}},{"type":"Feature","geometry":{"type":"Point","coordinates":[110.34673,-7.80518]},"properties":{"name":"Bidan Dian Berawati","type":"Clinic","category":"kesehatan_darurat","subcategory":"Klinik","opening_hours":null,"operator":null,"osm_id":610698544}},{"type":"Feature","geometry":{"type":"Point","coordinates":[110.34605,-7.80754]},"properties":{"name":"RSKIA 45","type":"Hospital","category":"kesehatan_darurat","subcategory":"Rumah Sakit","opening_hours":null,"operator":null,"osm_id":610666540}},{"type":"Feature","geometry":{"type":"Point","coordinates":[110.35799,-7.80836]},"properties":{"name":"Police","type":"Police","category":"kesehatan_darurat","subcategory":"Polisi","opening_hours":null,"operator":null,"osm_id":316774857}},{"type":"Feature","geometry":{"type":"Point","coordinates":[110.34642,-7.80967]},"properties":{"name":"Posyandu Balita dan Lansia","type":"Clinic","category":"kesehatan_darurat","subcategory":"Klinik","opening_hours":null,"operator":null,"osm_id":530814380}},{"type":"Feature","geometry":{"type":"Point","coordinates":[110.34991,-7.80861]},"properties":{"name":"Rumah Sakit Ibu dan Anak Fajar","type":"Hospital","category":"kesehatan_darurat","subcategory":"Rumah Sakit","opening_hours":null,"operator":null,"osm_id":610993613}},{"type":"Feature","geometry":{"type":"Point","coordinates":[110.37483,-7.78259]},"properties":{"name":"Police","type":"Police","category":"kesehatan_darurat","subcategory":"Polisi","opening_hours":null,"operator":"Kepolisian Negara Republik Indonesia","osm_id":362042739}},{"type":"Feature","geometry":{"type":"Point","coordinates":[110.44415,-7.65807]},"properties":{"name":"PUSKESMAS PEMBANTU","type":"Clinic","category":"kesehatan_darurat","subcategory":"Klinik","opening_hours":null,"operator":"Ministry of Health","osm_id":364776209}},{"type":"Feature","geometry":{"type":"Point","coordinates":[110.25944,-7.80374]},"properties":{"name":"Biro Psikologi Laksita Educare Jogja","type":"Hospital","category":"kesehatan_darurat","subcategory":"Rumah Sakit","opening_hours":null,"operator":null,"osm_id":505226943}},{"type":"Feature","geometry":{"type":"Point","coordinates":[110.16493,-7.85646]},"properties":{"name":"Pemadam Kebakaran Kulon Progo","type":"Fire Station","category":"kesehatan_darurat","subcategory":"Pemadam","opening_hours":null,"operator":null,"osm_id":236517775}},{"type":"Feature","geometry":{"type":"Point","coordinates":[110.34912,-7.74515]},"properties":{"name":"Pos Polisi Kronggahan","type":"Police","category":"kesehatan_darurat","subcategory":"Polisi","opening_hours":"24/7","operator":"Polsek Gamping","osm_id":1332807181}},{"type":"Feature","geometry":{"type":"Point","coordinates":[110.38072,-7.7938]},"properties":{"name":"Puskesmas Gondokusuman 1","type":"Clinic","category":"kesehatan_darurat","subcategory":"Klinik","opening_hours":null,"operator":"Ministry of Health","osm_id":249512653}},{"type":"Feature","geometry":{"type":"Point","coordinates":[110.37498,-7.78843]},"properties":{"name":"Kantor Direktorat Pengamanan Obyek Vital Polresta Yogyakarta","type":"Police","category":"kesehatan_darurat","subcategory":"Polisi","opening_hours":"24/7","operator":null,"osm_id":481083112}},{"type":"Feature","geometry":{"type":"Point","coordinates":[110.37145,-7.7706]},"properties":{"name":"ICC RSUP Dr. Sardjito","type":"Hospital","category":"kesehatan_darurat","subcategory":"Rumah Sakit","opening_hours":null,"operator":null,"osm_id":337523520}},{"type":"Feature","geometry":{"type":"Point","coordinates":[110.36239,-7.80084]},"properties":{"name":"RS PKU Muhammadiyah","type":"Hospital","category":"kesehatan_darurat","subcategory":"Rumah Sakit","opening_hours":null,"operator":null,"osm_id":121642948}},{"type":"Feature","geometry":{"type":"Point","coordinates":[110.36629,-7.7898]},"properties":{"name":"Pos Polisi Malioboro","type":"Police","category":"kesehatan_darurat","subcategory":"Polisi","opening_hours":null,"operator":null,"osm_id":779341106}},{"type":"Feature","geometry":{"type":"Point","coordinates":[110.35787,-7.80842]},"properties":{"name":"Police","type":"Police","category":"kesehatan_darurat","subcategory":"Polisi","opening_hours":null,"operator":null,"osm_id":1153090515}},{"type":"Feature","geometry":{"type":"Point","coordinates":[110.41154,-7.79759]},"properties":{"name":"RSPAU dr. S. Hardjolukito","type":"Hospital","category":"kesehatan_darurat","subcategory":"Rumah Sakit","opening_hours":null,"operator":null,"osm_id":783886543}},{"type":"Feature","geometry":{"type":"Point","coordinates":[110.65288,-7.95564]},"properties":{"name":"Polsek Karangmojo","type":"Police","category":"kesehatan_darurat","subcategory":"Polisi","opening_hours":null,"operator":null,"osm_id":1412979986}},{"type":"Feature","geometry":{"type":"Point","coordinates":[110.35162,-7.79966]},"properties":{"name":"ASRI Medical Centre","type":"Clinic","category":"kesehatan_darurat","subcategory":"Klinik","opening_hours":null,"operator":null,"osm_id":174126265}},{"type":"Feature","geometry":{"type":"Point","coordinates":[110.39839,-7.69748]},"properties":{"name":"POLINDES Pencarsari","type":"Clinic","category":"kesehatan_darurat","subcategory":"Klinik","opening_hours":null,"operator":null,"osm_id":363249070}},{"type":"Feature","geometry":{"type":"Point","coordinates":[110.44935,-7.74766]},"properties":{"name":"Apotek K-24","type":"Pharmacy","category":"kesehatan_darurat","subcategory":"Apotek","opening_hours":null,"operator":null,"osm_id":122866257}},{"type":"Feature","geometry":{"type":"Point","coordinates":[110.38788,-7.77753]},"properties":{"name":"Kimia Farma","type":"Pharmacy","category":"kesehatan_darurat","subcategory":"Apotek","opening_hours":null,"operator":null,"osm_id":591534158}},{"type":"Feature","geometry":{"type":"Point","coordinates":[110.38236,-7.76683]},"properties":{"name":"Klinik Dokter Keluarga Korpagama UGM Catur Tunggal","type":"Clinic","category":"kesehatan_darurat","subcategory":"Klinik","opening_hours":"Mo-Sa 08:00-17:00","operator":null,"osm_id":121643619}},{"type":"Feature","geometry":{"type":"Point","coordinates":[110.3775,-7.77724]},"properties":{"name":"Rumah Sakit Panti Rapih","type":"Hospital","category":"kesehatan_darurat","subcategory":"Rumah Sakit","opening_hours":null,"operator":null,"osm_id":270040187}},{"type":"Feature","geometry":{"type":"Point","coordinates":[110.31215,-7.83834]},"properties":{"name":"Puskesmas Kasihan 1","type":"Clinic","category":"kesehatan_darurat","subcategory":"Klinik","opening_hours":null,"operator":"Ministry of Health","osm_id":613238782}},{"type":"Feature","geometry":{"type":"Point","coordinates":[110.3883,-7.73354]},"properties":{"name":"Damai Dental Care","type":"Clinic","category":"kesehatan_darurat","subcategory":"Klinik","opening_hours":null,"operator":null,"osm_id":629829667}},{"type":"Feature","geometry":{"type":"Point","coordinates":[110.37705,-7.78082]},"properties":{"name":"Beyoutiful","type":"Doctors","category":"kesehatan_darurat","subcategory":"Dokter","opening_hours":"Mo-Sa 09:00-17:00","operator":null,"osm_id":319259492}},{"type":"Feature","geometry":{"type":"Point","coordinates":[110.44885,-7.75082]},"properties":{"name":"Kimia Farma","type":"Pharmacy","category":"kesehatan_darurat","subcategory":"Apotek","opening_hours":null,"operator":null,"osm_id":364866569}},{"type":"Feature","geometry":{"type":"Point","coordinates":[110.32651,-7.65259]},"properties":{"name":"Polsek Tempel","type":"Police","category":"kesehatan_darurat","subcategory":"Polisi","opening_hours":null,"operator":null,"osm_id":533314745}},{"type":"Feature","geometry":{"type":"Point","coordinates":[110.37494,-7.77279]},"properties":{"name":"Gadjah Mada Medical Center","type":"Clinic","category":"kesehatan_darurat","subcategory":"Klinik","opening_hours":null,"operator":null,"osm_id":362692561}},{"type":"Feature","geometry":{"type":"Point","coordinates":[110.37426,-7.78065]},"properties":{"name":"RS Mata Dr. Yap","type":"Hospital","category":"kesehatan_darurat","subcategory":"Rumah Sakit","opening_hours":null,"operator":null,"osm_id":778464130}},{"type":"Feature","geometry":{"type":"Point","coordinates":[110.35043,-7.92424]},"properties":{"name":"Klinik Rawat Inap Patalan","type":"Clinic","category":"kesehatan_darurat","subcategory":"Klinik","opening_hours":null,"operator":null,"osm_id":530556120}},{"type":"Feature","geometry":{"type":"Point","coordinates":[110.54014,-7.798]},"properties":{"name":"Poliklinik Desa","type":"Doctors","category":"kesehatan_darurat","subcategory":"Dokter","opening_hours":null,"operator":null,"osm_id":533737871}},{"type":"Feature","geometry":{"type":"Point","coordinates":[110.40082,-7.63239]},"properties":{"name":"PUSKESMAS PEMBANTU PAKEM","type":"Clinic","category":"kesehatan_darurat","subcategory":"Klinik","opening_hours":null,"operator":null,"osm_id":367371992}},{"type":"Feature","geometry":{"type":"Point","coordinates":[110.40522,-7.71928]},"properties":{"name":"dr. Suryono., M.M","type":"Doctors","category":"kesehatan_darurat","subcategory":"Dokter","opening_hours":null,"operator":null,"osm_id":362373983}},{"type":"Feature","geometry":{"type":"Point","coordinates":[110.40468,-7.71791]},"properties":{"name":"Apotek UNISI","type":"Pharmacy","category":"kesehatan_darurat","subcategory":"Apotek","opening_hours":null,"operator":null,"osm_id":362388720}},{"type":"Feature","geometry":{"type":"Point","coordinates":[110.608,-7.96412]},"properties":{"name":"Puskesmas Wonosari","type":"Clinic","category":"kesehatan_darurat","subcategory":"Klinik","opening_hours":null,"operator":null,"osm_id":530314252}},{"type":"Feature","geometry":{"type":"Point","coordinates":[110.30527,-7.67495]},"properties":{"name":"PUSTU","type":"Clinic","category":"kesehatan_darurat","subcategory":"Klinik","opening_hours":null,"operator":null,"osm_id":533306945}},{"type":"Feature","geometry":{"type":"Point","coordinates":[110.33562,-7.67226]},"properties":{"name":"Klinik Bersalin","type":"Clinic","category":"kesehatan_darurat","subcategory":"Klinik","opening_hours":null,"operator":null,"osm_id":533301910}},{"type":"Feature","geometry":{"type":"Point","coordinates":[110.41722,-7.69686]},"properties":{"name":"Apotek K24","type":"Pharmacy","category":"kesehatan_darurat","subcategory":"Apotek","opening_hours":null,"operator":null,"osm_id":362688968}},{"type":"Feature","geometry":{"type":"Point","coordinates":[110.40804,-7.82865]},"properties":{"name":"Pos Polisi Lalu Lintas Karangturi","type":"Police","category":"kesehatan_darurat","subcategory":"Polisi","opening_hours":null,"operator":"Polsek Banguntapan","osm_id":1332813707}},{"type":"Feature","geometry":{"type":"Point","coordinates":[110.27235,-7.96811]},"properties":{"name":"Pharmacy Purwanto Tradional Center","type":"Pharmacy","category":"kesehatan_darurat","subcategory":"Apotek","opening_hours":null,"operator":null,"osm_id":530659372}},{"type":"Feature","geometry":{"type":"Point","coordinates":[110.4168,-7.80257]},"properties":{"name":"Apotek Setya Budi Farma","type":"Pharmacy","category":"kesehatan_darurat","subcategory":"Apotek","opening_hours":null,"operator":null,"osm_id":530826170}},{"type":"Feature","geometry":{"type":"Point","coordinates":[110.41959,-7.66467]},"properties":{"name":"Apotek Binangun","type":"Pharmacy","category":"kesehatan_darurat","subcategory":"Apotek","opening_hours":null,"operator":null,"osm_id":530721422}},{"type":"Feature","geometry":{"type":"Point","coordinates":[110.415,-7.70049]},"properties":{"name":"Rumah Pengobatan Tradisional Dawasir","type":"Hospital","category":"kesehatan_darurat","subcategory":"Rumah Sakit","opening_hours":"Mo-Fr 08:30-20:00; Sa,Su 08:00-15:00; PH off","operator":null,"osm_id":362165308}},{"type":"Feature","geometry":{"type":"Point","coordinates":[110.32347,-7.64741]},"properties":{"name":"KLINIK NU CENTRE TEMPEL/DOKTER NANUK","type":"Clinic","category":"kesehatan_darurat","subcategory":"Klinik","opening_hours":null,"operator":null,"osm_id":369095852}},{"type":"Feature","geometry":{"type":"Point","coordinates":[110.43858,-7.84219]},"properties":{"name":"Klinik Pratama Gemilang Medika","type":"Clinic","category":"kesehatan_darurat","subcategory":"Klinik","opening_hours":null,"operator":null,"osm_id":613178702}},{"type":"Feature","geometry":{"type":"Point","coordinates":[110.40294,-7.72084]},"properties":{"name":"Apotek Rejosari","type":"Pharmacy","category":"kesehatan_darurat","subcategory":"Apotek","opening_hours":null,"operator":null,"osm_id":362369211}},{"type":"Feature","geometry":{"type":"Point","coordinates":[110.35252,-7.8887]},"properties":{"name":"Apotek Astari","type":"Pharmacy","category":"kesehatan_darurat","subcategory":"Apotek","opening_hours":null,"operator":null,"osm_id":530747675}},{"type":"Feature","geometry":{"type":"Point","coordinates":[110.35048,-7.92412]},"properties":{"name":"Klinik Rawat Inap Patalan","type":"Clinic","category":"kesehatan_darurat","subcategory":"Klinik","opening_hours":null,"operator":null,"osm_id":530555915}},{"type":"Feature","geometry":{"type":"Point","coordinates":[110.36149,-7.82057]},"properties":{"name":"Puskesmas Mantirejon","type":"Clinic","category":"kesehatan_darurat","subcategory":"Klinik","opening_hours":null,"operator":"Ministry of Health","osm_id":286241787}},{"type":"Feature","geometry":{"type":"Point","coordinates":[110.34807,-7.81062]},"properties":{"name":"Puskesmas Wirobrajan","type":"Clinic","category":"kesehatan_darurat","subcategory":"Klinik","opening_hours":null,"operator":"Ministry of Health","osm_id":418985414}},{"type":"Feature","geometry":{"type":"Point","coordinates":[110.36155,-7.77254]},"properties":{"name":"Puskesmas Tegalrejo","type":"Clinic","category":"kesehatan_darurat","subcategory":"Klinik","opening_hours":null,"operator":"Ministry of Health","osm_id":121400475}},{"type":"Feature","geometry":{"type":"Point","coordinates":[110.37768,-7.7838]},"properties":{"name":"Rumah Sakit Bethesda","type":"Hospital","category":"kesehatan_darurat","subcategory":"Rumah Sakit","opening_hours":null,"operator":null,"osm_id":377998703}},{"type":"Feature","geometry":{"type":"Point","coordinates":[110.36563,-7.83601]},"properties":{"name":"Pos Polisi Lalu Lintas Druwo","type":"Police","category":"kesehatan_darurat","subcategory":"Polisi","opening_hours":"24/7","operator":"Polsek  Sewon","osm_id":1332798842}},{"type":"Feature","geometry":{"type":"Point","coordinates":[110.37366,-7.81577]},"properties":{"name":"Rumah Sakit Pratama","type":"Hospital","category":"kesehatan_darurat","subcategory":"Rumah Sakit","opening_hours":null,"operator":null,"osm_id":396468395}},{"type":"Feature","geometry":{"type":"Point","coordinates":[110.37237,-7.78305]},"properties":{"name":"Police","type":"Police","category":"kesehatan_darurat","subcategory":"Polisi","opening_hours":null,"operator":null,"osm_id":1464214757}},{"type":"Feature","geometry":{"type":"Point","coordinates":[110.37844,-7.78343]},"properties":{"name":"Stroke Center RS Bethesda","type":"Hospital","category":"kesehatan_darurat","subcategory":"Rumah Sakit","opening_hours":null,"operator":"Yuni","osm_id":1390717368}},{"type":"Feature","geometry":{"type":"Point","coordinates":[110.31716,-7.80119]},"properties":{"name":"Rumah Sakit PKU Muhammadiyah Gamping","type":"Hospital","category":"kesehatan_darurat","subcategory":"Rumah Sakit","opening_hours":null,"operator":null,"osm_id":349955138}},{"type":"Feature","geometry":{"type":"Point","coordinates":[110.31561,-7.76773]},"properties":{"name":"Praktik Dokter Spesialis Syaraf dr.Zamroni","type":"Doctors","category":"kesehatan_darurat","subcategory":"Dokter","opening_hours":null,"operator":null,"osm_id":1341168137}},{"type":"Feature","geometry":{"type":"Point","coordinates":[110.37106,-7.75091]},"properties":{"name":"Pos Polisi Lalu Lintas Monjali","type":"Police","category":"kesehatan_darurat","subcategory":"Polisi","opening_hours":"24/7","operator":"Polresta Sleman","osm_id":1332808791}},{"type":"Feature","geometry":{"type":"Point","coordinates":[110.34149,-7.77943]},"properties":{"name":"Apotek Pharm24","type":"Pharmacy","category":"kesehatan_darurat","subcategory":"Apotek","opening_hours":null,"operator":null,"osm_id":530742326}},{"type":"Feature","geometry":{"type":"Point","coordinates":[110.36288,-7.73545]},"properties":{"name":"Pos Polisi Lantas Sendangadi","type":"Police","category":"kesehatan_darurat","subcategory":"Polisi","opening_hours":null,"operator":null,"osm_id":363085795}},{"type":"Feature","geometry":{"type":"Point","coordinates":[110.48844,-7.75943]},"properties":{"name":"Polsek Prambanan","type":"Police","category":"kesehatan_darurat","subcategory":"Polisi","opening_hours":null,"operator":null,"osm_id":364383533}},{"type":"Feature","geometry":{"type":"Point","coordinates":[110.40349,-7.75788]},"properties":{"name":"Rumah Sakit JIH","type":"Hospital","category":"kesehatan_darurat","subcategory":"Rumah Sakit","opening_hours":null,"operator":null,"osm_id":591934313}},{"type":"Feature","geometry":{"type":"Point","coordinates":[110.47201,-7.76575]},"properties":{"name":"Polsek Kalasan","type":"Police","category":"kesehatan_darurat","subcategory":"Polisi","opening_hours":null,"operator":null,"osm_id":533720149}},{"type":"Feature","geometry":{"type":"Point","coordinates":[110.4708,-7.76213]},"properties":{"name":"Rumah Sunat Jogja RH Medika","type":"Clinic","category":"kesehatan_darurat","subcategory":"Klinik","opening_hours":"Mo-Sa 08:00-20:00","operator":null,"osm_id":1410491251}},{"type":"Feature","geometry":{"type":"Point","coordinates":[110.41973,-7.7423]},"properties":{"name":"Klinik Rheuma","type":"Clinic","category":"kesehatan_darurat","subcategory":"Klinik","opening_hours":null,"operator":null,"osm_id":619117074}},{"type":"Feature","geometry":{"type":"Point","coordinates":[110.42955,-7.78328]},"properties":{"name":"Pos Polisi Lalu Lintas Maguwo","type":"Police","category":"kesehatan_darurat","subcategory":"Polisi","opening_hours":"24/7","operator":"Polresta Sleman","osm_id":1332809937}},{"type":"Feature","geometry":{"type":"Point","coordinates":[110.35796,-7.70948]},"properties":{"name":"RS PKU muhammadiyah Sleman","type":"Hospital","category":"kesehatan_darurat","subcategory":"Rumah Sakit","opening_hours":null,"operator":null,"osm_id":363733122}},{"type":"Feature","geometry":{"type":"Point","coordinates":[110.41079,-7.78315]},"properties":{"name":"Pos Polisi Lalu Lintas Janti","type":"Police","category":"kesehatan_darurat","subcategory":"Polisi","opening_hours":null,"operator":"Polresta Sleman","osm_id":1332810357}},{"type":"Feature","geometry":{"type":"Point","coordinates":[110.40927,-7.81168]},"properties":{"name":"Pos Polisi Lalu Lintas Ketandan","type":"Police","category":"kesehatan_darurat","subcategory":"Polisi","opening_hours":"24/7","operator":"Polres Bantul","osm_id":1332812899}},{"type":"Feature","geometry":{"type":"Point","coordinates":[110.41186,-7.76185]},"properties":{"name":"Pos Polisi Lalu Lintas UPN","type":"Police","category":"kesehatan_darurat","subcategory":"Polisi","opening_hours":null,"operator":"Polresta Sleman","osm_id":1332809573}},{"type":"Feature","geometry":{"type":"Point","coordinates":[110.41397,-7.78195]},"properties":{"name":"Apotek K-24","type":"Pharmacy","category":"kesehatan_darurat","subcategory":"Apotek","opening_hours":null,"operator":null,"osm_id":363117357}},{"type":"Feature","geometry":{"type":"Point","coordinates":[110.38736,-7.7222]},"properties":{"name":"Apotek Insaan Farma","type":"Pharmacy","category":"kesehatan_darurat","subcategory":"Apotek","opening_hours":null,"operator":null,"osm_id":364830501}},{"type":"Feature","geometry":{"type":"Point","coordinates":[110.37729,-7.81184]},"properties":{"name":"dr. Eko Budiono SpPD","type":"Doctors","category":"kesehatan_darurat","subcategory":"Dokter","opening_hours":null,"operator":null,"osm_id":595380114}},{"type":"Feature","geometry":{"type":"Point","coordinates":[110.43249,-7.77006]},"properties":{"name":"Rumah Sakit Hermina","type":"Hospital","category":"kesehatan_darurat","subcategory":"Rumah Sakit","opening_hours":null,"operator":null,"osm_id":362511092}},{"type":"Feature","geometry":{"type":"Point","coordinates":[110.40147,-7.8277]},"properties":{"name":"Apotek Mataram Farma","type":"Pharmacy","category":"kesehatan_darurat","subcategory":"Apotek","opening_hours":null,"operator":null,"osm_id":594985473}},{"type":"Feature","geometry":{"type":"Point","coordinates":[110.40045,-7.82211]},"properties":{"name":"Puskesmas Kotagede I","type":"Clinic","category":"kesehatan_darurat","subcategory":"Klinik","opening_hours":null,"operator":"Ministry of Health","osm_id":386422944}},{"type":"Feature","geometry":{"type":"Point","coordinates":[110.39558,-7.82869]},"properties":{"name":"Posyandu Ngesti Yogya Tama","type":"Clinic","category":"kesehatan_darurat","subcategory":"Klinik","opening_hours":null,"operator":null,"osm_id":620211351}},{"type":"Feature","geometry":{"type":"Point","coordinates":[110.36855,-7.80854]},"properties":{"name":"RS THT Dr. Pomo","type":"Hospital","category":"kesehatan_darurat","subcategory":"Rumah Sakit","opening_hours":null,"operator":null,"osm_id":610371885}},{"type":"Feature","geometry":{"type":"Point","coordinates":[110.36852,-7.80844]},"properties":{"name":"RS THT Dr. Pomo","type":"Hospital","category":"kesehatan_darurat","subcategory":"Rumah Sakit","opening_hours":null,"operator":null,"osm_id":610371886}},{"type":"Feature","geometry":{"type":"Point","coordinates":[110.36929,-7.808]},"properties":{"name":"Apotik K24 Gondomanan","type":"Pharmacy","category":"kesehatan_darurat","subcategory":"Apotek","opening_hours":"24/7","operator":null,"osm_id":594177098}},{"type":"Feature","geometry":{"type":"Point","coordinates":[110.36863,-7.8082]},"properties":{"name":"RS THT Dr. Pomo","type":"Hospital","category":"kesehatan_darurat","subcategory":"Rumah Sakit","opening_hours":null,"operator":null,"osm_id":610371884}},{"type":"Feature","geometry":{"type":"Point","coordinates":[110.36856,-7.80824]},"properties":{"name":"RS THT Dr. Pomo","type":"Hospital","category":"kesehatan_darurat","subcategory":"Rumah Sakit","opening_hours":null,"operator":null,"osm_id":188171414}},{"type":"Feature","geometry":{"type":"Point","coordinates":[110.3824,-7.82842]},"properties":{"name":"Posyandu Balita Lansia III","type":"Clinic","category":"kesehatan_darurat","subcategory":"Klinik","opening_hours":null,"operator":null,"osm_id":610084901}},{"type":"Feature","geometry":{"type":"Point","coordinates":[110.37243,-7.7692]},"properties":{"name":"Gedung Bima Pusat Onkologi Radiasi Sinduadi","type":"Clinic","category":"kesehatan_darurat","subcategory":"Klinik","opening_hours":null,"operator":null,"osm_id":346069514}},{"type":"Feature","geometry":{"type":"Point","coordinates":[110.44138,-7.84431]},"properties":{"name":"Klinik Jamii Husada","type":"Clinic","category":"kesehatan_darurat","subcategory":"Klinik","opening_hours":null,"operator":null,"osm_id":613195750}},{"type":"Feature","geometry":{"type":"Point","coordinates":[110.46525,-7.85305]},"properties":{"name":"Poskokesdes Jolosutro","type":"Clinic","category":"kesehatan_darurat","subcategory":"Klinik","opening_hours":null,"operator":null,"osm_id":614725256}},{"type":"Feature","geometry":{"type":"Point","coordinates":[110.59134,-7.83624]},"properties":{"name":"Bidan Desa","type":"Clinic","category":"kesehatan_darurat","subcategory":"Klinik","opening_hours":null,"operator":null,"osm_id":362504096}},{"type":"Feature","geometry":{"type":"Point","coordinates":[110.37822,-7.82613]},"properties":{"name":"RS Jogja","type":"Hospital","category":"kesehatan_darurat","subcategory":"Rumah Sakit","opening_hours":null,"operator":null,"osm_id":120774929}},{"type":"Feature","geometry":{"type":"Point","coordinates":[110.35072,-7.92349]},"properties":{"name":"Clinic","type":"Clinic","category":"kesehatan_darurat","subcategory":"Klinik","opening_hours":null,"operator":null,"osm_id":530556194}},{"type":"Feature","geometry":{"type":"Point","coordinates":[110.35056,-7.92426]},"properties":{"name":"Klinik Rawat Inap Patalan","type":"Clinic","category":"kesehatan_darurat","subcategory":"Klinik","opening_hours":null,"operator":null,"osm_id":530556112}},{"type":"Feature","geometry":{"type":"Point","coordinates":[110.35066,-7.92416]},"properties":{"name":"Klinik Rawat Inap Patalan","type":"Clinic","category":"kesehatan_darurat","subcategory":"Klinik","opening_hours":null,"operator":null,"osm_id":530556106}},{"type":"Feature","geometry":{"type":"Point","coordinates":[110.35049,-7.92433]},"properties":{"name":"Klinik Rawat Inap Patalan","type":"Clinic","category":"kesehatan_darurat","subcategory":"Klinik","opening_hours":null,"operator":null,"osm_id":530556117}},{"type":"Feature","geometry":{"type":"Point","coordinates":[110.35063,-7.92426]},"properties":{"name":"Klinik Rawat Inap Patalan","type":"Clinic","category":"kesehatan_darurat","subcategory":"Klinik","opening_hours":null,"operator":null,"osm_id":530556107}},{"type":"Feature","geometry":{"type":"Point","coordinates":[110.35059,-7.92415]},"properties":{"name":"Klinik Rawat Inap Patalan","type":"Clinic","category":"kesehatan_darurat","subcategory":"Klinik","opening_hours":null,"operator":null,"osm_id":530556109}},{"type":"Feature","geometry":{"type":"Point","coordinates":[110.35049,-7.92424]},"properties":{"name":"Klinik Rawat Inap Patalan","type":"Clinic","category":"kesehatan_darurat","subcategory":"Klinik","opening_hours":null,"operator":null,"osm_id":530556114}},{"type":"Feature","geometry":{"type":"Point","coordinates":[110.14696,-7.86044]},"properties":{"name":"RSUD Wates","type":"Hospital","category":"kesehatan_darurat","subcategory":"Rumah Sakit","opening_hours":null,"operator":null,"osm_id":787848227}},{"type":"Feature","geometry":{"type":"Point","coordinates":[110.36889,-7.91278]},"properties":{"name":"Klinik Pratama Pulokadang","type":"Clinic","category":"kesehatan_darurat","subcategory":"Klinik","opening_hours":null,"operator":null,"osm_id":613486862}},{"type":"Feature","geometry":{"type":"Point","coordinates":[110.36996,-7.93327]},"properties":{"name":"Puskesmas Pembantu Kebonagung","type":"Clinic","category":"kesehatan_darurat","subcategory":"Klinik","opening_hours":null,"operator":null,"osm_id":613294446}},{"type":"Feature","geometry":{"type":"Point","coordinates":[110.36034,-7.90689]},"properties":{"name":"Clinic","type":"Clinic","category":"kesehatan_darurat","subcategory":"Klinik","opening_hours":null,"operator":null,"osm_id":614420034}},{"type":"Feature","geometry":{"type":"Point","coordinates":[110.34585,-7.93213]},"properties":{"name":"Rumah Sakit Umum Rachma Husada","type":"Hospital","category":"kesehatan_darurat","subcategory":"Rumah Sakit","opening_hours":null,"operator":null,"osm_id":616862644}},{"type":"Feature","geometry":{"type":"Point","coordinates":[110.37357,-7.92633]},"properties":{"name":"Clinic","type":"Clinic","category":"kesehatan_darurat","subcategory":"Klinik","opening_hours":null,"operator":null,"osm_id":613601699}},{"type":"Feature","geometry":{"type":"Point","coordinates":[110.34915,-7.92818]},"properties":{"name":"Puskesmas Jetis II","type":"Clinic","category":"kesehatan_darurat","subcategory":"Klinik","opening_hours":null,"operator":null,"osm_id":616862643}},{"type":"Feature","geometry":{"type":"Point","coordinates":[110.37266,-7.94475]},"properties":{"name":"Puskesmas Imogiri II","type":"Clinic","category":"kesehatan_darurat","subcategory":"Klinik","opening_hours":null,"operator":null,"osm_id":613268831}},{"type":"Feature","geometry":{"type":"Point","coordinates":[110.33782,-7.89203]},"properties":{"name":"RSUD Panembahan Senopati","type":"Hospital","category":"kesehatan_darurat","subcategory":"Rumah Sakit","opening_hours":null,"operator":"Pemerintah Kabupaten Bantul","osm_id":616249114}},{"type":"Feature","geometry":{"type":"Point","coordinates":[110.35742,-7.91102]},"properties":{"name":"Klinik Kesehatan Kartika Medika","type":"Clinic","category":"kesehatan_darurat","subcategory":"Klinik","opening_hours":null,"operator":null,"osm_id":616862659}},{"type":"Feature","geometry":{"type":"Point","coordinates":[110.31213,-7.83697]},"properties":{"name":"Puskesmas Kasihan 1","type":"Clinic","category":"kesehatan_darurat","subcategory":"Klinik","opening_hours":null,"operator":null,"osm_id":613238807}},{"type":"Feature","geometry":{"type":"Point","coordinates":[110.46063,-7.73186]},"properties":{"name":"Pustu Selo Martani","type":"Clinic","category":"kesehatan_darurat","subcategory":"Klinik","opening_hours":null,"operator":null,"osm_id":366251693}},{"type":"Feature","geometry":{"type":"Point","coordinates":[110.48767,-7.81167]},"properties":{"name":"DR. SAIFUDIN","type":"Doctors","category":"kesehatan_darurat","subcategory":"Dokter","opening_hours":null,"operator":null,"osm_id":533746456}},{"type":"Feature","geometry":{"type":"Point","coordinates":[110.30834,-7.92342]},"properties":{"name":"Mitra Husada Mandiri","type":"Clinic","category":"kesehatan_darurat","subcategory":"Klinik","opening_hours":null,"operator":null,"osm_id":614753403}},{"type":"Feature","geometry":{"type":"Point","coordinates":[110.43146,-7.76905]},"properties":{"name":"PJR Ditlantas Polda DIY","type":"Police","category":"kesehatan_darurat","subcategory":"Polisi","opening_hours":null,"operator":null,"osm_id":365560780}},{"type":"Feature","geometry":{"type":"Point","coordinates":[110.52065,-7.8194]},"properties":{"name":"Puskesmas Pembantu Wukirharjo","type":"Clinic","category":"kesehatan_darurat","subcategory":"Klinik","opening_hours":null,"operator":null,"osm_id":533736998}},{"type":"Feature","geometry":{"type":"Point","coordinates":[110.11511,-7.7991]},"properties":{"name":"Puskesmas Kokap II","type":"Hospital","category":"kesehatan_darurat","subcategory":"Rumah Sakit","opening_hours":null,"operator":"Puskesmas Kokap II","osm_id":886227367}},{"type":"Feature","geometry":{"type":"Point","coordinates":[110.38161,-7.81486]},"properties":{"name":"Rumah Sakit Bhakti Ibu","type":"Hospital","category":"kesehatan_darurat","subcategory":"Rumah Sakit","opening_hours":null,"operator":null,"osm_id":594852413}},{"type":"Feature","geometry":{"type":"Point","coordinates":[110.45842,-7.83145]},"properties":{"name":"Puskesmas Piyungan Bantul","type":"Clinic","category":"kesehatan_darurat","subcategory":"Klinik","opening_hours":null,"operator":null,"osm_id":613067071}},{"type":"Feature","geometry":{"type":"Point","coordinates":[110.46483,-7.69976]},"properties":{"name":"Puskemas Ngemplak I","type":"Clinic","category":"kesehatan_darurat","subcategory":"Klinik","opening_hours":null,"operator":null,"osm_id":363964903}},{"type":"Feature","geometry":{"type":"Point","coordinates":[110.38579,-7.81678]},"properties":{"name":"Kantor Polisi Sektor Kota Umbulharjo","type":"Police","category":"kesehatan_darurat","subcategory":"Polisi","opening_hours":null,"operator":null,"osm_id":594421950}},{"type":"Feature","geometry":{"type":"Point","coordinates":[110.38912,-7.81542]},"properties":{"name":"Klinik Mata Jogja","type":"Clinic","category":"kesehatan_darurat","subcategory":"Klinik","opening_hours":null,"operator":null,"osm_id":632172256}},{"type":"Feature","geometry":{"type":"Point","coordinates":[110.37303,-7.79643]},"properties":{"name":"Rumah Sakit Bethesda Lempuyangwangi","type":"Hospital","category":"kesehatan_darurat","subcategory":"Rumah Sakit","opening_hours":null,"operator":null,"osm_id":253273884}},{"type":"Feature","geometry":{"type":"Point","coordinates":[110.37318,-7.79842]},"properties":{"name":"Apotek Dharma Husada","type":"Pharmacy","category":"kesehatan_darurat","subcategory":"Apotek","opening_hours":null,"operator":null,"osm_id":592216383}},{"type":"Feature","geometry":{"type":"Point","coordinates":[110.39523,-7.82458]},"properties":{"name":"Posyandu Kunir VB","type":"Clinic","category":"kesehatan_darurat","subcategory":"Klinik","opening_hours":null,"operator":null,"osm_id":615081815}},{"type":"Feature","geometry":{"type":"Point","coordinates":[110.40098,-7.82745]},"properties":{"name":"Apotek K24 Karanglo","type":"Pharmacy","category":"kesehatan_darurat","subcategory":"Apotek","opening_hours":null,"operator":null,"osm_id":594177104}},{"type":"Feature","geometry":{"type":"Point","coordinates":[110.40074,-7.82295]},"properties":{"name":"RSKIA PKU Muhammadiyah Kotagede","type":"Hospital","category":"kesehatan_darurat","subcategory":"Rumah Sakit","opening_hours":null,"operator":null,"osm_id":511889458}},{"type":"Feature","geometry":{"type":"Point","coordinates":[110.3885,-7.82547]},"properties":{"name":"Ultra Medica","type":"Clinic","category":"kesehatan_darurat","subcategory":"Klinik","opening_hours":null,"operator":null,"osm_id":536690135}},{"type":"Feature","geometry":{"type":"Point","coordinates":[110.38839,-7.82575]},"properties":{"name":"Ultra Medical","type":"Clinic","category":"kesehatan_darurat","subcategory":"Klinik","opening_hours":null,"operator":null,"osm_id":615770169}},{"type":"Feature","geometry":{"type":"Point","coordinates":[110.40266,-7.79934]},"properties":{"name":"Satuan Polisi Pamong Praja DIY","type":"Police","category":"kesehatan_darurat","subcategory":"Polisi","opening_hours":null,"operator":null,"osm_id":529901234}},{"type":"Feature","geometry":{"type":"Point","coordinates":[110.39202,-7.79397]},"properties":{"name":"RS Happy Land","type":"Hospital","category":"kesehatan_darurat","subcategory":"Rumah Sakit","opening_hours":null,"operator":null,"osm_id":616082200}},{"type":"Feature","geometry":{"type":"Point","coordinates":[110.30158,-7.90153]},"properties":{"name":"Clinic","type":"Clinic","category":"kesehatan_darurat","subcategory":"Klinik","opening_hours":null,"operator":null,"osm_id":613534683}},{"type":"Feature","geometry":{"type":"Point","coordinates":[110.37895,-7.82233]},"properties":{"name":"Posyandu Balita Temu Ireng-6","type":"Clinic","category":"kesehatan_darurat","subcategory":"Klinik","opening_hours":null,"operator":null,"osm_id":595383434}},{"type":"Feature","geometry":{"type":"Point","coordinates":[110.38343,-7.82552]},"properties":{"name":"Puskesmas Pembantu Nitikan","type":"Clinic","category":"kesehatan_darurat","subcategory":"Klinik","opening_hours":null,"operator":null,"osm_id":610137394}},{"type":"Feature","geometry":{"type":"Point","coordinates":[110.42867,-7.93189]},"properties":{"name":"Puskesmas Pembantu Mangunan","type":"Clinic","category":"kesehatan_darurat","subcategory":"Klinik","opening_hours":null,"operator":"Ministry of Health","osm_id":614727955}},{"type":"Feature","geometry":{"type":"Point","coordinates":[110.35156,-7.80314]},"properties":{"name":"Apotek Maranatha","type":"Pharmacy","category":"kesehatan_darurat","subcategory":"Apotek","opening_hours":null,"operator":null,"osm_id":319248186}},{"type":"Feature","geometry":{"type":"Point","coordinates":[110.40444,-7.80785]},"properties":{"name":"Puskesmas Banguntapan 3","type":"Clinic","category":"kesehatan_darurat","subcategory":"Klinik","opening_hours":null,"operator":"Ministry of Health","osm_id":611453489}},{"type":"Feature","geometry":{"type":"Point","coordinates":[110.37476,-7.78265]},"properties":{"name":"Police","type":"Police","category":"kesehatan_darurat","subcategory":"Polisi","opening_hours":null,"operator":"Kepolisian Negara Republik Indonesia","osm_id":362042402}},{"type":"Feature","geometry":{"type":"Point","coordinates":[110.3997,-7.82071]},"properties":{"name":"RSKIA Permata Bunda","type":"Hospital","category":"kesehatan_darurat","subcategory":"Rumah Sakit","opening_hours":null,"operator":null,"osm_id":511889439}},{"type":"Feature","geometry":{"type":"Point","coordinates":[110.21921,-7.83314]},"properties":{"name":"Puskesmas Sentolo I","type":"Hospital","category":"kesehatan_darurat","subcategory":"Rumah Sakit","opening_hours":null,"operator":null,"osm_id":1088969681}},{"type":"Feature","geometry":{"type":"Point","coordinates":[110.37012,-7.80381]},"properties":{"name":"Polsek Gondomanan","type":"Police","category":"kesehatan_darurat","subcategory":"Polisi","opening_hours":null,"operator":null,"osm_id":592226018}},{"type":"Feature","geometry":{"type":"Point","coordinates":[110.36847,-7.80351]},"properties":{"name":"Klinik Pratama Yudonegaran","type":"Clinic","category":"kesehatan_darurat","subcategory":"Klinik","opening_hours":null,"operator":null,"osm_id":592223801}},{"type":"Feature","geometry":{"type":"Point","coordinates":[110.23695,-7.96092]},"properties":{"name":"Puskesmas Pembantu Desa Poncosari","type":"Clinic","category":"kesehatan_darurat","subcategory":"Klinik","opening_hours":null,"operator":null,"osm_id":613692574}},{"type":"Feature","geometry":{"type":"Point","coordinates":[110.31387,-7.80274]},"properties":{"name":"Kantor Polsek Gamping","type":"Police","category":"kesehatan_darurat","subcategory":"Polisi","opening_hours":null,"operator":null,"osm_id":321229425}},{"type":"Feature","geometry":{"type":"Point","coordinates":[110.37247,-7.77551]},"properties":{"name":"Apotek UGM","type":"Pharmacy","category":"kesehatan_darurat","subcategory":"Apotek","opening_hours":null,"operator":null,"osm_id":121643618}},{"type":"Feature","geometry":{"type":"Point","coordinates":[110.37215,-7.76882]},"properties":{"name":"RSUP Dr. Sardjito","type":"Hospital","category":"kesehatan_darurat","subcategory":"Rumah Sakit","opening_hours":null,"operator":null,"osm_id":616520162}},{"type":"Feature","geometry":{"type":"Point","coordinates":[110.32716,-7.65852]},"properties":{"name":"Puskesmas Tempel I","type":"Clinic","category":"kesehatan_darurat","subcategory":"Klinik","opening_hours":null,"operator":null,"osm_id":369028896}},{"type":"Feature","geometry":{"type":"Point","coordinates":[110.25681,-7.97085]},"properties":{"name":"Klinik Amanah","type":"Clinic","category":"kesehatan_darurat","subcategory":"Klinik","opening_hours":null,"operator":null,"osm_id":613622069}},{"type":"Feature","geometry":{"type":"Point","coordinates":[110.32787,-7.82232]},"properties":{"name":"Pos Polisi Tamantirto","type":"Police","category":"kesehatan_darurat","subcategory":"Polisi","opening_hours":null,"operator":"Polsek Kasihan","osm_id":1332799946}},{"type":"Feature","geometry":{"type":"Point","coordinates":[110.34058,-7.82406]},"properties":{"name":"Poskokesdes","type":"Clinic","category":"kesehatan_darurat","subcategory":"Klinik","opening_hours":null,"operator":null,"osm_id":613223139}},{"type":"Feature","geometry":{"type":"Point","coordinates":[110.34504,-7.82897]},"properties":{"name":"Puskesmas Kasihan II","type":"Clinic","category":"kesehatan_darurat","subcategory":"Klinik","opening_hours":null,"operator":null,"osm_id":613180674}},{"type":"Feature","geometry":{"type":"Point","coordinates":[110.34498,-7.82674]},"properties":{"name":"Pos Polisi Lalu Lintas Madukismo","type":"Police","category":"kesehatan_darurat","subcategory":"Polisi","opening_hours":null,"operator":"Polsek Kasihan","osm_id":1332799374}},{"type":"Feature","geometry":{"type":"Point","coordinates":[110.33493,-7.83906]},"properties":{"name":"Klinik Pratama Umum","type":"Clinic","category":"kesehatan_darurat","subcategory":"Klinik","opening_hours":null,"operator":null,"osm_id":617199607}},{"type":"Feature","geometry":{"type":"Point","coordinates":[110.33683,-7.87179]},"properties":{"name":"Klinik Rahma Medika","type":"Clinic","category":"kesehatan_darurat","subcategory":"Klinik","opening_hours":null,"operator":null,"osm_id":613187011}},{"type":"Feature","geometry":{"type":"Point","coordinates":[110.32719,-7.87155]},"properties":{"name":"Puskesmas Bantul II","type":"Clinic","category":"kesehatan_darurat","subcategory":"Klinik","opening_hours":null,"operator":null,"osm_id":616486675}},{"type":"Feature","geometry":{"type":"Point","coordinates":[110.33578,-7.8753]},"properties":{"name":"Cito Laboratorium Klinik","type":"Clinic","category":"kesehatan_darurat","subcategory":"Klinik","opening_hours":null,"operator":null,"osm_id":536311917}},{"type":"Feature","geometry":{"type":"Point","coordinates":[110.32183,-7.90351]},"properties":{"name":"Puskesmas Bantul I","type":"Clinic","category":"kesehatan_darurat","subcategory":"Klinik","opening_hours":null,"operator":null,"osm_id":616538834}},{"type":"Feature","geometry":{"type":"Point","coordinates":[110.32684,-7.89003]},"properties":{"name":"Polres Bantul","type":"Police","category":"kesehatan_darurat","subcategory":"Polisi","opening_hours":null,"operator":null,"osm_id":612924163}},{"type":"Feature","geometry":{"type":"Point","coordinates":[110.31779,-7.88786]},"properties":{"name":"Klinik As-Syifa","type":"Clinic","category":"kesehatan_darurat","subcategory":"Klinik","opening_hours":null,"operator":null,"osm_id":612885131}},{"type":"Feature","geometry":{"type":"Point","coordinates":[110.33279,-7.88178]},"properties":{"name":"Apotek K24","type":"Pharmacy","category":"kesehatan_darurat","subcategory":"Apotek","opening_hours":null,"operator":null,"osm_id":530721181}},{"type":"Feature","geometry":{"type":"Point","coordinates":[110.32122,-7.90243]},"properties":{"name":"Klinik Pratama \"Wiwid\"","type":"Clinic","category":"kesehatan_darurat","subcategory":"Klinik","opening_hours":null,"operator":null,"osm_id":534927118}},{"type":"Feature","geometry":{"type":"Point","coordinates":[110.32022,-7.90567]},"properties":{"name":"Rumah Sakit Khusus Paru Respira","type":"Hospital","category":"kesehatan_darurat","subcategory":"Rumah Sakit","opening_hours":null,"operator":null,"osm_id":458344310}},{"type":"Feature","geometry":{"type":"Point","coordinates":[110.36005,-7.80722]},"properties":{"name":"Apotek Berkah Farma","type":"Pharmacy","category":"kesehatan_darurat","subcategory":"Apotek","opening_hours":null,"operator":null,"osm_id":794614942}},{"type":"Feature","geometry":{"type":"Point","coordinates":[110.33062,-7.87859]},"properties":{"name":"RSKIA Ummi Khasanah","type":"Hospital","category":"kesehatan_darurat","subcategory":"Rumah Sakit","opening_hours":null,"operator":null,"osm_id":616517916}},{"type":"Feature","geometry":{"type":"Point","coordinates":[110.15555,-7.85936]},"properties":{"name":"Klinik Padma Paradina","type":"Clinic","category":"kesehatan_darurat","subcategory":"Klinik","opening_hours":null,"operator":null,"osm_id":530460962}},{"type":"Feature","geometry":{"type":"Point","coordinates":[110.30931,-7.84728]},"properties":{"name":"Bhakti Husada","type":"Clinic","category":"kesehatan_darurat","subcategory":"Klinik","opening_hours":null,"operator":null,"osm_id":617193448}},{"type":"Feature","geometry":{"type":"Point","coordinates":[110.1751,-7.85041]},"properties":{"name":"Puskesmas Pengasih 2","type":"Hospital","category":"kesehatan_darurat","subcategory":"Rumah Sakit","opening_hours":null,"operator":null,"osm_id":477599497}},{"type":"Feature","geometry":{"type":"Point","coordinates":[110.30105,-7.92074]},"properties":{"name":"Clinic","type":"Clinic","category":"kesehatan_darurat","subcategory":"Klinik","opening_hours":null,"operator":null,"osm_id":617125340}},{"type":"Feature","geometry":{"type":"Point","coordinates":[110.28411,-7.91829]},"properties":{"name":"Puskesmas Pandak II","type":"Clinic","category":"kesehatan_darurat","subcategory":"Klinik","opening_hours":null,"operator":null,"osm_id":530821004}},{"type":"Feature","geometry":{"type":"Point","coordinates":[110.29569,-7.90918]},"properties":{"name":"RS Universitas Islam Indonesia","type":"Hospital","category":"kesehatan_darurat","subcategory":"Rumah Sakit","opening_hours":null,"operator":null,"osm_id":722721176}},{"type":"Feature","geometry":{"type":"Point","coordinates":[110.26847,-7.94929]},"properties":{"name":"Praktek Dokter Gigi Sekar Farma","type":"Clinic","category":"kesehatan_darurat","subcategory":"Klinik","opening_hours":null,"operator":null,"osm_id":613694853}},{"type":"Feature","geometry":{"type":"Point","coordinates":[110.27328,-7.93442]},"properties":{"name":"Puskesmas Pembantu Caturharjo","type":"Clinic","category":"kesehatan_darurat","subcategory":"Klinik","opening_hours":null,"operator":null,"osm_id":616875049}},{"type":"Feature","geometry":{"type":"Point","coordinates":[110.25962,-7.91099]},"properties":{"name":"Klinik Bidan Praktek Swasta","type":"Doctors","category":"kesehatan_darurat","subcategory":"Dokter","opening_hours":null,"operator":null,"osm_id":581803571}},{"type":"Feature","geometry":{"type":"Point","coordinates":[110.26143,-7.91206]},"properties":{"name":"Klinik Laras Hati","type":"Hospital","category":"kesehatan_darurat","subcategory":"Rumah Sakit","opening_hours":null,"operator":null,"osm_id":566004091}},{"type":"Feature","geometry":{"type":"Point","coordinates":[110.40037,-7.75696]},"properties":{"name":"Polda DI Yogyakarta","type":"Police","category":"kesehatan_darurat","subcategory":"Polisi","opening_hours":null,"operator":null,"osm_id":591934302}},{"type":"Feature","geometry":{"type":"Point","coordinates":[110.26504,-7.96673]},"properties":{"name":"Puskesmas Sanden","type":"Clinic","category":"kesehatan_darurat","subcategory":"Klinik","opening_hours":null,"operator":null,"osm_id":613641813}},{"type":"Feature","geometry":{"type":"Point","coordinates":[110.25629,-7.97589]},"properties":{"name":"Klinik Pratama Prima Husada","type":"Clinic","category":"kesehatan_darurat","subcategory":"Klinik","opening_hours":null,"operator":null,"osm_id":612941528}},{"type":"Feature","geometry":{"type":"Point","coordinates":[110.26009,-7.97003]},"properties":{"name":"Posyandu Puspa Indah","type":"Clinic","category":"kesehatan_darurat","subcategory":"Klinik","opening_hours":null,"operator":null,"osm_id":613641332}},{"type":"Feature","geometry":{"type":"Point","coordinates":[110.26405,-7.86984]},"properties":{"name":"IDI Pajangan","type":"Clinic","category":"kesehatan_darurat","subcategory":"Klinik","opening_hours":null,"operator":null,"osm_id":616482528}},{"type":"Feature","geometry":{"type":"Point","coordinates":[110.22683,-7.97356]},"properties":{"name":"Klinik Pratama Setia Budi","type":"Clinic","category":"kesehatan_darurat","subcategory":"Klinik","opening_hours":null,"operator":null,"osm_id":616854238}},{"type":"Feature","geometry":{"type":"Point","coordinates":[110.07177,-7.8864]},"properties":{"name":"Polsek Temon","type":"Police","category":"kesehatan_darurat","subcategory":"Polisi","opening_hours":null,"operator":null,"osm_id":280346205}},{"type":"Feature","geometry":{"type":"Point","coordinates":[110.07407,-7.88633]},"properties":{"name":"Puskesmas Temon 1","type":"Clinic","category":"kesehatan_darurat","subcategory":"Klinik","opening_hours":null,"operator":"Ministry of Health","osm_id":343565193}},{"type":"Feature","geometry":{"type":"Point","coordinates":[110.23631,-7.97219]},"properties":{"name":"Puskesmas Pembantu 2","type":"Clinic","category":"kesehatan_darurat","subcategory":"Klinik","opening_hours":null,"operator":null,"osm_id":614745700}},{"type":"Feature","geometry":{"type":"Point","coordinates":[110.3522,-7.81343]},"properties":{"name":"Posyandu Mahoni 1","type":"Clinic","category":"kesehatan_darurat","subcategory":"Klinik","opening_hours":null,"operator":"Posyandu","osm_id":536681483}},{"type":"Feature","geometry":{"type":"Point","coordinates":[110.3957,-7.86913]},"properties":{"name":"Klinik Sehat","type":"Clinic","category":"kesehatan_darurat","subcategory":"Klinik","opening_hours":null,"operator":null,"osm_id":534404242}},{"type":"Feature","geometry":{"type":"Point","coordinates":[110.25987,-7.93596]},"properties":{"name":"Klinik Pratama","type":"Clinic","category":"kesehatan_darurat","subcategory":"Klinik","opening_hours":null,"operator":null,"osm_id":613669911}},{"type":"Feature","geometry":{"type":"Point","coordinates":[110.36502,-7.80607]},"properties":{"name":"Puskesmas Kraton","type":"Clinic","category":"kesehatan_darurat","subcategory":"Klinik","opening_hours":null,"operator":null,"osm_id":610179340}},{"type":"Feature","geometry":{"type":"Point","coordinates":[110.36352,-7.80637]},"properties":{"name":"Police","type":"Police","category":"kesehatan_darurat","subcategory":"Polisi","opening_hours":null,"operator":null,"osm_id":438452483}},{"type":"Feature","geometry":{"type":"Point","coordinates":[110.32376,-7.80045]},"properties":{"name":"Apotek K-24","type":"Pharmacy","category":"kesehatan_darurat","subcategory":"Apotek","opening_hours":"24/7","operator":null,"osm_id":208677974}},{"type":"Feature","geometry":{"type":"Point","coordinates":[110.32027,-7.80069]},"properties":{"name":"Puskesmas Gamping 1","type":"Clinic","category":"kesehatan_darurat","subcategory":"Klinik","opening_hours":null,"operator":null,"osm_id":318755535}},{"type":"Feature","geometry":{"type":"Point","coordinates":[110.28967,-7.89337]},"properties":{"name":"Puskesmas Pajangan","type":"Clinic","category":"kesehatan_darurat","subcategory":"Klinik","opening_hours":null,"operator":null,"osm_id":616517205}},{"type":"Feature","geometry":{"type":"Point","coordinates":[110.48284,-7.79056]},"properties":{"name":"Puskesmas Pembantu Madurejo","type":"Clinic","category":"kesehatan_darurat","subcategory":"Klinik","opening_hours":null,"operator":null,"osm_id":531005440}},{"type":"Feature","geometry":{"type":"Point","coordinates":[110.3652,-7.79627]},"properties":{"name":"Toko Obat \"Sumber Husodo\"","type":"Pharmacy","category":"kesehatan_darurat","subcategory":"Apotek","opening_hours":null,"operator":null,"osm_id":283720180}},{"type":"Feature","geometry":{"type":"Point","coordinates":[110.4299,-7.82554]},"properties":{"name":"Rumah Sakit Dharma","type":"Hospital","category":"kesehatan_darurat","subcategory":"Rumah Sakit","opening_hours":null,"operator":null,"osm_id":533713529}},{"type":"Feature","geometry":{"type":"Point","coordinates":[110.27046,-7.81423]},"properties":{"name":"Posyandu Balita Dahlia","type":"Clinic","category":"kesehatan_darurat","subcategory":"Klinik","opening_hours":null,"operator":null,"osm_id":505083418}},{"type":"Feature","geometry":{"type":"Point","coordinates":[110.3565,-7.80364]},"properties":{"name":"RSKIA Rachmi","type":"Hospital","category":"kesehatan_darurat","subcategory":"Rumah Sakit","opening_hours":null,"operator":null,"osm_id":613425525}},{"type":"Feature","geometry":{"type":"Point","coordinates":[110.43009,-7.82034]},"properties":{"name":"Puskesmas Berbah","type":"Clinic","category":"kesehatan_darurat","subcategory":"Klinik","opening_hours":null,"operator":null,"osm_id":533713520}},{"type":"Feature","geometry":{"type":"Point","coordinates":[110.40192,-7.83229]},"properties":{"name":"Apotek Purbayan","type":"Pharmacy","category":"kesehatan_darurat","subcategory":"Apotek","opening_hours":null,"operator":null,"osm_id":536393686}},{"type":"Feature","geometry":{"type":"Point","coordinates":[110.3897,-7.73375]},"properties":{"name":"Klinik Utama Damai Sejahtera","type":"Clinic","category":"kesehatan_darurat","subcategory":"Klinik","opening_hours":null,"operator":null,"osm_id":509817282}},{"type":"Feature","geometry":{"type":"Point","coordinates":[110.38003,-7.72889]},"properties":{"name":"PUSKESMAS MUDAL","type":"Clinic","category":"kesehatan_darurat","subcategory":"Klinik","opening_hours":null,"operator":null,"osm_id":533294414}},{"type":"Feature","geometry":{"type":"Point","coordinates":[110.39143,-7.83259]},"properties":{"name":"Puskesmas Pembantu Giwangan","type":"Clinic","category":"kesehatan_darurat","subcategory":"Klinik","opening_hours":null,"operator":null,"osm_id":536539559}},{"type":"Feature","geometry":{"type":"Point","coordinates":[110.44775,-7.7881]},"properties":{"name":"Puskesmas Kalitirto Berbah","type":"Clinic","category":"kesehatan_darurat","subcategory":"Klinik","opening_hours":null,"operator":null,"osm_id":526016012}},{"type":"Feature","geometry":{"type":"Point","coordinates":[110.31856,-7.92567]},"properties":{"name":"RS Elisabeth","type":"Hospital","category":"kesehatan_darurat","subcategory":"Rumah Sakit","opening_hours":null,"operator":null,"osm_id":8527745}},{"type":"Feature","geometry":{"type":"Point","coordinates":[110.46246,-7.66724]},"properties":{"name":"PKU MUHAMMADIYAH CANGKRINGAN","type":"Clinic","category":"kesehatan_darurat","subcategory":"Klinik","opening_hours":null,"operator":null,"osm_id":7663433}}]}