{"type": "FeatureCollection", "features": [{"type": "Feature", "geometry": {"type": "Point", "coordinates": [110.637716, -8.027598]}, "properties": {"name": "Parking", "type": "Parking", "category": "mobilitas", "subcategory": "Parkir", "opening_hours": null, "operator": null, "osm_id": 4376800273}}, {"type": "Feature", "geometry": {"type": "Point", "coordinates": [110.449456, -7.776588]}, "properties": {"name": "Parking", "type": "Parking", "category": "mobilitas", "subcategory": "Parkir", "opening_hours": null, "operator": null, "osm_id": 9814751218}}, {"type": "Feature", "geometry": {"type": "Point", "coordinates": [110.333309, -8.022576]}, "properties": {"name": "Bus Station", "type": "Bus Station", "category": "mobilitas", "subcategory": "Halte Bus", "opening_hours": null, "operator": null, "osm_id": 269588618}}, {"type": "Feature", "geometry": {"type": "Point", "coordinates": [110.408008, -7.760658]}, "properties": {"name": "Halte RRU TJ (UPN)", "type": "Platform", "category": "mobilitas", "subcategory": "Halte Bus", "opening_hours": null, "operator": null, "osm_id": 3632597208}}, {"type": "Feature", "geometry": {"type": "Point", "coordinates": [110.40306, -7.758759]}, "properties": {"name": "TJ RRU (JIH)", "type": "Platform", "category": "mobilitas", "subcategory": "Halte Bus", "opening_hours": null, "operator": null, "osm_id": 10700984786}}, {"type": "Feature", "geometry": {"type": "Point", "coordinates": [110.394392, -7.760786]}, "properties": {"name": "Halte SPBU Gejayan", "type": "Platform", "category": "mobilitas", "subcategory": "Halte Bus", "opening_hours": null, "operator": null, "osm_id": 10701009918}}, {"type": "Feature", "geometry": {"type": "Point", "coordinates": [110.395212, -7.75968]}, "properties": {"name": "SPBU Condongcatur", "type": "Platform", "category": "mobilitas", "subcategory": "Halte Bus", "opening_hours": null, "operator": null, "osm_id": 12624543499}}, {"type": "Feature", "geometry": {"type": "Point", "coordinates": [110.377602, -7.765842]}, "properties": {"name": "Parking", "type": "Parking", "category": "mobilitas", "subcategory": "Parkir", "opening_hours": null, "operator": null, "osm_id": 12184928216}}, {"type": "Feature", "geometry": {"type": "Point", "coordinates": [110.384648, -7.755962]}, "properties": {"name": "Halte TJ RRU Kentungan", "type": "Platform", "category": "mobilitas", "subcategory": "Halte Bus", "opening_hours": null, "operator": null, "osm_id": 3625423026}}, {"type": "Feature", "geometry": {"type": "Point", "coordinates": [110.377043, -7.765291]}, "properties": {"name": "TPB Fakultas Biologi UGM", "type": "Platform", "category": "mobilitas", "subcategory": "Halte Bus", "opening_hours": null, "operator": null, "osm_id": 3632597224}}, {"type": "Feature", "geometry": {"type": "Point", "coordinates": [110.374737, -7.764077]}, "properties": {"name": "TPB Teknik UGM 1", "type": "Platform", "category": "mobilitas", "subcategory": "Halte Bus", "opening_hours": null, "operator": null, "osm_id": 10700975293}}, {"type": "Feature", "geometry": {"type": "Point", "coordinates": [110.374576, -7.764263]}, "properties": {"name": "TPB Teknik UGM 2", "type": "Platform", "category": "mobilitas", "subcategory": "Halte Bus", "opening_hours": null, "operator": null, "osm_id": 10723145955}}, {"type": "Feature", "geometry": {"type": "Point", "coordinates": [110.376794, -7.767627]}, "properties": {"name": "Parking", "type": "Parking", "category": "mobilitas", "subcategory": "Parkir", "opening_hours": null, "operator": null, "osm_id": 12178311318}}, {"type": "Feature", "geometry": {"type": "Point", "coordinates": [110.38191, -7.757903]}, "properties": {"name": "Hokben Jakal (Timur)", "type": "Platform", "category": "mobilitas", "subcategory": "Halte Bus", "opening_hours": null, "operator": null, "osm_id": 13120470825}}, {"type": "Feature", "geometry": {"type": "Point", "coordinates": [110.380527, -7.767747]}, "properties": {"name": "Halte F. Kehutanan", "type": "Platform", "category": "mobilitas", "subcategory": "Halte Bus", "opening_hours": null, "operator": "Direktorat Aset UGM", "osm_id": 13409570120}}, {"type": "Feature", "geometry": {"type": "Point", "coordinates": [110.385132, -7.768136]}, "properties": {"name": "Halte F. Peternakan", "type": "Platform", "category": "mobilitas", "subcategory": "Halte Bus", "opening_hours": null, "operator": "Direktorat Aset UGM", "osm_id": 13410572156}}, {"type": "Feature", "geometry": {"type": "Point", "coordinates": [110.361452, -7.747419]}, "properties": {"name": "Terminal Jombor", "type": "Platform", "category": "mobilitas", "subcategory": "Halte Bus", "opening_hours": null, "operator": null, "osm_id": 3625145015}}, {"type": "Feature", "geometry": {"type": "Point", "coordinates": [110.36766, -7.75045]}, "properties": {"name": "Halte RRU Monjali 1", "type": "Platform", "category": "mobilitas", "subcategory": "Halte Bus", "opening_hours": null, "operator": null, "osm_id": 3625405661}}, {"type": "Feature", "geometry": {"type": "Point", "coordinates": [110.368817, -7.750906]}, "properties": {"name": "Halte RRU Monjali 2", "type": "Platform", "category": "mobilitas", "subcategory": "Halte Bus", "opening_hours": null, "operator": null, "osm_id": 3625423029}}, {"type": "Feature", "geometry": {"type": "Point", "coordinates": [110.362101, -7.753011]}, "properties": {"name": "TPB Jogja City Mall 1", "type": "Platform", "category": "mobilitas", "subcategory": "Halte Bus", "opening_hours": null, "operator": null, "osm_id": 6231504939}}, {"type": "Feature", "geometry": {"type": "Point", "coordinates": [110.362271, -7.753249]}, "properties": {"name": "TPB Jogja City Mall 2", "type": "Platform", "category": "mobilitas", "subcategory": "Halte Bus", "opening_hours": null, "operator": null, "osm_id": 6231504940}}, {"type": "Feature", "geometry": {"type": "Point", "coordinates": [110.369955, -7.755972]}, "properties": {"name": "TPB PDAM Monjali", "type": "Platform", "category": "mobilitas", "subcategory": "Halte Bus", "opening_hours": null, "operator": null, "osm_id": 10701038202}}, {"type": "Feature", "geometry": {"type": "Point", "coordinates": [110.362175, -7.750808]}, "properties": {"name": "Halte MMTC Yogya", "type": "Platform", "category": "mobilitas", "subcategory": "Halte Bus", "opening_hours": null, "operator": null, "osm_id": 12551155351}}, {"type": "Feature", "geometry": {"type": "Point", "coordinates": [110.36213, -7.756298]}, "properties": {"name": "Atakrib Jl. Magelang", "type": "Platform", "category": "mobilitas", "subcategory": "Halte Bus", "opening_hours": null, "operator": null, "osm_id": 13108184985}}, {"type": "Feature", "geometry": {"type": "Point", "coordinates": [110.361946, -7.756266]}, "properties": {"name": "Daytrans Jl. Magelang", "type": "Platform", "category": "mobilitas", "subcategory": "Halte Bus", "opening_hours": null, "operator": null, "osm_id": 13108184986}}, {"type": "Feature", "geometry": {"type": "Point", "coordinates": [110.362369, -7.751086]}, "properties": {"name": "Indogrosir", "type": "Platform", "category": "mobilitas", "subcategory": "Halte Bus", "opening_hours": null, "operator": null, "osm_id": 13108184987}}, {"type": "Feature", "geometry": {"type": "Point", "coordinates": [110.369393, -7.760159]}, "properties": {"name": "SPBU Monjali (Barat)", "type": "Platform", "category": "mobilitas", "subcategory": "Halte Bus", "opening_hours": null, "operator": null, "osm_id": 13120470820}}, {"type": "Feature", "geometry": {"type": "Point", "coordinates": [110.369529, -7.760113]}, "properties": {"name": "SPBU Monjali (Timur)", "type": "Platform", "category": "mobilitas", "subcategory": "Halte Bus", "opening_hours": null, "operator": null, "osm_id": 13120470821}}, {"type": "Feature", "geometry": {"type": "Point", "coordinates": [110.36979, -7.755652]}, "properties": {"name": "PDAM Monjali (Barat)", "type": "Platform", "category": "mobilitas", "subcategory": "Halte Bus", "opening_hours": null, "operator": null, "osm_id": 13389853357}}, {"type": "Feature", "geometry": {"type": "Point", "coordinates": [110.356553, -7.747344]}, "properties": {"name": "Portabel UTY Ringroad Utara 2", "type": "Platform", "category": "mobilitas", "subcategory": "Halte Bus", "opening_hours": null, "operator": null, "osm_id": 5328447828}}, {"type": "Feature", "geometry": {"type": "Point", "coordinates": [110.34058, -7.749787]}, "properties": {"name": "Halte Portabel Westlake 1", "type": "Platform", "category": "mobilitas", "subcategory": "Halte Bus", "opening_hours": null, "operator": null, "osm_id": 6206975209}}, {"type": "Feature", "geometry": {"type": "Point", "coordinates": [110.40109, -7.819608]}, "properties": {"name": "Halte Gedong Kuning", "type": "Platform", "category": "mobilitas", "subcategory": "Halte Bus", "opening_hours": null, "operator": null, "osm_id": 3625948885}}, {"type": "Feature", "geometry": {"type": "Point", "coordinates": [110.397839, -7.819695]}, "properties": {"name": "TPB SMP 9 Basen", "type": "Platform", "category": "mobilitas", "subcategory": "Halte Bus", "opening_hours": null, "operator": null, "osm_id": 3625953403}}, {"type": "Feature", "geometry": {"type": "Point", "coordinates": [110.397994, -7.819876]}, "properties": {"name": "TPB SMP 9 Basen", "type": "Platform", "category": "mobilitas", "subcategory": "Halte Bus", "opening_hours": null, "operator": null, "osm_id": 3625953406}}, {"type": "Feature", "geometry": {"type": "Point", "coordinates": [110.395002, -7.818925]}, "properties": {"name": "Halte Ngeksigondo (Diklat PU)", "type": "Platform", "category": "mobilitas", "subcategory": "Halte Bus", "opening_hours": null, "operator": null, "osm_id": 3626519550}}, {"type": "Feature", "geometry": {"type": "Point", "coordinates": [110.394958, -7.819123]}, "properties": {"name": "Halte Ngeksigondo Basen", "type": "Platform", "category": "mobilitas", "subcategory": "Halte Bus", "opening_hours": null, "operator": null, "osm_id": 3626519562}}, {"type": "Feature", "geometry": {"type": "Point", "coordinates": [110.39184, -7.82602]}, "properties": {"name": "Halte Tegal Gendu 1", "type": "Platform", "category": "mobilitas", "subcategory": "Halte Bus", "opening_hours": null, "operator": null, "osm_id": 3632597213}}, {"type": "Feature", "geometry": {"type": "Point", "coordinates": [110.391329, -7.825918]}, "properties": {"name": "Halte Tegal Gendu 2", "type": "Platform", "category": "mobilitas", "subcategory": "Halte Bus", "opening_hours": null, "operator": null, "osm_id": 3632597216}}, {"type": "Feature", "geometry": {"type": "Point", "coordinates": [110.391789, -7.834159]}, "properties": {"name": "Halte Terminal Giwangan", "type": "Platform", "category": "mobilitas", "subcategory": "Halte Bus", "opening_hours": null, "operator": null, "osm_id": 3632597222}}, {"type": "Feature", "geometry": {"type": "Point", "coordinates": [110.396347, -7.822355]}, "properties": {"name": "TPB Lapangan Karang", "type": "Platform", "category": "mobilitas", "subcategory": "Halte Bus", "opening_hours": null, "operator": null, "osm_id": 3632597231}}, {"type": "Feature", "geometry": {"type": "Point", "coordinates": [110.396438, -7.822434]}, "properties": {"name": "TPB Lap. Karang Kotagede", "type": "Platform", "category": "mobilitas", "subcategory": "Halte Bus", "opening_hours": null, "operator": null, "osm_id": 3632597234}}, {"type": "Feature", "geometry": {"type": "Point", "coordinates": [110.388551, -7.820503]}, "properties": {"name": "Halte TJ Universitas Ahmad Dahlan", "type": "Platform", "category": "mobilitas", "subcategory": "Halte Bus", "opening_hours": null, "operator": null, "osm_id": 3633799364}}, {"type": "Feature", "geometry": {"type": "Point", "coordinates": [110.390204, -7.832448]}, "properties": {"name": "TPB Pasar Giwangan 2", "type": "Platform", "category": "mobilitas", "subcategory": "Halte Bus", "opening_hours": null, "operator": null, "osm_id": 10703707051}}, {"type": "Feature", "geometry": {"type": "Point", "coordinates": [110.390011, -7.831731]}, "properties": {"name": "TPB Pasar Giwangan 1", "type": "Platform", "category": "mobilitas", "subcategory": "Halte Bus", "opening_hours": null, "operator": null, "osm_id": 10703707052}}, {"type": "Feature", "geometry": {"type": "Point", "coordinates": [110.389675, -7.822613]}, "properties": {"name": "Halte Muhammadiyah 3", "type": "Platform", "category": "mobilitas", "subcategory": "Halte Bus", "opening_hours": null, "operator": null, "osm_id": 10703750342}}, {"type": "Feature", "geometry": {"type": "Point", "coordinates": [110.400211, -7.822797]}, "properties": {"name": "TPB Pegadaian", "type": "Platform", "category": "mobilitas", "subcategory": "Halte Bus", "opening_hours": null, "operator": null, "osm_id": 10706293415}}, {"type": "Feature", "geometry": {"type": "Point", "coordinates": [110.399032, -7.822438]}, "properties": {"name": "TPB SMA 5", "type": "Platform", "category": "mobilitas", "subcategory": "Halte Bus", "opening_hours": null, "operator": null, "osm_id": 10706293416}}, {"type": "Feature", "geometry": {"type": "Point", "coordinates": [110.389941, -7.827096]}, "properties": {"name": "TPB Gudang SGM", "type": "Platform", "category": "mobilitas", "subcategory": "Halte Bus", "opening_hours": null, "operator": null, "osm_id": 10706293417}}, {"type": "Feature", "geometry": {"type": "Point", "coordinates": [110.390042, -7.827248]}, "properties": {"name": "TPB Gudang SGM 2", "type": "Platform", "category": "mobilitas", "subcategory": "Halte Bus", "opening_hours": null, "operator": null, "osm_id": 12522609353}}, {"type": "Feature", "geometry": {"type": "Point", "coordinates": [110.383374, -7.77643]}, "properties": {"name": "Parking", "type": "Parking", "category": "mobilitas", "subcategory": "Parkir", "opening_hours": null, "operator": null, "osm_id": 3472801593}}, {"type": "Feature", "geometry": {"type": "Point", "coordinates": [110.383679, -7.773834]}, "properties": {"name": "Parking", "type": "Parking", "category": "mobilitas", "subcategory": "Parkir", "opening_hours": null, "operator": null, "osm_id": 3472801556}}, {"type": "Feature", "geometry": {"type": "Point", "coordinates": [110.384787, -7.776993]}, "properties": {"name": "Parking", "type": "Parking", "category": "mobilitas", "subcategory": "Parkir", "opening_hours": null, "operator": null, "osm_id": 9699288868}}, {"type": "Feature", "geometry": {"type": "Point", "coordinates": [110.369546, -7.782936]}, "properties": {"name": "Jalan Jend. Sudirman (S)", "type": "Bus Station", "category": "mobilitas", "subcategory": "Halte Bus", "opening_hours": null, "operator": null, "osm_id": 3631487237}}, {"type": "Feature", "geometry": {"type": "Point", "coordinates": [110.368831, -7.782927]}, "properties": {"name": "Jalan Jend. Sudirman (U)", "type": "Bus Station", "category": "mobilitas", "subcategory": "Halte Bus", "opening_hours": null, "operator": null, "osm_id": 3631487240}}, {"type": "Feature", "geometry": {"type": "Point", "coordinates": [110.429766, -7.782054]}, "properties": {"name": "Kantor Kesehatan Pelabuhan Yogyakarta", "type": "Platform", "category": "mobilitas", "subcategory": "Halte Bus", "opening_hours": null, "operator": null, "osm_id": 10704229421}}, {"type": "Feature", "geometry": {"type": "Point", "coordinates": [110.365982, -7.801656]}, "properties": {"name": "DAMRI bus (to and from Borobudur, Prambanan, Baron)", "type": "Platform", "category": "mobilitas", "subcategory": "Halte Bus", "opening_hours": null, "operator": null, "osm_id": 11795171769}}, {"type": "Feature", "geometry": {"type": "Point", "coordinates": [110.354449, -7.825683]}, "properties": {"name": "TPB Pasty", "type": "Platform", "category": "mobilitas", "subcategory": "Halte Bus", "opening_hours": null, "operator": null, "osm_id": 6231412785}}, {"type": "Feature", "geometry": {"type": "Point", "coordinates": [110.355693, -7.819279]}, "properties": {"name": "Portabel SPBU Dukuh 2", "type": "Platform", "category": "mobilitas", "subcategory": "Halte Bus", "opening_hours": null, "operator": null, "osm_id": 6231412786}}, {"type": "Feature", "geometry": {"type": "Point", "coordinates": [110.355657, -7.8187]}, "properties": {"name": "TPB SPBU Dukuh 1", "type": "Platform", "category": "mobilitas", "subcategory": "Halte Bus", "opening_hours": null, "operator": null, "osm_id": 6231473529}}, {"type": "Feature", "geometry": {"type": "Point", "coordinates": [110.327008, -7.8892]}, "properties": {"name": "Halte Tugu Adipura Bantul (Halte 2)", "type": "Platform", "category": "mobilitas", "subcategory": "Halte Bus", "opening_hours": null, "operator": null, "osm_id": 10703061400}}, {"type": "Feature", "geometry": {"type": "Point", "coordinates": [110.330932, -7.885175]}, "properties": {"name": "Pasar Bantul (Halte 2)", "type": "Platform", "category": "mobilitas", "subcategory": "Halte Bus", "opening_hours": null, "operator": null, "osm_id": 10703072226}}, {"type": "Feature", "geometry": {"type": "Point", "coordinates": [110.331254, -7.885059]}, "properties": {"name": "Pasar Bantul", "type": "Platform", "category": "mobilitas", "subcategory": "Halte Bus", "opening_hours": null, "operator": null, "osm_id": 10703072227}}, {"type": "Feature", "geometry": {"type": "Point", "coordinates": [110.335792, -7.874369]}, "properties": {"name": "Halte Karanggede", "type": "Platform", "category": "mobilitas", "subcategory": "Halte Bus", "opening_hours": null, "operator": null, "osm_id": 10703102679}}, {"type": "Feature", "geometry": {"type": "Point", "coordinates": [110.341354, -7.856244]}, "properties": {"name": "Kantor Badan Kesatuan Bangsa & Politik (Halte 2)", "type": "Platform", "category": "mobilitas", "subcategory": "Halte Bus", "opening_hours": null, "operator": null, "osm_id": 10703126171}}, {"type": "Feature", "geometry": {"type": "Point", "coordinates": [110.354005, -7.829275]}, "properties": {"name": "Simpang Dongkelan", "type": "Platform", "category": "mobilitas", "subcategory": "Halte Bus", "opening_hours": null, "operator": null, "osm_id": 10703153453}}, {"type": "Feature", "geometry": {"type": "Point", "coordinates": [110.353771, -7.830196]}, "properties": {"name": "Simpang Dongkelan (Halte 2)", "type": "Platform", "category": "mobilitas", "subcategory": "Halte Bus", "opening_hours": null, "operator": null, "osm_id": 10703153454}}, {"type": "Feature", "geometry": {"type": "Point", "coordinates": [110.322762, -7.89817]}, "properties": {"name": "SMA N 1 Bantul", "type": "Platform", "category": "mobilitas", "subcategory": "Halte Bus", "opening_hours": null, "operator": null, "osm_id": 10703736657}}, {"type": "Feature", "geometry": {"type": "Point", "coordinates": [110.339501, -7.863668]}, "properties": {"name": "Simpang Cepit", "type": "Platform", "category": "mobilitas", "subcategory": "Halte Bus", "opening_hours": null, "operator": null, "osm_id": 10703925522}}, {"type": "Feature", "geometry": {"type": "Point", "coordinates": [110.326942, -7.889493]}, "properties": {"name": "Halte Tugu Adipura/Polres Bantul (Halte 2)", "type": "Platform", "category": "mobilitas", "subcategory": "Halte Bus", "opening_hours": null, "operator": null, "osm_id": 11496076894}}, {"type": "Feature", "geometry": {"type": "Point", "coordinates": [110.331884, -7.883569]}, "properties": {"name": "Halte Bus Kantor Kapanewon Bantul", "type": "Platform", "category": "mobilitas", "subcategory": "Halte Bus", "opening_hours": null, "operator": null, "osm_id": 11496124029}}, {"type": "Feature", "geometry": {"type": "Point", "coordinates": [110.355982, -7.816655]}, "properties": {"name": "Halte Gereja Pugeran", "type": "Platform", "category": "mobilitas", "subcategory": "Halte Bus", "opening_hours": null, "operator": null, "osm_id": 12666306890}}, {"type": "Feature", "geometry": {"type": "Point", "coordinates": [110.454569, -7.577342]}, "properties": {"name": "Parking", "type": "Parking", "category": "mobilitas", "subcategory": "Parkir", "opening_hours": null, "operator": null, "osm_id": 5211581315}}, {"type": "Feature", "geometry": {"type": "Point", "coordinates": [110.339454, -7.863335]}, "properties": {"name": "Simpang Cepit (Halte2)", "type": "Platform", "category": "mobilitas", "subcategory": "Halte Bus", "opening_hours": null, "operator": null, "osm_id": 10703925521}}, {"type": "Feature", "geometry": {"type": "Point", "coordinates": [110.344489, -7.846347]}, "properties": {"name": "Simpang Kasongan (Halte 2)", "type": "Platform", "category": "mobilitas", "subcategory": "Halte Bus", "opening_hours": null, "operator": null, "osm_id": 10711817735}}, {"type": "Feature", "geometry": {"type": "Point", "coordinates": [110.455689, -7.774891]}, "properties": {"name": "Parking", "type": "Parking", "category": "mobilitas", "subcategory": "Parkir", "opening_hours": null, "operator": null, "osm_id": 11338948961}}, {"type": "Feature", "geometry": {"type": "Point", "coordinates": [110.455372, -7.77506]}, "properties": {"name": "Parking", "type": "Parking", "category": "mobilitas", "subcategory": "Parkir", "opening_hours": null, "operator": null, "osm_id": 11338995971}}, {"type": "Feature", "geometry": {"type": "Point", "coordinates": [110.450547, -7.781763]}, "properties": {"name": "Halte KR 1", "type": "Platform", "category": "mobilitas", "subcategory": "Halte Bus", "opening_hours": null, "operator": null, "osm_id": 3631487219}}, {"type": "Feature", "geometry": {"type": "Point", "coordinates": [110.468974, -7.769898]}, "properties": {"name": "Halte Jl. Solo (Kalasan)", "type": "Platform", "category": "mobilitas", "subcategory": "Halte Bus", "opening_hours": null, "operator": null, "osm_id": 3631487222}}, {"type": "Feature", "geometry": {"type": "Point", "coordinates": [110.470365, -7.768634]}, "properties": {"name": "Portable Pasar Kalasan", "type": "Platform", "category": "mobilitas", "subcategory": "Halte Bus", "opening_hours": null, "operator": null, "osm_id": 10701071469}}, {"type": "Feature", "geometry": {"type": "Point", "coordinates": [110.471462, -7.767299]}, "properties": {"name": "RS Bhayangkara", "type": "Platform", "category": "mobilitas", "subcategory": "Halte Bus", "opening_hours": null, "operator": null, "osm_id": 12666306893}}, {"type": "Feature", "geometry": {"type": "Point", "coordinates": [110.456166, -7.778657]}, "properties": {"name": "Cupuwatu", "type": "Platform", "category": "mobilitas", "subcategory": "Halte Bus", "opening_hours": null, "operator": null, "osm_id": 13027776164}}, {"type": "Feature", "geometry": {"type": "Point", "coordinates": [110.493477, -7.783202]}, "properties": {"name": "Parking", "type": "Parking", "category": "mobilitas", "subcategory": "Parkir", "opening_hours": null, "operator": null, "osm_id": 13061668728}}, {"type": "Feature", "geometry": {"type": "Point", "coordinates": [110.409364, -7.691601]}, "properties": {"name": "Parking", "type": "Parking", "category": "mobilitas", "subcategory": "Parkir", "opening_hours": null, "operator": null, "osm_id": 11880572169}}, {"type": "Feature", "geometry": {"type": "Point", "coordinates": [110.413516, -7.702737]}, "properties": {"name": "Halte Wedangan Kampoeng", "type": "Platform", "category": "mobilitas", "subcategory": "Halte Bus", "opening_hours": null, "operator": null, "osm_id": 10704046568}}, {"type": "Feature", "geometry": {"type": "Point", "coordinates": [110.40121, -7.724123]}, "properties": {"name": "Halte Kantor Camat Ngaglik", "type": "Platform", "category": "mobilitas", "subcategory": "Halte Bus", "opening_hours": null, "operator": null, "osm_id": 10703733085}}, {"type": "Feature", "geometry": {"type": "Point", "coordinates": [110.406037, -7.715706]}, "properties": {"name": "Halte SMP Negeri 2 Ngaglik", "type": "Platform", "category": "mobilitas", "subcategory": "Halte Bus", "opening_hours": null, "operator": null, "osm_id": 10703750206}}, {"type": "Feature", "geometry": {"type": "Point", "coordinates": [110.418781, -7.688173]}, "properties": {"name": "Kampus Terpadu UII (Halte 2)", "type": "Platform", "category": "mobilitas", "subcategory": "Halte Bus", "opening_hours": null, "operator": null, "osm_id": 10704061034}}, {"type": "Feature", "geometry": {"type": "Point", "coordinates": [110.418726, -7.687283]}, "properties": {"name": "Kampus Terpadu UII", "type": "Platform", "category": "mobilitas", "subcategory": "Halte Bus", "opening_hours": null, "operator": null, "osm_id": 10704061035}}, {"type": "Feature", "geometry": {"type": "Point", "coordinates": [110.447389, -7.702036]}, "properties": {"name": "Simpang Pasar Jangkang (Halte 2)", "type": "Platform", "category": "mobilitas", "subcategory": "Halte Bus", "opening_hours": null, "operator": null, "osm_id": 10704105358}}, {"type": "Feature", "geometry": {"type": "Point", "coordinates": [110.444604, -7.702992]}, "properties": {"name": "Puskesmas Ngemplak 2", "type": "Platform", "category": "mobilitas", "subcategory": "Halte Bus", "opening_hours": null, "operator": null, "osm_id": 10704105359}}, {"type": "Feature", "geometry": {"type": "Point", "coordinates": [110.44446, -7.702971]}, "properties": {"name": "Puskesmas Ngemplak 2 (Halte 2)", "type": "Platform", "category": "mobilitas", "subcategory": "Halte Bus", "opening_hours": null, "operator": null, "osm_id": 10704105360}}, {"type": "Feature", "geometry": {"type": "Point", "coordinates": [110.434794, -7.731403]}, "properties": {"name": "Kantor Desa Wedomartani", "type": "Platform", "category": "mobilitas", "subcategory": "Halte Bus", "opening_hours": null, "operator": null, "osm_id": 10704223883}}, {"type": "Feature", "geometry": {"type": "Point", "coordinates": [110.416989, -7.701086]}, "properties": {"name": "RSU Gramedika 2", "type": "Platform", "category": "mobilitas", "subcategory": "Halte Bus", "opening_hours": null, "operator": null, "osm_id": 12551155360}}, {"type": "Feature", "geometry": {"type": "Point", "coordinates": [110.431107, -7.704776]}, "properties": {"name": "SPBU Mindi 2", "type": "Platform", "category": "mobilitas", "subcategory": "Halte Bus", "opening_hours": null, "operator": null, "osm_id": 12551155363}}, {"type": "Feature", "geometry": {"type": "Point", "coordinates": [110.433151, -7.704803]}, "properties": {"name": "Simpang Losari (Cozy)", "type": "Platform", "category": "mobilitas", "subcategory": "Halte Bus", "opening_hours": null, "operator": null, "osm_id": 12551155365}}, {"type": "Feature", "geometry": {"type": "Point", "coordinates": [110.439365, -7.705078]}, "properties": {"name": "Timur Jembatan Yapah", "type": "Platform", "category": "mobilitas", "subcategory": "Halte Bus", "opening_hours": null, "operator": null, "osm_id": 12551155368}}, {"type": "Feature", "geometry": {"type": "Point", "coordinates": [110.442684, -7.703698]}, "properties": {"name": "Tugu Batas Desa Yapah 2", "type": "Platform", "category": "mobilitas", "subcategory": "Halte Bus", "opening_hours": null, "operator": null, "osm_id": 12551155369}}, {"type": "Feature", "geometry": {"type": "Point", "coordinates": [110.442111, -7.704126]}, "properties": {"name": "Tugu Batas Desa Yapah", "type": "Platform", "category": "mobilitas", "subcategory": "Halte Bus", "opening_hours": null, "operator": null, "osm_id": 12551155370}}, {"type": "Feature", "geometry": {"type": "Point", "coordinates": [110.448772, -7.711521]}, "properties": {"name": "Dusun Kenthi 2", "type": "Platform", "category": "mobilitas", "subcategory": "Halte Bus", "opening_hours": null, "operator": null, "osm_id": 12551155371}}, {"type": "Feature", "geometry": {"type": "Point", "coordinates": [110.435429, -7.723371]}, "properties": {"name": "Simpang Babadan 2", "type": "Platform", "category": "mobilitas", "subcategory": "Halte Bus", "opening_hours": null, "operator": null, "osm_id": 12551155375}}, {"type": "Feature", "geometry": {"type": "Point", "coordinates": [110.435407, -7.723242]}, "properties": {"name": "Simpang Babadan", "type": "Platform", "category": "mobilitas", "subcategory": "Halte Bus", "opening_hours": null, "operator": null, "osm_id": 12551155376}}, {"type": "Feature", "geometry": {"type": "Point", "coordinates": [110.489503, -7.755725]}, "properties": {"name": "Terminal Bus Prambanan", "type": "Bus Station", "category": "mobilitas", "subcategory": "Halte Bus", "opening_hours": null, "operator": null, "osm_id": 10739051108}}, {"type": "Feature", "geometry": {"type": "Point", "coordinates": [110.481752, -7.742755]}, "properties": {"name": "Parking", "type": "Parking", "category": "mobilitas", "subcategory": "Parkir", "opening_hours": null, "operator": null, "osm_id": 9709518664}}, {"type": "Feature", "geometry": {"type": "Point", "coordinates": [110.48248, -7.756574]}, "properties": {"name": "TPB Kantor Cagar Budaya", "type": "Platform", "category": "mobilitas", "subcategory": "Halte Bus", "opening_hours": null, "operator": null, "osm_id": 12401354747}}, {"type": "Feature", "geometry": {"type": "Point", "coordinates": [110.478538, -7.736233]}, "properties": {"name": "Parking", "type": "Parking", "category": "mobilitas", "subcategory": "Parkir", "opening_hours": null, "operator": null, "osm_id": 12100084784}}, {"type": "Feature", "geometry": {"type": "Point", "coordinates": [110.427986, -7.751366]}, "properties": {"name": "Parkir Rumah Makan Lukito", "type": "Parking", "category": "mobilitas", "subcategory": "Parkir", "opening_hours": null, "operator": null, "osm_id": 11533773645}}, {"type": "Feature", "geometry": {"type": "Point", "coordinates": [110.489804, -7.755614]}, "properties": {"name": "Terminal Prambanan", "type": "Platform", "category": "mobilitas", "subcategory": "Halte Bus", "opening_hours": null, "operator": null, "osm_id": 3631487232}}, {"type": "Feature", "geometry": {"type": "Point", "coordinates": [110.471369, -7.744104]}, "properties": {"name": "Parking", "type": "Parking", "category": "mobilitas", "subcategory": "Parkir", "opening_hours": null, "operator": null, "osm_id": 9702021987}}, {"type": "Feature", "geometry": {"type": "Point", "coordinates": [110.482722, -7.756824]}, "properties": {"name": "TPB Edotel Kalasan", "type": "Platform", "category": "mobilitas", "subcategory": "Halte Bus", "opening_hours": null, "operator": "transjogja", "osm_id": 10700913744}}, {"type": "Feature", "geometry": {"type": "Point", "coordinates": [110.434257, -7.743149]}, "properties": {"name": "SMA Budi Mulia Dua (Halte 2)", "type": "Platform", "category": "mobilitas", "subcategory": "Halte Bus", "opening_hours": null, "operator": null, "osm_id": 10703725995}}, {"type": "Feature", "geometry": {"type": "Point", "coordinates": [110.434146, -7.74636]}, "properties": {"name": "Kampus Unriyo", "type": "Platform", "category": "mobilitas", "subcategory": "Halte Bus", "opening_hours": null, "operator": null, "osm_id": 12551155379}}, {"type": "Feature", "geometry": {"type": "Point", "coordinates": [110.434221, -7.746382]}, "properties": {"name": "Kampus Unriyo 2", "type": "Platform", "category": "mobilitas", "subcategory": "Halte Bus", "opening_hours": null, "operator": null, "osm_id": 12551155380}}, {"type": "Feature", "geometry": {"type": "Point", "coordinates": [110.316754, -7.801883]}, "properties": {"name": "TPB RSU PKU Muhammadiyah Gamping", "type": "Platform", "category": "mobilitas", "subcategory": "Halte Bus", "opening_hours": null, "operator": null, "osm_id": 10702030304}}, {"type": "Feature", "geometry": {"type": "Point", "coordinates": [110.314767, -7.802435]}, "properties": {"name": "Halte Park and RIde Gamping", "type": "Platform", "category": "mobilitas", "subcategory": "Halte Bus", "opening_hours": null, "operator": null, "osm_id": 10702061105}}, {"type": "Feature", "geometry": {"type": "Point", "coordinates": [110.330739, -7.800016]}, "properties": {"name": "TPB Pelem Gurih", "type": "Platform", "category": "mobilitas", "subcategory": "Halte Bus", "opening_hours": null, "operator": null, "osm_id": 10702099937}}, {"type": "Feature", "geometry": {"type": "Point", "coordinates": [110.325056, -7.802716]}, "properties": {"name": "TPB AMIK BSI", "type": "Platform", "category": "mobilitas", "subcategory": "Halte Bus", "opening_hours": null, "operator": null, "osm_id": 10702147339}}, {"type": "Feature", "geometry": {"type": "Point", "coordinates": [110.324349, -7.816061]}, "properties": {"name": "TPB BRI UMY", "type": "Platform", "category": "mobilitas", "subcategory": "Halte Bus", "opening_hours": null, "operator": null, "osm_id": 10702157986}}, {"type": "Feature", "geometry": {"type": "Point", "coordinates": [110.324195, -7.814491]}, "properties": {"name": "TPB Apotek Muji Sehat", "type": "Platform", "category": "mobilitas", "subcategory": "Halte Bus", "opening_hours": null, "operator": null, "osm_id": 10702157987}}, {"type": "Feature", "geometry": {"type": "Point", "coordinates": [110.3246, -7.81095]}, "properties": {"name": "TPB UMY 2", "type": "Platform", "category": "mobilitas", "subcategory": "Halte Bus", "opening_hours": null, "operator": null, "osm_id": 10702157988}}, {"type": "Feature", "geometry": {"type": "Point", "coordinates": [110.324456, -7.810728]}, "properties": {"name": "TPB UMY 1", "type": "Platform", "category": "mobilitas", "subcategory": "Halte Bus", "opening_hours": null, "operator": null, "osm_id": 10702157989}}, {"type": "Feature", "geometry": {"type": "Point", "coordinates": [110.324194, -7.818436]}, "properties": {"name": "TPB Universitas Alma Ata", "type": "Platform", "category": "mobilitas", "subcategory": "Halte Bus", "opening_hours": null, "operator": null, "osm_id": 10702188917}}, {"type": "Feature", "geometry": {"type": "Point", "coordinates": [110.323728, -7.800595]}, "properties": {"name": "TPB Pasar Gamping", "type": "Platform", "category": "mobilitas", "subcategory": "Halte Bus", "opening_hours": null, "operator": null, "osm_id": 12500766386}}, {"type": "Feature", "geometry": {"type": "Point", "coordinates": [110.330698, -7.79988]}, "properties": {"name": "TPB Palem Gurih", "type": "Platform", "category": "mobilitas", "subcategory": "Halte Bus", "opening_hours": null, "operator": null, "osm_id": 12500766387}}, {"type": "Feature", "geometry": {"type": "Point", "coordinates": [110.32536, -7.802765]}, "properties": {"name": "Portabel BSI", "type": "Platform", "category": "mobilitas", "subcategory": "Halte Bus", "opening_hours": null, "operator": null, "osm_id": 12666306889}}, {"type": "Feature", "geometry": {"type": "Point", "coordinates": [110.323523, -7.80076]}, "properties": {"name": "Pasar Gamping", "type": "Platform", "category": "mobilitas", "subcategory": "Halte Bus", "opening_hours": null, "operator": null, "osm_id": 13073418723}}, {"type": "Feature", "geometry": {"type": "Point", "coordinates": [110.318701, -7.801607]}, "properties": {"name": "BPD Gamping (Selatan)", "type": "Platform", "category": "mobilitas", "subcategory": "Halte Bus", "opening_hours": null, "operator": null, "osm_id": 13389853365}}, {"type": "Feature", "geometry": {"type": "Point", "coordinates": [110.353342, -7.792939]}, "properties": {"name": "Halte SMP N 11", "type": "Platform", "category": "mobilitas", "subcategory": "Halte Bus", "opening_hours": null, "operator": null, "osm_id": 3626532781}}, {"type": "Feature", "geometry": {"type": "Point", "coordinates": [110.356101, -7.782373]}, "properties": {"name": "Halte Badan Kepegawaian DI Yogyakarta", "type": "Platform", "category": "mobilitas", "subcategory": "Halte Bus", "opening_hours": null, "operator": null, "osm_id": 10720386017}}, {"type": "Feature", "geometry": {"type": "Point", "coordinates": [110.353571, -7.792488]}, "properties": {"name": "Halte Saudagaran", "type": "Platform", "category": "mobilitas", "subcategory": "Halte Bus", "opening_hours": null, "operator": null, "osm_id": 12550236264}}, {"type": "Feature", "geometry": {"type": "Point", "coordinates": [110.350376, -7.781269]}, "properties": {"name": "Halte Portabel Soragan 2", "type": "Platform", "category": "mobilitas", "subcategory": "Halte Bus", "opening_hours": null, "operator": null, "osm_id": 6231456945}}, {"type": "Feature", "geometry": {"type": "Point", "coordinates": [110.325322, -7.775632]}, "properties": {"name": "Kantor Desa Sidoarum 2", "type": "Platform", "category": "mobilitas", "subcategory": "Halte Bus", "opening_hours": null, "operator": null, "osm_id": 10720380667}}, {"type": "Feature", "geometry": {"type": "Point", "coordinates": [110.302916, -7.769993]}, "properties": {"name": "Simpang Mandungan (Iwak Kalen)", "type": "Platform", "category": "mobilitas", "subcategory": "Halte Bus", "opening_hours": null, "operator": null, "osm_id": 12500701612}}, {"type": "Feature", "geometry": {"type": "Point", "coordinates": [110.311752, -7.772329]}, "properties": {"name": "Indomaret Klajuran 2", "type": "Platform", "category": "mobilitas", "subcategory": "Halte Bus", "opening_hours": null, "operator": null, "osm_id": 12500701619}}, {"type": "Feature", "geometry": {"type": "Point", "coordinates": [110.31643, -7.773611]}, "properties": {"name": "Simpang Gesikan 2", "type": "Platform", "category": "mobilitas", "subcategory": "Halte Bus", "opening_hours": null, "operator": null, "osm_id": 12500701621}}, {"type": "Feature", "geometry": {"type": "Point", "coordinates": [110.322242, -7.774778]}, "properties": {"name": "Timur Simpang Bantulan", "type": "Platform", "category": "mobilitas", "subcategory": "Halte Bus", "opening_hours": null, "operator": null, "osm_id": 12500701624}}, {"type": "Feature", "geometry": {"type": "Point", "coordinates": [110.321492, -7.774667]}, "properties": {"name": "Barat Simpang Bantulan 2", "type": "Platform", "category": "mobilitas", "subcategory": "Halte Bus", "opening_hours": null, "operator": null, "osm_id": 12500701625}}, {"type": "Feature", "geometry": {"type": "Point", "coordinates": [110.334268, -7.777667]}, "properties": {"name": "Simpang Godean Nogotirto", "type": "Platform", "category": "mobilitas", "subcategory": "Halte Bus", "opening_hours": null, "operator": null, "osm_id": 12500701631}}, {"type": "Feature", "geometry": {"type": "Point", "coordinates": [110.339535, -7.778785]}, "properties": {"name": "Pasar Tlogorejo", "type": "Platform", "category": "mobilitas", "subcategory": "Halte Bus", "opening_hours": null, "operator": null, "osm_id": 12500701636}}, {"type": "Feature", "geometry": {"type": "Point", "coordinates": [110.3599, -7.786483]}, "properties": {"name": "Halte Tentara Pelajar 1 (SMP N 1 14)", "type": "Platform", "category": "mobilitas", "subcategory": "Halte Bus", "opening_hours": null, "operator": null, "osm_id": 3626532783}}, {"type": "Feature", "geometry": {"type": "Point", "coordinates": [110.359772, -7.787169]}, "properties": {"name": "Halte Tentara Pelajar 2 (Samsat)", "type": "Platform", "category": "mobilitas", "subcategory": "Halte Bus", "opening_hours": null, "operator": null, "osm_id": 3626532786}}, {"type": "Feature", "geometry": {"type": "Point", "coordinates": [110.362072, -7.778826]}, "properties": {"name": "TPB Eks Borobudur Plaza 2", "type": "Platform", "category": "mobilitas", "subcategory": "Halte Bus", "opening_hours": null, "operator": null, "osm_id": 3626532787}}, {"type": "Feature", "geometry": {"type": "Point", "coordinates": [110.362556, -7.782872]}, "properties": {"name": "Diponegoro", "type": "Bus Station", "category": "mobilitas", "subcategory": "Halte Bus", "opening_hours": null, "operator": null, "osm_id": 3632596975}}, {"type": "Feature", "geometry": {"type": "Point", "coordinates": [110.358863, -7.789498]}, "properties": {"name": "Jlagran", "type": "Platform", "category": "mobilitas", "subcategory": "Halte Bus", "opening_hours": null, "operator": "transjogja", "osm_id": 3632596984}}, {"type": "Feature", "geometry": {"type": "Point", "coordinates": [110.361518, -7.765373]}, "properties": {"name": "TPB TVRI", "type": "Platform", "category": "mobilitas", "subcategory": "Halte Bus", "opening_hours": null, "operator": null, "osm_id": 6231504941}}, {"type": "Feature", "geometry": {"type": "Point", "coordinates": [110.361692, -7.765268]}, "properties": {"name": "TPB TVRI (Eksisting)", "type": "Platform", "category": "mobilitas", "subcategory": "Halte Bus", "opening_hours": null, "operator": null, "osm_id": 6231504942}}, {"type": "Feature", "geometry": {"type": "Point", "coordinates": [110.361148, -7.773714]}, "properties": {"name": "TPB Karangwaru", "type": "Platform", "category": "mobilitas", "subcategory": "Halte Bus", "opening_hours": null, "operator": null, "osm_id": 6231504943}}, {"type": "Feature", "geometry": {"type": "Point", "coordinates": [110.361773, -7.789708]}, "properties": {"name": "Stasiun Yogyakarta", "type": "Platform", "category": "mobilitas", "subcategory": "Halte Bus", "opening_hours": null, "operator": null, "osm_id": 12500458399}}, {"type": "Feature", "geometry": {"type": "Point", "coordinates": [110.355854, -7.782475]}, "properties": {"name": "BKD (Selatan)", "type": "Platform", "category": "mobilitas", "subcategory": "Halte Bus", "opening_hours": null, "operator": null, "osm_id": 13389853356}}, {"type": "Feature", "geometry": {"type": "Point", "coordinates": [110.332992, -7.777502]}, "properties": {"name": "Kompi Senapan-C (Selatan)", "type": "Platform", "category": "mobilitas", "subcategory": "Halte Bus", "opening_hours": null, "operator": null, "osm_id": 13389853362}}, {"type": "Feature", "geometry": {"type": "Point", "coordinates": [110.308994, -7.771482]}, "properties": {"name": "Simpang Polsek Godean", "type": "Platform", "category": "mobilitas", "subcategory": "Halte Bus", "opening_hours": null, "operator": null, "osm_id": 4959298508}}, {"type": "Feature", "geometry": {"type": "Point", "coordinates": [110.349706, -7.781036]}, "properties": {"name": "Halte Portabel Soragan 1", "type": "Platform", "category": "mobilitas", "subcategory": "Halte Bus", "opening_hours": null, "operator": null, "osm_id": 6228427089}}, {"type": "Feature", "geometry": {"type": "Point", "coordinates": [110.342063, -7.779365]}, "properties": {"name": "Halte Portabel McD Jl. Godean", "type": "Platform", "category": "mobilitas", "subcategory": "Halte Bus", "opening_hours": null, "operator": null, "osm_id": 6228427092}}, {"type": "Feature", "geometry": {"type": "Point", "coordinates": [110.331964, -7.775836]}, "properties": {"name": "Halte Portabel Total Security (SP Demak Ijo)", "type": "Platform", "category": "mobilitas", "subcategory": "Halte Bus", "opening_hours": null, "operator": null, "osm_id": 6231456944}}, {"type": "Feature", "geometry": {"type": "Point", "coordinates": [110.310431, -7.771947]}, "properties": {"name": "Neutron Yogyakarta Godean", "type": "Platform", "category": "mobilitas", "subcategory": "Halte Bus", "opening_hours": null, "operator": null, "osm_id": 10701012028}}, {"type": "Feature", "geometry": {"type": "Point", "coordinates": [110.293399, -7.767547]}, "properties": {"name": "Halte Pusat Kuliner Belut Godean", "type": "Platform", "category": "mobilitas", "subcategory": "Halte Bus", "opening_hours": null, "operator": null, "osm_id": 10720380663}}, {"type": "Feature", "geometry": {"type": "Point", "coordinates": [110.310261, -7.771867]}, "properties": {"name": "Neutron Yogyakarta Godean (Halte 2)", "type": "Platform", "category": "mobilitas", "subcategory": "Halte Bus", "opening_hours": null, "operator": null, "osm_id": 10720380665}}, {"type": "Feature", "geometry": {"type": "Point", "coordinates": [110.316486, -7.773576]}, "properties": {"name": "Simpang Gesikan", "type": "Platform", "category": "mobilitas", "subcategory": "Halte Bus", "opening_hours": null, "operator": null, "osm_id": 12500701620}}, {"type": "Feature", "geometry": {"type": "Point", "coordinates": [110.318326, -7.773927]}, "properties": {"name": "Halte Simpang Munggur", "type": "Platform", "category": "mobilitas", "subcategory": "Halte Bus", "opening_hours": null, "operator": null, "osm_id": 12500701622}}, {"type": "Feature", "geometry": {"type": "Point", "coordinates": [110.327744, -7.776172]}, "properties": {"name": "Barat Jembatan Moyudan (Toko Saerah)", "type": "Platform", "category": "mobilitas", "subcategory": "Halte Bus", "opening_hours": null, "operator": null, "osm_id": 12500701628}}, {"type": "Feature", "geometry": {"type": "Point", "coordinates": [110.327777, -7.77624]}, "properties": {"name": "Barat Jembatan Moyudan (Toko Saerah) 2", "type": "Platform", "category": "mobilitas", "subcategory": "Halte Bus", "opening_hours": null, "operator": null, "osm_id": 12500701629}}, {"type": "Feature", "geometry": {"type": "Point", "coordinates": [110.334175, -7.777706]}, "properties": {"name": "Halte Simpang Nogotirto", "type": "Platform", "category": "mobilitas", "subcategory": "Halte Bus", "opening_hours": null, "operator": null, "osm_id": 12500701630}}, {"type": "Feature", "geometry": {"type": "Point", "coordinates": [110.33677, -7.778204]}, "properties": {"name": "SDN 1 Demak Ijo", "type": "Platform", "category": "mobilitas", "subcategory": "Halte Bus", "opening_hours": null, "operator": null, "osm_id": 12500701634}}, {"type": "Feature", "geometry": {"type": "Point", "coordinates": [110.336784, -7.778269]}, "properties": {"name": "SDN 1 Demak Ijo 2", "type": "Platform", "category": "mobilitas", "subcategory": "Halte Bus", "opening_hours": null, "operator": null, "osm_id": 12500701635}}, {"type": "Feature", "geometry": {"type": "Point", "coordinates": [110.29363, -7.767481]}, "properties": {"name": "TPB Pasar Belut Godean 1", "type": "Platform", "category": "mobilitas", "subcategory": "Halte Bus", "opening_hours": null, "operator": null, "osm_id": 13784231505}}, {"type": "Feature", "geometry": {"type": "Point", "coordinates": [110.29138, -7.761691]}, "properties": {"name": "TPB SMKN 2 Godean", "type": "Platform", "category": "mobilitas", "subcategory": "Halte Bus", "opening_hours": null, "operator": null, "osm_id": 13784231509}}, {"type": "Feature", "geometry": {"type": "Point", "coordinates": [110.471695, -7.766709]}, "properties": {"name": "TPB RS. Bhayangkara", "type": "Platform", "category": "mobilitas", "subcategory": "Halte Bus", "opening_hours": null, "operator": null, "osm_id": 10700995043}}, {"type": "Feature", "geometry": {"type": "Point", "coordinates": [110.455969, -7.778556]}, "properties": {"name": "BPD Kalasan", "type": "Platform", "category": "mobilitas", "subcategory": "Halte Bus", "opening_hours": null, "operator": null, "osm_id": 13027776165}}, {"type": "Feature", "geometry": {"type": "Point", "coordinates": [110.493703, -7.783303]}, "properties": {"name": "Parking", "type": "Parking", "category": "mobilitas", "subcategory": "Parkir", "opening_hours": null, "operator": null, "osm_id": 13061668732}}, {"type": "Feature", "geometry": {"type": "Point", "coordinates": [110.408122, -7.777548]}, "properties": {"name": "Parking", "type": "Parking", "category": "mobilitas", "subcategory": "Parkir", "opening_hours": null, "operator": null, "osm_id": 10837370113}}, {"type": "Feature", "geometry": {"type": "Point", "coordinates": [110.412213, -7.773992]}, "properties": {"name": "TPB Babarsari (Selatan)", "type": "Platform", "category": "mobilitas", "subcategory": "Halte Bus", "opening_hours": null, "operator": null, "osm_id": 3631835605}}, {"type": "Feature", "geometry": {"type": "Point", "coordinates": [110.408562, -7.778289]}, "properties": {"name": "TPB Kledokan Babarsari", "type": "Platform", "category": "mobilitas", "subcategory": "Halte Bus", "opening_hours": null, "operator": null, "osm_id": 3631835606}}, {"type": "Feature", "geometry": {"type": "Point", "coordinates": [110.414314, -7.780189]}, "properties": {"name": "Parking", "type": "Parking", "category": "mobilitas", "subcategory": "Parkir", "opening_hours": null, "operator": null, "osm_id": 7642816375}}, {"type": "Feature", "geometry": {"type": "Point", "coordinates": [110.412181, -7.773879]}, "properties": {"name": "TPB Babarsari (Utara)", "type": "Platform", "category": "mobilitas", "subcategory": "Halte Bus", "opening_hours": null, "operator": null, "osm_id": 10701025943}}, {"type": "Feature", "geometry": {"type": "Point", "coordinates": [110.415098, -7.77807]}, "properties": {"name": "TPB Dishub DIY", "type": "Platform", "category": "mobilitas", "subcategory": "Halte Bus", "opening_hours": null, "operator": null, "osm_id": 10701025944}}, {"type": "Feature", "geometry": {"type": "Point", "coordinates": [110.414667, -7.779569]}, "properties": {"name": "Halte Sahid J-Walk", "type": "Platform", "category": "mobilitas", "subcategory": "Halte Bus", "opening_hours": null, "operator": null, "osm_id": 10701025945}}, {"type": "Feature", "geometry": {"type": "Point", "coordinates": [110.414484, -7.779416]}, "properties": {"name": "Parking", "type": "Parking", "category": "mobilitas", "subcategory": "Parkir", "opening_hours": null, "operator": null, "osm_id": 13087467273}}, {"type": "Feature", "geometry": {"type": "Point", "coordinates": [110.415109, -7.777333]}, "properties": {"name": "TPB Tambak Bayan 1", "type": "Platform", "category": "mobilitas", "subcategory": "Halte Bus", "opening_hours": null, "operator": null, "osm_id": 13238884629}}, {"type": "Feature", "geometry": {"type": "Point", "coordinates": [110.38797, -7.773278]}, "properties": {"name": "Parking", "type": "Parking", "category": "mobilitas", "subcategory": "Parkir", "opening_hours": null, "operator": null, "osm_id": 3473955193}}, {"type": "Feature", "geometry": {"type": "Point", "coordinates": [110.3867, -7.777716]}, "properties": {"name": "Halte Jl. Colombo (UNY)", "type": "Platform", "category": "mobilitas", "subcategory": "Halte Bus", "opening_hours": null, "operator": null, "osm_id": 3625644283}}, {"type": "Feature", "geometry": {"type": "Point", "coordinates": [110.389131, -7.775042]}, "properties": {"name": "Halte TJ UNY Gejayan", "type": "Platform", "category": "mobilitas", "subcategory": "Halte Bus", "opening_hours": null, "operator": null, "osm_id": 3625644285}}, {"type": "Feature", "geometry": {"type": "Point", "coordinates": [110.391905, -7.766372]}, "properties": {"name": "Santren", "type": "Platform", "category": "mobilitas", "subcategory": "Halte Bus", "opening_hours": null, "operator": null, "osm_id": 3625644287}}, {"type": "Feature", "geometry": {"type": "Point", "coordinates": [110.392334, -7.765899]}, "properties": {"name": "Susteran Novisiat", "type": "Platform", "category": "mobilitas", "subcategory": "Halte Bus", "opening_hours": null, "operator": null, "osm_id": 3625644289}}, {"type": "Feature", "geometry": {"type": "Point", "coordinates": [110.393494, -7.763467]}, "properties": {"name": "Halte Prayan 2", "type": "Platform", "category": "mobilitas", "subcategory": "Halte Bus", "opening_hours": null, "operator": null, "osm_id": 12666306883}}, {"type": "Feature", "geometry": {"type": "Point", "coordinates": [110.393675, -7.763548]}, "properties": {"name": "Halte Prayan 1", "type": "Platform", "category": "mobilitas", "subcategory": "Halte Bus", "opening_hours": null, "operator": null, "osm_id": 12666306884}}, {"type": "Feature", "geometry": {"type": "Point", "coordinates": [110.390608, -7.769495]}, "properties": {"name": "Ombudsman", "type": "Platform", "category": "mobilitas", "subcategory": "Halte Bus", "opening_hours": null, "operator": null, "osm_id": 13531428325}}, {"type": "Feature", "geometry": {"type": "Point", "coordinates": [110.393916, -7.783059]}, "properties": {"name": "Halte De Britto", "type": "Platform", "category": "mobilitas", "subcategory": "Halte Bus", "opening_hours": null, "operator": null, "osm_id": 3631487206}}, {"type": "Feature", "geometry": {"type": "Point", "coordinates": [110.393915, -7.783106]}, "properties": {"name": "De Britto", "type": "Bus Station", "category": "mobilitas", "subcategory": "Halte Bus", "opening_hours": null, "operator": null, "osm_id": 3631487207}}, {"type": "Feature", "geometry": {"type": "Point", "coordinates": [110.392704, -7.78323]}, "properties": {"name": "Halte Gedung Wanita", "type": "Platform", "category": "mobilitas", "subcategory": "Halte Bus", "opening_hours": null, "operator": null, "osm_id": 3631487209}}, {"type": "Feature", "geometry": {"type": "Point", "coordinates": [110.386119, -7.783154]}, "properties": {"name": "Halte LPP", "type": "Platform", "category": "mobilitas", "subcategory": "Halte Bus", "opening_hours": null, "operator": null, "osm_id": 3631487242}}, {"type": "Feature", "geometry": {"type": "Point", "coordinates": [110.394857, -7.78616]}, "properties": {"name": "Halte UIN Sunan Kalijaga 2", "type": "Platform", "category": "mobilitas", "subcategory": "Halte Bus", "opening_hours": null, "operator": null, "osm_id": 10700984901}}, {"type": "Feature", "geometry": {"type": "Point", "coordinates": [110.39474, -7.785937]}, "properties": {"name": "Halte UIN Sunan Kalijaga 1", "type": "Platform", "category": "mobilitas", "subcategory": "Halte Bus", "opening_hours": null, "operator": null, "osm_id": 10700984902}}, {"type": "Feature", "geometry": {"type": "Point", "coordinates": [110.386135, -7.783079]}, "properties": {"name": "LPP", "type": "Bus Station", "category": "mobilitas", "subcategory": "Halte Bus", "opening_hours": null, "operator": null, "osm_id": 13099710185}}, {"type": "Feature", "geometry": {"type": "Point", "coordinates": [110.388661, -7.783018]}, "properties": {"name": "TPB Demangan", "type": "Platform", "category": "mobilitas", "subcategory": "Halte Bus", "opening_hours": null, "operator": null, "osm_id": 13288307505}}, {"type": "Feature", "geometry": {"type": "Point", "coordinates": [110.412194, -7.796754]}, "properties": {"name": "Area Parkir Mobil RSPAU dr. Harjolukito", "type": "Parking", "category": "mobilitas", "subcategory": "Parkir", "opening_hours": "24/7", "operator": "RSUPAU dr Hardjolukito", "osm_id": 12330267997}}, {"type": "Feature", "geometry": {"type": "Point", "coordinates": [110.412092, -7.797541]}, "properties": {"name": "Parking", "type": "Parking", "category": "mobilitas", "subcategory": "Parkir", "opening_hours": null, "operator": "RSPAU dr Hardjolukito", "osm_id": 12330267728}}, {"type": "Feature", "geometry": {"type": "Point", "coordinates": [110.406396, -7.798606]}, "properties": {"name": "Wonocatur", "type": "Bus Station", "category": "mobilitas", "subcategory": "Halte Bus", "opening_hours": null, "operator": null, "osm_id": 3631487200}}, {"type": "Feature", "geometry": {"type": "Point", "coordinates": [110.410076, -7.797349]}, "properties": {"name": "Halte RSPAU DR. S. Hardjolukito", "type": "Platform", "category": "mobilitas", "subcategory": "Halte Bus", "opening_hours": null, "operator": null, "osm_id": 3631487235}}, {"type": "Feature", "geometry": {"type": "Point", "coordinates": [110.409821, -7.797332]}, "properties": {"name": "TPB Blok O", "type": "Platform", "category": "mobilitas", "subcategory": "Halte Bus", "opening_hours": null, "operator": null, "osm_id": 3631487244}}, {"type": "Feature", "geometry": {"type": "Point", "coordinates": [110.412914, -7.797431]}, "properties": {"name": "Parkir VIP", "type": "Parking", "category": "mobilitas", "subcategory": "Parkir", "opening_hours": "24/7", "operator": "RSUPAU dr Hardjolukito", "osm_id": 12330026078}}, {"type": "Feature", "geometry": {"type": "Point", "coordinates": [110.410278, -7.791815]}, "properties": {"name": "Pasar Angkasa (Timur)", "type": "Platform", "category": "mobilitas", "subcategory": "Halte Bus", "opening_hours": null, "operator": null, "osm_id": 13120470828}}, {"type": "Feature", "geometry": {"type": "Point", "coordinates": [110.412191, -7.773942]}, "properties": {"name": "Babarsari", "type": "Bus Station", "category": "mobilitas", "subcategory": "Halte Bus", "opening_hours": null, "operator": null, "osm_id": 2881132756}}, {"type": "Feature", "geometry": {"type": "Point", "coordinates": [110.410443, -7.785775]}, "properties": {"name": "Halte Janti Selatan", "type": "Platform", "category": "mobilitas", "subcategory": "Halte Bus", "opening_hours": null, "operator": null, "osm_id": 3631487211}}, {"type": "Feature", "geometry": {"type": "Point", "coordinates": [110.41164, -7.783199]}, "properties": {"name": "Halte Janti Utara", "type": "Platform", "category": "mobilitas", "subcategory": "Halte Bus", "opening_hours": null, "operator": null, "osm_id": 3631487212}}, {"type": "Feature", "geometry": {"type": "Point", "coordinates": [110.414705, -7.779576]}, "properties": {"name": "Sahid J-Walk", "type": "Bus Station", "category": "mobilitas", "subcategory": "Halte Bus", "opening_hours": null, "operator": null, "osm_id": 3631835604}}, {"type": "Feature", "geometry": {"type": "Point", "coordinates": [110.415486, -7.762384]}, "properties": {"name": "TPB Polsek Depok Timur", "type": "Platform", "category": "mobilitas", "subcategory": "Halte Bus", "opening_hours": null, "operator": null, "osm_id": 3632597243}}, {"type": "Feature", "geometry": {"type": "Point", "coordinates": [110.408917, -7.76071]}, "properties": {"name": "Halte TJ RRU (STIKES Guna Bangsa)", "type": "Platform", "category": "mobilitas", "subcategory": "Halte Bus", "opening_hours": null, "operator": null, "osm_id": 6357651408}}, {"type": "Feature", "geometry": {"type": "Point", "coordinates": [110.41767, -7.669071]}, "properties": {"name": "Halte SMPN 4 Pakem", "type": "Platform", "category": "mobilitas", "subcategory": "Halte Bus", "opening_hours": null, "operator": null, "osm_id": 10704066200}}, {"type": "Feature", "geometry": {"type": "Point", "coordinates": [110.41757, -7.669172]}, "properties": {"name": "Halte RS Panti Nugroho", "type": "Platform", "category": "mobilitas", "subcategory": "Halte Bus", "opening_hours": null, "operator": null, "osm_id": 10704066201}}, {"type": "Feature", "geometry": {"type": "Point", "coordinates": [110.420557, -7.702322]}, "properties": {"name": "SD Negeri Selomulyo", "type": "Platform", "category": "mobilitas", "subcategory": "Halte Bus", "opening_hours": null, "operator": null, "osm_id": 10704092312}}, {"type": "Feature", "geometry": {"type": "Point", "coordinates": [110.417155, -7.687474]}, "properties": {"name": "Boulevard UII", "type": "Platform", "category": "mobilitas", "subcategory": "Halte Bus", "opening_hours": null, "operator": null, "osm_id": 12551155354}}, {"type": "Feature", "geometry": {"type": "Point", "coordinates": [110.419112, -7.684052]}, "properties": {"name": "Simpang Dogolan", "type": "Platform", "category": "mobilitas", "subcategory": "Halte Bus", "opening_hours": null, "operator": null, "osm_id": 12551155356}}, {"type": "Feature", "geometry": {"type": "Point", "coordinates": [110.417317, -7.672569]}, "properties": {"name": "Dusun Kledokan (Soto Brakot)", "type": "Platform", "category": "mobilitas", "subcategory": "Halte Bus", "opening_hours": null, "operator": null, "osm_id": 12551155357}}, {"type": "Feature", "geometry": {"type": "Point", "coordinates": [110.411934, -7.780529]}, "properties": {"name": "Parking", "type": "Parking", "category": "mobilitas", "subcategory": "Parkir", "opening_hours": null, "operator": null, "osm_id": 13086082155}}, {"type": "Feature", "geometry": {"type": "Point", "coordinates": [110.414379, -7.779854]}, "properties": {"name": "Parking", "type": "Parking", "category": "mobilitas", "subcategory": "Parkir", "opening_hours": null, "operator": null, "osm_id": 13087467267}}, {"type": "Feature", "geometry": {"type": "Point", "coordinates": [110.414488, -7.779397]}, "properties": {"name": "Parking", "type": "Parking", "category": "mobilitas", "subcategory": "Parkir", "opening_hours": null, "operator": null, "osm_id": 13087467275}}, {"type": "Feature", "geometry": {"type": "Point", "coordinates": [110.414678, -7.78323]}, "properties": {"name": "TPB Manna Kampus", "type": "Platform", "category": "mobilitas", "subcategory": "Halte Bus", "opening_hours": null, "operator": null, "osm_id": 13238884631}}, {"type": "Feature", "geometry": {"type": "Point", "coordinates": [110.403509, -7.782287]}, "properties": {"name": "Parking", "type": "Parking", "category": "mobilitas", "subcategory": "Parkir", "opening_hours": null, "operator": null, "osm_id": 13271333661}}, {"type": "Feature", "geometry": {"type": "Point", "coordinates": [110.334416, -7.768166]}, "properties": {"name": "Halte Portabel Universitas Aisyiyah", "type": "Platform", "category": "mobilitas", "subcategory": "Halte Bus", "opening_hours": null, "operator": null, "osm_id": 6206915149}}, {"type": "Feature", "geometry": {"type": "Point", "coordinates": [110.356672, -7.74709]}, "properties": {"name": "Portabel UTY Ring Road Utara 1", "type": "Platform", "category": "mobilitas", "subcategory": "Halte Bus", "opening_hours": null, "operator": null, "osm_id": 6206915155}}, {"type": "Feature", "geometry": {"type": "Point", "coordinates": [110.341165, -7.749276]}, "properties": {"name": "Halte Portabel Westlake 2", "type": "Platform", "category": "mobilitas", "subcategory": "Halte Bus", "opening_hours": null, "operator": null, "osm_id": 6228403558}}, {"type": "Feature", "geometry": {"type": "Point", "coordinates": [110.343778, -7.779804]}, "properties": {"name": "Halte Portabel Dentes (Ruko Godean)", "type": "Platform", "category": "mobilitas", "subcategory": "Halte Bus", "opening_hours": null, "operator": null, "osm_id": 6228427091}}, {"type": "Feature", "geometry": {"type": "Point", "coordinates": [110.300132, -7.76939]}, "properties": {"name": "Kantor Kecamatan Godean (Halte 1)", "type": "Platform", "category": "mobilitas", "subcategory": "Halte Bus", "opening_hours": null, "operator": null, "osm_id": 10720380664}}, {"type": "Feature", "geometry": {"type": "Point", "coordinates": [110.318199, -7.773982]}, "properties": {"name": "Halte Simpang Munggur Sidomoyo", "type": "Platform", "category": "mobilitas", "subcategory": "Halte Bus", "opening_hours": null, "operator": null, "osm_id": 10720380666}}, {"type": "Feature", "geometry": {"type": "Point", "coordinates": [110.331948, -7.776411]}, "properties": {"name": "Halte Portabel Simpang Demak Ijo", "type": "Platform", "category": "mobilitas", "subcategory": "Halte Bus", "opening_hours": null, "operator": null, "osm_id": 10720380668}}, {"type": "Feature", "geometry": {"type": "Point", "coordinates": [110.336203, -7.763733]}, "properties": {"name": "Portabel Nogotirto", "type": "Platform", "category": "mobilitas", "subcategory": "Halte Bus", "opening_hours": null, "operator": null, "osm_id": 10720380670}}, {"type": "Feature", "geometry": {"type": "Point", "coordinates": [110.302914, -7.770088]}, "properties": {"name": "Simpang Mandungan (Iwak Kalen) 2", "type": "Platform", "category": "mobilitas", "subcategory": "Halte Bus", "opening_hours": null, "operator": null, "osm_id": 12500701613}}, {"type": "Feature", "geometry": {"type": "Point", "coordinates": [110.306742, -7.770946]}, "properties": {"name": "Koramil Godean", "type": "Platform", "category": "mobilitas", "subcategory": "Halte Bus", "opening_hours": null, "operator": null, "osm_id": 12500701614}}, {"type": "Feature", "geometry": {"type": "Point", "coordinates": [110.306685, -7.771016]}, "properties": {"name": "Koramil Godean 2", "type": "Platform", "category": "mobilitas", "subcategory": "Halte Bus", "opening_hours": null, "operator": null, "osm_id": 12500701615}}, {"type": "Feature", "geometry": {"type": "Point", "coordinates": [110.325395, -7.775567]}, "properties": {"name": "Kantor Desa Sidoarum", "type": "Platform", "category": "mobilitas", "subcategory": "Halte Bus", "opening_hours": null, "operator": null, "osm_id": 12500701626}}, {"type": "Feature", "geometry": {"type": "Point", "coordinates": [110.336135, -7.778067]}, "properties": {"name": "Kantor Pos Demak Ijo", "type": "Platform", "category": "mobilitas", "subcategory": "Halte Bus", "opening_hours": null, "operator": null, "osm_id": 12500701632}}, {"type": "Feature", "geometry": {"type": "Point", "coordinates": [110.336083, -7.778124]}, "properties": {"name": "Kantor Pos Demak Ijo 2", "type": "Platform", "category": "mobilitas", "subcategory": "Halte Bus", "opening_hours": null, "operator": null, "osm_id": 12500701633}}, {"type": "Feature", "geometry": {"type": "Point", "coordinates": [110.339341, -7.778833]}, "properties": {"name": "Pasar Tlogorejo", "type": "Platform", "category": "mobilitas", "subcategory": "Halte Bus", "opening_hours": null, "operator": null, "osm_id": 12500701637}}, {"type": "Feature", "geometry": {"type": "Point", "coordinates": [110.333146, -7.772052]}, "properties": {"name": "SMP 3 Gamping", "type": "Platform", "category": "mobilitas", "subcategory": "Halte Bus", "opening_hours": null, "operator": null, "osm_id": 13027776166}}, {"type": "Feature", "geometry": {"type": "Point", "coordinates": [110.291035, -7.762212]}, "properties": {"name": "TPB SMPN 1 Godean", "type": "Platform", "category": "mobilitas", "subcategory": "Halte Bus", "opening_hours": null, "operator": null, "osm_id": 13784231508}}, {"type": "Feature", "geometry": {"type": "Point", "coordinates": [110.300193, -7.769324]}, "properties": {"name": "Kantor Kecamatan Godean (Halte 2)", "type": "Platform", "category": "mobilitas", "subcategory": "Halte Bus", "opening_hours": null, "operator": null, "osm_id": 10701012743}}, {"type": "Feature", "geometry": {"type": "Point", "coordinates": [110.308956, -7.771587]}, "properties": {"name": "Simpang Polsek Godean 2", "type": "Platform", "category": "mobilitas", "subcategory": "Halte Bus", "opening_hours": null, "operator": null, "osm_id": 12500701616}}, {"type": "Feature", "geometry": {"type": "Point", "coordinates": [110.311751, -7.772259]}, "properties": {"name": "Indomaret Klajuran", "type": "Platform", "category": "mobilitas", "subcategory": "Halte Bus", "opening_hours": null, "operator": null, "osm_id": 12500701618}}, {"type": "Feature", "geometry": {"type": "Point", "coordinates": [110.291204, -7.766788]}, "properties": {"name": "TPB Pasar Induk Godean", "type": "Platform", "category": "mobilitas", "subcategory": "Halte Bus", "opening_hours": null, "operator": null, "osm_id": 13784231506}}, {"type": "Feature", "geometry": {"type": "Point", "coordinates": [110.291004, -7.766615]}, "properties": {"name": "TPB Pasar Induk Godean 1", "type": "Platform", "category": "mobilitas", "subcategory": "Halte Bus", "opening_hours": null, "operator": null, "osm_id": 13784231507}}, {"type": "Feature", "geometry": {"type": "Point", "coordinates": [110.292938, -7.757027]}, "properties": {"name": "Halte Stadion TGP", "type": "Platform", "category": "mobilitas", "subcategory": "Halte Bus", "opening_hours": null, "operator": null, "osm_id": 13784231510}}, {"type": "Feature", "geometry": {"type": "Point", "coordinates": [110.378644, -7.776151]}, "properties": {"name": "Halte Kosudgama", "type": "Platform", "category": "mobilitas", "subcategory": "Halte Bus", "opening_hours": null, "operator": null, "osm_id": 3625644279}}, {"type": "Feature", "geometry": {"type": "Point", "coordinates": [110.378608, -7.776201]}, "properties": {"name": "Kosudgama", "type": "Bus Station", "category": "mobilitas", "subcategory": "Halte Bus", "opening_hours": null, "operator": null, "osm_id": 3625644280}}, {"type": "Feature", "geometry": {"type": "Point", "coordinates": [110.380013, -7.762551]}, "properties": {"name": "Halte Graha Asus Jakal", "type": "Platform", "category": "mobilitas", "subcategory": "Halte Bus", "opening_hours": null, "operator": null, "osm_id": 3632597229}}, {"type": "Feature", "geometry": {"type": "Point", "coordinates": [110.383125, -7.786111]}, "properties": {"name": "Halte AA YKPN", "type": "Platform", "category": "mobilitas", "subcategory": "Halte Bus", "opening_hours": null, "operator": null, "osm_id": 3633799349}}, {"type": "Feature", "geometry": {"type": "Point", "coordinates": [110.382441, -7.783303]}, "properties": {"name": "Parking", "type": "Parking", "category": "mobilitas", "subcategory": "Parkir", "opening_hours": null, "operator": null, "osm_id": 9845770249}}, {"type": "Feature", "geometry": {"type": "Point", "coordinates": [110.378648, -7.782612]}, "properties": {"name": "Parking", "type": "Parking", "category": "mobilitas", "subcategory": "Parkir", "opening_hours": null, "operator": null, "osm_id": 13346821709}}, {"type": "Feature", "geometry": {"type": "Point", "coordinates": [110.378958, -7.769066]}, "properties": {"name": "Halte Perpustakaan", "type": "Platform", "category": "mobilitas", "subcategory": "Halte Bus", "opening_hours": null, "operator": "Direktorat Aset UGM", "osm_id": 13409570119}}, {"type": "Feature", "geometry": {"type": "Point", "coordinates": [110.384793, -7.798451]}, "properties": {"name": "TPB Among Rogo Kota 2", "type": "Platform", "category": "mobilitas", "subcategory": "Halte Bus", "opening_hours": null, "operator": null, "osm_id": 3625730409}}, {"type": "Feature", "geometry": {"type": "Point", "coordinates": [110.384882, -7.798472]}, "properties": {"name": "TPB Among Rogo Kota 1", "type": "Platform", "category": "mobilitas", "subcategory": "Halte Bus", "opening_hours": null, "operator": null, "osm_id": 3625742596}}, {"type": "Feature", "geometry": {"type": "Point", "coordinates": [110.380329, -7.816402]}, "properties": {"name": "TPB Pasar Sepeda Tanjungsari", "type": "Platform", "category": "mobilitas", "subcategory": "Halte Bus", "opening_hours": null, "operator": null, "osm_id": 3626519582}}, {"type": "Feature", "geometry": {"type": "Point", "coordinates": [110.383487, -7.801833]}, "properties": {"name": "Taman Makam Pahlawan (Utara)", "type": "Platform", "category": "mobilitas", "subcategory": "Halte Bus", "opening_hours": null, "operator": null, "osm_id": 3631487226}}, {"type": "Feature", "geometry": {"type": "Point", "coordinates": [110.382198, -7.801915]}, "properties": {"name": "Taman Makam Pahlawan (Selatan)", "type": "Platform", "category": "mobilitas", "subcategory": "Halte Bus", "opening_hours": null, "operator": null, "osm_id": 3631487229}}, {"type": "Feature", "geometry": {"type": "Point", "coordinates": [110.374154, -7.801681]}, "properties": {"name": "Halte Museum Biologi", "type": "Platform", "category": "mobilitas", "subcategory": "Halte Bus", "opening_hours": null, "operator": null, "osm_id": 3631487231}}, {"type": "Feature", "geometry": {"type": "Point", "coordinates": [110.375745, -7.801616]}, "properties": {"name": "Halte Pakualaman", "type": "Platform", "category": "mobilitas", "subcategory": "Halte Bus", "opening_hours": null, "operator": null, "osm_id": 3631487233}}, {"type": "Feature", "geometry": {"type": "Point", "coordinates": [110.375996, -7.816871]}, "properties": {"name": "Halte PA Muhammadiyah", "type": "Platform", "category": "mobilitas", "subcategory": "Halte Bus", "opening_hours": null, "operator": null, "osm_id": 3632596991}}, {"type": "Feature", "geometry": {"type": "Point", "coordinates": [110.376028, -7.817042]}, "properties": {"name": "TPB Lowanu", "type": "Platform", "category": "mobilitas", "subcategory": "Halte Bus", "opening_hours": null, "operator": null, "osm_id": 3632597236}}, {"type": "Feature", "geometry": {"type": "Point", "coordinates": [110.378256, -7.804238]}, "properties": {"name": "TPB Wirogunan Tamsis 2", "type": "Platform", "category": "mobilitas", "subcategory": "Halte Bus", "opening_hours": null, "operator": null, "osm_id": 10701260562}}, {"type": "Feature", "geometry": {"type": "Point", "coordinates": [110.378231, -7.803764]}, "properties": {"name": "TPB Wirogunan Tamsis 1", "type": "Platform", "category": "mobilitas", "subcategory": "Halte Bus", "opening_hours": null, "operator": null, "osm_id": 10706477033}}, {"type": "Feature", "geometry": {"type": "Point", "coordinates": [110.383247, -7.816673]}, "properties": {"name": "Eks STIE Kerjasama", "type": "Platform", "category": "mobilitas", "subcategory": "Halte Bus", "opening_hours": null, "operator": null, "osm_id": 12504258854}}, {"type": "Feature", "geometry": {"type": "Point", "coordinates": [110.384281, -7.801183]}, "properties": {"name": "KPPN (Jl. Cendana)", "type": "Platform", "category": "mobilitas", "subcategory": "Halte Bus", "opening_hours": null, "operator": null, "osm_id": 12666306886}}, {"type": "Feature", "geometry": {"type": "Point", "coordinates": [110.376753, -7.801749]}, "properties": {"name": "Pasar Sentul (Selatan)", "type": "Platform", "category": "mobilitas", "subcategory": "Halte Bus", "opening_hours": null, "operator": null, "osm_id": 13389853361}}, {"type": "Feature", "geometry": {"type": "Point", "coordinates": [110.376895, -7.810951]}, "properties": {"name": "TPB Nyutran Tamansiswa", "type": "Platform", "category": "mobilitas", "subcategory": "Halte Bus", "opening_hours": null, "operator": null, "osm_id": 10703207222}}, {"type": "Feature", "geometry": {"type": "Point", "coordinates": [110.376531, -7.813778]}, "properties": {"name": "TPB STSRD Visi Tamansiswa", "type": "Platform", "category": "mobilitas", "subcategory": "Halte Bus", "opening_hours": null, "operator": null, "osm_id": 3633799363}}, {"type": "Feature", "geometry": {"type": "Point", "coordinates": [110.380139, -7.761864]}, "properties": {"name": "Halte Hotel Vidi Jakal", "type": "Platform", "category": "mobilitas", "subcategory": "Halte Bus", "opening_hours": null, "operator": null, "osm_id": 3632597230}}, {"type": "Feature", "geometry": {"type": "Point", "coordinates": [110.381961, -7.757581]}, "properties": {"name": "Hokben Jakal (Barat)", "type": "Platform", "category": "mobilitas", "subcategory": "Halte Bus", "opening_hours": null, "operator": null, "osm_id": 13120470824}}, {"type": "Feature", "geometry": {"type": "Point", "coordinates": [110.373351, -7.787479]}, "properties": {"name": "Parking", "type": "Parking", "category": "mobilitas", "subcategory": "Parkir", "opening_hours": null, "operator": null, "osm_id": 7811301937}}, {"type": "Feature", "geometry": {"type": "Point", "coordinates": [110.711197, -8.188516]}, "properties": {"name": "Parking", "type": "Parking", "category": "mobilitas", "subcategory": "Parkir", "opening_hours": null, "operator": null, "osm_id": 3922990472}}, {"type": "Feature", "geometry": {"type": "Point", "coordinates": [110.711953, -8.187829]}, "properties": {"name": "Parking", "type": "Parking", "category": "mobilitas", "subcategory": "Parkir", "opening_hours": null, "operator": null, "osm_id": 3922990460}}, {"type": "Feature", "geometry": {"type": "Point", "coordinates": [110.098788, -7.878118]}, "properties": {"name": "Parking", "type": "Parking", "category": "mobilitas", "subcategory": "Parkir", "opening_hours": null, "operator": "PT Kereta Api Indonesia (Persero)", "osm_id": 11966440353}}, {"type": "Feature", "geometry": {"type": "Point", "coordinates": [110.415686, -7.689981]}, "properties": {"name": "Parking", "type": "Parking", "category": "mobilitas", "subcategory": "Parkir", "opening_hours": null, "operator": null, "osm_id": 11527942352}}, {"type": "Feature", "geometry": {"type": "Point", "coordinates": [110.418177, -7.695389]}, "properties": {"name": "Pusat Rehabilitasi YAKKUM (Halte 2)", "type": "Platform", "category": "mobilitas", "subcategory": "Halte Bus", "opening_hours": null, "operator": null, "osm_id": 10704046565}}, {"type": "Feature", "geometry": {"type": "Point", "coordinates": [110.417951, -7.695586]}, "properties": {"name": "Halte Pusat Rehabilitasi Yakkum", "type": "Platform", "category": "mobilitas", "subcategory": "Halte Bus", "opening_hours": null, "operator": null, "osm_id": 10704046566}}, {"type": "Feature", "geometry": {"type": "Point", "coordinates": [110.415522, -7.699852]}, "properties": {"name": "Simpang Besi Jangkang", "type": "Platform", "category": "mobilitas", "subcategory": "Halte Bus", "opening_hours": null, "operator": null, "osm_id": 12551155352}}, {"type": "Feature", "geometry": {"type": "Point", "coordinates": [110.415379, -7.700258]}, "properties": {"name": "Simpang Besi Jangkang 2", "type": "Platform", "category": "mobilitas", "subcategory": "Halte Bus", "opening_hours": null, "operator": null, "osm_id": 12551155353}}, {"type": "Feature", "geometry": {"type": "Point", "coordinates": [110.416956, -7.701128]}, "properties": {"name": "RSU Gramedika", "type": "Platform", "category": "mobilitas", "subcategory": "Halte Bus", "opening_hours": null, "operator": null, "osm_id": 12551155359}}, {"type": "Feature", "geometry": {"type": "Point", "coordinates": [110.426258, -7.646847]}, "properties": {"name": "Parkir Bis Warga Ledok Sambi", "type": "Parking", "category": "mobilitas", "subcategory": "Parkir", "opening_hours": null, "operator": null, "osm_id": 11549947974}}, {"type": "Feature", "geometry": {"type": "Point", "coordinates": [110.426783, -7.590371]}, "properties": {"name": "Parking", "type": "Parking", "category": "mobilitas", "subcategory": "Parkir", "opening_hours": null, "operator": null, "osm_id": 4017400205}}, {"type": "Feature", "geometry": {"type": "Point", "coordinates": [110.432461, -7.592988]}, "properties": {"name": "Parking", "type": "Parking", "category": "mobilitas", "subcategory": "Parkir", "opening_hours": null, "operator": null, "osm_id": 3661203032}}, {"type": "Feature", "geometry": {"type": "Point", "coordinates": [110.420197, -7.66684]}, "properties": {"name": "Terminal Pakem", "type": "Platform", "category": "mobilitas", "subcategory": "Halte Bus", "opening_hours": null, "operator": null, "osm_id": 10704066198}}, {"type": "Feature", "geometry": {"type": "Point", "coordinates": [110.419216, -7.684139]}, "properties": {"name": "Simpang Dogolan 2", "type": "Platform", "category": "mobilitas", "subcategory": "Halte Bus", "opening_hours": null, "operator": null, "osm_id": 12551155355}}, {"type": "Feature", "geometry": {"type": "Point", "coordinates": [110.348636, -7.701263]}, "properties": {"name": "Sleman", "type": "Station", "category": "mobilitas", "subcategory": "Stasiun", "opening_hours": null, "operator": null, "osm_id": 13311302622}}, {"type": "Feature", "geometry": {"type": "Point", "coordinates": [110.402482, -7.782638]}, "properties": {"name": "Parking", "type": "Parking", "category": "mobilitas", "subcategory": "Parkir", "opening_hours": null, "operator": null, "osm_id": 9787517528}}, {"type": "Feature", "geometry": {"type": "Point", "coordinates": [110.402435, -7.783155]}, "properties": {"name": "Halte Ambarrukmo Plaza 2", "type": "Platform", "category": "mobilitas", "subcategory": "Halte Bus", "opening_hours": null, "operator": null, "osm_id": 3631487204}}, {"type": "Feature", "geometry": {"type": "Point", "coordinates": [110.401693, -7.782296]}, "properties": {"name": "Parking", "type": "Parking", "category": "mobilitas", "subcategory": "Parkir", "opening_hours": null, "operator": null, "osm_id": 5641047473}}, {"type": "Feature", "geometry": {"type": "Point", "coordinates": [110.403327, -7.782839]}, "properties": {"name": "Parking", "type": "Parking", "category": "mobilitas", "subcategory": "Parkir", "opening_hours": null, "operator": "Royal Ambarrukmo", "osm_id": 9787517598}}, {"type": "Feature", "geometry": {"type": "Point", "coordinates": [110.401625, -7.782896]}, "properties": {"name": "Parking", "type": "Parking", "category": "mobilitas", "subcategory": "Parkir", "opening_hours": null, "operator": null, "osm_id": 13083277529}}, {"type": "Feature", "geometry": {"type": "Point", "coordinates": [110.408628, -7.781106]}, "properties": {"name": "Parking", "type": "Parking", "category": "mobilitas", "subcategory": "Parkir", "opening_hours": null, "operator": null, "osm_id": 13271418400}}, {"type": "Feature", "geometry": {"type": "Point", "coordinates": [110.408575, -7.781796]}, "properties": {"name": "Parking", "type": "Parking", "category": "mobilitas", "subcategory": "Parkir", "opening_hours": null, "operator": null, "osm_id": 13271433717}}, {"type": "Feature", "geometry": {"type": "Point", "coordinates": [110.343991, -7.744827]}, "properties": {"name": "Portable Dusun Ngawen", "type": "Platform", "category": "mobilitas", "subcategory": "Halte Bus", "opening_hours": null, "operator": null, "osm_id": 12541403951}}, {"type": "Feature", "geometry": {"type": "Point", "coordinates": [110.510889, -7.784047]}, "properties": {"name": "Parking", "type": "Parking", "category": "mobilitas", "subcategory": "Parkir", "opening_hours": null, "operator": null, "osm_id": 3395385976}}, {"type": "Feature", "geometry": {"type": "Point", "coordinates": [110.514069, -7.784629]}, "properties": {"name": "Parking", "type": "Parking", "category": "mobilitas", "subcategory": "Parkir", "opening_hours": null, "operator": null, "osm_id": 13447881644}}, {"type": "Feature", "geometry": {"type": "Point", "coordinates": [110.618649, -7.966973]}, "properties": {"name": "Terminal Dhaksinarga", "type": "Bus Station", "category": "mobilitas", "subcategory": "Halte Bus", "opening_hours": null, "operator": null, "osm_id": 8186618667}}, {"type": "Feature", "geometry": {"type": "Point", "coordinates": [110.448777, -7.782493]}, "properties": {"name": "Halte KR 2", "type": "Platform", "category": "mobilitas", "subcategory": "Halte Bus", "opening_hours": null, "operator": null, "osm_id": 3631487220}}, {"type": "Feature", "geometry": {"type": "Point", "coordinates": [110.431018, -7.783438]}, "properties": {"name": "Maguwo Sambilegi", "type": "Bus Station", "category": "mobilitas", "subcategory": "Halte Bus", "opening_hours": null, "operator": null, "osm_id": 3631487225}}, {"type": "Feature", "geometry": {"type": "Point", "coordinates": [110.430775, -7.774451]}, "properties": {"name": "Halte Ring Road Utara (Binamarga)", "type": "Platform", "category": "mobilitas", "subcategory": "Halte Bus", "opening_hours": null, "operator": null, "osm_id": 3632597195}}, {"type": "Feature", "geometry": {"type": "Point", "coordinates": [110.431056, -7.769385]}, "properties": {"name": "TPB RRU PJN", "type": "Platform", "category": "mobilitas", "subcategory": "Halte Bus", "opening_hours": null, "operator": null, "osm_id": 3632597197}}, {"type": "Feature", "geometry": {"type": "Point", "coordinates": [110.441277, -7.783402]}, "properties": {"name": "TPB Makam Sorogenen", "type": "Platform", "category": "mobilitas", "subcategory": "Halte Bus", "opening_hours": null, "operator": null, "osm_id": 10700991552}}, {"type": "Feature", "geometry": {"type": "Point", "coordinates": [110.431542, -7.767886]}, "properties": {"name": "Disnakertrans DI Yogyakarta", "type": "Platform", "category": "mobilitas", "subcategory": "Halte Bus", "opening_hours": null, "operator": null, "osm_id": 10703300266}}, {"type": "Feature", "geometry": {"type": "Point", "coordinates": [110.431454, -7.765221]}, "properties": {"name": "SMKN 1 Depok", "type": "Platform", "category": "mobilitas", "subcategory": "Halte Bus", "opening_hours": null, "operator": null, "osm_id": 10703774896}}, {"type": "Feature", "geometry": {"type": "Point", "coordinates": [110.431134, -7.770981]}, "properties": {"name": "Selokan Mataram Maguwo", "type": "Platform", "category": "mobilitas", "subcategory": "Halte Bus", "opening_hours": null, "operator": null, "osm_id": 12551151293}}, {"type": "Feature", "geometry": {"type": "Point", "coordinates": [110.424016, -7.783273]}, "properties": {"name": "Kantor Wilayah DJPb", "type": "Platform", "category": "mobilitas", "subcategory": "Halte Bus", "opening_hours": null, "operator": null, "osm_id": 12624543500}}, {"type": "Feature", "geometry": {"type": "Point", "coordinates": [110.437066, -7.785142]}, "properties": {"name": "Maguwo", "type": "Stop Position", "category": "mobilitas", "subcategory": "Halte Bus", "opening_hours": null, "operator": null, "osm_id": 12150452036}}, {"type": "Feature", "geometry": {"type": "Point", "coordinates": [110.435711, -7.784521]}, "properties": {"name": "Halte Bandara Adisutjipto", "type": "Platform", "category": "mobilitas", "subcategory": "Halte Bus", "opening_hours": null, "operator": null, "osm_id": 10700969429}}, {"type": "Feature", "geometry": {"type": "Point", "coordinates": [110.393153, -7.791642]}, "properties": {"name": "Halte APMD 1", "type": "Platform", "category": "mobilitas", "subcategory": "Halte Bus", "opening_hours": null, "operator": null, "osm_id": 3633799351}}, {"type": "Feature", "geometry": {"type": "Point", "coordinates": [110.390945, -7.792253]}, "properties": {"name": "Mako Lanal Yogyakarta", "type": "Platform", "category": "mobilitas", "subcategory": "Halte Bus", "opening_hours": null, "operator": null, "osm_id": 10700984898}}, {"type": "Feature", "geometry": {"type": "Point", "coordinates": [110.392314, -7.792606]}, "properties": {"name": "TPB TNI AL 1", "type": "Platform", "category": "mobilitas", "subcategory": "Halte Bus", "opening_hours": null, "operator": null, "osm_id": 10700984899}}, {"type": "Feature", "geometry": {"type": "Point", "coordinates": [110.393353, -7.791169]}, "properties": {"name": "Halte APMD 2", "type": "Platform", "category": "mobilitas", "subcategory": "Halte Bus", "opening_hours": null, "operator": null, "osm_id": 10700984900}}, {"type": "Feature", "geometry": {"type": "Point", "coordinates": [110.386557, -7.782975]}, "properties": {"name": "Cititrans Shuttle", "type": "Bus Station", "category": "mobilitas", "subcategory": "Halte Bus", "opening_hours": null, "operator": null, "osm_id": 12744176901}}, {"type": "Feature", "geometry": {"type": "Point", "coordinates": [110.392711, -7.783162]}, "properties": {"name": "Gedung Wanita", "type": "Bus Station", "category": "mobilitas", "subcategory": "Halte Bus", "opening_hours": null, "operator": null, "osm_id": 13365913201}}, {"type": "Feature", "geometry": {"type": "Point", "coordinates": [110.392847, -7.795257]}, "properties": {"name": "Timoho (Timur)", "type": "Platform", "category": "mobilitas", "subcategory": "Halte Bus", "opening_hours": null, "operator": null, "osm_id": 13389853359}}, {"type": "Feature", "geometry": {"type": "Point", "coordinates": [110.392545, -7.79682]}, "properties": {"name": "Timoho (Barat)", "type": "Platform", "category": "mobilitas", "subcategory": "Halte Bus", "opening_hours": null, "operator": null, "osm_id": 13389853360}}, {"type": "Feature", "geometry": {"type": "Point", "coordinates": [110.37513, -7.782346]}, "properties": {"name": "Halte Cik Di Tiro", "type": "Platform", "category": "mobilitas", "subcategory": "Halte Bus", "opening_hours": null, "operator": null, "osm_id": 3625644275}}, {"type": "Feature", "geometry": {"type": "Point", "coordinates": [110.377991, -7.783]}, "properties": {"name": "Bethesda", "type": "Bus Station", "category": "mobilitas", "subcategory": "Halte Bus", "opening_hours": null, "operator": null, "osm_id": 3628566586}}, {"type": "Feature", "geometry": {"type": "Point", "coordinates": [110.375783, -7.782237]}, "properties": {"name": "Parking", "type": "Parking", "category": "mobilitas", "subcategory": "Parkir", "opening_hours": null, "operator": null, "osm_id": 9696695828}}, {"type": "Feature", "geometry": {"type": "Point", "coordinates": [110.375814, -7.782329]}, "properties": {"name": "Parking", "type": "Parking", "category": "mobilitas", "subcategory": "Parkir", "opening_hours": null, "operator": null, "osm_id": 9696744291}}, {"type": "Feature", "geometry": {"type": "Point", "coordinates": [110.378884, -7.781858]}, "properties": {"name": "Parking", "type": "Parking", "category": "mobilitas", "subcategory": "Parkir", "opening_hours": null, "operator": null, "osm_id": 11729584192}}, {"type": "Feature", "geometry": {"type": "Point", "coordinates": [110.375096, -7.782326]}, "properties": {"name": "Cik Di Tiro", "type": "Bus Station", "category": "mobilitas", "subcategory": "Halte Bus", "opening_hours": null, "operator": null, "osm_id": 12509416553}}, {"type": "Feature", "geometry": {"type": "Point", "coordinates": [110.374481, -7.783205]}, "properties": {"name": "Parking", "type": "Parking", "category": "mobilitas", "subcategory": "Parkir", "opening_hours": null, "operator": null, "osm_id": 13231765181}}, {"type": "Feature", "geometry": {"type": "Point", "coordinates": [110.374686, -7.783481]}, "properties": {"name": "Parking", "type": "Parking", "category": "mobilitas", "subcategory": "Parkir", "opening_hours": null, "operator": null, "osm_id": 13231765199}}, {"type": "Feature", "geometry": {"type": "Point", "coordinates": [110.379195, -7.782552]}, "properties": {"name": "Parking", "type": "Parking", "category": "mobilitas", "subcategory": "Parkir", "opening_hours": null, "operator": null, "osm_id": 13346804245}}, {"type": "Feature", "geometry": {"type": "Point", "coordinates": [110.375366, -7.787296]}, "properties": {"name": "Halte Kridosono", "type": "Platform", "category": "mobilitas", "subcategory": "Halte Bus", "opening_hours": null, "operator": null, "osm_id": 3625667882}}, {"type": "Feature", "geometry": {"type": "Point", "coordinates": [110.377721, -7.795777]}, "properties": {"name": "TPB Dr. Sutomo Kota", "type": "Platform", "category": "mobilitas", "subcategory": "Halte Bus", "opening_hours": null, "operator": null, "osm_id": 3625730407}}, {"type": "Feature", "geometry": {"type": "Point", "coordinates": [110.377849, -7.795601]}, "properties": {"name": "TPB SMP Kanisius Kota", "type": "Platform", "category": "mobilitas", "subcategory": "Halte Bus", "opening_hours": null, "operator": null, "osm_id": 3625730412}}, {"type": "Feature", "geometry": {"type": "Point", "coordinates": [110.373919, -7.786966]}, "properties": {"name": "Parking", "type": "Parking", "category": "mobilitas", "subcategory": "Parkir", "opening_hours": null, "operator": null, "osm_id": 7811301938}}, {"type": "Feature", "geometry": {"type": "Point", "coordinates": [110.375521, -7.790292]}, "properties": {"name": "Lempuyangan", "type": "Station", "category": "mobilitas", "subcategory": "Stasiun", "opening_hours": null, "operator": "PT. Kereta Api Indonesia", "osm_id": 12032622389}}, {"type": "Feature", "geometry": {"type": "Point", "coordinates": [110.377858, -7.792298]}, "properties": {"name": "TPB Eks. Bioskop Mataram", "type": "Platform", "category": "mobilitas", "subcategory": "Halte Bus", "opening_hours": null, "operator": null, "osm_id": 12406641066}}, {"type": "Feature", "geometry": {"type": "Point", "coordinates": [110.377403, -7.790217]}, "properties": {"name": "Halte Stasiun Lempuyangan", "type": "Platform", "category": "mobilitas", "subcategory": "Halte Bus", "opening_hours": null, "operator": null, "osm_id": 12406641067}}, {"type": "Feature", "geometry": {"type": "Point", "coordinates": [110.378757, -7.786001]}, "properties": {"name": "UKDW", "type": "Platform", "category": "mobilitas", "subcategory": "Halte Bus", "opening_hours": null, "operator": null, "osm_id": 12666306885}}, {"type": "Feature", "geometry": {"type": "Point", "coordinates": [110.378097, -7.790803]}, "properties": {"name": "Flyover Lempuyangan", "type": "Platform", "category": "mobilitas", "subcategory": "Halte Bus", "opening_hours": null, "operator": null, "osm_id": 13447780752}}, {"type": "Feature", "geometry": {"type": "Point", "coordinates": [110.466269, -7.772425]}, "properties": {"name": "Parking", "type": "Parking", "category": "mobilitas", "subcategory": "Parkir", "opening_hours": null, "operator": null, "osm_id": 9796369329}}, {"type": "Feature", "geometry": {"type": "Point", "coordinates": [110.406016, -7.715988]}, "properties": {"name": "Halte SMPN 2 Ngaglik", "type": "Platform", "category": "mobilitas", "subcategory": "Halte Bus", "opening_hours": null, "operator": null, "osm_id": 12592577779}}, {"type": "Feature", "geometry": {"type": "Point", "coordinates": [110.410314, -7.767112]}, "properties": {"name": "TPB Neutron Seturan (YKPN)", "type": "Platform", "category": "mobilitas", "subcategory": "Halte Bus", "opening_hours": null, "operator": null, "osm_id": 10701026388}}, {"type": "Feature", "geometry": {"type": "Point", "coordinates": [110.408861, -7.711045]}, "properties": {"name": "Halte SPBU Kaliurang", "type": "Platform", "category": "mobilitas", "subcategory": "Halte Bus", "opening_hours": null, "operator": null, "osm_id": 10704024759}}, {"type": "Feature", "geometry": {"type": "Point", "coordinates": [110.402526, -7.722011]}, "properties": {"name": "Halte Puskesmas Ngaglik 2", "type": "Platform", "category": "mobilitas", "subcategory": "Halte Bus", "opening_hours": null, "operator": null, "osm_id": 10703733082}}, {"type": "Feature", "geometry": {"type": "Point", "coordinates": [110.402515, -7.721839]}, "properties": {"name": "Halte Puskesmas Ngaglik 1", "type": "Platform", "category": "mobilitas", "subcategory": "Halte Bus", "opening_hours": null, "operator": null, "osm_id": 10703733083}}, {"type": "Feature", "geometry": {"type": "Point", "coordinates": [110.410176, -7.768316]}, "properties": {"name": "TPB AA YKPN 1", "type": "Platform", "category": "mobilitas", "subcategory": "Halte Bus", "opening_hours": null, "operator": null, "osm_id": 10701026389}}, {"type": "Feature", "geometry": {"type": "Point", "coordinates": [110.383189, -7.797517]}, "properties": {"name": "Halte TJ Kenari 1", "type": "Platform", "category": "mobilitas", "subcategory": "Halte Bus", "opening_hours": null, "operator": null, "osm_id": 3625730404}}, {"type": "Feature", "geometry": {"type": "Point", "coordinates": [110.383381, -7.797457]}, "properties": {"name": "Halte TJ Kenari 2", "type": "Platform", "category": "mobilitas", "subcategory": "Halte Bus", "opening_hours": null, "operator": null, "osm_id": 3625730405}}, {"type": "Feature", "geometry": {"type": "Point", "coordinates": [110.38198, -7.790556]}, "properties": {"name": "TPB Tarumartani", "type": "Platform", "category": "mobilitas", "subcategory": "Halte Bus", "opening_hours": null, "operator": null, "osm_id": 10763235183}}, {"type": "Feature", "geometry": {"type": "Point", "coordinates": [110.381906, -7.790435]}, "properties": {"name": "TPB Tarumartani", "type": "Platform", "category": "mobilitas", "subcategory": "Halte Bus", "opening_hours": null, "operator": null, "osm_id": 10763235184}}, {"type": "Feature", "geometry": {"type": "Point", "coordinates": [110.382338, -7.783113]}, "properties": {"name": "Superindo Urip Sumoharjo", "type": "Platform", "category": "mobilitas", "subcategory": "Halte Bus", "opening_hours": null, "operator": null, "osm_id": 12406488985}}, {"type": "Feature", "geometry": {"type": "Point", "coordinates": [110.344319, -7.828521]}, "properties": {"name": "TPB Gedung Madu Candhya 2", "type": "Platform", "category": "mobilitas", "subcategory": "Halte Bus", "opening_hours": null, "operator": null, "osm_id": 10702224559}}, {"type": "Feature", "geometry": {"type": "Point", "coordinates": [110.344334, -7.828846]}, "properties": {"name": "TPB Gedung Madu Candhya 1", "type": "Platform", "category": "mobilitas", "subcategory": "Halte Bus", "opening_hours": null, "operator": null, "osm_id": 10702224560}}, {"type": "Feature", "geometry": {"type": "Point", "coordinates": [110.343568, -7.829018]}, "properties": {"name": "Madu Candhya", "type": "Station", "category": "mobilitas", "subcategory": "Stasiun", "opening_hours": null, "operator": "PT Madu Baru", "osm_id": 13063545720}}, {"type": "Feature", "geometry": {"type": "Point", "coordinates": [110.34626, -7.832881]}, "properties": {"name": "Madukismo", "type": "Station", "category": "mobilitas", "subcategory": "Stasiun", "opening_hours": null, "operator": "PT Madu Baru", "osm_id": 13063545725}}, {"type": "Feature", "geometry": {"type": "Point", "coordinates": [110.354575, -7.825703]}, "properties": {"name": "Portabel Pasty 2", "type": "Platform", "category": "mobilitas", "subcategory": "Halte Bus", "opening_hours": null, "operator": null, "osm_id": 6231412184}}, {"type": "Feature", "geometry": {"type": "Point", "coordinates": [110.341362, -7.85677]}, "properties": {"name": "Kantor Badan Kesatuan Bangsa & Politik", "type": "Platform", "category": "mobilitas", "subcategory": "Halte Bus", "opening_hours": null, "operator": null, "osm_id": 10703126172}}, {"type": "Feature", "geometry": {"type": "Point", "coordinates": [110.343496, -7.848611]}, "properties": {"name": "Simpang Kasongan", "type": "Platform", "category": "mobilitas", "subcategory": "Halte Bus", "opening_hours": null, "operator": null, "osm_id": 10703942652}}, {"type": "Feature", "geometry": {"type": "Point", "coordinates": [110.423538, -7.764549]}, "properties": {"name": "Halte RRU Instiper 2", "type": "Platform", "category": "mobilitas", "subcategory": "Halte Bus", "opening_hours": null, "operator": null, "osm_id": 772454585}}, {"type": "Feature", "geometry": {"type": "Point", "coordinates": [110.420182, -7.783221]}, "properties": {"name": "Halte Transmart", "type": "Platform", "category": "mobilitas", "subcategory": "Halte Bus", "opening_hours": null, "operator": null, "osm_id": 3631487202}}, {"type": "Feature", "geometry": {"type": "Point", "coordinates": [110.419384, -7.783373]}, "properties": {"name": "Jayakarta", "type": "Bus Station", "category": "mobilitas", "subcategory": "Halte Bus", "opening_hours": null, "operator": null, "osm_id": 3631487214}}, {"type": "Feature", "geometry": {"type": "Point", "coordinates": [110.419385, -7.783429]}, "properties": {"name": "Halte Jayakarta", "type": "Platform", "category": "mobilitas", "subcategory": "Halte Bus", "opening_hours": null, "operator": null, "osm_id": 3631487215}}, {"type": "Feature", "geometry": {"type": "Point", "coordinates": [110.43102, -7.783364]}, "properties": {"name": "Halte Maguwo Sambilegi", "type": "Platform", "category": "mobilitas", "subcategory": "Halte Bus", "opening_hours": null, "operator": null, "osm_id": 3631487224}}, {"type": "Feature", "geometry": {"type": "Point", "coordinates": [110.428331, -7.783541]}, "properties": {"name": "TPB Hyundai", "type": "Platform", "category": "mobilitas", "subcategory": "Halte Bus", "opening_hours": null, "operator": null, "osm_id": 3631487246}}, {"type": "Feature", "geometry": {"type": "Point", "coordinates": [110.423539, -7.764237]}, "properties": {"name": "TPB RRU Instiper 1", "type": "Platform", "category": "mobilitas", "subcategory": "Halte Bus", "opening_hours": null, "operator": null, "osm_id": 3632597199}}, {"type": "Feature", "geometry": {"type": "Point", "coordinates": [110.431148, -7.766512]}, "properties": {"name": "TPB SMK Tajem Ringroad", "type": "Platform", "category": "mobilitas", "subcategory": "Halte Bus", "opening_hours": null, "operator": null, "osm_id": 3632597239}}, {"type": "Feature", "geometry": {"type": "Point", "coordinates": [110.431521, -7.765633]}, "properties": {"name": "SMKN 1 Depok (Halte 2)", "type": "Platform", "category": "mobilitas", "subcategory": "Halte Bus", "opening_hours": null, "operator": null, "osm_id": 10703774897}}, {"type": "Feature", "geometry": {"type": "Point", "coordinates": [110.415501, -7.762671]}, "properties": {"name": "TPB Polsek Depok Timur", "type": "Platform", "category": "mobilitas", "subcategory": "Halte Bus", "opening_hours": null, "operator": null, "osm_id": 10704273449}}, {"type": "Feature", "geometry": {"type": "Point", "coordinates": [110.432993, -7.760777]}, "properties": {"name": "Pasar Stan", "type": "Platform", "category": "mobilitas", "subcategory": "Halte Bus", "opening_hours": null, "operator": null, "osm_id": 12551155382}}, {"type": "Feature", "geometry": {"type": "Point", "coordinates": [110.43604, -7.785101]}, "properties": {"name": "Maguwo", "type": "Stop Position", "category": "mobilitas", "subcategory": "Halte Bus", "opening_hours": null, "operator": null, "osm_id": 12150452037}}, {"type": "Feature", "geometry": {"type": "Point", "coordinates": [110.43571, -7.784484]}, "properties": {"name": "Bandara Adisutjipto", "type": "Bus Station", "category": "mobilitas", "subcategory": "Halte Bus", "opening_hours": null, "operator": null, "osm_id": 3631487196}}, {"type": "Feature", "geometry": {"type": "Point", "coordinates": [110.436916, -7.785094]}, "properties": {"name": "Maguwo", "type": "Station", "category": "mobilitas", "subcategory": "Stasiun", "opening_hours": null, "operator": "PT Kereta Commuter Indonesia", "osm_id": 11885868381}}, {"type": "Feature", "geometry": {"type": "Point", "coordinates": [110.329734, -7.833284]}, "properties": {"name": "Parking", "type": "Parking", "category": "mobilitas", "subcategory": "Parkir", "opening_hours": null, "operator": null, "osm_id": 3612128299}}, {"type": "Feature", "geometry": {"type": "Point", "coordinates": [110.331253, -7.83253]}, "properties": {"name": "Parking", "type": "Parking", "category": "mobilitas", "subcategory": "Parkir", "opening_hours": null, "operator": null, "osm_id": 3611956418}}, {"type": "Feature", "geometry": {"type": "Point", "coordinates": [110.330648, -7.83375]}, "properties": {"name": "Parking", "type": "Parking", "category": "mobilitas", "subcategory": "Parkir", "opening_hours": null, "operator": null, "osm_id": 3582862453}}, {"type": "Feature", "geometry": {"type": "Point", "coordinates": [110.329013, -7.826196]}, "properties": {"name": "Portabel Lapangan Kasihan 2", "type": "Platform", "category": "mobilitas", "subcategory": "Halte Bus", "opening_hours": null, "operator": null, "osm_id": 10702187480}}, {"type": "Feature", "geometry": {"type": "Point", "coordinates": [110.328092, -7.825013]}, "properties": {"name": "TPB Lap Kasihan", "type": "Platform", "category": "mobilitas", "subcategory": "Halte Bus", "opening_hours": null, "operator": null, "osm_id": 10702187481}}, {"type": "Feature", "geometry": {"type": "Point", "coordinates": [110.332514, -7.828827]}, "properties": {"name": "TPB Ponpes Hamatul Quran", "type": "Platform", "category": "mobilitas", "subcategory": "Halte Bus", "opening_hours": null, "operator": null, "osm_id": 10702227442}}, {"type": "Feature", "geometry": {"type": "Point", "coordinates": [110.331616, -7.828518]}, "properties": {"name": "TPB Simpang Diklat DIY", "type": "Platform", "category": "mobilitas", "subcategory": "Halte Bus", "opening_hours": null, "operator": null, "osm_id": 10702227443}}, {"type": "Feature", "geometry": {"type": "Point", "coordinates": [110.335774, -7.874819]}, "properties": {"name": "Halte SMP N 2 Bantul", "type": "Platform", "category": "mobilitas", "subcategory": "Halte Bus", "opening_hours": null, "operator": null, "osm_id": 10703102680}}, {"type": "Feature", "geometry": {"type": "Point", "coordinates": [110.434157, -7.742822]}, "properties": {"name": "SMA Budi Mulia Dua", "type": "Platform", "category": "mobilitas", "subcategory": "Halte Bus", "opening_hours": null, "operator": null, "osm_id": 10703725996}}, {"type": "Feature", "geometry": {"type": "Point", "coordinates": [110.433896, -7.755468]}, "properties": {"name": "KUA Depok (Timur)", "type": "Platform", "category": "mobilitas", "subcategory": "Halte Bus", "opening_hours": null, "operator": null, "osm_id": 10703765338}}, {"type": "Feature", "geometry": {"type": "Point", "coordinates": [110.433737, -7.75556]}, "properties": {"name": "KUA Depok (Barat)", "type": "Platform", "category": "mobilitas", "subcategory": "Halte Bus", "opening_hours": null, "operator": null, "osm_id": 10703765339}}, {"type": "Feature", "geometry": {"type": "Point", "coordinates": [110.434576, -7.750472]}, "properties": {"name": "MAN 2 Sleman (Halte 2)", "type": "Platform", "category": "mobilitas", "subcategory": "Halte Bus", "opening_hours": null, "operator": null, "osm_id": 10703765340}}, {"type": "Feature", "geometry": {"type": "Point", "coordinates": [110.434488, -7.750376]}, "properties": {"name": "MAN 2 Sleman", "type": "Platform", "category": "mobilitas", "subcategory": "Halte Bus", "opening_hours": null, "operator": null, "osm_id": 10703765341}}, {"type": "Feature", "geometry": {"type": "Point", "coordinates": [110.434874, -7.731262]}, "properties": {"name": "Kantor Desa Wedomartani (Halte 2)", "type": "Platform", "category": "mobilitas", "subcategory": "Halte Bus", "opening_hours": null, "operator": null, "osm_id": 10704223884}}, {"type": "Feature", "geometry": {"type": "Point", "coordinates": [110.438161, -7.722302]}, "properties": {"name": "Simpang Selomartani", "type": "Platform", "category": "mobilitas", "subcategory": "Halte Bus", "opening_hours": null, "operator": null, "osm_id": 12551155373}}, {"type": "Feature", "geometry": {"type": "Point", "coordinates": [110.438013, -7.722401]}, "properties": {"name": "Simpang Selomartani 2", "type": "Platform", "category": "mobilitas", "subcategory": "Halte Bus", "opening_hours": null, "operator": null, "osm_id": 12551155374}}, {"type": "Feature", "geometry": {"type": "Point", "coordinates": [110.434584, -7.735378]}, "properties": {"name": "Indomaret Pokoh Sambiroto", "type": "Platform", "category": "mobilitas", "subcategory": "Halte Bus", "opening_hours": null, "operator": null, "osm_id": 12551155377}}, {"type": "Feature", "geometry": {"type": "Point", "coordinates": [110.434659, -7.735646]}, "properties": {"name": "Indomaret Pokoh Sambiroto 2", "type": "Platform", "category": "mobilitas", "subcategory": "Halte Bus", "opening_hours": null, "operator": null, "osm_id": 12551155378}}, {"type": "Feature", "geometry": {"type": "Point", "coordinates": [110.432869, -7.760714]}, "properties": {"name": "SD N 1 Depok", "type": "Platform", "category": "mobilitas", "subcategory": "Halte Bus", "opening_hours": null, "operator": null, "osm_id": 12551155381}}, {"type": "Feature", "geometry": {"type": "Point", "coordinates": [110.367737, -7.82337]}, "properties": {"name": "TPB Jogokaryan Kimia Farma 1", "type": "Platform", "category": "mobilitas", "subcategory": "Halte Bus", "opening_hours": null, "operator": null, "osm_id": 6231412183}}, {"type": "Feature", "geometry": {"type": "Point", "coordinates": [110.373333, -7.824358]}, "properties": {"name": "TPB Pasar Telo 1", "type": "Platform", "category": "mobilitas", "subcategory": "Halte Bus", "opening_hours": null, "operator": null, "osm_id": 6618211986}}, {"type": "Feature", "geometry": {"type": "Point", "coordinates": [110.367873, -7.823272]}, "properties": {"name": "TPB Jogokaryan Kimia Farma 2", "type": "Platform", "category": "mobilitas", "subcategory": "Halte Bus", "opening_hours": null, "operator": null, "osm_id": 6231412182}}, {"type": "Feature", "geometry": {"type": "Point", "coordinates": [110.363628, -7.819818]}, "properties": {"name": "Parking", "type": "Parking", "category": "mobilitas", "subcategory": "Parkir", "opening_hours": null, "operator": null, "osm_id": 3487442239}}, {"type": "Feature", "geometry": {"type": "Point", "coordinates": [110.379897, -7.824862]}, "properties": {"name": "Halte Nitikan", "type": "Platform", "category": "mobilitas", "subcategory": "Halte Bus", "opening_hours": null, "operator": null, "osm_id": 3632597210}}, {"type": "Feature", "geometry": {"type": "Point", "coordinates": [110.37918, -7.824725]}, "properties": {"name": "TPB Sorogenen (Wirosaban)", "type": "Platform", "category": "mobilitas", "subcategory": "Halte Bus", "opening_hours": null, "operator": null, "osm_id": 3632597211}}, {"type": "Feature", "geometry": {"type": "Point", "coordinates": [110.387064, -7.82538]}, "properties": {"name": "TPB Tegal Turi 1", "type": "Platform", "category": "mobilitas", "subcategory": "Halte Bus", "opening_hours": null, "operator": null, "osm_id": 3632597217}}, {"type": "Feature", "geometry": {"type": "Point", "coordinates": [110.386804, -7.82542]}, "properties": {"name": "TPB Tegal Turi 2", "type": "Platform", "category": "mobilitas", "subcategory": "Halte Bus", "opening_hours": null, "operator": null, "osm_id": 3632597219}}, {"type": "Feature", "geometry": {"type": "Point", "coordinates": [110.376463, -7.81976]}, "properties": {"name": "TPB UNU Yogyakarta", "type": "Platform", "category": "mobilitas", "subcategory": "Halte Bus", "opening_hours": null, "operator": null, "osm_id": 10703750344}}, {"type": "Feature", "geometry": {"type": "Point", "coordinates": [110.377674, -7.822833]}, "properties": {"name": "TPB Widya Wiwaha 1", "type": "Platform", "category": "mobilitas", "subcategory": "Halte Bus", "opening_hours": null, "operator": null, "osm_id": 10703750345}}, {"type": "Feature", "geometry": {"type": "Point", "coordinates": [110.377528, -7.822643]}, "properties": {"name": "TPB Widya Wiwaha 2", "type": "Platform", "category": "mobilitas", "subcategory": "Halte Bus", "opening_hours": null, "operator": null, "osm_id": 10703750346}}, {"type": "Feature", "geometry": {"type": "Point", "coordinates": [110.373862, -7.82997]}, "properties": {"name": "Randubelang (Timur)", "type": "Platform", "category": "mobilitas", "subcategory": "Halte Bus", "opening_hours": null, "operator": null, "osm_id": 13073418726}}, {"type": "Feature", "geometry": {"type": "Point", "coordinates": [110.373883, -7.830961]}, "properties": {"name": "Randubelang (Barat)", "type": "Platform", "category": "mobilitas", "subcategory": "Halte Bus", "opening_hours": null, "operator": null, "osm_id": 13073418727}}, {"type": "Feature", "geometry": {"type": "Point", "coordinates": [110.382991, -7.835227]}, "properties": {"name": "TPB UAD Ringroad Selatan 2", "type": "Platform", "category": "mobilitas", "subcategory": "Halte Bus", "opening_hours": null, "operator": null, "osm_id": 10706293419}}, {"type": "Feature", "geometry": {"type": "Point", "coordinates": [110.367652, -7.777377]}, "properties": {"name": "Halte AM Sangaji 1", "type": "Platform", "category": "mobilitas", "subcategory": "Halte Bus", "opening_hours": null, "operator": null, "osm_id": 3626843425}}, {"type": "Feature", "geometry": {"type": "Point", "coordinates": [110.369077, -7.764411]}, "properties": {"name": "TPB Karangjati (AM Sangaji)", "type": "Platform", "category": "mobilitas", "subcategory": "Halte Bus", "opening_hours": null, "operator": null, "osm_id": 3626843427}}, {"type": "Feature", "geometry": {"type": "Point", "coordinates": [110.366794, -7.777852]}, "properties": {"name": "TPB Wolter Monginsidi", "type": "Platform", "category": "mobilitas", "subcategory": "Halte Bus", "opening_hours": null, "operator": null, "osm_id": 3626843429}}, {"type": "Feature", "geometry": {"type": "Point", "coordinates": [110.374304, -7.767771]}, "properties": {"name": "Halte RS Sardjito (Timur)", "type": "Platform", "category": "mobilitas", "subcategory": "Halte Bus", "opening_hours": null, "operator": null, "osm_id": 3632596977}}, {"type": "Feature", "geometry": {"type": "Point", "coordinates": [110.374211, -7.767806]}, "properties": {"name": "RS Sardjito", "type": "Bus Station", "category": "mobilitas", "subcategory": "Halte Bus", "opening_hours": null, "operator": null, "osm_id": 3632596978}}, {"type": "Feature", "geometry": {"type": "Point", "coordinates": [110.374947, -7.774487]}, "properties": {"name": "Halte Vokasi UGM", "type": "Platform", "category": "mobilitas", "subcategory": "Halte Bus", "opening_hours": null, "operator": null, "osm_id": 3632596981}}, {"type": "Feature", "geometry": {"type": "Point", "coordinates": [110.375219, -7.771355]}, "properties": {"name": "TPB Fak. Peternakan UGM", "type": "Platform", "category": "mobilitas", "subcategory": "Halte Bus", "opening_hours": null, "operator": null, "osm_id": 3632597226}}, {"type": "Feature", "geometry": {"type": "Point", "coordinates": [110.375745, -7.777552]}, "properties": {"name": "TPB SMPN 1 Yogyakarta", "type": "Platform", "category": "mobilitas", "subcategory": "Halte Bus", "opening_hours": null, "operator": null, "osm_id": 10700986338}}, {"type": "Feature", "geometry": {"type": "Point", "coordinates": [110.366887, -7.778035]}, "properties": {"name": "TPB SMP N 6 Yogyakarta", "type": "Platform", "category": "mobilitas", "subcategory": "Halte Bus", "opening_hours": null, "operator": null, "osm_id": 10720391536}}, {"type": "Feature", "geometry": {"type": "Point", "coordinates": [110.369245, -7.76415]}, "properties": {"name": "TPB Karangjati 2 (AM Sangaji)", "type": "Platform", "category": "mobilitas", "subcategory": "Halte Bus", "opening_hours": null, "operator": null, "osm_id": 10720391537}}, {"type": "Feature", "geometry": {"type": "Point", "coordinates": [110.368422, -7.770556]}, "properties": {"name": "Batas Kota Jl. Monjali (Barat)", "type": "Platform", "category": "mobilitas", "subcategory": "Halte Bus", "opening_hours": null, "operator": null, "osm_id": 13120470818}}, {"type": "Feature", "geometry": {"type": "Point", "coordinates": [110.368543, -7.770507]}, "properties": {"name": "Batas Kota Jl. Monjali (Timur)", "type": "Platform", "category": "mobilitas", "subcategory": "Halte Bus", "opening_hours": null, "operator": null, "osm_id": 13120470819}}, {"type": "Feature", "geometry": {"type": "Point", "coordinates": [110.373933, -7.777159]}, "properties": {"name": "MAN 1 Yogyakarta", "type": "Platform", "category": "mobilitas", "subcategory": "Halte Bus", "opening_hours": null, "operator": null, "osm_id": 13389853366}}, {"type": "Feature", "geometry": {"type": "Point", "coordinates": [110.374737, -7.776021]}, "properties": {"name": "Parking", "type": "Parking", "category": "mobilitas", "subcategory": "Parkir", "opening_hours": null, "operator": null, "osm_id": 13398137528}}, {"type": "Feature", "geometry": {"type": "Point", "coordinates": [110.374986, -7.77454]}, "properties": {"name": "Vokasi UGM", "type": "Bus Station", "category": "mobilitas", "subcategory": "Halte Bus", "opening_hours": null, "operator": null, "osm_id": 13398137599}}, {"type": "Feature", "geometry": {"type": "Point", "coordinates": [110.377169, -7.769663]}, "properties": {"name": "Halte GSP", "type": "Platform", "category": "mobilitas", "subcategory": "Halte Bus", "opening_hours": null, "operator": "Direktorat Aset UGM", "osm_id": 13405247158}}, {"type": "Feature", "geometry": {"type": "Point", "coordinates": [110.376051, -7.767705]}, "properties": {"name": "Halte F. MIPA", "type": "Platform", "category": "mobilitas", "subcategory": "Halte Bus", "opening_hours": null, "operator": "Direktorat Aset UGM", "osm_id": 13411759852}}, {"type": "Feature", "geometry": {"type": "Point", "coordinates": [110.376013, -7.765456]}, "properties": {"name": "Halte F. Biologi", "type": "Platform", "category": "mobilitas", "subcategory": "Halte Bus", "opening_hours": null, "operator": "Direktorat Aset UGM", "osm_id": 13411759853}}, {"type": "Feature", "geometry": {"type": "Point", "coordinates": [110.373076, -7.771592]}, "properties": {"name": "Halte Fasilitas Kerohanian", "type": "Platform", "category": "mobilitas", "subcategory": "Halte Bus", "opening_hours": null, "operator": "Direktorat Aset UGM", "osm_id": 13411759856}}, {"type": "Feature", "geometry": {"type": "Point", "coordinates": [110.373993, -7.766232]}, "properties": {"name": "Halte F. Teknik", "type": "Platform", "category": "mobilitas", "subcategory": "Halte Bus", "opening_hours": null, "operator": "Direktorat Aset UGM", "osm_id": 13411759857}}, {"type": "Feature", "geometry": {"type": "Point", "coordinates": [110.37517, -7.781181]}, "properties": {"name": "Halte RS dr. Yap", "type": "Platform", "category": "mobilitas", "subcategory": "Halte Bus", "opening_hours": null, "operator": null, "osm_id": 3625644277}}, {"type": "Feature", "geometry": {"type": "Point", "coordinates": [110.375207, -7.781211]}, "properties": {"name": "RS dr. Yap", "type": "Bus Station", "category": "mobilitas", "subcategory": "Halte Bus", "opening_hours": null, "operator": null, "osm_id": 3625644278}}, {"type": "Feature", "geometry": {"type": "Point", "coordinates": [110.37799, -7.783073]}, "properties": {"name": "Halte Bethesda", "type": "Platform", "category": "mobilitas", "subcategory": "Halte Bus", "opening_hours": null, "operator": null, "osm_id": 3628566587}}, {"type": "Feature", "geometry": {"type": "Point", "coordinates": [110.369548, -7.783037]}, "properties": {"name": "Halte Jl. Jend. Sudirman (S)", "type": "Platform", "category": "mobilitas", "subcategory": "Halte Bus", "opening_hours": null, "operator": null, "osm_id": 3631487238}}, {"type": "Feature", "geometry": {"type": "Point", "coordinates": [110.375936, -7.782172]}, "properties": {"name": "Parking", "type": "Parking", "category": "mobilitas", "subcategory": "Parkir", "opening_hours": null, "operator": null, "osm_id": 9696678528}}, {"type": "Feature", "geometry": {"type": "Point", "coordinates": [110.37573, -7.782639]}, "properties": {"name": "Parking", "type": "Parking", "category": "mobilitas", "subcategory": "Parkir", "opening_hours": null, "operator": null, "osm_id": 9696683573}}, {"type": "Feature", "geometry": {"type": "Point", "coordinates": [110.375946, -7.782367]}, "properties": {"name": "Parking", "type": "Parking", "category": "mobilitas", "subcategory": "Parkir", "opening_hours": null, "operator": null, "osm_id": 9750683370}}, {"type": "Feature", "geometry": {"type": "Point", "coordinates": [110.3875, -7.777604]}, "properties": {"name": "Samirono", "type": "Bus Station", "category": "mobilitas", "subcategory": "Halte Bus", "opening_hours": null, "operator": null, "osm_id": 1439881147}}, {"type": "Feature", "geometry": {"type": "Point", "coordinates": [110.386376, -7.758124]}, "properties": {"name": "TPB RRU Manggung", "type": "Platform", "category": "mobilitas", "subcategory": "Halte Bus", "opening_hours": null, "operator": null, "osm_id": 3625610734}}, {"type": "Feature", "geometry": {"type": "Point", "coordinates": [110.38752, -7.777689]}, "properties": {"name": "Halte Jl. Colombo (Samirono)", "type": "Platform", "category": "mobilitas", "subcategory": "Halte Bus", "opening_hours": null, "operator": null, "osm_id": 3625644282}}, {"type": "Feature", "geometry": {"type": "Point", "coordinates": [110.38672, -7.777779]}, "properties": {"name": "UNY Colombo", "type": "Bus Station", "category": "mobilitas", "subcategory": "Halte Bus", "opening_hours": null, "operator": null, "osm_id": 3625644284}}, {"type": "Feature", "geometry": {"type": "Point", "coordinates": [110.389273, -7.775088]}, "properties": {"name": "Halte Sanata Dharma Gejayan (Realino)", "type": "Platform", "category": "mobilitas", "subcategory": "Halte Bus", "opening_hours": null, "operator": null, "osm_id": 10701012762}}, {"type": "Feature", "geometry": {"type": "Point", "coordinates": [110.388439, -7.779544]}, "properties": {"name": "TPB Pasar Demangan", "type": "Platform", "category": "mobilitas", "subcategory": "Halte Bus", "opening_hours": null, "operator": null, "osm_id": 13423892970}}, {"type": "Feature", "geometry": {"type": "Point", "coordinates": [110.388272, -7.779525]}, "properties": {"name": "TPB RRI Gejayan", "type": "Platform", "category": "mobilitas", "subcategory": "Halte Bus", "opening_hours": null, "operator": null, "osm_id": 13423892971}}, {"type": "Feature", "geometry": {"type": "Point", "coordinates": [110.390676, -7.769706]}, "properties": {"name": "Makam Santren", "type": "Platform", "category": "mobilitas", "subcategory": "Halte Bus", "opening_hours": null, "operator": null, "osm_id": 13531428326}}, {"type": "Feature", "geometry": {"type": "Point", "coordinates": [110.375951, -7.770212]}, "properties": {"name": "Parking", "type": "Parking", "category": "mobilitas", "subcategory": "Parkir", "opening_hours": null, "operator": null, "osm_id": 12211716196}}, {"type": "Feature", "geometry": {"type": "Point", "coordinates": [110.375897, -7.76733]}, "properties": {"name": "Parking", "type": "Parking", "category": "mobilitas", "subcategory": "Parkir", "opening_hours": null, "operator": null, "osm_id": 12178311334}}, {"type": "Feature", "geometry": {"type": "Point", "coordinates": [110.378209, -7.776179]}, "properties": {"name": "Panti Rapih", "type": "Bus Station", "category": "mobilitas", "subcategory": "Halte Bus", "opening_hours": null, "operator": null, "osm_id": 2738853965}}, {"type": "Feature", "geometry": {"type": "Point", "coordinates": [110.378191, -7.776236]}, "properties": {"name": "Halte Panti Rapih", "type": "Platform", "category": "mobilitas", "subcategory": "Halte Bus", "opening_hours": null, "operator": null, "osm_id": 3625644281}}, {"type": "Feature", "geometry": {"type": "Point", "coordinates": [110.375164, -7.774305]}, "properties": {"name": "Halte GIK UGM", "type": "Platform", "category": "mobilitas", "subcategory": "Halte Bus", "opening_hours": null, "operator": null, "osm_id": 3632596980}}, {"type": "Feature", "geometry": {"type": "Point", "coordinates": [110.375426, -7.771536]}, "properties": {"name": "TPB Fak. Kedokteran UGM", "type": "Platform", "category": "mobilitas", "subcategory": "Halte Bus", "opening_hours": null, "operator": null, "osm_id": 3632597225}}, {"type": "Feature", "geometry": {"type": "Point", "coordinates": [110.377116, -7.764962]}, "properties": {"name": "TPB MM EP UGM", "type": "Platform", "category": "mobilitas", "subcategory": "Halte Bus", "opening_hours": null, "operator": null, "osm_id": 3632597237}}, {"type": "Feature", "geometry": {"type": "Point", "coordinates": [110.374269, -7.767767]}, "properties": {"name": "RS Sardjito", "type": "Bus Station", "category": "mobilitas", "subcategory": "Halte Bus", "opening_hours": null, "operator": null, "osm_id": 5610698047}}, {"type": "Feature", "geometry": {"type": "Point", "coordinates": [110.375866, -7.777881]}, "properties": {"name": "TPB Panti Rapih", "type": "Platform", "category": "mobilitas", "subcategory": "Halte Bus", "opening_hours": null, "operator": null, "osm_id": 10700986337}}, {"type": "Feature", "geometry": {"type": "Point", "coordinates": [110.374182, -7.767782]}, "properties": {"name": "Halte RS Sardjito (Barat)", "type": "Platform", "category": "mobilitas", "subcategory": "Halte Bus", "opening_hours": null, "operator": null, "osm_id": 10719232795}}, {"type": "Feature", "geometry": {"type": "Point", "coordinates": [110.374598, -7.775809]}, "properties": {"name": "Parking", "type": "Parking", "category": "mobilitas", "subcategory": "Parkir", "opening_hours": null, "operator": null, "osm_id": 13398137526}}, {"type": "Feature", "geometry": {"type": "Point", "coordinates": [110.375078, -7.774319]}, "properties": {"name": "GIK UGM", "type": "Bus Station", "category": "mobilitas", "subcategory": "Halte Bus", "opening_hours": null, "operator": null, "osm_id": 13398137600}}, {"type": "Feature", "geometry": {"type": "Point", "coordinates": [110.377642, -7.772192]}, "properties": {"name": "Halte University Club", "type": "Platform", "category": "mobilitas", "subcategory": "Halte Bus", "opening_hours": null, "operator": "Direktorat Aset UGM", "osm_id": 13405247159}}, {"type": "Feature", "geometry": {"type": "Point", "coordinates": [110.379634, -7.770061]}, "properties": {"name": "Parking", "type": "Parking", "category": "mobilitas", "subcategory": "Parkir", "opening_hours": null, "operator": null, "osm_id": 13408874956}}, {"type": "Feature", "geometry": {"type": "Point", "coordinates": [110.381049, -7.769437]}, "properties": {"name": "Halte F. Pertanian", "type": "Platform", "category": "mobilitas", "subcategory": "Halte Bus", "opening_hours": null, "operator": "Direktorat Aset UGM", "osm_id": 13409570121}}, {"type": "Feature", "geometry": {"type": "Point", "coordinates": [110.381554, -7.770319]}, "properties": {"name": "Halte Wisdom Park", "type": "Platform", "category": "mobilitas", "subcategory": "Halte Bus", "opening_hours": null, "operator": "Direktorat Aset UGM", "osm_id": 13409570122}}, {"type": "Feature", "geometry": {"type": "Point", "coordinates": [110.379507, -7.771445]}, "properties": {"name": "Halte F. Ilmu Budaya", "type": "Platform", "category": "mobilitas", "subcategory": "Halte Bus", "opening_hours": null, "operator": "Direktorat Aset UGM", "osm_id": 13409570123}}, {"type": "Feature", "geometry": {"type": "Point", "coordinates": [110.375751, -7.770321]}, "properties": {"name": "Halte Jalan Medika", "type": "Platform", "category": "mobilitas", "subcategory": "Halte Bus", "opening_hours": null, "operator": "Direktorat Aset UGM", "osm_id": 13411731678}}, {"type": "Feature", "geometry": {"type": "Point", "coordinates": [110.374079, -7.772331]}, "properties": {"name": "Halte Jalan Kemuning", "type": "Platform", "category": "mobilitas", "subcategory": "Halte Bus", "opening_hours": null, "operator": "Direktorat Aset UGM", "osm_id": 13411759854}}, {"type": "Feature", "geometry": {"type": "Point", "coordinates": [110.373787, -7.767539]}, "properties": {"name": "Parking", "type": "Parking", "category": "mobilitas", "subcategory": "Parkir", "opening_hours": null, "operator": null, "osm_id": 13418537759}}, {"type": "Feature", "geometry": {"type": "Point", "coordinates": [110.376867, -7.777559]}, "properties": {"name": "Parking", "type": "Parking", "category": "mobilitas", "subcategory": "Parkir", "opening_hours": null, "operator": null, "osm_id": 13596243315}}, {"type": "Feature", "geometry": {"type": "Point", "coordinates": [110.401255, -7.724269]}, "properties": {"name": "Halte TK Bias Kaliurang", "type": "Platform", "category": "mobilitas", "subcategory": "Halte Bus", "opening_hours": null, "operator": null, "osm_id": 10703733084}}, {"type": "Feature", "geometry": {"type": "Point", "coordinates": [110.416928, -7.751887]}, "properties": {"name": "Parking", "type": "Parking", "category": "mobilitas", "subcategory": "Parkir", "opening_hours": null, "operator": null, "osm_id": 3832166380}}, {"type": "Feature", "geometry": {"type": "Point", "coordinates": [110.395817, -7.756691]}, "properties": {"name": "Terminal Condong Catur", "type": "Platform", "category": "mobilitas", "subcategory": "Halte Bus", "opening_hours": null, "operator": null, "osm_id": 3625610732}}, {"type": "Feature", "geometry": {"type": "Point", "coordinates": [110.399479, -7.758291]}, "properties": {"name": "Halte Pakuwon Mall Jogja", "type": "Platform", "category": "mobilitas", "subcategory": "Halte Bus", "opening_hours": null, "operator": null, "osm_id": 9833083225}}, {"type": "Feature", "geometry": {"type": "Point", "coordinates": [110.39933, -7.757979]}, "properties": {"name": "TPB Pakuwon Mall 2", "type": "Platform", "category": "mobilitas", "subcategory": "Halte Bus", "opening_hours": null, "operator": null, "osm_id": 10700984785}}, {"type": "Feature", "geometry": {"type": "Point", "coordinates": [110.399481, -7.758239]}, "properties": {"name": "Pakuwon Mall Jogja", "type": "Bus Station", "category": "mobilitas", "subcategory": "Halte Bus", "opening_hours": null, "operator": null, "osm_id": 13114928013}}, {"type": "Feature", "geometry": {"type": "Point", "coordinates": [110.399331, -7.758007]}, "properties": {"name": "Pakuwon Mall 2", "type": "Bus Station", "category": "mobilitas", "subcategory": "Halte Bus", "opening_hours": null, "operator": null, "osm_id": 13114928016}}, {"type": "Feature", "geometry": {"type": "Point", "coordinates": [110.36917, -7.808651]}, "properties": {"name": "Halte Katamso 1", "type": "Platform", "category": "mobilitas", "subcategory": "Halte Bus", "opening_hours": null, "operator": null, "osm_id": 3626519555}}, {"type": "Feature", "geometry": {"type": "Point", "coordinates": [110.369163, -7.802697]}, "properties": {"name": "Halte Katamso 2", "type": "Platform", "category": "mobilitas", "subcategory": "Halte Bus", "opening_hours": null, "operator": null, "osm_id": 3626519557}}, {"type": "Feature", "geometry": {"type": "Point", "coordinates": [110.367029, -7.801544]}, "properties": {"name": "Halte Senopati 1", "type": "Platform", "category": "mobilitas", "subcategory": "Halte Bus", "opening_hours": null, "operator": null, "osm_id": 3626519568}}, {"type": "Feature", "geometry": {"type": "Point", "coordinates": [110.370074, -7.814834]}, "properties": {"name": "Halte Kol.Sugiono 1 (Pujokusuman)", "type": "Platform", "category": "mobilitas", "subcategory": "Halte Bus", "opening_hours": null, "operator": null, "osm_id": 3626519571}}, {"type": "Feature", "geometry": {"type": "Point", "coordinates": [110.371752, -7.815156]}, "properties": {"name": "Halte Sugiono 2", "type": "Platform", "category": "mobilitas", "subcategory": "Halte Bus", "opening_hours": null, "operator": null, "osm_id": 3626519574}}, {"type": "Feature", "geometry": {"type": "Point", "coordinates": [110.369078, -7.808176]}, "properties": {"name": "TPB Purawisata", "type": "Platform", "category": "mobilitas", "subcategory": "Halte Bus", "opening_hours": null, "operator": "transjogja", "osm_id": 3626519584}}, {"type": "Feature", "geometry": {"type": "Point", "coordinates": [110.368744, -7.801778]}, "properties": {"name": "Parkir Bus Wisata", "type": "Bus Station", "category": "mobilitas", "subcategory": "Halte Bus", "opening_hours": null, "operator": null, "osm_id": 3630425830}}, {"type": "Feature", "geometry": {"type": "Point", "coordinates": [110.364264, -7.814279]}, "properties": {"name": "Portable Jl. Mayjen Sutoyo (Pasar Gading)", "type": "Platform", "category": "mobilitas", "subcategory": "Halte Bus", "opening_hours": null, "operator": null, "osm_id": 6231456948}}, {"type": "Feature", "geometry": {"type": "Point", "coordinates": [110.363961, -7.814132]}, "properties": {"name": "TPB Jl. Mayjen Sutoyo (Plengkung Gading)", "type": "Platform", "category": "mobilitas", "subcategory": "Halte Bus", "opening_hours": null, "operator": null, "osm_id": 6283990463}}, {"type": "Feature", "geometry": {"type": "Point", "coordinates": [110.369281, -7.799253]}, "properties": {"name": "TPB Jl. Mayor Suryotomo 1", "type": "Platform", "category": "mobilitas", "subcategory": "Halte Bus", "opening_hours": null, "operator": null, "osm_id": 10701103600}}, {"type": "Feature", "geometry": {"type": "Point", "coordinates": [110.365004, -7.802843]}, "properties": {"name": "Parking", "type": "Parking", "category": "mobilitas", "subcategory": "Parkir", "opening_hours": null, "operator": null, "osm_id": 10824378922}}, {"type": "Feature", "geometry": {"type": "Point", "coordinates": [110.366999, -7.801649]}, "properties": {"name": "Parkir Bis Malioboro", "type": "Parking", "category": "mobilitas", "subcategory": "Parkir", "opening_hours": null, "operator": null, "osm_id": 11554871490}}, {"type": "Feature", "geometry": {"type": "Point", "coordinates": [110.368902, -7.811984]}, "properties": {"name": "SDN Kintelan", "type": "Platform", "category": "mobilitas", "subcategory": "Halte Bus", "opening_hours": null, "operator": null, "osm_id": 12624614401}}, {"type": "Feature", "geometry": {"type": "Point", "coordinates": [110.369314, -7.798009]}, "properties": {"name": "Progo", "type": "Platform", "category": "mobilitas", "subcategory": "Halte Bus", "opening_hours": null, "operator": null, "osm_id": 13389853363}}, {"type": "Feature", "geometry": {"type": "Point", "coordinates": [110.367596, -7.797534]}, "properties": {"name": "Parkir Ketandan area malioboro", "type": "Parking", "category": "mobilitas", "subcategory": "Parkir", "opening_hours": null, "operator": "Jl. ketandan wetan yogja", "osm_id": 13728748301}}, {"type": "Feature", "geometry": {"type": "Point", "coordinates": [110.360176, -7.801234]}, "properties": {"name": "Halte KHA Dahlan 1", "type": "Platform", "category": "mobilitas", "subcategory": "Halte Bus", "opening_hours": null, "operator": null, "osm_id": 3626519552}}, {"type": "Feature", "geometry": {"type": "Point", "coordinates": [110.360625, -7.80118]}, "properties": {"name": "Halte KHA Dahlan 2", "type": "Platform", "category": "mobilitas", "subcategory": "Halte Bus", "opening_hours": null, "operator": null, "osm_id": 3626519553}}, {"type": "Feature", "geometry": {"type": "Point", "coordinates": [110.356314, -7.803641]}, "properties": {"name": "Terminal Ngabean", "type": "Platform", "category": "mobilitas", "subcategory": "Halte Bus", "opening_hours": null, "operator": null, "osm_id": 3626519560}}, {"type": "Feature", "geometry": {"type": "Point", "coordinates": [110.352073, -7.799354]}, "properties": {"name": "Halte Cokroaminoto SMA 1", "type": "Platform", "category": "mobilitas", "subcategory": "Halte Bus", "opening_hours": null, "operator": null, "osm_id": 3626532779}}, {"type": "Feature", "geometry": {"type": "Point", "coordinates": [110.357283, -7.813217]}, "properties": {"name": "TPB MT Haryono 1 (Jokteng Kulon)", "type": "Platform", "category": "mobilitas", "subcategory": "Halte Bus", "opening_hours": null, "operator": null, "osm_id": 3632596987}}, {"type": "Feature", "geometry": {"type": "Point", "coordinates": [110.358118, -7.813418]}, "properties": {"name": "Halte MT Haryono 2 (SMA N 7)", "type": "Platform", "category": "mobilitas", "subcategory": "Halte Bus", "opening_hours": null, "operator": null, "osm_id": 3632596990}}, {"type": "Feature", "geometry": {"type": "Point", "coordinates": [110.356008, -7.80794]}, "properties": {"name": "Portabel Tejokusuman (Tamansari)", "type": "Platform", "category": "mobilitas", "subcategory": "Halte Bus", "opening_hours": null, "operator": null, "osm_id": 3632597221}}, {"type": "Feature", "geometry": {"type": "Point", "coordinates": [110.354217, -7.801093]}, "properties": {"name": "TPB Pasar Serangan", "type": "Platform", "category": "mobilitas", "subcategory": "Halte Bus", "opening_hours": null, "operator": null, "osm_id": 10702111898}}, {"type": "Feature", "geometry": {"type": "Point", "coordinates": [110.35226, -7.808129]}, "properties": {"name": "TPB Jl. Letjen S. Parman", "type": "Platform", "category": "mobilitas", "subcategory": "Halte Bus", "opening_hours": null, "operator": null, "osm_id": 10703209750}}, {"type": "Feature", "geometry": {"type": "Point", "coordinates": [110.351041, -7.807859]}, "properties": {"name": "TPB Muallimin", "type": "Platform", "category": "mobilitas", "subcategory": "Halte Bus", "opening_hours": null, "operator": null, "osm_id": 10703209751}}, {"type": "Feature", "geometry": {"type": "Point", "coordinates": [110.348748, -7.815414]}, "properties": {"name": "TPB SMK Seni 2", "type": "Platform", "category": "mobilitas", "subcategory": "Halte Bus", "opening_hours": null, "operator": null, "osm_id": 10703247908}}, {"type": "Feature", "geometry": {"type": "Point", "coordinates": [110.349049, -7.814416]}, "properties": {"name": "TPB SMK Seni 1", "type": "Platform", "category": "mobilitas", "subcategory": "Halte Bus", "opening_hours": null, "operator": null, "osm_id": 10703247909}}, {"type": "Feature", "geometry": {"type": "Point", "coordinates": [110.349632, -7.810816]}, "properties": {"name": "TPB RS Bersalin Fajar", "type": "Platform", "category": "mobilitas", "subcategory": "Halte Bus", "opening_hours": null, "operator": null, "osm_id": 10703247910}}, {"type": "Feature", "geometry": {"type": "Point", "coordinates": [110.350162, -7.809172]}, "properties": {"name": "TPB Pasar Legi", "type": "Platform", "category": "mobilitas", "subcategory": "Halte Bus", "opening_hours": null, "operator": null, "osm_id": 10703247911}}, {"type": "Feature", "geometry": {"type": "Point", "coordinates": [110.351467, -7.802936]}, "properties": {"name": "TPB SMP Muhammadiyah 3", "type": "Platform", "category": "mobilitas", "subcategory": "Halte Bus", "opening_hours": null, "operator": null, "osm_id": 12500766390}}, {"type": "Feature", "geometry": {"type": "Point", "coordinates": [110.350513, -7.806714]}, "properties": {"name": "TPB SMA Muhammadiyah 3", "type": "Platform", "category": "mobilitas", "subcategory": "Halte Bus", "opening_hours": null, "operator": null, "osm_id": 12500766391}}, {"type": "Feature", "geometry": {"type": "Point", "coordinates": [110.356048, -7.80995]}, "properties": {"name": "Portable Tamansari", "type": "Platform", "category": "mobilitas", "subcategory": "Halte Bus", "opening_hours": null, "operator": null, "osm_id": 12522609351}}, {"type": "Feature", "geometry": {"type": "Point", "coordinates": [110.352307, -7.799018]}, "properties": {"name": "Halte SMA 1 Yogyakarta", "type": "Platform", "category": "mobilitas", "subcategory": "Halte Bus", "opening_hours": null, "operator": null, "osm_id": 12550236263}}, {"type": "Feature", "geometry": {"type": "Point", "coordinates": [110.356524, -7.797859]}, "properties": {"name": "KS Tubun", "type": "Platform", "category": "mobilitas", "subcategory": "Halte Bus", "opening_hours": null, "operator": null, "osm_id": 12624543498}}, {"type": "Feature", "geometry": {"type": "Point", "coordinates": [110.351572, -7.801774]}, "properties": {"name": "TPB Wirobrajan 1", "type": "Platform", "category": "mobilitas", "subcategory": "Halte Bus", "opening_hours": null, "operator": null, "osm_id": 12805261050}}, {"type": "Feature", "geometry": {"type": "Point", "coordinates": [110.353207, -7.801018]}, "properties": {"name": "TPB RE Martadinata", "type": "Platform", "category": "mobilitas", "subcategory": "Halte Bus", "opening_hours": null, "operator": null, "osm_id": 13015082950}}, {"type": "Feature", "geometry": {"type": "Point", "coordinates": [110.348212, -7.818368]}, "properties": {"name": "SMAN 1 Kasihan (Barat)", "type": "Platform", "category": "mobilitas", "subcategory": "Halte Bus", "opening_hours": null, "operator": null, "osm_id": 13120470826}}, {"type": "Feature", "geometry": {"type": "Point", "coordinates": [110.348269, -7.818416]}, "properties": {"name": "SMAN 1 Kasihan (Timur)", "type": "Platform", "category": "mobilitas", "subcategory": "Halte Bus", "opening_hours": null, "operator": null, "osm_id": 13120470827}}, {"type": "Feature", "geometry": {"type": "Point", "coordinates": [110.350782, -7.806281]}, "properties": {"name": "GKJ Wirobrajan (Timur)", "type": "Platform", "category": "mobilitas", "subcategory": "Halte Bus", "opening_hours": null, "operator": null, "osm_id": 13389853364}}, {"type": "Feature", "geometry": {"type": "Point", "coordinates": [110.35583, -7.816797]}, "properties": {"name": "FIP UNY", "type": "Platform", "category": "mobilitas", "subcategory": "Halte Bus", "opening_hours": null, "operator": null, "osm_id": 10703155458}}, {"type": "Feature", "geometry": {"type": "Point", "coordinates": [110.373649, -7.790402]}, "properties": {"name": "Halte Lempuyangan Gudang (Utara)", "type": "Platform", "category": "mobilitas", "subcategory": "Halte Bus", "opening_hours": null, "operator": null, "osm_id": 10700942966}}, {"type": "Feature", "geometry": {"type": "Point", "coordinates": [110.367545, -7.791791]}, "properties": {"name": "Portabel Teras Malioboro", "type": "Platform", "category": "mobilitas", "subcategory": "Halte Bus", "opening_hours": null, "operator": null, "osm_id": 10701058399}}, {"type": "Feature", "geometry": {"type": "Point", "coordinates": [110.372812, -7.794569]}, "properties": {"name": "TPB Hayam Wuruk 2", "type": "Platform", "category": "mobilitas", "subcategory": "Halte Bus", "opening_hours": null, "operator": null, "osm_id": 10701251074}}, {"type": "Feature", "geometry": {"type": "Point", "coordinates": [110.367988, -7.7942]}, "properties": {"name": "Halte Kepatihan (Jl. Mataram)", "type": "Platform", "category": "mobilitas", "subcategory": "Halte Bus", "opening_hours": null, "operator": null, "osm_id": 12504192868}}, {"type": "Feature", "geometry": {"type": "Point", "coordinates": [110.373437, -7.792413]}, "properties": {"name": "TPB Pasar Lempuyangan", "type": "Platform", "category": "mobilitas", "subcategory": "Halte Bus", "opening_hours": null, "operator": null, "osm_id": 13563613871}}, {"type": "Feature", "geometry": {"type": "Point", "coordinates": [110.364254, -7.789476]}, "properties": {"name": "Yogyakarta", "type": "Stop Position", "category": "mobilitas", "subcategory": "Halte Bus", "opening_hours": null, "operator": null, "osm_id": 1262692640}}, {"type": "Feature", "geometry": {"type": "Point", "coordinates": [110.366079, -7.790828]}, "properties": {"name": "Malioboro 1", "type": "Bus Station", "category": "mobilitas", "subcategory": "Halte Bus", "opening_hours": null, "operator": null, "osm_id": 3628566582}}, {"type": "Feature", "geometry": {"type": "Point", "coordinates": [110.366126, -7.790807]}, "properties": {"name": "Halte Malioboro 1", "type": "Platform", "category": "mobilitas", "subcategory": "Halte Bus", "opening_hours": null, "operator": null, "osm_id": 3628566583}}, {"type": "Feature", "geometry": {"type": "Point", "coordinates": [110.361581, -7.792077]}, "properties": {"name": "Sosrowijayan", "type": "Platform", "category": "mobilitas", "subcategory": "Halte Bus", "opening_hours": null, "operator": null, "osm_id": 6231456946}}, {"type": "Feature", "geometry": {"type": "Point", "coordinates": [110.361813, -7.796018]}, "properties": {"name": "Pasar Pathuk", "type": "Platform", "category": "mobilitas", "subcategory": "Halte Bus", "opening_hours": null, "operator": null, "osm_id": 6231456947}}, {"type": "Feature", "geometry": {"type": "Point", "coordinates": [110.363244, -7.790068]}, "properties": {"name": "Abadi Hotel Jogja", "type": "Platform", "category": "mobilitas", "subcategory": "Halte Bus", "opening_hours": null, "operator": null, "osm_id": 12550236261}}, {"type": "Feature", "geometry": {"type": "Point", "coordinates": [110.364212, -7.797317]}, "properties": {"name": "Parkir Area Malioboro", "type": "Parking", "category": "mobilitas", "subcategory": "Parkir", "opening_hours": null, "operator": "Dinas Perhubungan", "osm_id": 13728742601}}, {"type": "Feature", "geometry": {"type": "Point", "coordinates": [110.615128, -7.813269]}, "properties": {"name": "Green Village Gendongsari", "type": "Parking", "category": "mobilitas", "subcategory": "Parkir", "opening_hours": null, "operator": null, "osm_id": 9574658358}}, {"type": "Feature", "geometry": {"type": "Point", "coordinates": [110.36086, -7.780366]}, "properties": {"name": "TPB Hotel Utara Kota", "type": "Platform", "category": "mobilitas", "subcategory": "Halte Bus", "opening_hours": null, "operator": null, "osm_id": 3626532789}}, {"type": "Feature", "geometry": {"type": "Point", "coordinates": [110.368007, -7.7758]}, "properties": {"name": "Halte A.M. Sangaji 2", "type": "Platform", "category": "mobilitas", "subcategory": "Halte Bus", "opening_hours": null, "operator": null, "osm_id": 3626843428}}, {"type": "Feature", "geometry": {"type": "Point", "coordinates": [110.367234, -7.781808]}, "properties": {"name": "TPB Pasar Kranggan Yogya", "type": "Platform", "category": "mobilitas", "subcategory": "Halte Bus", "opening_hours": null, "operator": null, "osm_id": 3628552774}}, {"type": "Feature", "geometry": {"type": "Point", "coordinates": [110.362548, -7.782927]}, "properties": {"name": "Halte Diponegoro", "type": "Platform", "category": "mobilitas", "subcategory": "Halte Bus", "opening_hours": null, "operator": null, "osm_id": 3632596976}}, {"type": "Feature", "geometry": {"type": "Point", "coordinates": [110.358723, -7.782673]}, "properties": {"name": "Pasar Pingit (Utara)", "type": "Platform", "category": "mobilitas", "subcategory": "Halte Bus", "opening_hours": null, "operator": null, "osm_id": 12500701639}}, {"type": "Feature", "geometry": {"type": "Point", "coordinates": [110.372548, -7.782113]}, "properties": {"name": "Halte PDIN C Simanjuntak", "type": "Platform", "category": "mobilitas", "subcategory": "Halte Bus", "opening_hours": null, "operator": null, "osm_id": 12976119415}}, {"type": "Feature", "geometry": {"type": "Point", "coordinates": [110.3612, -7.771701]}, "properties": {"name": "Karangwaru (Barat)", "type": "Platform", "category": "mobilitas", "subcategory": "Halte Bus", "opening_hours": null, "operator": null, "osm_id": 13120470817}}, {"type": "Feature", "geometry": {"type": "Point", "coordinates": [110.372511, -7.775785]}, "properties": {"name": "Fisipol UGM (Barat)", "type": "Platform", "category": "mobilitas", "subcategory": "Halte Bus", "opening_hours": null, "operator": null, "osm_id": 13120470822}}, {"type": "Feature", "geometry": {"type": "Point", "coordinates": [110.359057, -7.78288]}, "properties": {"name": "Pasar Pingit (Selatan)", "type": "Platform", "category": "mobilitas", "subcategory": "Halte Bus", "opening_hours": null, "operator": null, "osm_id": 13351152176}}, {"type": "Feature", "geometry": {"type": "Point", "coordinates": [110.372803, -7.773508]}, "properties": {"name": "Halte TILC", "type": "Platform", "category": "mobilitas", "subcategory": "Halte Bus", "opening_hours": null, "operator": "Direktorat Aset UGM", "osm_id": 13411759855}}, {"type": "Feature", "geometry": {"type": "Point", "coordinates": [110.368832, -7.782854]}, "properties": {"name": "Halte Jl. Jend. Sudirman (U)", "type": "Platform", "category": "mobilitas", "subcategory": "Halte Bus", "opening_hours": null, "operator": null, "osm_id": 3631487239}}, {"type": "Feature", "geometry": {"type": "Point", "coordinates": [110.365684, -7.782826]}, "properties": {"name": "Halte Pasar Kranggan", "type": "Platform", "category": "mobilitas", "subcategory": "Halte Bus", "opening_hours": null, "operator": null, "osm_id": 10719324012}}, {"type": "Feature", "geometry": {"type": "Point", "coordinates": [110.361349, -7.77229]}, "properties": {"name": "TPB Karangwaru (Polsek Tegalrejo)", "type": "Platform", "category": "mobilitas", "subcategory": "Halte Bus", "opening_hours": null, "operator": null, "osm_id": 10720386016}}, {"type": "Feature", "geometry": {"type": "Point", "coordinates": [110.360963, -7.780322]}, "properties": {"name": "Hotel Utara (Timur)", "type": "Platform", "category": "mobilitas", "subcategory": "Halte Bus", "opening_hours": null, "operator": null, "osm_id": 13108184984}}, {"type": "Feature", "geometry": {"type": "Point", "coordinates": [110.372585, -7.775831]}, "properties": {"name": "Fisipol UGM (Timur)", "type": "Platform", "category": "mobilitas", "subcategory": "Halte Bus", "opening_hours": null, "operator": null, "osm_id": 13120470823}}, {"type": "Feature", "geometry": {"type": "Point", "coordinates": [110.362218, -7.788958]}, "properties": {"name": "Yogyakarta", "type": "Stop Position", "category": "mobilitas", "subcategory": "Halte Bus", "opening_hours": null, "operator": null, "osm_id": 4986728062}}, {"type": "Feature", "geometry": {"type": "Point", "coordinates": [110.362307, -7.789427]}, "properties": {"name": "Yogyakarta", "type": "Stop Position", "category": "mobilitas", "subcategory": "Halte Bus", "opening_hours": null, "operator": null, "osm_id": 4986682550}}, {"type": "Feature", "geometry": {"type": "Point", "coordinates": [110.36231, -7.789373]}, "properties": {"name": "Yogyakarta", "type": "Stop Position", "category": "mobilitas", "subcategory": "Halte Bus", "opening_hours": null, "operator": null, "osm_id": 11885672577}}, {"type": "Feature", "geometry": {"type": "Point", "coordinates": [110.364684, -7.789214]}, "properties": {"name": "Yogyakarta", "type": "Stop Position", "category": "mobilitas", "subcategory": "Halte Bus", "opening_hours": null, "operator": null, "osm_id": 12149651160}}, {"type": "Feature", "geometry": {"type": "Point", "coordinates": [110.362211, -7.789011]}, "properties": {"name": "Yogyakarta", "type": "Stop Position", "category": "mobilitas", "subcategory": "Halte Bus", "opening_hours": null, "operator": null, "osm_id": 12149651176}}, {"type": "Feature", "geometry": {"type": "Point", "coordinates": [110.357968, -7.788032]}, "properties": {"name": "TPB Perpusda Samsat Kota Yogya", "type": "Platform", "category": "mobilitas", "subcategory": "Halte Bus", "opening_hours": null, "operator": null, "osm_id": 3626532791}}, {"type": "Feature", "geometry": {"type": "Point", "coordinates": [110.36648, -7.787663]}, "properties": {"name": "Mangkubumi 2", "type": "Bus Station", "category": "mobilitas", "subcategory": "Halte Bus", "opening_hours": null, "operator": null, "osm_id": 3628552772}}, {"type": "Feature", "geometry": {"type": "Point", "coordinates": [110.365528, -7.795218]}, "properties": {"name": "Malioboro 2", "type": "Bus Station", "category": "mobilitas", "subcategory": "Halte Bus", "opening_hours": null, "operator": null, "osm_id": 3628566584}}, {"type": "Feature", "geometry": {"type": "Point", "coordinates": [110.365582, -7.795193]}, "properties": {"name": "Halte Malioboro 2", "type": "Platform", "category": "mobilitas", "subcategory": "Halte Bus", "opening_hours": null, "operator": null, "osm_id": 3628566585}}, {"type": "Feature", "geometry": {"type": "Point", "coordinates": [110.372637, -7.795723]}, "properties": {"name": "Dinas Pendidikan Kota Yogyakarta", "type": "Platform", "category": "mobilitas", "subcategory": "Halte Bus", "opening_hours": null, "operator": null, "osm_id": 3633799355}}, {"type": "Feature", "geometry": {"type": "Point", "coordinates": [110.357504, -7.790878]}, "properties": {"name": "Letjen Suprapto", "type": "Platform", "category": "mobilitas", "subcategory": "Halte Bus", "opening_hours": null, "operator": null, "osm_id": 10701041828}}, {"type": "Feature", "geometry": {"type": "Point", "coordinates": [110.363465, -7.789239]}, "properties": {"name": "Yogyakarta", "type": "Station", "category": "mobilitas", "subcategory": "Stasiun", "opening_hours": null, "operator": "PT Kereta Api Indonesia", "osm_id": 12035065368}}, {"type": "Feature", "geometry": {"type": "Point", "coordinates": [110.356976, -7.79259]}, "properties": {"name": "SDN Gedongtengen", "type": "Platform", "category": "mobilitas", "subcategory": "Halte Bus", "opening_hours": null, "operator": null, "osm_id": 12624543497}}, {"type": "Feature", "geometry": {"type": "Point", "coordinates": [110.370082, -7.789254]}, "properties": {"name": "TPB Abu Bakar Ali", "type": "Platform", "category": "mobilitas", "subcategory": "Halte Bus", "opening_hours": null, "operator": null, "osm_id": 12916540088}}, {"type": "Feature", "geometry": {"type": "Point", "coordinates": [110.402613, -7.782627]}, "properties": {"name": "Parking", "type": "Parking", "category": "mobilitas", "subcategory": "Parkir", "opening_hours": null, "operator": null, "osm_id": 9787517527}}, {"type": "Feature", "geometry": {"type": "Point", "coordinates": [110.401771, -7.783348]}, "properties": {"name": "Halte Ambarrukmo Plaza 1", "type": "Platform", "category": "mobilitas", "subcategory": "Halte Bus", "opening_hours": null, "operator": null, "osm_id": 3631487217}}, {"type": "Feature", "geometry": {"type": "Point", "coordinates": [110.406032, -7.783111]}, "properties": {"name": "Parking", "type": "Parking", "category": "mobilitas", "subcategory": "Parkir", "opening_hours": null, "operator": null, "osm_id": 9725896640}}, {"type": "Feature", "geometry": {"type": "Point", "coordinates": [110.400933, -7.782259]}, "properties": {"name": "Parking", "type": "Parking", "category": "mobilitas", "subcategory": "Parkir", "opening_hours": null, "operator": null, "osm_id": 13083277612}}, {"type": "Feature", "geometry": {"type": "Point", "coordinates": [110.400957, -7.782411]}, "properties": {"name": "Parking", "type": "Parking", "category": "mobilitas", "subcategory": "Parkir", "opening_hours": null, "operator": null, "osm_id": 13083277617}}, {"type": "Feature", "geometry": {"type": "Point", "coordinates": [110.405991, -7.783019]}, "properties": {"name": "Parking", "type": "Parking", "category": "mobilitas", "subcategory": "Parkir", "opening_hours": null, "operator": null, "osm_id": 13285989802}}, {"type": "Feature", "geometry": {"type": "Point", "coordinates": [110.426845, -7.646348]}, "properties": {"name": "Parkir Bis Warga Ledok Sambi", "type": "Parking", "category": "mobilitas", "subcategory": "Parkir", "opening_hours": null, "operator": null, "osm_id": 11549934239}}, {"type": "Feature", "geometry": {"type": "Point", "coordinates": [110.431446, -7.592968]}, "properties": {"name": "Parking", "type": "Parking", "category": "mobilitas", "subcategory": "Parkir", "opening_hours": null, "operator": null, "osm_id": 4017400312}}, {"type": "Feature", "geometry": {"type": "Point", "coordinates": [110.425102, -7.703749]}, "properties": {"name": "Kantor Kalurahan Sukoharjo", "type": "Platform", "category": "mobilitas", "subcategory": "Halte Bus", "opening_hours": null, "operator": null, "osm_id": 10704092311}}, {"type": "Feature", "geometry": {"type": "Point", "coordinates": [110.42045, -7.702208]}, "properties": {"name": "SD Negeri Selomulyo (Halte 2)", "type": "Platform", "category": "mobilitas", "subcategory": "Halte Bus", "opening_hours": null, "operator": null, "osm_id": 10704092313}}, {"type": "Feature", "geometry": {"type": "Point", "coordinates": [110.447426, -7.702113]}, "properties": {"name": "Simpang Pasar Jangkang", "type": "Platform", "category": "mobilitas", "subcategory": "Halte Bus", "opening_hours": null, "operator": null, "osm_id": 10704105357}}, {"type": "Feature", "geometry": {"type": "Point", "coordinates": [110.434971, -7.704914]}, "properties": {"name": "SMA Negeri 2 Ngaglik", "type": "Platform", "category": "mobilitas", "subcategory": "Halte Bus", "opening_hours": null, "operator": null, "osm_id": 10704112334}}, {"type": "Feature", "geometry": {"type": "Point", "coordinates": [110.434943, -7.704824]}, "properties": {"name": "SMA Negeri 2 Ngaglik (Halte 2)", "type": "Platform", "category": "mobilitas", "subcategory": "Halte Bus", "opening_hours": null, "operator": null, "osm_id": 10704112335}}, {"type": "Feature", "geometry": {"type": "Point", "coordinates": [110.441941, -7.714551]}, "properties": {"name": "Jl. Raya Kabunan 2", "type": "Platform", "category": "mobilitas", "subcategory": "Halte Bus", "opening_hours": null, "operator": null, "osm_id": 10704159735}}, {"type": "Feature", "geometry": {"type": "Point", "coordinates": [110.442979, -7.713171]}, "properties": {"name": "Jl. Raya Kabunan", "type": "Platform", "category": "mobilitas", "subcategory": "Halte Bus", "opening_hours": null, "operator": null, "osm_id": 10704159736}}, {"type": "Feature", "geometry": {"type": "Point", "coordinates": [110.447711, -7.713755]}, "properties": {"name": "RS Kemasan (Halte 2)", "type": "Platform", "category": "mobilitas", "subcategory": "Halte Bus", "opening_hours": null, "operator": null, "osm_id": 10704159737}}, {"type": "Feature", "geometry": {"type": "Point", "coordinates": [110.447874, -7.713546]}, "properties": {"name": "RS Kemasan", "type": "Platform", "category": "mobilitas", "subcategory": "Halte Bus", "opening_hours": null, "operator": null, "osm_id": 10704159738}}, {"type": "Feature", "geometry": {"type": "Point", "coordinates": [110.438211, -7.718971]}, "properties": {"name": "Simpang Tajem Kabunan", "type": "Platform", "category": "mobilitas", "subcategory": "Halte Bus", "opening_hours": null, "operator": null, "osm_id": 10704218545}}, {"type": "Feature", "geometry": {"type": "Point", "coordinates": [110.438544, -7.718575]}, "properties": {"name": "Simpang Kabunan", "type": "Platform", "category": "mobilitas", "subcategory": "Halte Bus", "opening_hours": null, "operator": null, "osm_id": 10704218546}}, {"type": "Feature", "geometry": {"type": "Point", "coordinates": [110.426433, -7.704134]}, "properties": {"name": "Lapangan Klidon 2", "type": "Platform", "category": "mobilitas", "subcategory": "Halte Bus", "opening_hours": null, "operator": null, "osm_id": 12551155361}}, {"type": "Feature", "geometry": {"type": "Point", "coordinates": [110.426421, -7.704205]}, "properties": {"name": "Lapangan Klidon", "type": "Platform", "category": "mobilitas", "subcategory": "Halte Bus", "opening_hours": null, "operator": null, "osm_id": 12551155362}}, {"type": "Feature", "geometry": {"type": "Point", "coordinates": [110.431037, -7.704861]}, "properties": {"name": "SPBU Mindi", "type": "Platform", "category": "mobilitas", "subcategory": "Halte Bus", "opening_hours": null, "operator": null, "osm_id": 12551155364}}, {"type": "Feature", "geometry": {"type": "Point", "coordinates": [110.432997, -7.704852]}, "properties": {"name": "Simpang Losari (Cozy)", "type": "Platform", "category": "mobilitas", "subcategory": "Halte Bus", "opening_hours": null, "operator": null, "osm_id": 12551155366}}, {"type": "Feature", "geometry": {"type": "Point", "coordinates": [110.439427, -7.704991]}, "properties": {"name": "Timur Jembatan Yapah 2", "type": "Platform", "category": "mobilitas", "subcategory": "Halte Bus", "opening_hours": null, "operator": null, "osm_id": 12551155367}}, {"type": "Feature", "geometry": {"type": "Point", "coordinates": [110.448715, -7.711501]}, "properties": {"name": "Dusun Kenthi", "type": "Platform", "category": "mobilitas", "subcategory": "Halte Bus", "opening_hours": null, "operator": null, "osm_id": 12551155372}}, {"type": "Feature", "geometry": {"type": "Point", "coordinates": [110.424975, -7.703818]}, "properties": {"name": "Kantor Kalurahan Sukoharjo (Halte 2)", "type": "Platform", "category": "mobilitas", "subcategory": "Halte Bus", "opening_hours": null, "operator": null, "osm_id": 12592577782}}, {"type": "Feature", "geometry": {"type": "Point", "coordinates": [110.43436, -7.748867]}, "properties": {"name": "Parking", "type": "Parking", "category": "mobilitas", "subcategory": "Parkir", "opening_hours": null, "operator": null, "osm_id": 11539934971}}, {"type": "Feature", "geometry": {"type": "Point", "coordinates": [110.374117, -7.790238]}, "properties": {"name": "Lempuyangan", "type": "Stop Position", "category": "mobilitas", "subcategory": "Halte Bus", "opening_hours": null, "operator": null, "osm_id": 12150446243}}, {"type": "Feature", "geometry": {"type": "Point", "coordinates": [110.376463, -7.790054]}, "properties": {"name": "Lempuyangan", "type": "Stop Position", "category": "mobilitas", "subcategory": "Halte Bus", "opening_hours": null, "operator": null, "osm_id": 12150446300}}, {"type": "Feature", "geometry": {"type": "Point", "coordinates": [110.366842, -7.784757]}, "properties": {"name": "Mangkubumi 1", "type": "Bus Station", "category": "mobilitas", "subcategory": "Halte Bus", "opening_hours": null, "operator": null, "osm_id": 3628552770}}, {"type": "Feature", "geometry": {"type": "Point", "coordinates": [110.366893, -7.784728]}, "properties": {"name": "Halte Mangkubumi 1", "type": "Platform", "category": "mobilitas", "subcategory": "Halte Bus", "opening_hours": null, "operator": null, "osm_id": 3628552771}}, {"type": "Feature", "geometry": {"type": "Point", "coordinates": [110.366528, -7.787646]}, "properties": {"name": "Halte Mangkubumi 2", "type": "Platform", "category": "mobilitas", "subcategory": "Halte Bus", "opening_hours": null, "operator": null, "osm_id": 3628552773}}, {"type": "Feature", "geometry": {"type": "Point", "coordinates": [110.371361, -7.78467]}, "properties": {"name": "Halte TJ Kotabaru", "type": "Platform", "category": "mobilitas", "subcategory": "Halte Bus", "opening_hours": null, "operator": "transjogja", "osm_id": 3632596985}}, {"type": "Feature", "geometry": {"type": "Point", "coordinates": [110.366315, -7.790062]}, "properties": {"name": "Halte Abu Bakar Ali", "type": "Platform", "category": "mobilitas", "subcategory": "Halte Bus", "opening_hours": null, "operator": null, "osm_id": 12624543496}}, {"type": "Feature", "geometry": {"type": "Point", "coordinates": [110.374635, -7.784498]}, "properties": {"name": "TPB Suroto 1", "type": "Platform", "category": "mobilitas", "subcategory": "Halte Bus", "opening_hours": null, "operator": null, "osm_id": 12916540087}}, {"type": "Feature", "geometry": {"type": "Point", "coordinates": [110.370111, -7.789376]}, "properties": {"name": "Gereja Kota Baru", "type": "Platform", "category": "mobilitas", "subcategory": "Halte Bus", "opening_hours": null, "operator": null, "osm_id": 12916540089}}, {"type": "Feature", "geometry": {"type": "Point", "coordinates": [110.374728, -7.784968]}, "properties": {"name": "Halte Bulog", "type": "Platform", "category": "mobilitas", "subcategory": "Halte Bus", "opening_hours": null, "operator": null, "osm_id": 12976119414}}, {"type": "Feature", "geometry": {"type": "Point", "coordinates": [110.402248, -7.807301]}, "properties": {"name": "Halte Gedong Kuning Banguntapan", "type": "Platform", "category": "mobilitas", "subcategory": "Halte Bus", "opening_hours": null, "operator": null, "osm_id": 3625948882}}, {"type": "Feature", "geometry": {"type": "Point", "coordinates": [110.399948, -7.802206]}, "properties": {"name": "Halte Gedung Juang 45", "type": "Platform", "category": "mobilitas", "subcategory": "Halte Bus", "opening_hours": null, "operator": null, "osm_id": 3625948886}}, {"type": "Feature", "geometry": {"type": "Point", "coordinates": [110.398774, -7.802254]}, "properties": {"name": "Gembira Loka", "type": "Bus Station", "category": "mobilitas", "subcategory": "Halte Bus", "opening_hours": null, "operator": null, "osm_id": 3625948887}}, {"type": "Feature", "geometry": {"type": "Point", "coordinates": [110.398757, -7.802299]}, "properties": {"name": "Halte Gembira Loka", "type": "Platform", "category": "mobilitas", "subcategory": "Halte Bus", "opening_hours": null, "operator": null, "osm_id": 3625948888}}, {"type": "Feature", "geometry": {"type": "Point", "coordinates": [110.402101, -7.808001]}, "properties": {"name": "TPB Banguntapan 1 Gedong Kuning", "type": "Platform", "category": "mobilitas", "subcategory": "Halte Bus", "opening_hours": null, "operator": null, "osm_id": 3625953393}}, {"type": "Feature", "geometry": {"type": "Point", "coordinates": [110.401824, -7.818132]}, "properties": {"name": "TPB Kehutanan Gedongkuning", "type": "Platform", "category": "mobilitas", "subcategory": "Halte Bus", "opening_hours": null, "operator": null, "osm_id": 3625953398}}, {"type": "Feature", "geometry": {"type": "Point", "coordinates": [110.402023, -7.813442]}, "properties": {"name": "TPB Pilar 1 Gedong Kuning Kota", "type": "Platform", "category": "mobilitas", "subcategory": "Halte Bus", "opening_hours": null, "operator": null, "osm_id": 3625953399}}, {"type": "Feature", "geometry": {"type": "Point", "coordinates": [110.402154, -7.814378]}, "properties": {"name": "TPB Poltekkes BSI", "type": "Platform", "category": "mobilitas", "subcategory": "Halte Bus", "opening_hours": null, "operator": null, "osm_id": 3625953401}}, {"type": "Feature", "geometry": {"type": "Point", "coordinates": [110.402915, -7.798534]}, "properties": {"name": "Halte JEC", "type": "Platform", "category": "mobilitas", "subcategory": "Halte Bus", "opening_hours": null, "operator": null, "osm_id": 3631487198}}, {"type": "Feature", "geometry": {"type": "Point", "coordinates": [110.402912, -7.798568]}, "properties": {"name": "JEC", "type": "Bus Station", "category": "mobilitas", "subcategory": "Halte Bus", "opening_hours": null, "operator": null, "osm_id": 3631487199}}, {"type": "Feature", "geometry": {"type": "Point", "coordinates": [110.406397, -7.798654]}, "properties": {"name": "Halte Wonocatur", "type": "Platform", "category": "mobilitas", "subcategory": "Halte Bus", "opening_hours": null, "operator": null, "osm_id": 3631487201}}, {"type": "Feature", "geometry": {"type": "Point", "coordinates": [110.399969, -7.802269]}, "properties": {"name": "Gedung Juang 45", "type": "Bus Station", "category": "mobilitas", "subcategory": "Halte Bus", "opening_hours": null, "operator": null, "osm_id": 5411474814}}, {"type": "Feature", "geometry": {"type": "Point", "coordinates": [110.402392, -7.800361]}, "properties": {"name": "TPB BKPM", "type": "Platform", "category": "mobilitas", "subcategory": "Halte Bus", "opening_hours": null, "operator": null, "osm_id": 10706477034}}, {"type": "Feature", "geometry": {"type": "Point", "coordinates": [110.402345, -7.800354]}, "properties": {"name": "BKPM", "type": "Bus Station", "category": "mobilitas", "subcategory": "Halte Bus", "opening_hours": null, "operator": null, "osm_id": 12103655183}}, {"type": "Feature", "geometry": {"type": "Point", "coordinates": [110.393051, -7.80207]}, "properties": {"name": "Halte Kusumanegara 3", "type": "Platform", "category": "mobilitas", "subcategory": "Halte Bus", "opening_hours": null, "operator": null, "osm_id": 3625948889}}, {"type": "Feature", "geometry": {"type": "Point", "coordinates": [110.39335, -7.802166]}, "properties": {"name": "Halte Kusumanegara 4", "type": "Platform", "category": "mobilitas", "subcategory": "Halte Bus", "opening_hours": null, "operator": null, "osm_id": 3625948892}}, {"type": "Feature", "geometry": {"type": "Point", "coordinates": [110.387332, -7.802003]}, "properties": {"name": "Makam Gajah (Selatan)", "type": "Platform", "category": "mobilitas", "subcategory": "Halte Bus", "opening_hours": null, "operator": null, "osm_id": 3625953396}}, {"type": "Feature", "geometry": {"type": "Point", "coordinates": [110.385935, -7.816238]}, "properties": {"name": "Halte PSKY", "type": "Platform", "category": "mobilitas", "subcategory": "Halte Bus", "opening_hours": null, "operator": null, "osm_id": 3626519564}}, {"type": "Feature", "geometry": {"type": "Point", "coordinates": [110.387481, -7.81557]}, "properties": {"name": "Halte RSI Hidayatullah", "type": "Platform", "category": "mobilitas", "subcategory": "Halte Bus", "opening_hours": null, "operator": null, "osm_id": 3626519565}}, {"type": "Feature", "geometry": {"type": "Point", "coordinates": [110.390879, -7.817003]}, "properties": {"name": "TPB Gambiran 1", "type": "Platform", "category": "mobilitas", "subcategory": "Halte Bus", "opening_hours": null, "operator": null, "osm_id": 3626519577}}, {"type": "Feature", "geometry": {"type": "Point", "coordinates": [110.391009, -7.816863]}, "properties": {"name": "TPB Gambiran 2", "type": "Platform", "category": "mobilitas", "subcategory": "Halte Bus", "opening_hours": null, "operator": null, "osm_id": 3626519580}}, {"type": "Feature", "geometry": {"type": "Point", "coordinates": [110.395037, -7.800303]}, "properties": {"name": "Halte Trans Jogja SMKN 5", "type": "Platform", "category": "mobilitas", "subcategory": "Halte Bus", "opening_hours": null, "operator": null, "osm_id": 3633799358}}, {"type": "Feature", "geometry": {"type": "Point", "coordinates": [110.394559, -7.80028]}, "properties": {"name": "Halte SGM", "type": "Platform", "category": "mobilitas", "subcategory": "Halte Bus", "opening_hours": null, "operator": null, "osm_id": 3633799361}}, {"type": "Feature", "geometry": {"type": "Point", "coordinates": [110.387935, -7.807441]}, "properties": {"name": "TPB Jl. Glagahsari", "type": "Platform", "category": "mobilitas", "subcategory": "Halte Bus", "opening_hours": null, "operator": null, "osm_id": 10701260561}}, {"type": "Feature", "geometry": {"type": "Point", "coordinates": [110.38873, -7.80426]}, "properties": {"name": "TPB Olive Kentucky", "type": "Platform", "category": "mobilitas", "subcategory": "Halte Bus", "opening_hours": null, "operator": null, "osm_id": 10701311291}}, {"type": "Feature", "geometry": {"type": "Point", "coordinates": [110.388427, -7.805555]}, "properties": {"name": "TPB UTY Glagahsari", "type": "Platform", "category": "mobilitas", "subcategory": "Halte Bus", "opening_hours": null, "operator": null, "osm_id": 10701311292}}, {"type": "Feature", "geometry": {"type": "Point", "coordinates": [110.387319, -7.818463]}, "properties": {"name": "TPB Jl. Pramuka", "type": "Platform", "category": "mobilitas", "subcategory": "Halte Bus", "opening_hours": null, "operator": null, "osm_id": 10703750343}}, {"type": "Feature", "geometry": {"type": "Point", "coordinates": [110.389143, -7.815226]}, "properties": {"name": "TPB Jl. Veteran", "type": "Platform", "category": "mobilitas", "subcategory": "Halte Bus", "opening_hours": null, "operator": null, "osm_id": 10706293412}}, {"type": "Feature", "geometry": {"type": "Point", "coordinates": [110.38635, -7.815747]}, "properties": {"name": "TPB S3 PSKY Umbulharjo", "type": "Platform", "category": "mobilitas", "subcategory": "Halte Bus", "opening_hours": null, "operator": null, "osm_id": 10706293413}}, {"type": "Feature", "geometry": {"type": "Point", "coordinates": [110.387457, -7.801919]}, "properties": {"name": "Makam Gajah (Utara)", "type": "Platform", "category": "mobilitas", "subcategory": "Halte Bus", "opening_hours": null, "operator": null, "osm_id": 12624543495}}, {"type": "Feature", "geometry": {"type": "Point", "coordinates": [110.392296, -7.818253]}, "properties": {"name": "Jl. Perintis Kemerdekaan", "type": "Platform", "category": "mobilitas", "subcategory": "Halte Bus", "opening_hours": null, "operator": null, "osm_id": 12666306887}}, {"type": "Feature", "geometry": {"type": "Point", "coordinates": [110.391882, -7.818323]}, "properties": {"name": "Jl. Perintis Kemerdekaan", "type": "Platform", "category": "mobilitas", "subcategory": "Halte Bus", "opening_hours": null, "operator": null, "osm_id": 12666306888}}, {"type": "Feature", "geometry": {"type": "Point", "coordinates": [110.388393, -7.805381]}, "properties": {"name": "UTY Glagahsari (Barat)", "type": "Platform", "category": "mobilitas", "subcategory": "Halte Bus", "opening_hours": null, "operator": null, "osm_id": 13389853358}}, {"type": "Feature", "geometry": {"type": "Point", "coordinates": [110.385093, -7.816948]}, "properties": {"name": "Polsek Umbulharjo", "type": "Platform", "category": "mobilitas", "subcategory": "Halte Bus", "opening_hours": null, "operator": null, "osm_id": 13563613872}}, {"type": "Feature", "geometry": {"type": "Point", "coordinates": [110.408841, -7.773206]}, "properties": {"name": "Parking", "type": "Parking", "category": "mobilitas", "subcategory": "Parkir", "opening_hours": null, "operator": null, "osm_id": 9697004871}}, {"type": "Feature", "geometry": {"type": "Point", "coordinates": [110.318379, -7.905185]}, "properties": {"name": "Terminal Palbapang", "type": "Bus Station", "category": "mobilitas", "subcategory": "Halte Bus", "opening_hours": null, "operator": null, "osm_id": 13092431379}}, {"type": "Feature", "geometry": {"type": "Point", "coordinates": [110.318384, -7.905283]}, "properties": {"name": "Terminal Palbapang", "type": "Platform", "category": "mobilitas", "subcategory": "Halte Bus", "opening_hours": null, "operator": null, "osm_id": 10701020118}}, {"type": "Feature", "geometry": {"type": "Point", "coordinates": [110.323019, -7.897363]}, "properties": {"name": "Halte SMA N 1 Bantul", "type": "Platform", "category": "mobilitas", "subcategory": "Halte Bus", "opening_hours": null, "operator": null, "osm_id": 10701069871}}, {"type": "Feature", "geometry": {"type": "Point", "coordinates": [110.325396, -7.891797]}, "properties": {"name": "TPB KH. Wahid Hasyim 2", "type": "Platform", "category": "mobilitas", "subcategory": "Halte Bus", "opening_hours": null, "operator": null, "osm_id": 10702220759}}, {"type": "Feature", "geometry": {"type": "Point", "coordinates": [110.325455, -7.891972]}, "properties": {"name": "TPB KH. Wahid Hasyim 1", "type": "Platform", "category": "mobilitas", "subcategory": "Halte Bus", "opening_hours": null, "operator": null, "osm_id": 10702220760}}, {"type": "Feature", "geometry": {"type": "Point", "coordinates": [110.329365, -7.887398]}, "properties": {"name": "Halte Eks. Stasiun KA Bantul", "type": "Platform", "category": "mobilitas", "subcategory": "Halte Bus", "opening_hours": null, "operator": null, "osm_id": 10703733087}}, {"type": "Feature", "geometry": {"type": "Point", "coordinates": [110.332263, -7.881983]}, "properties": {"name": "Halte BRI Cabang Bantul", "type": "Platform", "category": "mobilitas", "subcategory": "Halte Bus", "opening_hours": null, "operator": null, "osm_id": 10703761948}}, {"type": "Feature", "geometry": {"type": "Point", "coordinates": [110.181375, -7.647566]}, "properties": {"name": "Puncak Suroloyo", "type": "Parking", "category": "mobilitas", "subcategory": "Parkir", "opening_hours": null, "operator": null, "osm_id": 5071290686}}, {"type": "Feature", "geometry": {"type": "Point", "coordinates": [110.414574, -7.646394]}, "properties": {"name": "Parking", "type": "Parking", "category": "mobilitas", "subcategory": "Parkir", "opening_hours": null, "operator": null, "osm_id": 10032927075}}, {"type": "Feature", "geometry": {"type": "Point", "coordinates": [110.337119, -7.800277]}, "properties": {"name": "TPB Ruko Bayeman 2", "type": "Platform", "category": "mobilitas", "subcategory": "Halte Bus", "opening_hours": null, "operator": null, "osm_id": 10702099935}}, {"type": "Feature", "geometry": {"type": "Point", "coordinates": [110.373749, -7.836407]}, "properties": {"name": "TPB Simpang Wojo 1", "type": "Platform", "category": "mobilitas", "subcategory": "Halte Bus", "opening_hours": null, "operator": null, "osm_id": 10702303058}}, {"type": "Feature", "geometry": {"type": "Point", "coordinates": [110.365362, -7.821634]}, "properties": {"name": "TPB Hotel Pramesthi", "type": "Platform", "category": "mobilitas", "subcategory": "Halte Bus", "opening_hours": null, "operator": null, "osm_id": 10702355627}}, {"type": "Feature", "geometry": {"type": "Point", "coordinates": [110.358373, -7.742048]}, "properties": {"name": "Parking", "type": "Parking", "category": "mobilitas", "subcategory": "Parkir", "opening_hours": null, "operator": null, "osm_id": 12753770423}}, {"type": "Feature", "geometry": {"type": "Point", "coordinates": [110.358412, -7.741981]}, "properties": {"name": "Parking", "type": "Parking", "category": "mobilitas", "subcategory": "Parkir", "opening_hours": null, "operator": null, "osm_id": 12753770424}}, {"type": "Feature", "geometry": {"type": "Point", "coordinates": [110.3629, -7.735442]}, "properties": {"name": "Eks Halte Mlati", "type": "Station", "category": "mobilitas", "subcategory": "Stasiun", "opening_hours": null, "operator": null, "osm_id": 13311302736}}, {"type": "Feature", "geometry": {"type": "Point", "coordinates": [110.414419, -7.645675]}, "properties": {"name": "Parking", "type": "Parking", "category": "mobilitas", "subcategory": "Parkir", "opening_hours": null, "operator": null, "osm_id": 10032775099}}, {"type": "Feature", "geometry": {"type": "Point", "coordinates": [110.417715, -7.668432]}, "properties": {"name": "SDN Percobaan 3 Pakem", "type": "Platform", "category": "mobilitas", "subcategory": "Halte Bus", "opening_hours": null, "operator": null, "osm_id": 10704066199}}, {"type": "Feature", "geometry": {"type": "Point", "coordinates": [110.417283, -7.676118]}, "properties": {"name": "Raminten Boutique & Cafe (Halte 2)", "type": "Platform", "category": "mobilitas", "subcategory": "Halte Bus", "opening_hours": null, "operator": null, "osm_id": 10704072419}}, {"type": "Feature", "geometry": {"type": "Point", "coordinates": [110.417184, -7.676086]}, "properties": {"name": "Halte Raminten Boutique dan Cafe", "type": "Platform", "category": "mobilitas", "subcategory": "Halte Bus", "opening_hours": null, "operator": null, "osm_id": 10704072420}}, {"type": "Feature", "geometry": {"type": "Point", "coordinates": [110.417393, -7.672699]}, "properties": {"name": "Dusun Kledokan (Soto Brakot) 2", "type": "Platform", "category": "mobilitas", "subcategory": "Halte Bus", "opening_hours": null, "operator": null, "osm_id": 12551155358}}, {"type": "Feature", "geometry": {"type": "Point", "coordinates": [110.418306, -7.680303]}, "properties": {"name": "Parking", "type": "Parking", "category": "mobilitas", "subcategory": "Parkir", "opening_hours": null, "operator": null, "osm_id": 10032930810}}, {"type": "Feature", "geometry": {"type": "Point", "coordinates": [110.481273, -7.746519]}, "properties": {"name": "Parking", "type": "Parking", "category": "mobilitas", "subcategory": "Parkir", "opening_hours": null, "operator": null, "osm_id": 9709518663}}, {"type": "Feature", "geometry": {"type": "Point", "coordinates": [110.481222, -7.736222]}, "properties": {"name": "Parking", "type": "Parking", "category": "mobilitas", "subcategory": "Parkir", "opening_hours": null, "operator": null, "osm_id": 9795052393}}, {"type": "Feature", "geometry": {"type": "Point", "coordinates": [110.480024, -7.736286]}, "properties": {"name": "Parking", "type": "Parking", "category": "mobilitas", "subcategory": "Parkir", "opening_hours": null, "operator": null, "osm_id": 9722417382}}, {"type": "Feature", "geometry": {"type": "Point", "coordinates": [110.484791, -7.727193]}, "properties": {"name": "Parking", "type": "Parking", "category": "mobilitas", "subcategory": "Parkir", "opening_hours": null, "operator": null, "osm_id": 10072970830}}, {"type": "Feature", "geometry": {"type": "Point", "coordinates": [110.38879, -7.745342]}, "properties": {"name": "Halte Pasar Colombo", "type": "Platform", "category": "mobilitas", "subcategory": "Halte Bus", "opening_hours": null, "operator": null, "osm_id": 10703699115}}, {"type": "Feature", "geometry": {"type": "Point", "coordinates": [110.392376, -7.739325]}, "properties": {"name": "Terminal Bangunan", "type": "Platform", "category": "mobilitas", "subcategory": "Halte Bus", "opening_hours": null, "operator": null, "osm_id": 10703717786}}, {"type": "Feature", "geometry": {"type": "Point", "coordinates": [110.392881, -7.738716]}, "properties": {"name": "Halte PLN Gardu Induk Kentungan", "type": "Platform", "category": "mobilitas", "subcategory": "Halte Bus", "opening_hours": null, "operator": null, "osm_id": 10703717785}}, {"type": "Feature", "geometry": {"type": "Point", "coordinates": [110.408845, -7.710843]}, "properties": {"name": "Halte Warung Sego Penyetan Banyuwangi", "type": "Platform", "category": "mobilitas", "subcategory": "Halte Bus", "opening_hours": null, "operator": null, "osm_id": 10704024760}}, {"type": "Feature", "geometry": {"type": "Point", "coordinates": [110.358489, -7.728628]}, "properties": {"name": "Jogja Exotarium Mini Zoo", "type": "Parking", "category": "mobilitas", "subcategory": "Parkir", "opening_hours": null, "operator": null, "osm_id": 8844586009}}, {"type": "Feature", "geometry": {"type": "Point", "coordinates": [110.359484, -7.727676]}, "properties": {"name": "Jogja Exotarium Mini Zoo", "type": "Parking", "category": "mobilitas", "subcategory": "Parkir", "opening_hours": null, "operator": null, "osm_id": 8844586013}}, {"type": "Feature", "geometry": {"type": "Point", "coordinates": [110.449225, -7.702694]}, "properties": {"name": "Blue Lagoon", "type": "Parking", "category": "mobilitas", "subcategory": "Parkir", "opening_hours": null, "operator": null, "osm_id": 3490484577}}, {"type": "Feature", "geometry": {"type": "Point", "coordinates": [110.424112, -7.648604]}, "properties": {"name": "Parking", "type": "Parking", "category": "mobilitas", "subcategory": "Parkir", "opening_hours": null, "operator": null, "osm_id": 9891140410}}, {"type": "Feature", "geometry": {"type": "Point", "coordinates": [110.427973, -7.64717]}, "properties": {"name": "Parking", "type": "Parking", "category": "mobilitas", "subcategory": "Parkir", "opening_hours": null, "operator": null, "osm_id": 9894628206}}, {"type": "Feature", "geometry": {"type": "Point", "coordinates": [110.141954, -7.646941]}, "properties": {"name": "Parking", "type": "Parking", "category": "mobilitas", "subcategory": "Parkir", "opening_hours": null, "operator": null, "osm_id": 8836382967}}, {"type": "Feature", "geometry": {"type": "Point", "coordinates": [110.429209, -7.740921]}, "properties": {"name": "Parking", "type": "Parking", "category": "mobilitas", "subcategory": "Parkir", "opening_hours": null, "operator": null, "osm_id": 9749376620}}, {"type": "Feature", "geometry": {"type": "Point", "coordinates": [110.434423, -7.736854]}, "properties": {"name": "Parking", "type": "Parking", "category": "mobilitas", "subcategory": "Parkir", "opening_hours": null, "operator": null, "osm_id": 9961636818}}, {"type": "Feature", "geometry": {"type": "Point", "coordinates": [110.4343, -7.736836]}, "properties": {"name": "Parking", "type": "Parking", "category": "mobilitas", "subcategory": "Parkir", "opening_hours": null, "operator": null, "osm_id": 9961636817}}, {"type": "Feature", "geometry": {"type": "Point", "coordinates": [110.433969, -7.736795]}, "properties": {"name": "Parking", "type": "Parking", "category": "mobilitas", "subcategory": "Parkir", "opening_hours": null, "operator": null, "osm_id": 9961618116}}, {"type": "Feature", "geometry": {"type": "Point", "coordinates": [110.445077, -7.737136]}, "properties": {"name": "Parking", "type": "Parking", "category": "mobilitas", "subcategory": "Parkir", "opening_hours": null, "operator": null, "osm_id": 9701979312}}, {"type": "Feature", "geometry": {"type": "Point", "coordinates": [110.363594, -7.805599]}, "properties": {"name": "Parkir Wisata Kraton", "type": "Parking", "category": "mobilitas", "subcategory": "Parkir", "opening_hours": null, "operator": null, "osm_id": 3630420102}}, {"type": "Feature", "geometry": {"type": "Point", "coordinates": [110.488492, -7.947593]}, "properties": {"name": "Sri Gethuk", "type": "Parking", "category": "mobilitas", "subcategory": "Parkir", "opening_hours": null, "operator": null, "osm_id": 3451917773}}, {"type": "Feature", "geometry": {"type": "Point", "coordinates": [110.430485, -7.92578]}, "properties": {"name": "Hutan Pinus Sari", "type": "Parking", "category": "mobilitas", "subcategory": "Parkir", "opening_hours": null, "operator": null, "osm_id": 3451608198}}, {"type": "Feature", "geometry": {"type": "Point", "coordinates": [110.436759, -7.915324]}, "properties": {"name": "Bukit Lintang Sewu", "type": "Parking", "category": "mobilitas", "subcategory": "Parkir", "opening_hours": null, "operator": null, "osm_id": 8462958278}}, {"type": "Feature", "geometry": {"type": "Point", "coordinates": [110.435454, -7.920574]}, "properties": {"name": "Hutan Pinus Asri", "type": "Parking", "category": "mobilitas", "subcategory": "Parkir", "opening_hours": null, "operator": null, "osm_id": 8070504222}}, {"type": "Feature", "geometry": {"type": "Point", "coordinates": [110.43783, -7.902163]}, "properties": {"name": "Becici", "type": "Parking", "category": "mobilitas", "subcategory": "Parkir", "opening_hours": null, "operator": null, "osm_id": 8070564586}}, {"type": "Feature", "geometry": {"type": "Point", "coordinates": [110.406122, -7.782919]}, "properties": {"name": "Parking", "type": "Parking", "category": "mobilitas", "subcategory": "Parkir", "opening_hours": null, "operator": null, "osm_id": 9792285494}}, {"type": "Feature", "geometry": {"type": "Point", "coordinates": [110.406317, -7.782838]}, "properties": {"name": "Parking", "type": "Parking", "category": "mobilitas", "subcategory": "Parkir", "opening_hours": null, "operator": null, "osm_id": 9725895616}}, {"type": "Feature", "geometry": {"type": "Point", "coordinates": [110.449544, -7.771459]}, "properties": {"name": "Parking", "type": "Parking", "category": "mobilitas", "subcategory": "Parkir", "opening_hours": null, "operator": null, "osm_id": 9696626864}}, {"type": "Feature", "geometry": {"type": "Point", "coordinates": [110.466728, -7.771795]}, "properties": {"name": "Parking", "type": "Parking", "category": "mobilitas", "subcategory": "Parkir", "opening_hours": null, "operator": null, "osm_id": 9796369367}}, {"type": "Feature", "geometry": {"type": "Point", "coordinates": [110.408629, -7.773323]}, "properties": {"name": "Parking", "type": "Parking", "category": "mobilitas", "subcategory": "Parkir", "opening_hours": null, "operator": null, "osm_id": 9965576407}}, {"type": "Feature", "geometry": {"type": "Point", "coordinates": [110.40892, -7.773301]}, "properties": {"name": "Parking", "type": "Parking", "category": "mobilitas", "subcategory": "Parkir", "opening_hours": null, "operator": null, "osm_id": 9696989736}}, {"type": "Feature", "geometry": {"type": "Point", "coordinates": [110.482246, -7.780135]}, "properties": {"name": "Parking", "type": "Parking", "category": "mobilitas", "subcategory": "Parkir", "opening_hours": null, "operator": null, "osm_id": 10196103803}}, {"type": "Feature", "geometry": {"type": "Point", "coordinates": [110.482254, -7.780003]}, "properties": {"name": "Parking", "type": "Parking", "category": "mobilitas", "subcategory": "Parkir", "opening_hours": null, "operator": null, "osm_id": 10196103804}}, {"type": "Feature", "geometry": {"type": "Point", "coordinates": [110.456891, -7.777995]}, "properties": {"name": "Parking", "type": "Parking", "category": "mobilitas", "subcategory": "Parkir", "opening_hours": null, "operator": null, "osm_id": 9722519682}}, {"type": "Feature", "geometry": {"type": "Point", "coordinates": [110.462957, -7.775025]}, "properties": {"name": "Parking", "type": "Parking", "category": "mobilitas", "subcategory": "Parkir", "opening_hours": null, "operator": null, "osm_id": 9796369383}}, {"type": "Feature", "geometry": {"type": "Point", "coordinates": [110.455275, -7.775038]}, "properties": {"name": "Parking", "type": "Parking", "category": "mobilitas", "subcategory": "Parkir", "opening_hours": null, "operator": null, "osm_id": 9676530859}}, {"type": "Feature", "geometry": {"type": "Point", "coordinates": [110.463886, -7.774161]}, "properties": {"name": "Parking", "type": "Parking", "category": "mobilitas", "subcategory": "Parkir", "opening_hours": null, "operator": null, "osm_id": 9722477536}}, {"type": "Feature", "geometry": {"type": "Point", "coordinates": [110.464035, -7.774081]}, "properties": {"name": "Parking", "type": "Parking", "category": "mobilitas", "subcategory": "Parkir", "opening_hours": null, "operator": null, "osm_id": 9722510160}}, {"type": "Feature", "geometry": {"type": "Point", "coordinates": [110.601147, -7.96401]}, "properties": {"name": "Parking", "type": "Parking", "category": "mobilitas", "subcategory": "Parkir", "opening_hours": null, "operator": null, "osm_id": 10065938066}}, {"type": "Feature", "geometry": {"type": "Point", "coordinates": [110.600127, -7.964406]}, "properties": {"name": "Parking", "type": "Parking", "category": "mobilitas", "subcategory": "Parkir", "opening_hours": null, "operator": null, "osm_id": 10065938065}}, {"type": "Feature", "geometry": {"type": "Point", "coordinates": [110.383109, -7.834813]}, "properties": {"name": "Halte UAD Ringroad Selatan 1", "type": "Platform", "category": "mobilitas", "subcategory": "Halte Bus", "opening_hours": null, "operator": null, "osm_id": 10706293418}}, {"type": "Feature", "geometry": {"type": "Point", "coordinates": [110.435182, -7.726552]}, "properties": {"name": "Parking", "type": "Parking", "category": "mobilitas", "subcategory": "Parkir", "opening_hours": null, "operator": null, "osm_id": 9899963834}}, {"type": "Feature", "geometry": {"type": "Point", "coordinates": [110.477507, -7.760705]}, "properties": {"name": "Parking", "type": "Parking", "category": "mobilitas", "subcategory": "Parkir", "opening_hours": null, "operator": null, "osm_id": 9811782474}}, {"type": "Feature", "geometry": {"type": "Point", "coordinates": [110.470691, -7.760731]}, "properties": {"name": "Parking", "type": "Parking", "category": "mobilitas", "subcategory": "Parkir", "opening_hours": null, "operator": null, "osm_id": 9725854134}}, {"type": "Feature", "geometry": {"type": "Point", "coordinates": [110.470659, -7.76086]}, "properties": {"name": "Parking", "type": "Parking", "category": "mobilitas", "subcategory": "Parkir", "opening_hours": null, "operator": null, "osm_id": 9725854135}}, {"type": "Feature", "geometry": {"type": "Point", "coordinates": [110.476423, -7.760764]}, "properties": {"name": "Parking", "type": "Parking", "category": "mobilitas", "subcategory": "Parkir", "opening_hours": null, "operator": null, "osm_id": 9881026245}}, {"type": "Feature", "geometry": {"type": "Point", "coordinates": [110.484086, -7.756125]}, "properties": {"name": "Parking", "type": "Parking", "category": "mobilitas", "subcategory": "Parkir", "opening_hours": null, "operator": null, "osm_id": 9728567682}}, {"type": "Feature", "geometry": {"type": "Point", "coordinates": [110.488133, -7.751919]}, "properties": {"name": "Parking", "type": "Parking", "category": "mobilitas", "subcategory": "Parkir", "opening_hours": null, "operator": null, "osm_id": 3451492134}}, {"type": "Feature", "geometry": {"type": "Point", "coordinates": [110.484728, -7.75068]}, "properties": {"name": "Parking", "type": "Parking", "category": "mobilitas", "subcategory": "Parkir", "opening_hours": null, "operator": null, "osm_id": 9759408971}}, {"type": "Feature", "geometry": {"type": "Point", "coordinates": [110.408218, -7.777561]}, "properties": {"name": "Parking", "type": "Parking", "category": "mobilitas", "subcategory": "Parkir", "opening_hours": null, "operator": null, "osm_id": 10837370114}}, {"type": "Feature", "geometry": {"type": "Point", "coordinates": [110.380711, -7.774074]}, "properties": {"name": "Parking", "type": "Parking", "category": "mobilitas", "subcategory": "Parkir", "opening_hours": null, "operator": null, "osm_id": 3683211023}}, {"type": "Feature", "geometry": {"type": "Point", "coordinates": [110.250341, -7.996602]}, "properties": {"name": "Parking", "type": "Parking", "category": "mobilitas", "subcategory": "Parkir", "opening_hours": null, "operator": null, "osm_id": 3585118461}}, {"type": "Feature", "geometry": {"type": "Point", "coordinates": [110.249772, -7.997916]}, "properties": {"name": "Parking", "type": "Parking", "category": "mobilitas", "subcategory": "Parkir", "opening_hours": null, "operator": null, "osm_id": 3585118465}}, {"type": "Feature", "geometry": {"type": "Point", "coordinates": [110.535391, -7.851146]}, "properties": {"name": "Parking", "type": "Parking", "category": "mobilitas", "subcategory": "Parkir", "opening_hours": null, "operator": null, "osm_id": 7178652525}}, {"type": "Feature", "geometry": {"type": "Point", "coordinates": [110.449548, -7.759945]}, "properties": {"name": "Parking", "type": "Parking", "category": "mobilitas", "subcategory": "Parkir", "opening_hours": null, "operator": null, "osm_id": 9705035851}}, {"type": "Feature", "geometry": {"type": "Point", "coordinates": [110.367923, -7.750135]}, "properties": {"name": "Parking", "type": "Parking", "category": "mobilitas", "subcategory": "Parkir", "opening_hours": null, "operator": null, "osm_id": 10068087437}}, {"type": "Feature", "geometry": {"type": "Point", "coordinates": [110.373458, -7.788191]}, "properties": {"name": "Parking", "type": "Parking", "category": "mobilitas", "subcategory": "Parkir", "opening_hours": null, "operator": null, "osm_id": 7811301939}}, {"type": "Feature", "geometry": {"type": "Point", "coordinates": [110.390991, -7.814907]}, "properties": {"name": "Garasi Bus Baker", "type": "Parking", "category": "mobilitas", "subcategory": "Parkir", "opening_hours": null, "operator": null, "osm_id": 3600099388}}, {"type": "Feature", "geometry": {"type": "Point", "coordinates": [110.420892, -7.73816]}, "properties": {"name": "Parking", "type": "Parking", "category": "mobilitas", "subcategory": "Parkir", "opening_hours": null, "operator": null, "osm_id": 9731820742}}, {"type": "Feature", "geometry": {"type": "Point", "coordinates": [110.632272, -7.832661]}, "properties": {"name": "Batara Sriten", "type": "Parking", "category": "mobilitas", "subcategory": "Parkir", "opening_hours": null, "operator": null, "osm_id": 8871443679}}, {"type": "Feature", "geometry": {"type": "Point", "coordinates": [110.384786, -7.752494]}, "properties": {"name": "Halte Superindo Kaliurang 2", "type": "Platform", "category": "mobilitas", "subcategory": "Halte Bus", "opening_hours": null, "operator": null, "osm_id": 10703665504}}, {"type": "Feature", "geometry": {"type": "Point", "coordinates": [110.352421, -7.877844]}, "properties": {"name": "Grand Puri Waterpark", "type": "Parking", "category": "mobilitas", "subcategory": "Parkir", "opening_hours": null, "operator": null, "osm_id": 3521358867}}, {"type": "Feature", "geometry": {"type": "Point", "coordinates": [110.332397, -7.879914]}, "properties": {"name": "Parking", "type": "Parking", "category": "mobilitas", "subcategory": "Parkir", "opening_hours": null, "operator": null, "osm_id": 3630751646}}, {"type": "Feature", "geometry": {"type": "Point", "coordinates": [110.332461, -7.879547]}, "properties": {"name": "Parkir Mobil", "type": "Parking", "category": "mobilitas", "subcategory": "Parkir", "opening_hours": null, "operator": null, "osm_id": 3630751645}}, {"type": "Feature", "geometry": {"type": "Point", "coordinates": [110.339371, -7.88146]}, "properties": {"name": "Waterbyur Bantul", "type": "Parking", "category": "mobilitas", "subcategory": "Parkir", "opening_hours": null, "operator": null, "osm_id": 8190364388}}, {"type": "Feature", "geometry": {"type": "Point", "coordinates": [110.519585, -7.895814]}, "properties": {"name": "Telaga Kemuning", "type": "Parking", "category": "mobilitas", "subcategory": "Parkir", "opening_hours": null, "operator": null, "osm_id": 9460294213}}, {"type": "Feature", "geometry": {"type": "Point", "coordinates": [110.393206, -7.922864]}, "properties": {"name": "Parking", "type": "Parking", "category": "mobilitas", "subcategory": "Parkir", "opening_hours": null, "operator": null, "osm_id": 3395437767}}, {"type": "Feature", "geometry": {"type": "Point", "coordinates": [110.393301, -7.922618]}, "properties": {"name": "Parking", "type": "Parking", "category": "mobilitas", "subcategory": "Parkir", "opening_hours": null, "operator": null, "osm_id": 3395437763}}, {"type": "Feature", "geometry": {"type": "Point", "coordinates": [110.359648, -7.937379]}, "properties": {"name": "Parking", "type": "Parking", "category": "mobilitas", "subcategory": "Parkir", "opening_hours": null, "operator": null, "osm_id": 10079788965}}, {"type": "Feature", "geometry": {"type": "Point", "coordinates": [110.389715, -7.783467]}, "properties": {"name": "Parking", "type": "Parking", "category": "mobilitas", "subcategory": "Parkir", "opening_hours": null, "operator": null, "osm_id": 9725905456}}, {"type": "Feature", "geometry": {"type": "Point", "coordinates": [110.382911, -7.783447]}, "properties": {"name": "Parking", "type": "Parking", "category": "mobilitas", "subcategory": "Parkir", "opening_hours": null, "operator": null, "osm_id": 9845770250}}, {"type": "Feature", "geometry": {"type": "Point", "coordinates": [110.364247, -7.789585]}, "properties": {"name": "Yogyakarta", "type": "Stop Position", "category": "mobilitas", "subcategory": "Halte Bus", "opening_hours": null, "operator": null, "osm_id": 4986682551}}, {"type": "Feature", "geometry": {"type": "Point", "coordinates": [110.364251, -7.789534]}, "properties": {"name": "Yogyakarta", "type": "Stop Position", "category": "mobilitas", "subcategory": "Halte Bus", "opening_hours": null, "operator": null, "osm_id": 10765076694}}, {"type": "Feature", "geometry": {"type": "Point", "coordinates": [110.325331, -7.790724]}, "properties": {"name": "Patukan", "type": "Station", "category": "mobilitas", "subcategory": "Stasiun", "opening_hours": null, "operator": "Kereta Api Indonesia", "osm_id": 1262692738}}, {"type": "Feature", "geometry": {"type": "Point", "coordinates": [110.284271, -7.796136]}, "properties": {"name": "Rewulu", "type": "Station", "category": "mobilitas", "subcategory": "Stasiun", "opening_hours": null, "operator": "Kereta Api Indonesia", "osm_id": 1262692869}}, {"type": "Feature", "geometry": {"type": "Point", "coordinates": [110.367004, -7.836183]}, "properties": {"name": "Rosalia Indah", "type": "Bus Station", "category": "mobilitas", "subcategory": "Halte Bus", "opening_hours": null, "operator": null, "osm_id": 3640146532}}, {"type": "Feature", "geometry": {"type": "Point", "coordinates": [110.366362, -7.833909]}, "properties": {"name": "Poratabel Druwo", "type": "Platform", "category": "mobilitas", "subcategory": "Halte Bus", "opening_hours": null, "operator": null, "osm_id": 10702294621}}, {"type": "Feature", "geometry": {"type": "Point", "coordinates": [110.35196, -7.781309]}, "properties": {"name": "SPBU Pertamina 44.552.11 Bener", "type": "Fuel", "category": "mobilitas", "subcategory": "SPBU", "opening_hours": "24/7", "operator": null, "osm_id": 5653520449}}, {"type": "Feature", "geometry": {"type": "Point", "coordinates": [110.348978, -7.800843]}, "properties": {"name": "TPB Museum Bahari 2", "type": "Platform", "category": "mobilitas", "subcategory": "Halte Bus", "opening_hours": null, "operator": null, "osm_id": 12500766388}}, {"type": "Feature", "geometry": {"type": "Point", "coordinates": [110.349163, -7.800928]}, "properties": {"name": "TPB Museum Bahari 1", "type": "Platform", "category": "mobilitas", "subcategory": "Halte Bus", "opening_hours": null, "operator": null, "osm_id": 12500766389}}, {"type": "Feature", "geometry": {"type": "Point", "coordinates": [110.336951, -7.800425]}, "properties": {"name": "TPB Ruko Bayeman 1", "type": "Platform", "category": "mobilitas", "subcategory": "Halte Bus", "opening_hours": null, "operator": null, "osm_id": 10702099936}}, {"type": "Feature", "geometry": {"type": "Point", "coordinates": [110.331736, -7.833679]}, "properties": {"name": "Parkiran Gereja", "type": "Parking", "category": "mobilitas", "subcategory": "Parkir", "opening_hours": null, "operator": null, "osm_id": 3616720803}}, {"type": "Feature", "geometry": {"type": "Point", "coordinates": [110.351234, -7.838048]}, "properties": {"name": "Pasar Niten", "type": "Platform", "category": "mobilitas", "subcategory": "Halte Bus", "opening_hours": null, "operator": null, "osm_id": 10703148492}}, {"type": "Feature", "geometry": {"type": "Point", "coordinates": [110.350513, -7.838731]}, "properties": {"name": "Pasar Niten (Halte 2)", "type": "Platform", "category": "mobilitas", "subcategory": "Halte Bus", "opening_hours": null, "operator": null, "osm_id": 10703148493}}, {"type": "Feature", "geometry": {"type": "Point", "coordinates": [110.355506, -7.837239]}, "properties": {"name": "Embung Julantoro", "type": "Parking", "category": "mobilitas", "subcategory": "Parkir", "opening_hours": null, "operator": null, "osm_id": 8379823461}}, {"type": "Feature", "geometry": {"type": "Point", "coordinates": [110.413709, -7.815755]}, "properties": {"name": "Galaxy Waterpark & Futsal", "type": "Parking", "category": "mobilitas", "subcategory": "Parkir", "opening_hours": null, "operator": null, "osm_id": 9892769837}}, {"type": "Feature", "geometry": {"type": "Point", "coordinates": [110.366654, -7.833626]}, "properties": {"name": "Portabel Druwo", "type": "Platform", "category": "mobilitas", "subcategory": "Halte Bus", "opening_hours": null, "operator": null, "osm_id": 12666306891}}, {"type": "Feature", "geometry": {"type": "Point", "coordinates": [110.292921, -7.839649]}, "properties": {"name": "Jiwajawi", "type": "Parking", "category": "mobilitas", "subcategory": "Parkir", "opening_hours": null, "operator": null, "osm_id": 12630051329}}, {"type": "Feature", "geometry": {"type": "Point", "coordinates": [110.324052, -7.895236]}, "properties": {"name": "SD Unggulan Aisyiyah 2", "type": "Platform", "category": "mobilitas", "subcategory": "Halte Bus", "opening_hours": null, "operator": null, "osm_id": 12551140488}}, {"type": "Feature", "geometry": {"type": "Point", "coordinates": [110.323966, -7.895153]}, "properties": {"name": "SD Unggulan Aisyiyah", "type": "Platform", "category": "mobilitas", "subcategory": "Halte Bus", "opening_hours": null, "operator": null, "osm_id": 12551140489}}, {"type": "Feature", "geometry": {"type": "Point", "coordinates": [110.389347, -7.744743]}, "properties": {"name": "Halte Pasar Colombo 2", "type": "Platform", "category": "mobilitas", "subcategory": "Halte Bus", "opening_hours": null, "operator": null, "osm_id": 12592577777}}, {"type": "Feature", "geometry": {"type": "Point", "coordinates": [110.397457, -7.730584]}, "properties": {"name": "Halte Simpang Palem Raya", "type": "Platform", "category": "mobilitas", "subcategory": "Halte Bus", "opening_hours": null, "operator": null, "osm_id": 12592577778}}, {"type": "Feature", "geometry": {"type": "Point", "coordinates": [110.397807, -7.73022]}, "properties": {"name": "Halte Simpang Kaliurang Palem Raya", "type": "Platform", "category": "mobilitas", "subcategory": "Halte Bus", "opening_hours": null, "operator": null, "osm_id": 10703701281}}, {"type": "Feature", "geometry": {"type": "Point", "coordinates": [110.373482, -7.825712]}, "properties": {"name": "TPB Pasar Telo 2", "type": "Platform", "category": "mobilitas", "subcategory": "Halte Bus", "opening_hours": null, "operator": null, "osm_id": 10702309385}}, {"type": "Feature", "geometry": {"type": "Point", "coordinates": [110.455303, -7.804887]}, "properties": {"name": "Parking", "type": "Parking", "category": "mobilitas", "subcategory": "Parkir", "opening_hours": null, "operator": null, "osm_id": 9843837428}}, {"type": "Feature", "geometry": {"type": "Point", "coordinates": [110.465467, -7.811788]}, "properties": {"name": "Parking", "type": "Parking", "category": "mobilitas", "subcategory": "Parkir", "opening_hours": null, "operator": null, "osm_id": 10578638902}}, {"type": "Feature", "geometry": {"type": "Point", "coordinates": [110.299012, -7.809188]}, "properties": {"name": "pool trans jogja purosani", "type": "Bus Station", "category": "mobilitas", "subcategory": "Halte Bus", "opening_hours": null, "operator": null, "osm_id": 10838064105}}, {"type": "Feature", "geometry": {"type": "Point", "coordinates": [110.115075, -7.820956]}, "properties": {"name": "Parking", "type": "Parking", "category": "mobilitas", "subcategory": "Parkir", "opening_hours": null, "operator": null, "osm_id": 8178798448}}, {"type": "Feature", "geometry": {"type": "Point", "coordinates": [110.212372, -7.75411]}, "properties": {"name": "Terminal", "type": "Bus Station", "category": "mobilitas", "subcategory": "Halte Bus", "opening_hours": null, "operator": null, "osm_id": 3670246307}}, {"type": "Feature", "geometry": {"type": "Point", "coordinates": [110.116676, -7.76219]}, "properties": {"name": "Parking", "type": "Parking", "category": "mobilitas", "subcategory": "Parkir", "opening_hours": null, "operator": null, "osm_id": 3623170416}}, {"type": "Feature", "geometry": {"type": "Point", "coordinates": [110.120842, -7.769891]}, "properties": {"name": "Kedung Pedut parking", "type": "Parking", "category": "mobilitas", "subcategory": "Parkir", "opening_hours": null, "operator": null, "osm_id": 7178656827}}, {"type": "Feature", "geometry": {"type": "Point", "coordinates": [110.158009, -7.859382]}, "properties": {"name": "Wates", "type": "Stop Position", "category": "mobilitas", "subcategory": "Halte Bus", "opening_hours": null, "operator": null, "osm_id": 1262693003}}, {"type": "Feature", "geometry": {"type": "Point", "coordinates": [110.15596, -7.860009]}, "properties": {"name": "Wates", "type": "Stop Position", "category": "mobilitas", "subcategory": "Halte Bus", "opening_hours": null, "operator": null, "osm_id": 12148139271}}, {"type": "Feature", "geometry": {"type": "Point", "coordinates": [110.220257, -7.833229]}, "properties": {"name": "Sentolo", "type": "Station", "category": "mobilitas", "subcategory": "Stasiun", "opening_hours": null, "operator": null, "osm_id": 1262693015}}, {"type": "Feature", "geometry": {"type": "Point", "coordinates": [110.15594, -7.859964]}, "properties": {"name": "Wates", "type": "Stop Position", "category": "mobilitas", "subcategory": "Halte Bus", "opening_hours": null, "operator": null, "osm_id": 12148139268}}, {"type": "Feature", "geometry": {"type": "Point", "coordinates": [110.157629, -7.859489]}, "properties": {"name": "Wates", "type": "Station", "category": "mobilitas", "subcategory": "Stasiun", "opening_hours": null, "operator": "Kereta Api Indonesia", "osm_id": 12148139290}}, {"type": "Feature", "geometry": {"type": "Point", "coordinates": [110.09934, -7.878169]}, "properties": {"name": "Kedundang", "type": "Station", "category": "mobilitas", "subcategory": "Stasiun", "opening_hours": null, "operator": "PT Kereta Api Indonesia (Persero)", "osm_id": 2434649934}}, {"type": "Feature", "geometry": {"type": "Point", "coordinates": [110.060589, -7.897136]}, "properties": {"name": "Yogyakarta International Airport", "type": "Stop Position", "category": "mobilitas", "subcategory": "Halte Bus", "opening_hours": null, "operator": null, "osm_id": 9155303918}}, {"type": "Feature", "geometry": {"type": "Point", "coordinates": [110.062001, -7.897709]}, "properties": {"name": "Yogyakarta International Airport", "type": "Stop Position", "category": "mobilitas", "subcategory": "Halte Bus", "opening_hours": null, "operator": null, "osm_id": 9155303919}}, {"type": "Feature", "geometry": {"type": "Point", "coordinates": [110.363481, -7.806546]}, "properties": {"name": "Parking", "type": "Parking", "category": "mobilitas", "subcategory": "Parkir", "opening_hours": null, "operator": null, "osm_id": 719147875}}, {"type": "Feature", "geometry": {"type": "Point", "coordinates": [110.280039, -7.791965]}, "properties": {"name": "Parking", "type": "Parking", "category": "mobilitas", "subcategory": "Parkir", "opening_hours": null, "operator": null, "osm_id": 3481178221}}, {"type": "Feature", "geometry": {"type": "Point", "coordinates": [110.061324, -7.897442]}, "properties": {"name": "Yogyakarta International Airport", "type": "Station", "category": "mobilitas", "subcategory": "Stasiun", "opening_hours": null, "operator": null, "osm_id": 9155303920}}, {"type": "Feature", "geometry": {"type": "Point", "coordinates": [110.511355, -7.784144]}, "properties": {"name": "Parking", "type": "Parking", "category": "mobilitas", "subcategory": "Parkir", "opening_hours": null, "operator": null, "osm_id": 3395385981}}, {"type": "Feature", "geometry": {"type": "Point", "coordinates": [110.367156, -7.801409]}, "properties": {"name": "Halte Senopati 2", "type": "Platform", "category": "mobilitas", "subcategory": "Halte Bus", "opening_hours": null, "operator": null, "osm_id": 3626519569}}, {"type": "Feature", "geometry": {"type": "Point", "coordinates": [110.364984, -7.799854]}, "properties": {"name": "Halte Malioboro 3", "type": "Platform", "category": "mobilitas", "subcategory": "Halte Bus", "opening_hours": null, "operator": null, "osm_id": 3628566581}}, {"type": "Feature", "geometry": {"type": "Point", "coordinates": [110.362077, -7.799395]}, "properties": {"name": "Bhayangkara", "type": "Platform", "category": "mobilitas", "subcategory": "Halte Bus", "opening_hours": null, "operator": null, "osm_id": 3632375213}}, {"type": "Feature", "geometry": {"type": "Point", "coordinates": [110.36602, -7.801599]}, "properties": {"name": "Shuttle Damri Wisata", "type": "Platform", "category": "mobilitas", "subcategory": "Halte Bus", "opening_hours": null, "operator": "Damri", "osm_id": 11502413957}}, {"type": "Feature", "geometry": {"type": "Point", "coordinates": [110.369325, -7.805907]}, "properties": {"name": "TPB Jogjatronik", "type": "Platform", "category": "mobilitas", "subcategory": "Halte Bus", "opening_hours": null, "operator": null, "osm_id": 12624614402}}, {"type": "Feature", "geometry": {"type": "Point", "coordinates": [110.367101, -7.814694]}, "properties": {"name": "Halte Portabel Jalan Mayjen Sutoyo (Jokteng Wetan)", "type": "Platform", "category": "mobilitas", "subcategory": "Halte Bus", "opening_hours": null, "operator": null, "osm_id": 6231456949}}, {"type": "Feature", "geometry": {"type": "Point", "coordinates": [110.368447, -7.81564]}, "properties": {"name": "Hotel Noola", "type": "Platform", "category": "mobilitas", "subcategory": "Halte Bus", "opening_hours": null, "operator": null, "osm_id": 12666306892}}, {"type": "Feature", "geometry": {"type": "Point", "coordinates": [110.362154, -7.818658]}, "properties": {"name": "Suryodiningratan (Timur)", "type": "Platform", "category": "mobilitas", "subcategory": "Halte Bus", "opening_hours": null, "operator": null, "osm_id": 13073418724}}, {"type": "Feature", "geometry": {"type": "Point", "coordinates": [110.361997, -7.818779]}, "properties": {"name": "Suryodiningratan (Barat)", "type": "Platform", "category": "mobilitas", "subcategory": "Halte Bus", "opening_hours": null, "operator": null, "osm_id": 13073418725}}, {"type": "Feature", "geometry": {"type": "Point", "coordinates": [110.236529, -7.80652]}, "properties": {"name": "Stasiun tram Gamplong Studio", "type": "Station", "category": "mobilitas", "subcategory": "Stasiun", "opening_hours": null, "operator": null, "osm_id": 12730433279}}, {"type": "Feature", "geometry": {"type": "Point", "coordinates": [110.358322, -7.741936]}, "properties": {"name": "Parking", "type": "Parking", "category": "mobilitas", "subcategory": "Parkir", "opening_hours": null, "operator": null, "osm_id": 12753770425}}, {"type": "Feature", "geometry": {"type": "Point", "coordinates": [110.426731, -7.60069]}, "properties": {"name": "Parking", "type": "Parking", "category": "mobilitas", "subcategory": "Parkir", "opening_hours": null, "operator": null, "osm_id": 9857964387}}, {"type": "Feature", "geometry": {"type": "Point", "coordinates": [110.40297, -7.925793]}, "properties": {"name": "Parking", "type": "Parking", "category": "mobilitas", "subcategory": "Parkir", "opening_hours": null, "operator": null, "osm_id": 4013846300}}, {"type": "Feature", "geometry": {"type": "Point", "coordinates": [110.426459, -7.945295]}, "properties": {"name": "Parking", "type": "Parking", "category": "mobilitas", "subcategory": "Parkir", "opening_hours": null, "operator": null, "osm_id": 3395890569}}, {"type": "Feature", "geometry": {"type": "Point", "coordinates": [110.435125, -7.604944]}, "properties": {"name": "Jembatan & Talang Plunyon Kalikuning", "type": "Parking", "category": "mobilitas", "subcategory": "Parkir", "opening_hours": null, "operator": null, "osm_id": 9895258052}}, {"type": "Feature", "geometry": {"type": "Point", "coordinates": [110.443759, -7.583284]}, "properties": {"name": "Parking", "type": "Parking", "category": "mobilitas", "subcategory": "Parkir", "opening_hours": null, "operator": null, "osm_id": 4027234772}}, {"type": "Feature", "geometry": {"type": "Point", "coordinates": [110.374124, -7.790303]}, "properties": {"name": "Lempuyangan", "type": "Stop Position", "category": "mobilitas", "subcategory": "Halte Bus", "opening_hours": null, "operator": null, "osm_id": 2354418423}}, {"type": "Feature", "geometry": {"type": "Point", "coordinates": [110.376466, -7.790116]}, "properties": {"name": "Lempuyangan", "type": "Stop Position", "category": "mobilitas", "subcategory": "Halte Bus", "opening_hours": null, "operator": null, "osm_id": 12150446283}}, {"type": "Feature", "geometry": {"type": "Point", "coordinates": [110.384636, -7.752533]}, "properties": {"name": "Halte Superindo Kaliurang", "type": "Platform", "category": "mobilitas", "subcategory": "Halte Bus", "opening_hours": null, "operator": null, "osm_id": 10703696505}}, {"type": "Feature", "geometry": {"type": "Point", "coordinates": [110.413566, -7.702841]}, "properties": {"name": "Halte Wedangan Kampoeng 2", "type": "Platform", "category": "mobilitas", "subcategory": "Halte Bus", "opening_hours": null, "operator": null, "osm_id": 12592577780}}, {"type": "Feature", "geometry": {"type": "Point", "coordinates": [110.424489, -7.940255]}, "properties": {"name": "Parking", "type": "Parking", "category": "mobilitas", "subcategory": "Parkir", "opening_hours": null, "operator": null, "osm_id": 3395887661}}, {"type": "Feature", "geometry": {"type": "Point", "coordinates": [110.36174, -7.823434]}, "properties": {"name": "Garasi Bus KARYA JASA", "type": "Bus Station", "category": "mobilitas", "subcategory": "Halte Bus", "opening_hours": null, "operator": null, "osm_id": 2898652323}}, {"type": "Feature", "geometry": {"type": "Point", "coordinates": [110.362251, -7.820873]}, "properties": {"name": "TPB Ruba Grha 2", "type": "Platform", "category": "mobilitas", "subcategory": "Halte Bus", "opening_hours": null, "operator": null, "osm_id": 10702355628}}, {"type": "Feature", "geometry": {"type": "Point", "coordinates": [110.361951, -7.820892]}, "properties": {"name": "TPB Ruba Graha 1", "type": "Platform", "category": "mobilitas", "subcategory": "Halte Bus", "opening_hours": null, "operator": null, "osm_id": 10702355629}}, {"type": "Feature", "geometry": {"type": "Point", "coordinates": [110.35143, -7.81566]}, "properties": {"name": "Tempat Evakuasi Ancaman Gempa", "type": "Parking", "category": "mobilitas", "subcategory": "Parkir", "opening_hours": null, "operator": null, "osm_id": 9276905019}}, {"type": "Feature", "geometry": {"type": "Point", "coordinates": [110.331997, -7.832879]}, "properties": {"name": "Parking", "type": "Parking", "category": "mobilitas", "subcategory": "Parkir", "opening_hours": null, "operator": null, "osm_id": 3582862421}}, {"type": "Feature", "geometry": {"type": "Point", "coordinates": [110.365581, -7.802962]}, "properties": {"name": "Parking", "type": "Parking", "category": "mobilitas", "subcategory": "Parkir", "opening_hours": null, "operator": null, "osm_id": 10824369296}}, {"type": "Feature", "geometry": {"type": "Point", "coordinates": [110.376771, -7.787127]}, "properties": {"name": "Parking", "type": "Parking", "category": "mobilitas", "subcategory": "Parkir", "opening_hours": null, "operator": null, "osm_id": 361999621}}, {"type": "Feature", "geometry": {"type": "Point", "coordinates": [110.433068, -7.767272]}, "properties": {"name": "Parking", "type": "Parking", "category": "mobilitas", "subcategory": "Parkir", "opening_hours": null, "operator": null, "osm_id": 1091388785}}, {"type": "Feature", "geometry": {"type": "Point", "coordinates": [110.431607, -7.767106]}, "properties": {"name": "Parking", "type": "Parking", "category": "mobilitas", "subcategory": "Parkir", "opening_hours": null, "operator": null, "osm_id": 1091388784}}, {"type": "Feature", "geometry": {"type": "Point", "coordinates": [110.458273, -7.775462]}, "properties": {"name": "Parking", "type": "Parking", "category": "mobilitas", "subcategory": "Parkir", "opening_hours": null, "operator": null, "osm_id": 364888354}}, {"type": "Feature", "geometry": {"type": "Point", "coordinates": [110.457815, -7.775023]}, "properties": {"name": "Parking", "type": "Parking", "category": "mobilitas", "subcategory": "Parkir", "opening_hours": null, "operator": null, "osm_id": 1134397793}}, {"type": "Feature", "geometry": {"type": "Point", "coordinates": [110.458969, -7.776846]}, "properties": {"name": "Parking", "type": "Parking", "category": "mobilitas", "subcategory": "Parkir", "opening_hours": null, "operator": null, "osm_id": 1134397795}}, {"type": "Feature", "geometry": {"type": "Point", "coordinates": [110.458542, -7.776553]}, "properties": {"name": "Parking", "type": "Parking", "category": "mobilitas", "subcategory": "Parkir", "opening_hours": null, "operator": null, "osm_id": 1134397796}}, {"type": "Feature", "geometry": {"type": "Point", "coordinates": [110.432167, -7.763543]}, "properties": {"name": "Parking", "type": "Parking", "category": "mobilitas", "subcategory": "Parkir", "opening_hours": null, "operator": null, "osm_id": 1093271825}}, {"type": "Feature", "geometry": {"type": "Point", "coordinates": [110.393132, -7.784781]}, "properties": {"name": "Parking", "type": "Parking", "category": "mobilitas", "subcategory": "Parkir", "opening_hours": null, "operator": "UIN Sunan Kalijaga", "osm_id": 767465207}}, {"type": "Feature", "geometry": {"type": "Point", "coordinates": [110.388338, -7.806048]}, "properties": {"name": "Parking", "type": "Parking", "category": "mobilitas", "subcategory": "Parkir", "opening_hours": null, "operator": null, "osm_id": 1157399256}}, {"type": "Feature", "geometry": {"type": "Point", "coordinates": [110.452852, -7.774587]}, "properties": {"name": "Parking", "type": "Parking", "category": "mobilitas", "subcategory": "Parkir", "opening_hours": null, "operator": null, "osm_id": 1068727219}}, {"type": "Feature", "geometry": {"type": "Point", "coordinates": [110.409447, -7.781652]}, "properties": {"name": "Parking", "type": "Parking", "category": "mobilitas", "subcategory": "Parkir", "opening_hours": null, "operator": null, "osm_id": 362037446}}, {"type": "Feature", "geometry": {"type": "Point", "coordinates": [110.412064, -7.796546]}, "properties": {"name": "Parking", "type": "Parking", "category": "mobilitas", "subcategory": "Parkir", "opening_hours": null, "operator": "RSPAU dr Hardjolukito", "osm_id": 1332789126}}, {"type": "Feature", "geometry": {"type": "Point", "coordinates": [110.37311, -7.780662]}, "properties": {"name": "Parking", "type": "Parking", "category": "mobilitas", "subcategory": "Parkir", "opening_hours": null, "operator": null, "osm_id": 362042676}}, {"type": "Feature", "geometry": {"type": "Point", "coordinates": [110.373254, -7.780315]}, "properties": {"name": "Parking", "type": "Parking", "category": "mobilitas", "subcategory": "Parkir", "opening_hours": null, "operator": null, "osm_id": 362042310}}, {"type": "Feature", "geometry": {"type": "Point", "coordinates": [110.379972, -7.768084]}, "properties": {"name": "Parking", "type": "Parking", "category": "mobilitas", "subcategory": "Parkir", "opening_hours": null, "operator": null, "osm_id": 1318279648}}, {"type": "Feature", "geometry": {"type": "Point", "coordinates": [110.379339, -7.768451]}, "properties": {"name": "Parking", "type": "Parking", "category": "mobilitas", "subcategory": "Parkir", "opening_hours": null, "operator": null, "osm_id": 194439311}}, {"type": "Feature", "geometry": {"type": "Point", "coordinates": [110.381078, -7.769364]}, "properties": {"name": "Parking", "type": "Parking", "category": "mobilitas", "subcategory": "Parkir", "opening_hours": null, "operator": null, "osm_id": 265567229}}, {"type": "Feature", "geometry": {"type": "Point", "coordinates": [110.376935, -7.7668]}, "properties": {"name": "Parking", "type": "Parking", "category": "mobilitas", "subcategory": "Parkir", "opening_hours": null, "operator": null, "osm_id": 1315696637}}, {"type": "Feature", "geometry": {"type": "Point", "coordinates": [110.377567, -7.766194]}, "properties": {"name": "Parking", "type": "Parking", "category": "mobilitas", "subcategory": "Parkir", "opening_hours": null, "operator": null, "osm_id": 1316009074}}, {"type": "Feature", "geometry": {"type": "Point", "coordinates": [110.376788, -7.766628]}, "properties": {"name": "Parking", "type": "Parking", "category": "mobilitas", "subcategory": "Parkir", "opening_hours": null, "operator": null, "osm_id": 1316320055}}, {"type": "Feature", "geometry": {"type": "Point", "coordinates": [110.377059, -7.767344]}, "properties": {"name": "Parking", "type": "Parking", "category": "mobilitas", "subcategory": "Parkir", "opening_hours": null, "operator": null, "osm_id": 1315696644}}, {"type": "Feature", "geometry": {"type": "Point", "coordinates": [110.376465, -7.766672]}, "properties": {"name": "Parking", "type": "Parking", "category": "mobilitas", "subcategory": "Parkir", "opening_hours": null, "operator": null, "osm_id": 1316320049}}, {"type": "Feature", "geometry": {"type": "Point", "coordinates": [110.378762, -7.767193]}, "properties": {"name": "Parking", "type": "Parking", "category": "mobilitas", "subcategory": "Parkir", "opening_hours": null, "operator": "Universitas Gadjah Mada", "osm_id": 1318054453}}, {"type": "Feature", "geometry": {"type": "Point", "coordinates": [110.376951, -7.774953]}, "properties": {"name": "Parking", "type": "Parking", "category": "mobilitas", "subcategory": "Parkir", "opening_hours": null, "operator": null, "osm_id": 265567241}}, {"type": "Feature", "geometry": {"type": "Point", "coordinates": [110.382501, -7.771263]}, "properties": {"name": "Parkir Area Lembah UGM Sports Centre", "type": "Parking", "category": "mobilitas", "subcategory": "Parkir", "opening_hours": null, "operator": null, "osm_id": 1070241893}}, {"type": "Feature", "geometry": {"type": "Point", "coordinates": [110.382439, -7.771409]}, "properties": {"name": "Parkir Area Lembah UGM Sports Centre", "type": "Parking", "category": "mobilitas", "subcategory": "Parkir", "opening_hours": null, "operator": null, "osm_id": 1070241894}}, {"type": "Feature", "geometry": {"type": "Point", "coordinates": [110.37125, -7.76912]}, "properties": {"name": "Parking", "type": "Parking", "category": "mobilitas", "subcategory": "Parkir", "opening_hours": null, "operator": null, "osm_id": 364437779}}, {"type": "Feature", "geometry": {"type": "Point", "coordinates": [110.394125, -7.769186]}, "properties": {"name": "Parking", "type": "Parking", "category": "mobilitas", "subcategory": "Parkir", "opening_hours": null, "operator": null, "osm_id": 612909782}}, {"type": "Feature", "geometry": {"type": "Point", "coordinates": [110.366434, -7.791033]}, "properties": {"name": "Parking", "type": "Parking", "category": "mobilitas", "subcategory": "Parkir", "opening_hours": null, "operator": null, "osm_id": 386269457}}, {"type": "Feature", "geometry": {"type": "Point", "coordinates": [110.367194, -7.793213]}, "properties": {"name": "Parking", "type": "Parking", "category": "mobilitas", "subcategory": "Parkir", "opening_hours": null, "operator": "Malioboro Mall", "osm_id": 610978382}}, {"type": "Feature", "geometry": {"type": "Point", "coordinates": [110.489481, -7.755709]}, "properties": {"name": "Terminal Prambanan", "type": "Bus Station", "category": "mobilitas", "subcategory": "Halte Bus", "opening_hours": null, "operator": null, "osm_id": 1340673885}}, {"type": "Feature", "geometry": {"type": "Point", "coordinates": [110.333329, -8.022516]}, "properties": {"name": "Parking", "type": "Parking", "category": "mobilitas", "subcategory": "Parkir", "opening_hours": null, "operator": null, "osm_id": 318774754}}, {"type": "Feature", "geometry": {"type": "Point", "coordinates": [110.314731, -7.80242]}, "properties": {"name": "Gamping's Park & Ride Station", "type": "Bus Station", "category": "mobilitas", "subcategory": "Halte Bus", "opening_hours": null, "operator": null, "osm_id": 592224514}}, {"type": "Feature", "geometry": {"type": "Point", "coordinates": [110.333178, -7.884558]}, "properties": {"name": "Parking", "type": "Parking", "category": "mobilitas", "subcategory": "Parkir", "opening_hours": null, "operator": null, "osm_id": 1000263399}}, {"type": "Feature", "geometry": {"type": "Point", "coordinates": [110.354983, -7.767652]}, "properties": {"name": "Parking", "type": "Parking", "category": "mobilitas", "subcategory": "Parkir", "opening_hours": null, "operator": null, "osm_id": 561984572}}, {"type": "Feature", "geometry": {"type": "Point", "coordinates": [110.503387, -7.78214]}, "properties": {"name": "Parking", "type": "Parking", "category": "mobilitas", "subcategory": "Parkir", "opening_hours": null, "operator": null, "osm_id": 1267899687}}, {"type": "Feature", "geometry": {"type": "Point", "coordinates": [110.321729, -7.816752]}, "properties": {"name": "Parking", "type": "Parking", "category": "mobilitas", "subcategory": "Parkir", "opening_hours": null, "operator": null, "osm_id": 930481669}}, {"type": "Feature", "geometry": {"type": "Point", "coordinates": [110.505478, -7.782477]}, "properties": {"name": "Parking", "type": "Parking", "category": "mobilitas", "subcategory": "Parkir", "opening_hours": null, "operator": null, "osm_id": 1265507066}}, {"type": "Feature", "geometry": {"type": "Point", "coordinates": [110.392668, -7.822583]}, "properties": {"name": "Parkir Masjid Al Wahid", "type": "Parking", "category": "mobilitas", "subcategory": "Parkir", "opening_hours": null, "operator": null, "osm_id": 1191964283}}, {"type": "Feature", "geometry": {"type": "Point", "coordinates": [110.382228, -7.654406]}, "properties": {"name": "Parking", "type": "Parking", "category": "mobilitas", "subcategory": "Parkir", "opening_hours": null, "operator": "Warung Sate Kambing Muda Sedan", "osm_id": 1174219834}}, {"type": "Feature", "geometry": {"type": "Point", "coordinates": [110.34054, -7.630672]}, "properties": {"name": "Parking", "type": "Parking", "category": "mobilitas", "subcategory": "Parkir", "opening_hours": null, "operator": null, "osm_id": 914326266}}, {"type": "Feature", "geometry": {"type": "Point", "coordinates": [110.454585, -7.577744]}, "properties": {"name": "Parking", "type": "Parking", "category": "mobilitas", "subcategory": "Parkir", "opening_hours": null, "operator": null, "osm_id": 967193407}}, {"type": "Feature", "geometry": {"type": "Point", "coordinates": [110.423965, -7.61731]}, "properties": {"name": "Parking", "type": "Parking", "category": "mobilitas", "subcategory": "Parkir", "opening_hours": null, "operator": null, "osm_id": 723009647}}, {"type": "Feature", "geometry": {"type": "Point", "coordinates": [110.348671, -7.718423]}, "properties": {"name": "Parking", "type": "Parking", "category": "mobilitas", "subcategory": "Parkir", "opening_hours": null, "operator": null, "osm_id": 1099493728}}, {"type": "Feature", "geometry": {"type": "Point", "coordinates": [110.1579, -7.859564]}, "properties": {"name": "Stasiun Wates", "type": "Station", "category": "mobilitas", "subcategory": "Stasiun", "opening_hours": null, "operator": null, "osm_id": 723011960}}, {"type": "Feature", "geometry": {"type": "Point", "coordinates": [110.123307, -7.821283]}, "properties": {"name": "Parking", "type": "Parking", "category": "mobilitas", "subcategory": "Parkir", "opening_hours": null, "operator": null, "osm_id": 1182057255}}, {"type": "Feature", "geometry": {"type": "Point", "coordinates": [110.236722, -7.80707]}, "properties": {"name": "Parking", "type": "Parking", "category": "mobilitas", "subcategory": "Parkir", "opening_hours": null, "operator": null, "osm_id": 943499966}}, {"type": "Feature", "geometry": {"type": "Point", "coordinates": [110.203629, -7.822668]}, "properties": {"name": "Parking", "type": "Parking", "category": "mobilitas", "subcategory": "Parkir", "opening_hours": null, "operator": null, "osm_id": 1313238383}}, {"type": "Feature", "geometry": {"type": "Point", "coordinates": [110.289752, -7.768222]}, "properties": {"name": "Parking", "type": "Parking", "category": "mobilitas", "subcategory": "Parkir", "opening_hours": null, "operator": null, "osm_id": 1167552681}}, {"type": "Feature", "geometry": {"type": "Point", "coordinates": [110.163695, -7.85433]}, "properties": {"name": "Parking", "type": "Parking", "category": "mobilitas", "subcategory": "Parkir", "opening_hours": null, "operator": null, "osm_id": 887812126}}, {"type": "Feature", "geometry": {"type": "Point", "coordinates": [110.164267, -7.853073]}, "properties": {"name": "Parking", "type": "Parking", "category": "mobilitas", "subcategory": "Parkir", "opening_hours": null, "operator": "UNY", "osm_id": 887812113}}, {"type": "Feature", "geometry": {"type": "Point", "coordinates": [110.146129, -7.860708]}, "properties": {"name": "Parking", "type": "Parking", "category": "mobilitas", "subcategory": "Parkir", "opening_hours": null, "operator": null, "osm_id": 886636349}}, {"type": "Feature", "geometry": {"type": "Point", "coordinates": [110.42856, -7.757308]}, "properties": {"name": "Parking", "type": "Parking", "category": "mobilitas", "subcategory": "Parkir", "opening_hours": null, "operator": null, "osm_id": 917426568}}, {"type": "Feature", "geometry": {"type": "Point", "coordinates": [110.220134, -7.833374]}, "properties": {"name": "Platform", "type": "Platform", "category": "mobilitas", "subcategory": "Halte Bus", "opening_hours": null, "operator": null, "osm_id": 1312472829}}, {"type": "Feature", "geometry": {"type": "Point", "coordinates": [110.356223, -7.802246]}, "properties": {"name": "Taman Parkir Ngabean", "type": "Parking", "category": "mobilitas", "subcategory": "Parkir", "opening_hours": null, "operator": null, "osm_id": 385938770}}, {"type": "Feature", "geometry": {"type": "Point", "coordinates": [110.364798, -7.727472]}, "properties": {"name": "Parking", "type": "Parking", "category": "mobilitas", "subcategory": "Parkir", "opening_hours": null, "operator": null, "osm_id": 1191750320}}, {"type": "Feature", "geometry": {"type": "Point", "coordinates": [110.174638, -7.857012]}, "properties": {"name": "Parking", "type": "Parking", "category": "mobilitas", "subcategory": "Parkir", "opening_hours": null, "operator": null, "osm_id": 1072620584}}, {"type": "Feature", "geometry": {"type": "Point", "coordinates": [110.361439, -7.747232]}, "properties": {"name": "Terminal Jombor", "type": "Bus Station", "category": "mobilitas", "subcategory": "Halte Bus", "opening_hours": null, "operator": null, "osm_id": 121297861}}, {"type": "Feature", "geometry": {"type": "Point", "coordinates": [110.514374, -8.120952]}, "properties": {"name": "Ngrenehan", "type": "Parking", "category": "mobilitas", "subcategory": "Parkir", "opening_hours": null, "operator": null, "osm_id": 1148747298}}, {"type": "Feature", "geometry": {"type": "Point", "coordinates": [110.514262, -8.120511]}, "properties": {"name": "Ngrenehan", "type": "Parking", "category": "mobilitas", "subcategory": "Parkir", "opening_hours": null, "operator": null, "osm_id": 1148747299}}, {"type": "Feature", "geometry": {"type": "Point", "coordinates": [110.50339, -8.118119]}, "properties": {"name": "Parkiran Pantai Nguyahan", "type": "Parking", "category": "mobilitas", "subcategory": "Parkir", "opening_hours": null, "operator": null, "osm_id": 1020470244}}, {"type": "Feature", "geometry": {"type": "Point", "coordinates": [110.556245, -8.13036]}, "properties": {"name": "Tempat Parkir Wisata Pantai Kukup", "type": "Parking", "category": "mobilitas", "subcategory": "Parkir", "opening_hours": null, "operator": null, "osm_id": 664981940}}, {"type": "Feature", "geometry": {"type": "Point", "coordinates": [110.711233, -8.188698]}, "properties": {"name": "Parking", "type": "Parking", "category": "mobilitas", "subcategory": "Parkir", "opening_hours": null, "operator": null, "osm_id": 1095331478}}, {"type": "Feature", "geometry": {"type": "Point", "coordinates": [110.682751, -8.181465]}, "properties": {"name": "Parking", "type": "Parking", "category": "mobilitas", "subcategory": "Parkir", "opening_hours": null, "operator": null, "osm_id": 1095331496}}, {"type": "Feature", "geometry": {"type": "Point", "coordinates": [110.220186, -7.833381]}, "properties": {"name": "Platform", "type": "Platform", "category": "mobilitas", "subcategory": "Halte Bus", "opening_hours": null, "operator": null, "osm_id": 1312472828}}, {"type": "Feature", "geometry": {"type": "Point", "coordinates": [110.10922, -7.807741]}, "properties": {"name": "Parking", "type": "Parking", "category": "mobilitas", "subcategory": "Parkir", "opening_hours": null, "operator": null, "osm_id": 822209909}}, {"type": "Feature", "geometry": {"type": "Point", "coordinates": [110.420204, -7.666829]}, "properties": {"name": "Terminal Pakem", "type": "Bus Station", "category": "mobilitas", "subcategory": "Halte Bus", "opening_hours": null, "operator": null, "osm_id": 319060436}}, {"type": "Feature", "geometry": {"type": "Point", "coordinates": [110.638511, -8.009921]}, "properties": {"name": "Parking", "type": "Parking", "category": "mobilitas", "subcategory": "Parkir", "opening_hours": null, "operator": null, "osm_id": 951709202}}, {"type": "Feature", "geometry": {"type": "Point", "coordinates": [110.392166, -7.834942]}, "properties": {"name": "Terminal Giwangan", "type": "Bus Station", "category": "mobilitas", "subcategory": "Halte Bus", "opening_hours": null, "operator": null, "osm_id": 263174151}}, {"type": "Feature", "geometry": {"type": "Point", "coordinates": [110.380304, -7.828599]}, "properties": {"name": "Parking", "type": "Parking", "category": "mobilitas", "subcategory": "Parkir", "opening_hours": null, "operator": null, "osm_id": 1359400922}}, {"type": "Feature", "geometry": {"type": "Point", "coordinates": [110.380078, -7.82912]}, "properties": {"name": "Parking", "type": "Parking", "category": "mobilitas", "subcategory": "Parkir", "opening_hours": null, "operator": null, "osm_id": 1359400926}}, {"type": "Feature", "geometry": {"type": "Point", "coordinates": [110.60193, -7.970344]}, "properties": {"name": "Lahan Parkir Distro Icha", "type": "Parking", "category": "mobilitas", "subcategory": "Parkir", "opening_hours": null, "operator": null, "osm_id": 1341165872}}, {"type": "Feature", "geometry": {"type": "Point", "coordinates": [110.380244, -7.830024]}, "properties": {"name": "Parking", "type": "Parking", "category": "mobilitas", "subcategory": "Parkir", "opening_hours": null, "operator": null, "osm_id": 1359400928}}, {"type": "Feature", "geometry": {"type": "Point", "coordinates": [110.335618, -8.023356]}, "properties": {"name": "Parking", "type": "Parking", "category": "mobilitas", "subcategory": "Parkir", "opening_hours": null, "operator": null, "osm_id": 318774755}}, {"type": "Feature", "geometry": {"type": "Point", "coordinates": [110.394465, -7.78343]}, "properties": {"name": "Parking", "type": "Parking", "category": "mobilitas", "subcategory": "Parkir", "opening_hours": null, "operator": null, "osm_id": 767453051}}, {"type": "Feature", "geometry": {"type": "Point", "coordinates": [110.395486, -7.783441]}, "properties": {"name": "Parking", "type": "Parking", "category": "mobilitas", "subcategory": "Parkir", "opening_hours": null, "operator": null, "osm_id": 767446284}}, {"type": "Feature", "geometry": {"type": "Point", "coordinates": [110.409401, -7.781416]}, "properties": {"name": "Parking", "type": "Parking", "category": "mobilitas", "subcategory": "Parkir", "opening_hours": null, "operator": null, "osm_id": 1016787628}}, {"type": "Feature", "geometry": {"type": "Point", "coordinates": [110.395202, -7.783018]}, "properties": {"name": "Parking", "type": "Parking", "category": "mobilitas", "subcategory": "Parkir", "opening_hours": null, "operator": null, "osm_id": 767453052}}, {"type": "Feature", "geometry": {"type": "Point", "coordinates": [110.377095, -7.790127]}, "properties": {"name": "Parking", "type": "Parking", "category": "mobilitas", "subcategory": "Parkir", "opening_hours": null, "operator": null, "osm_id": 733460723}}, {"type": "Feature", "geometry": {"type": "Point", "coordinates": [110.375055, -7.79014]}, "properties": {"name": "Platform", "type": "Platform", "category": "mobilitas", "subcategory": "Halte Bus", "opening_hours": null, "operator": null, "osm_id": 1312676674}}, {"type": "Feature", "geometry": {"type": "Point", "coordinates": [110.386274, -7.790262]}, "properties": {"name": "Parking", "type": "Parking", "category": "mobilitas", "subcategory": "Parkir", "opening_hours": null, "operator": null, "osm_id": 767653568}}, {"type": "Feature", "geometry": {"type": "Point", "coordinates": [110.602946, -7.967612]}, "properties": {"name": "Taman Parkir Wonosari", "type": "Parking", "category": "mobilitas", "subcategory": "Parkir", "opening_hours": null, "operator": null, "osm_id": 530314244}}, {"type": "Feature", "geometry": {"type": "Point", "coordinates": [110.647884, -7.931091]}, "properties": {"name": "Goa Pindul", "type": "Parking", "category": "mobilitas", "subcategory": "Parkir", "opening_hours": null, "operator": null, "osm_id": 198750439}}, {"type": "Feature", "geometry": {"type": "Point", "coordinates": [110.58623, -7.950937]}, "properties": {"name": "Parking", "type": "Parking", "category": "mobilitas", "subcategory": "Parkir", "opening_hours": null, "operator": null, "osm_id": 1074168309}}, {"type": "Feature", "geometry": {"type": "Point", "coordinates": [110.363085, -7.789414]}, "properties": {"name": "Platform", "type": "Platform", "category": "mobilitas", "subcategory": "Halte Bus", "opening_hours": null, "operator": null, "osm_id": 1312640278}}, {"type": "Feature", "geometry": {"type": "Point", "coordinates": [110.363219, -7.790145]}, "properties": {"name": "Parking", "type": "Parking", "category": "mobilitas", "subcategory": "Parkir", "opening_hours": null, "operator": null, "osm_id": 201299457}}, {"type": "Feature", "geometry": {"type": "Point", "coordinates": [110.347817, -7.807759]}, "properties": {"name": "Parking", "type": "Parking", "category": "mobilitas", "subcategory": "Parkir", "opening_hours": null, "operator": null, "osm_id": 918536788}}, {"type": "Feature", "geometry": {"type": "Point", "coordinates": [110.363495, -7.789034]}, "properties": {"name": "Platform", "type": "Platform", "category": "mobilitas", "subcategory": "Halte Bus", "opening_hours": null, "operator": null, "osm_id": 1312596693}}, {"type": "Feature", "geometry": {"type": "Point", "coordinates": [110.376868, -7.787141]}, "properties": {"name": "Parking", "type": "Parking", "category": "mobilitas", "subcategory": "Parkir", "opening_hours": null, "operator": null, "osm_id": 361999647}}, {"type": "Feature", "geometry": {"type": "Point", "coordinates": [110.393955, -7.785456]}, "properties": {"name": "Parking", "type": "Parking", "category": "mobilitas", "subcategory": "Parkir", "opening_hours": null, "operator": "UIN Sunan Kalijaga", "osm_id": 767465211}}, {"type": "Feature", "geometry": {"type": "Point", "coordinates": [110.416056, -7.621777]}, "properties": {"name": "Parking", "type": "Parking", "category": "mobilitas", "subcategory": "Parkir", "opening_hours": null, "operator": null, "osm_id": 1068734500}}, {"type": "Feature", "geometry": {"type": "Point", "coordinates": [110.432517, -7.592766]}, "properties": {"name": "Terminal Telogo Putri", "type": "Bus Station", "category": "mobilitas", "subcategory": "Halte Bus", "opening_hours": null, "operator": null, "osm_id": 533528996}}, {"type": "Feature", "geometry": {"type": "Point", "coordinates": [110.397936, -7.803269]}, "properties": {"name": "Parking", "type": "Parking", "category": "mobilitas", "subcategory": "Parkir", "opening_hours": null, "operator": null, "osm_id": 364661303}}, {"type": "Feature", "geometry": {"type": "Point", "coordinates": [110.388695, -7.805464]}, "properties": {"name": "Parking", "type": "Parking", "category": "mobilitas", "subcategory": "Parkir", "opening_hours": null, "operator": null, "osm_id": 611060714}}, {"type": "Feature", "geometry": {"type": "Point", "coordinates": [110.396404, -7.785182]}, "properties": {"name": "Parking", "type": "Parking", "category": "mobilitas", "subcategory": "Parkir", "opening_hours": null, "operator": null, "osm_id": 767451340}}, {"type": "Feature", "geometry": {"type": "Point", "coordinates": [110.395467, -7.785247]}, "properties": {"name": "Parking", "type": "Parking", "category": "mobilitas", "subcategory": "Parkir", "opening_hours": null, "operator": null, "osm_id": 767446294}}, {"type": "Feature", "geometry": {"type": "Point", "coordinates": [110.396587, -7.786568]}, "properties": {"name": "Parking", "type": "Parking", "category": "mobilitas", "subcategory": "Parkir", "opening_hours": null, "operator": null, "osm_id": 767451338}}, {"type": "Feature", "geometry": {"type": "Point", "coordinates": [110.393063, -7.785436]}, "properties": {"name": "Parking", "type": "Parking", "category": "mobilitas", "subcategory": "Parkir", "opening_hours": null, "operator": null, "osm_id": 767693387}}, {"type": "Feature", "geometry": {"type": "Point", "coordinates": [110.394454, -7.785794]}, "properties": {"name": "Parking", "type": "Parking", "category": "mobilitas", "subcategory": "Parkir", "opening_hours": null, "operator": "UIN Sunan Kalijaga", "osm_id": 767461138}}, {"type": "Feature", "geometry": {"type": "Point", "coordinates": [110.394437, -7.786362]}, "properties": {"name": "Parking", "type": "Parking", "category": "mobilitas", "subcategory": "Parkir", "opening_hours": null, "operator": "UIN Sunan Kalijaga", "osm_id": 767466986}}, {"type": "Feature", "geometry": {"type": "Point", "coordinates": [110.436723, -7.706485]}, "properties": {"name": "Parking", "type": "Parking", "category": "mobilitas", "subcategory": "Parkir", "opening_hours": null, "operator": null, "osm_id": 1086572132}}, {"type": "Feature", "geometry": {"type": "Point", "coordinates": [110.435977, -7.706222]}, "properties": {"name": "Parking", "type": "Parking", "category": "mobilitas", "subcategory": "Parkir", "opening_hours": null, "operator": null, "osm_id": 1086572137}}, {"type": "Feature", "geometry": {"type": "Point", "coordinates": [110.312175, -7.984789]}, "properties": {"name": "Parkir MAsjid Al Fatah", "type": "Parking", "category": "mobilitas", "subcategory": "Parkir", "opening_hours": null, "operator": null, "osm_id": 530279643}}, {"type": "Feature", "geometry": {"type": "Point", "coordinates": [110.376913, -7.787147]}, "properties": {"name": "Parking", "type": "Parking", "category": "mobilitas", "subcategory": "Parkir", "opening_hours": null, "operator": null, "osm_id": 1152808247}}, {"type": "Feature", "geometry": {"type": "Point", "coordinates": [110.376477, -7.787423]}, "properties": {"name": "Parking", "type": "Parking", "category": "mobilitas", "subcategory": "Parkir", "opening_hours": null, "operator": null, "osm_id": 1152808248}}, {"type": "Feature", "geometry": {"type": "Point", "coordinates": [110.424314, -7.70352]}, "properties": {"name": "Parking", "type": "Parking", "category": "mobilitas", "subcategory": "Parkir", "opening_hours": null, "operator": null, "osm_id": 1084352894}}, {"type": "Feature", "geometry": {"type": "Point", "coordinates": [110.374913, -7.763867]}, "properties": {"name": "Parking", "type": "Parking", "category": "mobilitas", "subcategory": "Parkir", "opening_hours": null, "operator": null, "osm_id": 633584965}}, {"type": "Feature", "geometry": {"type": "Point", "coordinates": [110.376717, -7.76673]}, "properties": {"name": "Parking", "type": "Parking", "category": "mobilitas", "subcategory": "Parkir", "opening_hours": null, "operator": null, "osm_id": 1315696638}}, {"type": "Feature", "geometry": {"type": "Point", "coordinates": [110.357562, -7.783978]}, "properties": {"name": "Parking", "type": "Parking", "category": "mobilitas", "subcategory": "Parkir", "opening_hours": null, "operator": null, "osm_id": 933737284}}, {"type": "Feature", "geometry": {"type": "Point", "coordinates": [110.362789, -7.789031]}, "properties": {"name": "Platform", "type": "Platform", "category": "mobilitas", "subcategory": "Halte Bus", "opening_hours": null, "operator": null, "osm_id": 1312596694}}, {"type": "Feature", "geometry": {"type": "Point", "coordinates": [110.363081, -7.789463]}, "properties": {"name": "Platform", "type": "Platform", "category": "mobilitas", "subcategory": "Halte Bus", "opening_hours": null, "operator": null, "osm_id": 1312640279}}, {"type": "Feature", "geometry": {"type": "Point", "coordinates": [110.363181, -7.789534]}, "properties": {"name": "Platform", "type": "Platform", "category": "mobilitas", "subcategory": "Halte Bus", "opening_hours": null, "operator": null, "osm_id": 1312640280}}, {"type": "Feature", "geometry": {"type": "Point", "coordinates": [110.292843, -8.012233]}, "properties": {"name": "Parking", "type": "Parking", "category": "mobilitas", "subcategory": "Parkir", "opening_hours": null, "operator": null, "osm_id": 364634473}}, {"type": "Feature", "geometry": {"type": "Point", "coordinates": [110.293042, -8.01342]}, "properties": {"name": "Parking", "type": "Parking", "category": "mobilitas", "subcategory": "Parkir", "opening_hours": null, "operator": null, "osm_id": 364634474}}, {"type": "Feature", "geometry": {"type": "Point", "coordinates": [110.484671, -7.751587]}, "properties": {"name": "Parking", "type": "Parking", "category": "mobilitas", "subcategory": "Parkir", "opening_hours": null, "operator": null, "osm_id": 1068728681}}, {"type": "Feature", "geometry": {"type": "Point", "coordinates": [110.43375, -7.754343]}, "properties": {"name": "Parking", "type": "Parking", "category": "mobilitas", "subcategory": "Parkir", "opening_hours": null, "operator": null, "osm_id": 545503501}}, {"type": "Feature", "geometry": {"type": "Point", "coordinates": [110.417652, -7.746917]}, "properties": {"name": "Parking", "type": "Parking", "category": "mobilitas", "subcategory": "Parkir", "opening_hours": null, "operator": null, "osm_id": 535672861}}, {"type": "Feature", "geometry": {"type": "Point", "coordinates": [110.412288, -7.746113]}, "properties": {"name": "Parking", "type": "Parking", "category": "mobilitas", "subcategory": "Parkir", "opening_hours": null, "operator": null, "osm_id": 537356670}}, {"type": "Feature", "geometry": {"type": "Point", "coordinates": [110.412932, -7.74528]}, "properties": {"name": "Parking", "type": "Parking", "category": "mobilitas", "subcategory": "Parkir", "opening_hours": null, "operator": null, "osm_id": 537356657}}, {"type": "Feature", "geometry": {"type": "Point", "coordinates": [110.412439, -7.745666]}, "properties": {"name": "Parking", "type": "Parking", "category": "mobilitas", "subcategory": "Parkir", "opening_hours": null, "operator": null, "osm_id": 537356669}}, {"type": "Feature", "geometry": {"type": "Point", "coordinates": [110.41214, -7.74655]}, "properties": {"name": "Parking", "type": "Parking", "category": "mobilitas", "subcategory": "Parkir", "opening_hours": null, "operator": null, "osm_id": 537356671}}, {"type": "Feature", "geometry": {"type": "Point", "coordinates": [110.411417, -7.749905]}, "properties": {"name": "Parking", "type": "Parking", "category": "mobilitas", "subcategory": "Parkir", "opening_hours": null, "operator": null, "osm_id": 537356668}}, {"type": "Feature", "geometry": {"type": "Point", "coordinates": [110.376929, -7.758044]}, "properties": {"name": "Parking", "type": "Parking", "category": "mobilitas", "subcategory": "Parkir", "opening_hours": null, "operator": null, "osm_id": 906711543}}, {"type": "Feature", "geometry": {"type": "Point", "coordinates": [110.373472, -7.776733]}, "properties": {"name": "Parking", "type": "Parking", "category": "mobilitas", "subcategory": "Parkir", "opening_hours": null, "operator": null, "osm_id": 1364964334}}, {"type": "Feature", "geometry": {"type": "Point", "coordinates": [110.37147, -7.77229]}, "properties": {"name": "Parking", "type": "Parking", "category": "mobilitas", "subcategory": "Parkir", "opening_hours": null, "operator": null, "osm_id": 336036973}}, {"type": "Feature", "geometry": {"type": "Point", "coordinates": [110.342732, -7.782046]}, "properties": {"name": "Parking", "type": "Parking", "category": "mobilitas", "subcategory": "Parkir", "opening_hours": null, "operator": null, "osm_id": 446030047}}, {"type": "Feature", "geometry": {"type": "Point", "coordinates": [110.481951, -7.736206]}, "properties": {"name": "Parking", "type": "Parking", "category": "mobilitas", "subcategory": "Parkir", "opening_hours": null, "operator": null, "osm_id": 1066714102}}, {"type": "Feature", "geometry": {"type": "Point", "coordinates": [110.374651, -7.79003]}, "properties": {"name": "Platform", "type": "Platform", "category": "mobilitas", "subcategory": "Halte Bus", "opening_hours": null, "operator": null, "osm_id": 1312676672}}, {"type": "Feature", "geometry": {"type": "Point", "coordinates": [110.36316, -7.789366]}, "properties": {"name": "Platform", "type": "Platform", "category": "mobilitas", "subcategory": "Halte Bus", "opening_hours": null, "operator": null, "osm_id": 1312640277}}, {"type": "Feature", "geometry": {"type": "Point", "coordinates": [110.363396, -7.789129]}, "properties": {"name": "Platform", "type": "Platform", "category": "mobilitas", "subcategory": "Halte Bus", "opening_hours": null, "operator": null, "osm_id": 1312640272}}, {"type": "Feature", "geometry": {"type": "Point", "coordinates": [110.36932, -7.760607]}, "properties": {"name": "Parking", "type": "Parking", "category": "mobilitas", "subcategory": "Parkir", "opening_hours": null, "operator": null, "osm_id": 923599876}}, {"type": "Feature", "geometry": {"type": "Point", "coordinates": [110.413191, -7.824436]}, "properties": {"name": "Parking", "type": "Parking", "category": "mobilitas", "subcategory": "Parkir", "opening_hours": null, "operator": null, "osm_id": 796589018}}, {"type": "Feature", "geometry": {"type": "Point", "coordinates": [110.158682, -7.855432]}, "properties": {"name": "Parking", "type": "Parking", "category": "mobilitas", "subcategory": "Parkir", "opening_hours": null, "operator": null, "osm_id": 231182908}}, {"type": "Feature", "geometry": {"type": "Point", "coordinates": [110.375156, -7.790247]}, "properties": {"name": "Platform", "type": "Platform", "category": "mobilitas", "subcategory": "Halte Bus", "opening_hours": null, "operator": null, "osm_id": 1312676676}}, {"type": "Feature", "geometry": {"type": "Point", "coordinates": [110.412174, -7.780904]}, "properties": {"name": "Parking", "type": "Parking", "category": "mobilitas", "subcategory": "Parkir", "opening_hours": null, "operator": null, "osm_id": 1423781785}}, {"type": "Feature", "geometry": {"type": "Point", "coordinates": [110.401848, -7.783009]}, "properties": {"name": "Parking", "type": "Parking", "category": "mobilitas", "subcategory": "Parkir", "opening_hours": null, "operator": null, "osm_id": 1423790647}}, {"type": "Feature", "geometry": {"type": "Point", "coordinates": [110.4077, -7.783156]}, "properties": {"name": "Parking", "type": "Parking", "category": "mobilitas", "subcategory": "Parkir", "opening_hours": null, "operator": null, "osm_id": 1446407276}}, {"type": "Feature", "geometry": {"type": "Point", "coordinates": [110.345435, -7.829892]}, "properties": {"name": "Parking", "type": "Parking", "category": "mobilitas", "subcategory": "Parkir", "opening_hours": null, "operator": null, "osm_id": 1429557489}}, {"type": "Feature", "geometry": {"type": "Point", "coordinates": [110.345424, -7.829994]}, "properties": {"name": "Parking", "type": "Parking", "category": "mobilitas", "subcategory": "Parkir", "opening_hours": null, "operator": null, "osm_id": 1429557490}}, {"type": "Feature", "geometry": {"type": "Point", "coordinates": [110.374759, -7.790066]}, "properties": {"name": "Platform", "type": "Platform", "category": "mobilitas", "subcategory": "Halte Bus", "opening_hours": null, "operator": null, "osm_id": 1312676673}}, {"type": "Feature", "geometry": {"type": "Point", "coordinates": [110.377868, -7.78317]}, "properties": {"name": "Parking", "type": "Parking", "category": "mobilitas", "subcategory": "Parkir", "opening_hours": null, "operator": null, "osm_id": 384472051}}, {"type": "Feature", "geometry": {"type": "Point", "coordinates": [110.415778, -7.81968]}, "properties": {"name": "Parking", "type": "Parking", "category": "mobilitas", "subcategory": "Parkir", "opening_hours": null, "operator": null, "osm_id": 722175996}}, {"type": "Feature", "geometry": {"type": "Point", "coordinates": [110.4152, -7.820923]}, "properties": {"name": "Parking", "type": "Parking", "category": "mobilitas", "subcategory": "Parkir", "opening_hours": null, "operator": null, "osm_id": 722175997}}, {"type": "Feature", "geometry": {"type": "Point", "coordinates": [110.493189, -7.783652]}, "properties": {"name": "Parking", "type": "Parking", "category": "mobilitas", "subcategory": "Parkir", "opening_hours": null, "operator": null, "osm_id": 1421339624}}, {"type": "Feature", "geometry": {"type": "Point", "coordinates": [110.374611, -7.776246]}, "properties": {"name": "Parking", "type": "Parking", "category": "mobilitas", "subcategory": "Parkir", "opening_hours": null, "operator": null, "osm_id": 721796989}}, {"type": "Feature", "geometry": {"type": "Point", "coordinates": [110.373876, -7.776684]}, "properties": {"name": "Parking", "type": "Parking", "category": "mobilitas", "subcategory": "Parkir", "opening_hours": null, "operator": null, "osm_id": 1364964333}}, {"type": "Feature", "geometry": {"type": "Point", "coordinates": [110.379716, -7.770385]}, "properties": {"name": "Parking", "type": "Parking", "category": "mobilitas", "subcategory": "Parkir", "opening_hours": null, "operator": null, "osm_id": 1461859950}}, {"type": "Feature", "geometry": {"type": "Point", "coordinates": [110.386625, -7.775259]}, "properties": {"name": "Parking", "type": "Parking", "category": "mobilitas", "subcategory": "Parkir", "opening_hours": null, "operator": null, "osm_id": 340169830}}, {"type": "Feature", "geometry": {"type": "Point", "coordinates": [110.388574, -7.777218]}, "properties": {"name": "Parking", "type": "Parking", "category": "mobilitas", "subcategory": "Parkir", "opening_hours": null, "operator": null, "osm_id": 1486145583}}, {"type": "Feature", "geometry": {"type": "Point", "coordinates": [110.386079, -7.774931]}, "properties": {"name": "Parking", "type": "Parking", "category": "mobilitas", "subcategory": "Parkir", "opening_hours": null, "operator": null, "osm_id": 1486145607}}, {"type": "Feature", "geometry": {"type": "Point", "coordinates": [110.424251, -7.82011]}, "properties": {"name": "Parking", "type": "Parking", "category": "mobilitas", "subcategory": "Parkir", "opening_hours": null, "operator": null, "osm_id": 930489660}}, {"type": "Feature", "geometry": {"type": "Point", "coordinates": [110.411761, -7.781455]}, "properties": {"name": "Parking", "type": "Parking", "category": "mobilitas", "subcategory": "Parkir", "opening_hours": null, "operator": null, "osm_id": 1423781768}}, {"type": "Feature", "geometry": {"type": "Point", "coordinates": [110.407222, -7.783111]}, "properties": {"name": "Parking", "type": "Parking", "category": "mobilitas", "subcategory": "Parkir", "opening_hours": null, "operator": null, "osm_id": 1446407281}}, {"type": "Feature", "geometry": {"type": "Point", "coordinates": [110.436022, -7.784352]}, "properties": {"name": "Lapangan Parkir Bandara Adisutjipto", "type": "Parking", "category": "mobilitas", "subcategory": "Parkir", "opening_hours": null, "operator": null, "osm_id": 1424681587}}, {"type": "Feature", "geometry": {"type": "Point", "coordinates": [110.323873, -7.810957]}, "properties": {"name": "Parking", "type": "Parking", "category": "mobilitas", "subcategory": "Parkir", "opening_hours": null, "operator": null, "osm_id": 818705792}}, {"type": "Feature", "geometry": {"type": "Point", "coordinates": [110.450543, -7.781764]}, "properties": {"name": "Halte KR 1", "type": "Platform", "category": "mobilitas", "subcategory": "Halte Bus", "opening_hours": null, "operator": null, "osm_id": 1424257692}}, {"type": "Feature", "geometry": {"type": "Point", "coordinates": [110.42668, -7.872869]}, "properties": {"name": "Parking", "type": "Parking", "category": "mobilitas", "subcategory": "Parkir", "opening_hours": null, "operator": null, "osm_id": 740669970}}, {"type": "Feature", "geometry": {"type": "Point", "coordinates": [110.395662, -7.757312]}, "properties": {"name": "Parking", "type": "Parking", "category": "mobilitas", "subcategory": "Parkir", "opening_hours": null, "operator": null, "osm_id": 537635027}}, {"type": "Feature", "geometry": {"type": "Point", "coordinates": [110.342641, -7.829192]}, "properties": {"name": "Parking", "type": "Parking", "category": "mobilitas", "subcategory": "Parkir", "opening_hours": null, "operator": null, "osm_id": 385791377}}, {"type": "Feature", "geometry": {"type": "Point", "coordinates": [110.404178, -7.750123]}, "properties": {"name": "Parking", "type": "Parking", "category": "mobilitas", "subcategory": "Parkir", "opening_hours": null, "operator": null, "osm_id": 537356648}}, {"type": "Feature", "geometry": {"type": "Point", "coordinates": [110.411186, -7.752997]}, "properties": {"name": "Parking", "type": "Parking", "category": "mobilitas", "subcategory": "Parkir", "opening_hours": null, "operator": null, "osm_id": 537358146}}, {"type": "Feature", "geometry": {"type": "Point", "coordinates": [110.395644, -7.756814]}, "properties": {"name": "Terminal Condong Catur", "type": "Bus Station", "category": "mobilitas", "subcategory": "Halte Bus", "opening_hours": null, "operator": null, "osm_id": 536275157}}, {"type": "Feature", "geometry": {"type": "Point", "coordinates": [110.395066, -7.756949]}, "properties": {"name": "Parking", "type": "Parking", "category": "mobilitas", "subcategory": "Parkir", "opening_hours": null, "operator": null, "osm_id": 537356651}}, {"type": "Feature", "geometry": {"type": "Point", "coordinates": [110.399455, -7.753328]}, "properties": {"name": "Parking", "type": "Parking", "category": "mobilitas", "subcategory": "Parkir", "opening_hours": null, "operator": null, "osm_id": 537358143}}, {"type": "Feature", "geometry": {"type": "Point", "coordinates": [110.396655, -7.753802]}, "properties": {"name": "Parking", "type": "Parking", "category": "mobilitas", "subcategory": "Parkir", "opening_hours": null, "operator": null, "osm_id": 537358144}}, {"type": "Feature", "geometry": {"type": "Point", "coordinates": [110.410686, -7.751066]}, "properties": {"name": "Parking", "type": "Parking", "category": "mobilitas", "subcategory": "Parkir", "opening_hours": null, "operator": null, "osm_id": 537356667}}, {"type": "Feature", "geometry": {"type": "Point", "coordinates": [110.410876, -7.751909]}, "properties": {"name": "Parking", "type": "Parking", "category": "mobilitas", "subcategory": "Parkir", "opening_hours": null, "operator": "parkiran pamela6", "osm_id": 537356665}}, {"type": "Feature", "geometry": {"type": "Point", "coordinates": [110.411143, -7.751578]}, "properties": {"name": "Parking", "type": "Parking", "category": "mobilitas", "subcategory": "Parkir", "opening_hours": null, "operator": null, "osm_id": 537356666}}, {"type": "Feature", "geometry": {"type": "Point", "coordinates": [110.410642, -7.753891]}, "properties": {"name": "Parking", "type": "Parking", "category": "mobilitas", "subcategory": "Parkir", "opening_hours": null, "operator": null, "osm_id": 537359822}}, {"type": "Feature", "geometry": {"type": "Point", "coordinates": [110.379959, -7.762775]}, "properties": {"name": "Parking", "type": "Parking", "category": "mobilitas", "subcategory": "Parkir", "opening_hours": null, "operator": null, "osm_id": 722454282}}, {"type": "Feature", "geometry": {"type": "Point", "coordinates": [110.408231, -7.759055]}, "properties": {"name": "Parking", "type": "Parking", "category": "mobilitas", "subcategory": "Parkir", "opening_hours": null, "operator": null, "osm_id": 1134400988}}, {"type": "Feature", "geometry": {"type": "Point", "coordinates": [110.40774, -7.755234]}, "properties": {"name": "Parking", "type": "Parking", "category": "mobilitas", "subcategory": "Parkir", "opening_hours": null, "operator": null, "osm_id": 537356655}}, {"type": "Feature", "geometry": {"type": "Point", "coordinates": [110.407657, -7.758679]}, "properties": {"name": "Parking", "type": "Parking", "category": "mobilitas", "subcategory": "Parkir", "opening_hours": null, "operator": null, "osm_id": 363080622}}, {"type": "Feature", "geometry": {"type": "Point", "coordinates": [110.401114, -7.757822]}, "properties": {"name": "Parking", "type": "Parking", "category": "mobilitas", "subcategory": "Parkir", "opening_hours": null, "operator": null, "osm_id": 537356654}}, {"type": "Feature", "geometry": {"type": "Point", "coordinates": [110.398225, -7.755766]}, "properties": {"name": "Parking", "type": "Parking", "category": "mobilitas", "subcategory": "Parkir", "opening_hours": null, "operator": null, "osm_id": 537356653}}, {"type": "Feature", "geometry": {"type": "Point", "coordinates": [110.410282, -7.759944]}, "properties": {"name": "Parking", "type": "Parking", "category": "mobilitas", "subcategory": "Parkir", "opening_hours": null, "operator": null, "osm_id": 537356663}}, {"type": "Feature", "geometry": {"type": "Point", "coordinates": [110.409103, -7.7602]}, "properties": {"name": "Parking", "type": "Parking", "category": "mobilitas", "subcategory": "Parkir", "opening_hours": null, "operator": null, "osm_id": 926973244}}, {"type": "Feature", "geometry": {"type": "Point", "coordinates": [110.370479, -7.750816]}, "properties": {"name": "Parking", "type": "Parking", "category": "mobilitas", "subcategory": "Parkir", "opening_hours": null, "operator": null, "osm_id": 364707271}}, {"type": "Feature", "geometry": {"type": "Point", "coordinates": [110.400513, -7.750221]}, "properties": {"name": "Parking", "type": "Parking", "category": "mobilitas", "subcategory": "Parkir", "opening_hours": null, "operator": null, "osm_id": 537356650}}, {"type": "Feature", "geometry": {"type": "Point", "coordinates": [110.369908, -7.824518]}, "properties": {"name": "TPB Kantor Pos Menukan 2", "type": "Bus Station", "category": "mobilitas", "subcategory": "Halte Bus", "opening_hours": null, "operator": null, "osm_id": 927420336}}, {"type": "Feature", "geometry": {"type": "Point", "coordinates": [110.365063, -7.805375]}, "properties": {"name": "Parking", "type": "Parking", "category": "mobilitas", "subcategory": "Parkir", "opening_hours": null, "operator": null, "osm_id": 1089636733}}, {"type": "Feature", "geometry": {"type": "Point", "coordinates": [110.378246, -7.77203]}, "properties": {"name": "Parking", "type": "Parking", "category": "mobilitas", "subcategory": "Parkir", "opening_hours": null, "operator": null, "osm_id": 265898452}}, {"type": "Feature", "geometry": {"type": "Point", "coordinates": [110.386236, -7.767324]}, "properties": {"name": "Parking", "type": "Parking", "category": "mobilitas", "subcategory": "Parkir", "opening_hours": null, "operator": null, "osm_id": 1441826857}}, {"type": "Feature", "geometry": {"type": "Point", "coordinates": [110.372321, -7.773439]}, "properties": {"name": "Parking", "type": "Parking", "category": "mobilitas", "subcategory": "Parkir", "opening_hours": null, "operator": null, "osm_id": 1462348061}}, {"type": "Feature", "geometry": {"type": "Point", "coordinates": [110.373074, -7.74412]}, "properties": {"name": "Parking", "type": "Parking", "category": "mobilitas", "subcategory": "Parkir", "opening_hours": null, "operator": null, "osm_id": 1187767151}}, {"type": "Feature", "geometry": {"type": "Point", "coordinates": [110.375029, -7.787528]}, "properties": {"name": "Parking", "type": "Parking", "category": "mobilitas", "subcategory": "Parkir", "opening_hours": null, "operator": null, "osm_id": 1441879409}}, {"type": "Feature", "geometry": {"type": "Point", "coordinates": [110.3727, -7.782739]}, "properties": {"name": "Parking", "type": "Parking", "category": "mobilitas", "subcategory": "Parkir", "opening_hours": null, "operator": null, "osm_id": 1442028800}}, {"type": "Feature", "geometry": {"type": "Point", "coordinates": [110.378891, -7.782871]}, "properties": {"name": "Parking", "type": "Parking", "category": "mobilitas", "subcategory": "Parkir", "opening_hours": null, "operator": null, "osm_id": 1455327358}}, {"type": "Feature", "geometry": {"type": "Point", "coordinates": [110.387809, -7.777566]}, "properties": {"name": "Parking", "type": "Parking", "category": "mobilitas", "subcategory": "Parkir", "opening_hours": null, "operator": null, "osm_id": 1460707388}}, {"type": "Feature", "geometry": {"type": "Point", "coordinates": [110.403143, -7.756899]}, "properties": {"name": "Parking", "type": "Parking", "category": "mobilitas", "subcategory": "Parkir", "opening_hours": null, "operator": null, "osm_id": 1482646171}}, {"type": "Feature", "geometry": {"type": "Point", "coordinates": [110.359723, -7.72136]}, "properties": {"name": "Parking", "type": "Parking", "category": "mobilitas", "subcategory": "Parkir", "opening_hours": null, "operator": null, "osm_id": 1093555302}}, {"type": "Feature", "geometry": {"type": "Point", "coordinates": [110.438067, -7.785433]}, "properties": {"name": "Parking", "type": "Parking", "category": "mobilitas", "subcategory": "Parkir", "opening_hours": null, "operator": null, "osm_id": 896501211}}, {"type": "Feature", "geometry": {"type": "Point", "coordinates": [110.435938, -7.784037]}, "properties": {"name": "Lapangan Parkir Bandara Adisutjipto", "type": "Parking", "category": "mobilitas", "subcategory": "Parkir", "opening_hours": null, "operator": null, "osm_id": 1382907071}}, {"type": "Feature", "geometry": {"type": "Point", "coordinates": [110.43099, -7.78547]}, "properties": {"name": "Platform", "type": "Platform", "category": "mobilitas", "subcategory": "Halte Bus", "opening_hours": null, "operator": "PT Kereta Api Indonesia (Persero)", "osm_id": 1422129617}}, {"type": "Feature", "geometry": {"type": "Point", "coordinates": [110.436903, -7.784935]}, "properties": {"name": "Stasiun Maguwo", "type": "Train Station", "category": "mobilitas", "subcategory": "Stasiun", "opening_hours": null, "operator": "PT Kereta Commuter Indonesia", "osm_id": 1422556987}}, {"type": "Feature", "geometry": {"type": "Point", "coordinates": [110.435679, -7.785]}, "properties": {"name": "Parking", "type": "Parking", "category": "mobilitas", "subcategory": "Parkir", "opening_hours": null, "operator": null, "osm_id": 1423106046}}, {"type": "Feature", "geometry": {"type": "Point", "coordinates": [110.410625, -7.793449]}, "properties": {"name": "Parking", "type": "Parking", "category": "mobilitas", "subcategory": "Parkir", "opening_hours": null, "operator": null, "osm_id": 1449938737}}, {"type": "Feature", "geometry": {"type": "Point", "coordinates": [110.383223, -7.766762]}, "properties": {"name": "Parking", "type": "Parking", "category": "mobilitas", "subcategory": "Parkir", "opening_hours": null, "operator": "Universitas Gadjah Mada", "osm_id": 264029566}}, {"type": "Feature", "geometry": {"type": "Point", "coordinates": [110.378566, -7.770328]}, "properties": {"name": "Parking", "type": "Parking", "category": "mobilitas", "subcategory": "Parkir", "opening_hours": null, "operator": null, "osm_id": 265559408}}, {"type": "Feature", "geometry": {"type": "Point", "coordinates": [110.376012, -7.767249]}, "properties": {"name": "Parking", "type": "Parking", "category": "mobilitas", "subcategory": "Parkir", "opening_hours": null, "operator": null, "osm_id": 612821845}}, {"type": "Feature", "geometry": {"type": "Point", "coordinates": [110.377951, -7.767767]}, "properties": {"name": "Parking", "type": "Parking", "category": "mobilitas", "subcategory": "Parkir", "opening_hours": null, "operator": null, "osm_id": 1318054466}}, {"type": "Feature", "geometry": {"type": "Point", "coordinates": [110.386772, -7.771707]}, "properties": {"name": "Parking", "type": "Parking", "category": "mobilitas", "subcategory": "Parkir", "opening_hours": null, "operator": null, "osm_id": 835441209}}, {"type": "Feature", "geometry": {"type": "Point", "coordinates": [110.382139, -7.775382]}, "properties": {"name": "Parking", "type": "Parking", "category": "mobilitas", "subcategory": "Parkir", "opening_hours": null, "operator": null, "osm_id": 1483952177}}, {"type": "Feature", "geometry": {"type": "Point", "coordinates": [110.384403, -7.77298]}, "properties": {"name": "Parking", "type": "Parking", "category": "mobilitas", "subcategory": "Parkir", "opening_hours": null, "operator": null, "osm_id": 1484748014}}, {"type": "Feature", "geometry": {"type": "Point", "coordinates": [110.383381, -7.77291]}, "properties": {"name": "Parking", "type": "Parking", "category": "mobilitas", "subcategory": "Parkir", "opening_hours": null, "operator": null, "osm_id": 1484748022}}, {"type": "Feature", "geometry": {"type": "Point", "coordinates": [110.384205, -7.772916]}, "properties": {"name": "Parking", "type": "Parking", "category": "mobilitas", "subcategory": "Parkir", "opening_hours": null, "operator": null, "osm_id": 340072480}}, {"type": "Feature", "geometry": {"type": "Point", "coordinates": [110.38394, -7.773168]}, "properties": {"name": "Parking", "type": "Parking", "category": "mobilitas", "subcategory": "Parkir", "opening_hours": null, "operator": null, "osm_id": 340072481}}, {"type": "Feature", "geometry": {"type": "Point", "coordinates": [110.388576, -7.769564]}, "properties": {"name": "Parking", "type": "Parking", "category": "mobilitas", "subcategory": "Parkir", "opening_hours": null, "operator": null, "osm_id": 1486145579}}, {"type": "Feature", "geometry": {"type": "Point", "coordinates": [110.387482, -7.772819]}, "properties": {"name": "Parking", "type": "Parking", "category": "mobilitas", "subcategory": "Parkir", "opening_hours": null, "operator": null, "osm_id": 613058946}}, {"type": "Feature", "geometry": {"type": "Point", "coordinates": [110.37873, -7.772483]}, "properties": {"name": "Parking", "type": "Parking", "category": "mobilitas", "subcategory": "Parkir", "opening_hours": null, "operator": null, "osm_id": 1446791152}}, {"type": "Feature", "geometry": {"type": "Point", "coordinates": [110.37763, -7.769681]}, "properties": {"name": "Parking", "type": "Parking", "category": "mobilitas", "subcategory": "Parkir", "opening_hours": null, "operator": null, "osm_id": 1461824638}}, {"type": "Feature", "geometry": {"type": "Point", "coordinates": [110.37209, -7.773581]}, "properties": {"name": "Parking", "type": "Parking", "category": "mobilitas", "subcategory": "Parkir", "opening_hours": null, "operator": null, "osm_id": 1462348060}}, {"type": "Feature", "geometry": {"type": "Point", "coordinates": [110.391887, -7.922897]}, "properties": {"name": "Parking", "type": "Parking", "category": "mobilitas", "subcategory": "Parkir", "opening_hours": null, "operator": null, "osm_id": 1446933854}}, {"type": "Feature", "geometry": {"type": "Point", "coordinates": [110.388191, -7.775928]}, "properties": {"name": "Parking", "type": "Parking", "category": "mobilitas", "subcategory": "Parkir", "opening_hours": null, "operator": null, "osm_id": 1485120149}}, {"type": "Feature", "geometry": {"type": "Point", "coordinates": [110.385577, -7.774944]}, "properties": {"name": "Parking", "type": "Parking", "category": "mobilitas", "subcategory": "Parkir", "opening_hours": null, "operator": null, "osm_id": 1486145606}}, {"type": "Feature", "geometry": {"type": "Point", "coordinates": [110.374149, -7.764242]}, "properties": {"name": "Parking", "type": "Parking", "category": "mobilitas", "subcategory": "Parkir", "opening_hours": null, "operator": null, "osm_id": 1483466652}}, {"type": "Feature", "geometry": {"type": "Point", "coordinates": [110.383163, -7.776244]}, "properties": {"name": "Parking", "type": "Parking", "category": "mobilitas", "subcategory": "Parkir", "opening_hours": null, "operator": null, "osm_id": 340111774}}, {"type": "Feature", "geometry": {"type": "Point", "coordinates": [110.384476, -7.774162]}, "properties": {"name": "Parking", "type": "Parking", "category": "mobilitas", "subcategory": "Parkir", "opening_hours": null, "operator": null, "osm_id": 1484748036}}, {"type": "Feature", "geometry": {"type": "Point", "coordinates": [110.387577, -7.776108]}, "properties": {"name": "Parking", "type": "Parking", "category": "mobilitas", "subcategory": "Parkir", "opening_hours": null, "operator": null, "osm_id": 1486145582}}, {"type": "Feature", "geometry": {"type": "Point", "coordinates": [110.377299, -7.773087]}, "properties": {"name": "Parking", "type": "Parking", "category": "mobilitas", "subcategory": "Parkir", "opening_hours": null, "operator": null, "osm_id": 265567228}}, {"type": "Feature", "geometry": {"type": "Point", "coordinates": [110.375294, -7.767839]}, "properties": {"name": "Parking", "type": "Parking", "category": "mobilitas", "subcategory": "Parkir", "opening_hours": null, "operator": null, "osm_id": 265898450}}, {"type": "Feature", "geometry": {"type": "Point", "coordinates": [110.374094, -7.773476]}, "properties": {"name": "Parking", "type": "Parking", "category": "mobilitas", "subcategory": "Parkir", "opening_hours": null, "operator": null, "osm_id": 1461495069}}, {"type": "Feature", "geometry": {"type": "Point", "coordinates": [110.377438, -7.770225]}, "properties": {"name": "Parking", "type": "Parking", "category": "mobilitas", "subcategory": "Parkir", "opening_hours": null, "operator": null, "osm_id": 1461824633}}, {"type": "Feature", "geometry": {"type": "Point", "coordinates": [110.371629, -7.768484]}, "properties": {"name": "Parking", "type": "Parking", "category": "mobilitas", "subcategory": "Parkir", "opening_hours": null, "operator": null, "osm_id": 1463080324}}, {"type": "Feature", "geometry": {"type": "Point", "coordinates": [110.321456, -7.806977]}, "properties": {"name": "Parking", "type": "Parking", "category": "mobilitas", "subcategory": "Parkir", "opening_hours": null, "operator": null, "osm_id": 1485774827}}, {"type": "Feature", "geometry": {"type": "Point", "coordinates": [110.322695, -7.810491]}, "properties": {"name": "Parking", "type": "Parking", "category": "mobilitas", "subcategory": "Parkir", "opening_hours": null, "operator": null, "osm_id": 1313918180}}, {"type": "Feature", "geometry": {"type": "Point", "coordinates": [110.324023, -7.810778]}, "properties": {"name": "Parking", "type": "Parking", "category": "mobilitas", "subcategory": "Parkir", "opening_hours": null, "operator": null, "osm_id": 1486173151}}, {"type": "Feature", "geometry": {"type": "Point", "coordinates": [110.322117, -7.809679]}, "properties": {"name": "Parkir Mobil", "type": "Parking", "category": "mobilitas", "subcategory": "Parkir", "opening_hours": null, "operator": null, "osm_id": 365047961}}, {"type": "Feature", "geometry": {"type": "Point", "coordinates": [110.321032, -7.809274]}, "properties": {"name": "Parkir Mobil", "type": "Parking", "category": "mobilitas", "subcategory": "Parkir", "opening_hours": null, "operator": null, "osm_id": 365049882}}, {"type": "Feature", "geometry": {"type": "Point", "coordinates": [110.321115, -7.809826]}, "properties": {"name": "Parkir Pascasarjana", "type": "Parking", "category": "mobilitas", "subcategory": "Parkir", "opening_hours": null, "operator": null, "osm_id": 365049884}}, {"type": "Feature", "geometry": {"type": "Point", "coordinates": [110.32265, -7.81398]}, "properties": {"name": "Parking", "type": "Parking", "category": "mobilitas", "subcategory": "Parkir", "opening_hours": null, "operator": null, "osm_id": 365056690}}, {"type": "Feature", "geometry": {"type": "Point", "coordinates": [110.510642, -7.882358]}, "properties": {"name": "Parking", "type": "Parking", "category": "mobilitas", "subcategory": "Parkir", "opening_hours": null, "operator": null, "osm_id": 1412123691}}, {"type": "Feature", "geometry": {"type": "Point", "coordinates": [110.464983, -7.774798]}, "properties": {"name": "Platform", "type": "Platform", "category": "mobilitas", "subcategory": "Halte Bus", "opening_hours": null, "operator": null, "osm_id": 1420757447}}, {"type": "Feature", "geometry": {"type": "Point", "coordinates": [110.410576, -7.793334]}, "properties": {"name": "Parking", "type": "Parking", "category": "mobilitas", "subcategory": "Parkir", "opening_hours": null, "operator": null, "osm_id": 1449938733}}, {"type": "Feature", "geometry": {"type": "Point", "coordinates": [110.321706, -7.812594]}, "properties": {"name": "Parking", "type": "Parking", "category": "mobilitas", "subcategory": "Parkir", "opening_hours": null, "operator": null, "osm_id": 365056692}}, {"type": "Feature", "geometry": {"type": "Point", "coordinates": [110.321942, -7.810013]}, "properties": {"name": "Parking", "type": "Parking", "category": "mobilitas", "subcategory": "Parkir", "opening_hours": null, "operator": null, "osm_id": 365056697}}, {"type": "Feature", "geometry": {"type": "Point", "coordinates": [110.325104, -7.790709]}, "properties": {"name": "Platform", "type": "Platform", "category": "mobilitas", "subcategory": "Halte Bus", "opening_hours": null, "operator": null, "osm_id": 1312582767}}, {"type": "Feature", "geometry": {"type": "Point", "coordinates": [110.325123, -7.790817]}, "properties": {"name": "Platform", "type": "Platform", "category": "mobilitas", "subcategory": "Halte Bus", "opening_hours": null, "operator": null, "osm_id": 1312582768}}, {"type": "Feature", "geometry": {"type": "Point", "coordinates": [110.37506, -7.790191]}, "properties": {"name": "Platform", "type": "Platform", "category": "mobilitas", "subcategory": "Halte Bus", "opening_hours": null, "operator": null, "osm_id": 1312676675}}, {"type": "Feature", "geometry": {"type": "Point", "coordinates": [110.373432, -7.789847]}, "properties": {"name": "Parking", "type": "Parking", "category": "mobilitas", "subcategory": "Parkir", "opening_hours": null, "operator": null, "osm_id": 1421512555}}, {"type": "Feature", "geometry": {"type": "Point", "coordinates": [110.381589, -7.790725]}, "properties": {"name": "Parking", "type": "Parking", "category": "mobilitas", "subcategory": "Parkir", "opening_hours": null, "operator": null, "osm_id": 1470906251}}, {"type": "Feature", "geometry": {"type": "Point", "coordinates": [110.367454, -7.801699]}, "properties": {"name": "Parkir Mobil Gereja", "type": "Parking", "category": "mobilitas", "subcategory": "Parkir", "opening_hours": null, "operator": null, "osm_id": 1464917138}}, {"type": "Feature", "geometry": {"type": "Point", "coordinates": [110.367085, -7.795808]}, "properties": {"name": "Parking", "type": "Parking", "category": "mobilitas", "subcategory": "Parkir", "opening_hours": null, "operator": null, "osm_id": 1152820386}}, {"type": "Feature", "geometry": {"type": "Point", "coordinates": [110.444259, -7.705345]}, "properties": {"name": "Parking", "type": "Parking", "category": "mobilitas", "subcategory": "Parkir", "opening_hours": null, "operator": "Bakso Pikul", "osm_id": 1442413573}}, {"type": "Feature", "geometry": {"type": "Point", "coordinates": [110.414989, -7.779275]}, "properties": {"name": "Parking", "type": "Parking", "category": "mobilitas", "subcategory": "Parkir", "opening_hours": null, "operator": null, "osm_id": 897395941}}, {"type": "Feature", "geometry": {"type": "Point", "coordinates": [110.41451, -7.779714]}, "properties": {"name": "Parkir BCA", "type": "Parking", "category": "mobilitas", "subcategory": "Parkir", "opening_hours": null, "operator": null, "osm_id": 1075519104}}, {"type": "Feature", "geometry": {"type": "Point", "coordinates": [110.432356, -7.770359]}, "properties": {"name": "Parking", "type": "Parking", "category": "mobilitas", "subcategory": "Parkir", "opening_hours": null, "operator": null, "osm_id": 1434384325}}, {"type": "Feature", "geometry": {"type": "Point", "coordinates": [110.432372, -7.769996]}, "properties": {"name": "Parking", "type": "Parking", "category": "mobilitas", "subcategory": "Parkir", "opening_hours": null, "operator": null, "osm_id": 1434384328}}, {"type": "Feature", "geometry": {"type": "Point", "coordinates": [110.407362, -7.783137]}, "properties": {"name": "Parking", "type": "Parking", "category": "mobilitas", "subcategory": "Parkir", "opening_hours": null, "operator": null, "osm_id": 1446407278}}, {"type": "Feature", "geometry": {"type": "Point", "coordinates": [110.433976, -7.755529]}, "properties": {"name": "Parking", "type": "Parking", "category": "mobilitas", "subcategory": "Parkir", "opening_hours": null, "operator": null, "osm_id": 1469728465}}, {"type": "Feature", "geometry": {"type": "Point", "coordinates": [110.402939, -7.757661]}, "properties": {"name": "Parking", "type": "Parking", "category": "mobilitas", "subcategory": "Parkir", "opening_hours": null, "operator": null, "osm_id": 1482950911}}, {"type": "Feature", "geometry": {"type": "Point", "coordinates": [110.404328, -7.757404]}, "properties": {"name": "Parkir Mobil Timur JIH", "type": "Parking", "category": "mobilitas", "subcategory": "Parkir", "opening_hours": null, "operator": null, "osm_id": 530299335}}, {"type": "Feature", "geometry": {"type": "Point", "coordinates": [110.413111, -7.783078]}, "properties": {"name": "Parkir Ayam Goreng Suharti", "type": "Parking", "category": "mobilitas", "subcategory": "Parkir", "opening_hours": null, "operator": null, "osm_id": 1492031453}}, {"type": "Feature", "geometry": {"type": "Point", "coordinates": [110.38119, -7.776302]}, "properties": {"name": "Parking", "type": "Parking", "category": "mobilitas", "subcategory": "Parkir", "opening_hours": null, "operator": null, "osm_id": 720745962}}, {"type": "Feature", "geometry": {"type": "Point", "coordinates": [110.386559, -7.772736]}, "properties": {"name": "Parking", "type": "Parking", "category": "mobilitas", "subcategory": "Parkir", "opening_hours": null, "operator": null, "osm_id": 613058948}}, {"type": "Feature", "geometry": {"type": "Point", "coordinates": [110.38823, -7.769482]}, "properties": {"name": "Parking", "type": "Parking", "category": "mobilitas", "subcategory": "Parkir", "opening_hours": null, "operator": null, "osm_id": 613057916}}, {"type": "Feature", "geometry": {"type": "Point", "coordinates": [110.384338, -7.772959]}, "properties": {"name": "Parking", "type": "Parking", "category": "mobilitas", "subcategory": "Parkir", "opening_hours": null, "operator": null, "osm_id": 1484748015}}, {"type": "Feature", "geometry": {"type": "Point", "coordinates": [110.384272, -7.772937]}, "properties": {"name": "Parking", "type": "Parking", "category": "mobilitas", "subcategory": "Parkir", "opening_hours": null, "operator": null, "osm_id": 1484748016}}, {"type": "Feature", "geometry": {"type": "Point", "coordinates": [110.383113, -7.7724]}, "properties": {"name": "Parking", "type": "Parking", "category": "mobilitas", "subcategory": "Parkir", "opening_hours": null, "operator": null, "osm_id": 1484748027}}, {"type": "Feature", "geometry": {"type": "Point", "coordinates": [110.384106, -7.774554]}, "properties": {"name": "Parking", "type": "Parking", "category": "mobilitas", "subcategory": "Parkir", "opening_hours": null, "operator": null, "osm_id": 340087784}}, {"type": "Feature", "geometry": {"type": "Point", "coordinates": [110.388124, -7.777514]}, "properties": {"name": "Parking", "type": "Parking", "category": "mobilitas", "subcategory": "Parkir", "opening_hours": null, "operator": null, "osm_id": 1486145584}}, {"type": "Feature", "geometry": {"type": "Point", "coordinates": [110.38302, -7.773051]}, "properties": {"name": "Parking", "type": "Parking", "category": "mobilitas", "subcategory": "Parkir", "opening_hours": null, "operator": null, "osm_id": 340072482}}, {"type": "Feature", "geometry": {"type": "Point", "coordinates": [110.377221, -7.77335]}, "properties": {"name": "Parking", "type": "Parking", "category": "mobilitas", "subcategory": "Parkir", "opening_hours": null, "operator": null, "osm_id": 265567227}}, {"type": "Feature", "geometry": {"type": "Point", "coordinates": [110.377366, -7.767024]}, "properties": {"name": "Parking", "type": "Parking", "category": "mobilitas", "subcategory": "Parkir", "opening_hours": null, "operator": null, "osm_id": 1315696636}}, {"type": "Feature", "geometry": {"type": "Point", "coordinates": [110.376953, -7.770397]}, "properties": {"name": "Parking", "type": "Parking", "category": "mobilitas", "subcategory": "Parkir", "opening_hours": null, "operator": null, "osm_id": 1318957732}}, {"type": "Feature", "geometry": {"type": "Point", "coordinates": [110.377208, -7.769966]}, "properties": {"name": "Parking", "type": "Parking", "category": "mobilitas", "subcategory": "Parkir", "opening_hours": null, "operator": null, "osm_id": 1318957733}}, {"type": "Feature", "geometry": {"type": "Point", "coordinates": [110.378149, -7.771662]}, "properties": {"name": "Parking", "type": "Parking", "category": "mobilitas", "subcategory": "Parkir", "opening_hours": null, "operator": null, "osm_id": 1461824653}}, {"type": "Feature", "geometry": {"type": "Point", "coordinates": [110.379617, -7.770586]}, "properties": {"name": "Parking", "type": "Parking", "category": "mobilitas", "subcategory": "Parkir", "opening_hours": null, "operator": null, "osm_id": 1461859948}}, {"type": "Feature", "geometry": {"type": "Point", "coordinates": [110.371443, -7.767918]}, "properties": {"name": "Gedung Parkir Motor", "type": "Parking", "category": "mobilitas", "subcategory": "Parkir", "opening_hours": null, "operator": null, "osm_id": 1462877739}}, {"type": "Feature", "geometry": {"type": "Point", "coordinates": [110.37655, -7.777933]}, "properties": {"name": "Parking", "type": "Parking", "category": "mobilitas", "subcategory": "Parkir", "opening_hours": null, "operator": null, "osm_id": 1482626868}}, {"type": "Feature", "geometry": {"type": "Point", "coordinates": [110.376218, -7.776763]}, "properties": {"name": "Parking", "type": "Parking", "category": "mobilitas", "subcategory": "Parkir", "opening_hours": null, "operator": null, "osm_id": 932860764}}, {"type": "Feature", "geometry": {"type": "Point", "coordinates": [110.40493, -7.798479]}, "properties": {"name": "Parking", "type": "Parking", "category": "mobilitas", "subcategory": "Parkir", "opening_hours": null, "operator": null, "osm_id": 610105579}}, {"type": "Feature", "geometry": {"type": "Point", "coordinates": [110.403387, -7.799714]}, "properties": {"name": "Parking", "type": "Parking", "category": "mobilitas", "subcategory": "Parkir", "opening_hours": null, "operator": null, "osm_id": 790523392}}, {"type": "Feature", "geometry": {"type": "Point", "coordinates": [110.416461, -7.79022]}, "properties": {"name": "Parking", "type": "Parking", "category": "mobilitas", "subcategory": "Parkir", "opening_hours": null, "operator": null, "osm_id": 1454145057}}, {"type": "Feature", "geometry": {"type": "Point", "coordinates": [110.415988, -7.790615]}, "properties": {"name": "Parking", "type": "Parking", "category": "mobilitas", "subcategory": "Parkir", "opening_hours": null, "operator": null, "osm_id": 1454145059}}, {"type": "Feature", "geometry": {"type": "Point", "coordinates": [110.345543, -7.830007]}, "properties": {"name": "Parking", "type": "Parking", "category": "mobilitas", "subcategory": "Parkir", "opening_hours": null, "operator": null, "osm_id": 1429557496}}, {"type": "Feature", "geometry": {"type": "Point", "coordinates": [110.436734, -7.785189]}, "properties": {"name": "Platform", "type": "Platform", "category": "mobilitas", "subcategory": "Halte Bus", "opening_hours": null, "operator": "PT Kereta Commuter Indonesia", "osm_id": 1422556985}}, {"type": "Feature", "geometry": {"type": "Point", "coordinates": [110.435358, -7.783677]}, "properties": {"name": "Parking", "type": "Parking", "category": "mobilitas", "subcategory": "Parkir", "opening_hours": null, "operator": null, "osm_id": 1423710876}}, {"type": "Feature", "geometry": {"type": "Point", "coordinates": [110.432349, -7.770467]}, "properties": {"name": "Parking", "type": "Parking", "category": "mobilitas", "subcategory": "Parkir", "opening_hours": null, "operator": null, "osm_id": 1434384326}}, {"type": "Feature", "geometry": {"type": "Point", "coordinates": [110.432377, -7.770219]}, "properties": {"name": "Parking", "type": "Parking", "category": "mobilitas", "subcategory": "Parkir", "opening_hours": null, "operator": null, "osm_id": 1434384327}}, {"type": "Feature", "geometry": {"type": "Point", "coordinates": [110.412901, -7.797456]}, "properties": {"name": "Parking", "type": "Parking", "category": "mobilitas", "subcategory": "Parkir", "opening_hours": null, "operator": "RSPAU dr Hardjolukito", "osm_id": 1448300326}}, {"type": "Feature", "geometry": {"type": "Point", "coordinates": [110.413908, -7.783104]}, "properties": {"name": "Parking", "type": "Parking", "category": "mobilitas", "subcategory": "Parkir", "opening_hours": null, "operator": null, "osm_id": 1492031454}}, {"type": "Feature", "geometry": {"type": "Point", "coordinates": [110.402136, -7.782984]}, "properties": {"name": "Parking", "type": "Parking", "category": "mobilitas", "subcategory": "Parkir", "opening_hours": null, "operator": null, "osm_id": 1423790649}}, {"type": "Feature", "geometry": {"type": "Point", "coordinates": [110.4075, -7.783153]}, "properties": {"name": "Parking", "type": "Parking", "category": "mobilitas", "subcategory": "Parkir", "opening_hours": null, "operator": null, "osm_id": 1446407277}}, {"type": "Feature", "geometry": {"type": "Point", "coordinates": [110.418415, -7.752071]}, "properties": {"name": "Parking", "type": "Parking", "category": "mobilitas", "subcategory": "Parkir", "opening_hours": null, "operator": null, "osm_id": 537361688}}, {"type": "Feature", "geometry": {"type": "Point", "coordinates": [110.373937, -7.789561]}, "properties": {"name": "Parking", "type": "Parking", "category": "mobilitas", "subcategory": "Parkir", "opening_hours": null, "operator": null, "osm_id": 1421517769}}, {"type": "Feature", "geometry": {"type": "Point", "coordinates": [110.465032, -7.774806]}, "properties": {"name": "Platform", "type": "Platform", "category": "mobilitas", "subcategory": "Halte Bus", "opening_hours": null, "operator": null, "osm_id": 1420757448}}, {"type": "Feature", "geometry": {"type": "Point", "coordinates": [110.443818, -7.70525]}, "properties": {"name": "Parking", "type": "Parking", "category": "mobilitas", "subcategory": "Parkir", "opening_hours": null, "operator": "Bakso Pikul", "osm_id": 1442413574}}, {"type": "Feature", "geometry": {"type": "Point", "coordinates": [110.362888, -7.735292]}, "properties": {"name": "Parking", "type": "Parking", "category": "mobilitas", "subcategory": "Parkir", "opening_hours": null, "operator": null, "osm_id": 1469440097}}, {"type": "Feature", "geometry": {"type": "Point", "coordinates": [110.369253, -7.783122]}, "properties": {"name": "Parking", "type": "Parking", "category": "mobilitas", "subcategory": "Parkir", "opening_hours": null, "operator": null, "osm_id": 1457204965}}, {"type": "Feature", "geometry": {"type": "Point", "coordinates": [110.432872, -7.739439]}, "properties": {"name": "Parking", "type": "Parking", "category": "mobilitas", "subcategory": "Parkir", "opening_hours": null, "operator": "Sd budy Mulya", "osm_id": 545456005}}, {"type": "Feature", "geometry": {"type": "Point", "coordinates": [110.422142, -7.773648]}, "properties": {"name": "Mekar Trans Pool & Garage", "type": "Parking", "category": "mobilitas", "subcategory": "Parkir", "opening_hours": null, "operator": null, "osm_id": 530763469}}, {"type": "Feature", "geometry": {"type": "Point", "coordinates": [110.060335, -7.896151]}, "properties": {"name": "Parking", "type": "Parking", "category": "mobilitas", "subcategory": "Parkir", "opening_hours": null, "operator": null, "osm_id": 839856218}}, {"type": "Feature", "geometry": {"type": "Point", "coordinates": [110.284178, -7.796064]}, "properties": {"name": "Platform", "type": "Platform", "category": "mobilitas", "subcategory": "Halte Bus", "opening_hours": null, "operator": "PT. Kereta Api Indonesia", "osm_id": 1420744925}}, {"type": "Feature", "geometry": {"type": "Point", "coordinates": [110.387666, -7.771882]}, "properties": {"name": "Parkir Selatan", "type": "Parking", "category": "mobilitas", "subcategory": "Parkir", "opening_hours": null, "operator": null, "osm_id": 189367264}}, {"type": "Feature", "geometry": {"type": "Point", "coordinates": [110.387037, -7.772861]}, "properties": {"name": "Parking", "type": "Parking", "category": "mobilitas", "subcategory": "Parkir", "opening_hours": null, "operator": null, "osm_id": 613058945}}, {"type": "Feature", "geometry": {"type": "Point", "coordinates": [110.383945, -7.774492]}, "properties": {"name": "Parking", "type": "Parking", "category": "mobilitas", "subcategory": "Parkir", "opening_hours": null, "operator": null, "osm_id": 1484748024}}, {"type": "Feature", "geometry": {"type": "Point", "coordinates": [110.368401, -7.801754]}, "properties": {"name": "Parking", "type": "Parking", "category": "mobilitas", "subcategory": "Parkir", "opening_hours": null, "operator": null, "osm_id": 397991400}}, {"type": "Feature", "geometry": {"type": "Point", "coordinates": [110.374594, -7.773683]}, "properties": {"name": "Parking", "type": "Parking", "category": "mobilitas", "subcategory": "Parkir", "opening_hours": null, "operator": null, "osm_id": 1461495070}}, {"type": "Feature", "geometry": {"type": "Point", "coordinates": [110.378209, -7.770452]}, "properties": {"name": "Parking", "type": "Parking", "category": "mobilitas", "subcategory": "Parkir", "opening_hours": null, "operator": null, "osm_id": 1461824634}}, {"type": "Feature", "geometry": {"type": "Point", "coordinates": [110.345382, -7.830404]}, "properties": {"name": "Parking", "type": "Parking", "category": "mobilitas", "subcategory": "Parkir", "opening_hours": null, "operator": null, "osm_id": 1429557494}}, {"type": "Feature", "geometry": {"type": "Point", "coordinates": [110.345554, -7.829904]}, "properties": {"name": "Parking", "type": "Parking", "category": "mobilitas", "subcategory": "Parkir", "opening_hours": null, "operator": null, "osm_id": 1429557495}}, {"type": "Feature", "geometry": {"type": "Point", "coordinates": [110.345564, -7.829798]}, "properties": {"name": "Parking", "type": "Parking", "category": "mobilitas", "subcategory": "Parkir", "opening_hours": null, "operator": null, "osm_id": 1429557497}}, {"type": "Feature", "geometry": {"type": "Point", "coordinates": [110.403178, -7.757903]}, "properties": {"name": "Parking", "type": "Parking", "category": "mobilitas", "subcategory": "Parkir", "opening_hours": null, "operator": null, "osm_id": 1482646170}}, {"type": "Feature", "geometry": {"type": "Point", "coordinates": [110.345393, -7.83028]}, "properties": {"name": "Parking", "type": "Parking", "category": "mobilitas", "subcategory": "Parkir", "opening_hours": null, "operator": null, "osm_id": 1429557493}}, {"type": "Feature", "geometry": {"type": "Point", "coordinates": [110.343531, -7.828701]}, "properties": {"name": "Parking", "type": "Parking", "category": "mobilitas", "subcategory": "Parkir", "opening_hours": null, "operator": null, "osm_id": 1442861865}}, {"type": "Feature", "geometry": {"type": "Point", "coordinates": [110.366984, -7.790331]}, "properties": {"name": "Parking", "type": "Parking", "category": "mobilitas", "subcategory": "Parkir", "opening_hours": null, "operator": null, "osm_id": 386269456}}, {"type": "Feature", "geometry": {"type": "Point", "coordinates": [110.365275, -7.782819]}, "properties": {"name": "Parking", "type": "Parking", "category": "mobilitas", "subcategory": "Parkir", "opening_hours": null, "operator": null, "osm_id": 1456932483}}, {"type": "Feature", "geometry": {"type": "Point", "coordinates": [110.39406, -7.831122]}, "properties": {"name": "Parkiran Tempat Wisata", "type": "Parking", "category": "mobilitas", "subcategory": "Parkir", "opening_hours": null, "operator": null, "osm_id": 1225234458}}, {"type": "Feature", "geometry": {"type": "Point", "coordinates": [110.151129, -7.864463]}, "properties": {"name": "Terminal Wates", "type": "Bus Station", "category": "mobilitas", "subcategory": "Halte Bus", "opening_hours": null, "operator": null, "osm_id": 231287784}}, {"type": "Feature", "geometry": {"type": "Point", "coordinates": [110.156749, -7.859677]}, "properties": {"name": "Platform", "type": "Platform", "category": "mobilitas", "subcategory": "Halte Bus", "opening_hours": null, "operator": null, "osm_id": 1312472820}}, {"type": "Feature", "geometry": {"type": "Point", "coordinates": [110.157175, -7.859677]}, "properties": {"name": "Platform", "type": "Platform", "category": "mobilitas", "subcategory": "Halte Bus", "opening_hours": null, "operator": null, "osm_id": 1312472822}}, {"type": "Feature", "geometry": {"type": "Point", "coordinates": [110.382341, -7.804585]}, "properties": {"name": "Parkir Alsintan", "type": "Parking", "category": "mobilitas", "subcategory": "Parkir", "opening_hours": null, "operator": null, "osm_id": 660453553}}, {"type": "Feature", "geometry": {"type": "Point", "coordinates": [110.376588, -7.787098]}, "properties": {"name": "Parking", "type": "Parking", "category": "mobilitas", "subcategory": "Parkir", "opening_hours": null, "operator": null, "osm_id": 361999708}}, {"type": "Feature", "geometry": {"type": "Point", "coordinates": [110.379172, -7.782675]}, "properties": {"name": "Parking", "type": "Parking", "category": "mobilitas", "subcategory": "Parkir", "opening_hours": null, "operator": null, "osm_id": 1455327365}}, {"type": "Feature", "geometry": {"type": "Point", "coordinates": [110.386738, -7.783282]}, "properties": {"name": "Parkir Mobil", "type": "Parking", "category": "mobilitas", "subcategory": "Parkir", "opening_hours": null, "operator": null, "osm_id": 733460724}}, {"type": "Feature", "geometry": {"type": "Point", "coordinates": [110.325203, -7.790855]}, "properties": {"name": "Platform", "type": "Platform", "category": "mobilitas", "subcategory": "Halte Bus", "opening_hours": null, "operator": null, "osm_id": 1312582769}}, {"type": "Feature", "geometry": {"type": "Point", "coordinates": [110.32529, -7.790839]}, "properties": {"name": "Station", "type": "Station", "category": "mobilitas", "subcategory": "Stasiun", "opening_hours": null, "operator": "PT Kereta Api Indonesia (Persero)", "osm_id": 1421922948}}, {"type": "Feature", "geometry": {"type": "Point", "coordinates": [110.399276, -7.745586]}, "properties": {"name": "Parking", "type": "Parking", "category": "mobilitas", "subcategory": "Parkir", "opening_hours": null, "operator": null, "osm_id": 537358145}}, {"type": "Feature", "geometry": {"type": "Point", "coordinates": [110.365306, -7.800284]}, "properties": {"name": "Parking", "type": "Parking", "category": "mobilitas", "subcategory": "Parkir", "opening_hours": null, "operator": null, "osm_id": 352734992}}, {"type": "Feature", "geometry": {"type": "Point", "coordinates": [110.362312, -7.801114]}, "properties": {"name": "Parking", "type": "Parking", "category": "mobilitas", "subcategory": "Parkir", "opening_hours": "24/7", "operator": null, "osm_id": 484157152}}, {"type": "Feature", "geometry": {"type": "Point", "coordinates": [110.366413, -7.801608]}, "properties": {"name": "Parking", "type": "Parking", "category": "mobilitas", "subcategory": "Parkir", "opening_hours": null, "operator": null, "osm_id": 1464917156}}, {"type": "Feature", "geometry": {"type": "Point", "coordinates": [110.366907, -7.795795]}, "properties": {"name": "Parking", "type": "Parking", "category": "mobilitas", "subcategory": "Parkir", "opening_hours": null, "operator": null, "osm_id": 1493961697}}, {"type": "Feature", "geometry": {"type": "Point", "coordinates": [110.366687, -7.801109]}, "properties": {"name": "Parkir Museum Benteng Vredeburg", "type": "Parking", "category": "mobilitas", "subcategory": "Parkir", "opening_hours": null, "operator": null, "osm_id": 1347239460}}, {"type": "Feature", "geometry": {"type": "Point", "coordinates": [110.35401, -7.800201]}, "properties": {"name": "Parking", "type": "Parking", "category": "mobilitas", "subcategory": "Parkir", "opening_hours": null, "operator": null, "osm_id": 914191429}}, {"type": "Feature", "geometry": {"type": "Point", "coordinates": [110.362474, -7.740611]}, "properties": {"name": "Parking", "type": "Parking", "category": "mobilitas", "subcategory": "Parkir", "opening_hours": null, "operator": null, "osm_id": 1473622831}}, {"type": "Feature", "geometry": {"type": "Point", "coordinates": [110.362605, -7.751117]}, "properties": {"name": "Parking", "type": "Parking", "category": "mobilitas", "subcategory": "Parkir", "opening_hours": null, "operator": null, "osm_id": 385792398}}, {"type": "Feature", "geometry": {"type": "Point", "coordinates": [110.411867, -7.781578]}, "properties": {"name": "Parking", "type": "Parking", "category": "mobilitas", "subcategory": "Parkir", "opening_hours": null, "operator": null, "osm_id": 1423781769}}, {"type": "Feature", "geometry": {"type": "Point", "coordinates": [110.412177, -7.774054]}, "properties": {"name": "Parking", "type": "Parking", "category": "mobilitas", "subcategory": "Parkir", "opening_hours": null, "operator": null, "osm_id": 1445764390}}, {"type": "Feature", "geometry": {"type": "Point", "coordinates": [110.411336, -7.773941]}, "properties": {"name": "Parking", "type": "Parking", "category": "mobilitas", "subcategory": "Parkir", "opening_hours": null, "operator": null, "osm_id": 1445764401}}, {"type": "Feature", "geometry": {"type": "Point", "coordinates": [110.465578, -7.7743]}, "properties": {"name": "Parking", "type": "Parking", "category": "mobilitas", "subcategory": "Parkir", "opening_hours": null, "operator": null, "osm_id": 1420757456}}, {"type": "Feature", "geometry": {"type": "Point", "coordinates": [110.156764, -7.859721]}, "properties": {"name": "Platform", "type": "Platform", "category": "mobilitas", "subcategory": "Halte Bus", "opening_hours": null, "operator": null, "osm_id": 1312472821}}, {"type": "Feature", "geometry": {"type": "Point", "coordinates": [110.402431, -7.758181]}, "properties": {"name": "Parking", "type": "Parking", "category": "mobilitas", "subcategory": "Parkir", "opening_hours": null, "operator": null, "osm_id": 1482646173}}, {"type": "Feature", "geometry": {"type": "Point", "coordinates": [110.403164, -7.758383]}, "properties": {"name": "Parkir Mobil Selatan JIH", "type": "Parking", "category": "mobilitas", "subcategory": "Parkir", "opening_hours": null, "operator": null, "osm_id": 530299337}}, {"type": "Feature", "geometry": {"type": "Point", "coordinates": [110.404061, -7.758102]}, "properties": {"name": "Parking", "type": "Parking", "category": "mobilitas", "subcategory": "Parkir", "opening_hours": null, "operator": null, "osm_id": 1482646172}}, {"type": "Feature", "geometry": {"type": "Point", "coordinates": [110.404438, -7.758029]}, "properties": {"name": "Parking", "type": "Parking", "category": "mobilitas", "subcategory": "Parkir", "opening_hours": null, "operator": null, "osm_id": 1482950910}}, {"type": "Feature", "geometry": {"type": "Point", "coordinates": [110.409009, -7.773078]}, "properties": {"name": "Parking", "type": "Parking", "category": "mobilitas", "subcategory": "Parkir", "opening_hours": null, "operator": null, "osm_id": 1344066700}}, {"type": "Feature", "geometry": {"type": "Point", "coordinates": [110.414082, -7.783134]}, "properties": {"name": "Area Parkir Manna Kampus", "type": "Parking", "category": "mobilitas", "subcategory": "Parkir", "opening_hours": null, "operator": null, "osm_id": 1492031451}}, {"type": "Feature", "geometry": {"type": "Point", "coordinates": [110.44877, -7.782492]}, "properties": {"name": "Halte KR 2", "type": "Platform", "category": "mobilitas", "subcategory": "Halte Bus", "opening_hours": null, "operator": null, "osm_id": 1424257691}}, {"type": "Feature", "geometry": {"type": "Point", "coordinates": [110.413704, -7.783149]}, "properties": {"name": "Parking", "type": "Parking", "category": "mobilitas", "subcategory": "Parkir", "opening_hours": null, "operator": null, "osm_id": 1492031450}}, {"type": "Feature", "geometry": {"type": "Point", "coordinates": [110.372775, -7.782062]}, "properties": {"name": "Parking", "type": "Parking", "category": "mobilitas", "subcategory": "Parkir", "opening_hours": null, "operator": null, "osm_id": 1442028804}}, {"type": "Feature", "geometry": {"type": "Point", "coordinates": [110.371897, -7.783279]}, "properties": {"name": "Parking", "type": "Parking", "category": "mobilitas", "subcategory": "Parkir", "opening_hours": null, "operator": null, "osm_id": 1452804969}}, {"type": "Feature", "geometry": {"type": "Point", "coordinates": [110.402121, -7.7829]}, "properties": {"name": "Parking", "type": "Parking", "category": "mobilitas", "subcategory": "Parkir", "opening_hours": null, "operator": null, "osm_id": 1423790648}}, {"type": "Feature", "geometry": {"type": "Point", "coordinates": [110.407024, -7.783057]}, "properties": {"name": "Parking", "type": "Parking", "category": "mobilitas", "subcategory": "Parkir", "opening_hours": null, "operator": null, "osm_id": 1424019349}}, {"type": "Feature", "geometry": {"type": "Point", "coordinates": [110.406129, -7.783126]}, "properties": {"name": "Parking", "type": "Parking", "category": "mobilitas", "subcategory": "Parkir", "opening_hours": null, "operator": null, "osm_id": 1448045122}}, {"type": "Feature", "geometry": {"type": "Point", "coordinates": [110.405903, -7.783113]}, "properties": {"name": "Parking", "type": "Parking", "category": "mobilitas", "subcategory": "Parkir", "opening_hours": null, "operator": null, "osm_id": 1448045124}}, {"type": "Feature", "geometry": {"type": "Point", "coordinates": [110.433661, -7.75549]}, "properties": {"name": "Parking", "type": "Parking", "category": "mobilitas", "subcategory": "Parkir", "opening_hours": null, "operator": null, "osm_id": 1469728484}}, {"type": "Feature", "geometry": {"type": "Point", "coordinates": [110.419976, -7.783135]}, "properties": {"name": "Parking", "type": "Parking", "category": "mobilitas", "subcategory": "Parkir", "opening_hours": null, "operator": null, "osm_id": 926529692}}, {"type": "Feature", "geometry": {"type": "Point", "coordinates": [110.4149, -7.779487]}, "properties": {"name": "Parking", "type": "Parking", "category": "mobilitas", "subcategory": "Parkir", "opening_hours": null, "operator": null, "osm_id": 1424024483}}, {"type": "Feature", "geometry": {"type": "Point", "coordinates": [110.420261, -7.781139]}, "properties": {"name": "Parking", "type": "Parking", "category": "mobilitas", "subcategory": "Parkir", "opening_hours": null, "operator": null, "osm_id": 926529691}}, {"type": "Feature", "geometry": {"type": "Point", "coordinates": [110.43418, -7.755556]}, "properties": {"name": "Parking", "type": "Parking", "category": "mobilitas", "subcategory": "Parkir", "opening_hours": null, "operator": null, "osm_id": 1469728464}}, {"type": "Feature", "geometry": {"type": "Point", "coordinates": [110.433689, -7.755655]}, "properties": {"name": "Parking", "type": "Parking", "category": "mobilitas", "subcategory": "Parkir", "opening_hours": null, "operator": null, "osm_id": 1469728485}}, {"type": "Feature", "geometry": {"type": "Point", "coordinates": [110.408045, -7.743735]}, "properties": {"name": "Parking", "type": "Parking", "category": "mobilitas", "subcategory": "Parkir", "opening_hours": null, "operator": null, "osm_id": 1419159317}}, {"type": "Feature", "geometry": {"type": "Point", "coordinates": [110.405265, -7.799159]}, "properties": {"name": "Parking", "type": "Parking", "category": "mobilitas", "subcategory": "Parkir", "opening_hours": null, "operator": null, "osm_id": 767431003}}, {"type": "Feature", "geometry": {"type": "Point", "coordinates": [110.407258, -7.798992]}, "properties": {"name": "Parking", "type": "Parking", "category": "mobilitas", "subcategory": "Parkir", "opening_hours": null, "operator": null, "osm_id": 1442828857}}, {"type": "Feature", "geometry": {"type": "Point", "coordinates": [110.411737, -7.781573]}, "properties": {"name": "Parking", "type": "Parking", "category": "mobilitas", "subcategory": "Parkir", "opening_hours": null, "operator": null, "osm_id": 1423781770}}, {"type": "Feature", "geometry": {"type": "Point", "coordinates": [110.407005, -7.783146]}, "properties": {"name": "Parking", "type": "Parking", "category": "mobilitas", "subcategory": "Parkir", "opening_hours": null, "operator": null, "osm_id": 1424019350}}, {"type": "Feature", "geometry": {"type": "Point", "coordinates": [110.407981, -7.782837]}, "properties": {"name": "Parking", "type": "Parking", "category": "mobilitas", "subcategory": "Parkir", "opening_hours": null, "operator": null, "osm_id": 1446407261}}, {"type": "Feature", "geometry": {"type": "Point", "coordinates": [110.436713, -7.785003]}, "properties": {"name": "Platform", "type": "Platform", "category": "mobilitas", "subcategory": "Halte Bus", "opening_hours": null, "operator": "PT Kereta Commuter Indonesia", "osm_id": 1422556986}}, {"type": "Feature", "geometry": {"type": "Point", "coordinates": [110.406292, -7.783107]}, "properties": {"name": "Parking", "type": "Parking", "category": "mobilitas", "subcategory": "Parkir", "opening_hours": null, "operator": null, "osm_id": 1448045118}}, {"type": "Feature", "geometry": {"type": "Point", "coordinates": [110.408461, -7.866355]}, "properties": {"name": "Parking", "type": "Parking", "category": "mobilitas", "subcategory": "Parkir", "opening_hours": null, "operator": "Toko DM Baru 1", "osm_id": 1337090151}}, {"type": "Feature", "geometry": {"type": "Point", "coordinates": [110.431054, -7.785243]}, "properties": {"name": "Parking", "type": "Parking", "category": "mobilitas", "subcategory": "Parkir", "opening_hours": null, "operator": null, "osm_id": 1422129618}}, {"type": "Feature", "geometry": {"type": "Point", "coordinates": [110.397682, -7.813146]}, "properties": {"name": "Parking", "type": "Parking", "category": "mobilitas", "subcategory": "Parkir", "opening_hours": null, "operator": "Bakmi Mbah Gito", "osm_id": 1423013530}}, {"type": "Feature", "geometry": {"type": "Point", "coordinates": [110.411645, -7.782756]}, "properties": {"name": "Parking", "type": "Parking", "category": "mobilitas", "subcategory": "Parkir", "opening_hours": null, "operator": null, "osm_id": 1423781754}}, {"type": "Feature", "geometry": {"type": "Point", "coordinates": [110.257867, -7.793244]}, "properties": {"name": "Parking", "type": "Parking", "category": "mobilitas", "subcategory": "Parkir", "opening_hours": null, "operator": null, "osm_id": 1094675438}}, {"type": "Feature", "geometry": {"type": "Point", "coordinates": [110.37178, -7.783116]}, "properties": {"name": "Parking", "type": "Parking", "category": "mobilitas", "subcategory": "Parkir", "opening_hours": null, "operator": null, "osm_id": 1452804970}}, {"type": "Feature", "geometry": {"type": "Point", "coordinates": [110.37965, -7.770772]}, "properties": {"name": "Parking", "type": "Parking", "category": "mobilitas", "subcategory": "Parkir", "opening_hours": null, "operator": null, "osm_id": 1461859949}}, {"type": "Feature", "geometry": {"type": "Point", "coordinates": [110.373732, -7.766414]}, "properties": {"name": "Parking", "type": "Parking", "category": "mobilitas", "subcategory": "Parkir", "opening_hours": null, "operator": null, "osm_id": 1462294482}}, {"type": "Feature", "geometry": {"type": "Point", "coordinates": [110.383314, -7.773171]}, "properties": {"name": "Parking", "type": "Parking", "category": "mobilitas", "subcategory": "Parkir", "opening_hours": null, "operator": null, "osm_id": 1484748021}}, {"type": "Feature", "geometry": {"type": "Point", "coordinates": [110.386427, -7.777495]}, "properties": {"name": "Parking", "type": "Parking", "category": "mobilitas", "subcategory": "Parkir", "opening_hours": null, "operator": null, "osm_id": 1485120156}}, {"type": "Feature", "geometry": {"type": "Point", "coordinates": [110.47764, -7.850372]}, "properties": {"name": "Parking", "type": "Parking", "category": "mobilitas", "subcategory": "Parkir", "opening_hours": null, "operator": null, "osm_id": 1100853334}}, {"type": "Feature", "geometry": {"type": "Point", "coordinates": [110.544924, -7.847205]}, "properties": {"name": "Parking", "type": "Parking", "category": "mobilitas", "subcategory": "Parkir", "opening_hours": null, "operator": null, "osm_id": 906958450}}, {"type": "Feature", "geometry": {"type": "Point", "coordinates": [110.478372, -7.758879]}, "properties": {"name": "Parking", "type": "Parking", "category": "mobilitas", "subcategory": "Parkir", "opening_hours": null, "operator": null, "osm_id": 1066882358}}, {"type": "Feature", "geometry": {"type": "Point", "coordinates": [110.504785, -7.78296]}, "properties": {"name": "Parkir Bus", "type": "Parking", "category": "mobilitas", "subcategory": "Parkir", "opening_hours": null, "operator": null, "osm_id": 901425545}}, {"type": "Feature", "geometry": {"type": "Point", "coordinates": [110.41261, -7.68993]}, "properties": {"name": "Parking", "type": "Parking", "category": "mobilitas", "subcategory": "Parkir", "opening_hours": null, "operator": null, "osm_id": 1483634413}}, {"type": "Feature", "geometry": {"type": "Point", "coordinates": [110.409979, -7.82867]}, "properties": {"name": "Parking", "type": "Parking", "category": "mobilitas", "subcategory": "Parkir", "opening_hours": null, "operator": null, "osm_id": 767435496}}, {"type": "Feature", "geometry": {"type": "Point", "coordinates": [110.220266, -7.833409]}, "properties": {"name": "Platform", "type": "Platform", "category": "mobilitas", "subcategory": "Halte Bus", "opening_hours": null, "operator": null, "osm_id": 1312472827}}, {"type": "Feature", "geometry": {"type": "Point", "coordinates": [110.361102, -7.789421]}, "properties": {"name": "Parking", "type": "Parking", "category": "mobilitas", "subcategory": "Parkir", "opening_hours": null, "operator": null, "osm_id": 386269975}}, {"type": "Feature", "geometry": {"type": "Point", "coordinates": [110.363934, -7.802542]}, "properties": {"name": "Parking", "type": "Parking", "category": "mobilitas", "subcategory": "Parkir", "opening_hours": null, "operator": null, "osm_id": 721797001}}, {"type": "Feature", "geometry": {"type": "Point", "coordinates": [110.061246, -7.900078]}, "properties": {"name": "Parking", "type": "Parking", "category": "mobilitas", "subcategory": "Parkir", "opening_hours": null, "operator": null, "osm_id": 1396596670}}, {"type": "Feature", "geometry": {"type": "Point", "coordinates": [110.435909, -7.78479]}, "properties": {"name": "Lapangan Parkir Bandara Adisutjipto", "type": "Parking", "category": "mobilitas", "subcategory": "Parkir", "opening_hours": null, "operator": null, "osm_id": 191905183}}, {"type": "Feature", "geometry": {"type": "Point", "coordinates": [110.413323, -7.815329]}, "properties": {"name": "Maju Lancar", "type": "Bus Station", "category": "mobilitas", "subcategory": "Halte Bus", "opening_hours": null, "operator": null, "osm_id": 359047458}}, {"type": "Feature", "geometry": {"type": "Point", "coordinates": [110.413689, -7.81582]}, "properties": {"name": "Galaxy", "type": "Parking", "category": "mobilitas", "subcategory": "Parkir", "opening_hours": null, "operator": null, "osm_id": 570600141}}, {"type": "Feature", "geometry": {"type": "Point", "coordinates": [110.395592, -7.785568]}, "properties": {"name": "Parking", "type": "Parking", "category": "mobilitas", "subcategory": "Parkir", "opening_hours": null, "operator": "UIN Sunan Kalijaga", "osm_id": 767448558}}, {"type": "Feature", "geometry": {"type": "Point", "coordinates": [110.395568, -7.785663]}, "properties": {"name": "Parking", "type": "Parking", "category": "mobilitas", "subcategory": "Parkir", "opening_hours": null, "operator": "UIN Sunan Kalijaga", "osm_id": 767448559}}, {"type": "Feature", "geometry": {"type": "Point", "coordinates": [110.41038, -7.789042]}, "properties": {"name": "Parking", "type": "Parking", "category": "mobilitas", "subcategory": "Parkir", "opening_hours": null, "operator": null, "osm_id": 1316794429}}, {"type": "Feature", "geometry": {"type": "Point", "coordinates": [110.420047, -7.749709]}, "properties": {"name": "Parking", "type": "Parking", "category": "mobilitas", "subcategory": "Parkir", "opening_hours": null, "operator": null, "osm_id": 537356658}}, {"type": "Feature", "geometry": {"type": "Point", "coordinates": [110.379748, -7.762512]}, "properties": {"name": "Parking", "type": "Parking", "category": "mobilitas", "subcategory": "Parkir", "opening_hours": null, "operator": null, "osm_id": 759977978}}, {"type": "Feature", "geometry": {"type": "Point", "coordinates": [110.375061, -7.77109]}, "properties": {"name": "Parking", "type": "Parking", "category": "mobilitas", "subcategory": "Parkir", "opening_hours": null, "operator": null, "osm_id": 265567230}}, {"type": "Feature", "geometry": {"type": "Point", "coordinates": [110.379374, -7.76912]}, "properties": {"name": "Parking", "type": "Parking", "category": "mobilitas", "subcategory": "Parkir", "opening_hours": null, "operator": null, "osm_id": 265567232}}, {"type": "Feature", "geometry": {"type": "Point", "coordinates": [110.378354, -7.769899]}, "properties": {"name": "Parking", "type": "Parking", "category": "mobilitas", "subcategory": "Parkir", "opening_hours": null, "operator": null, "osm_id": 1461824639}}, {"type": "Feature", "geometry": {"type": "Point", "coordinates": [110.384641, -7.77606]}, "properties": {"name": "Parking", "type": "Parking", "category": "mobilitas", "subcategory": "Parkir", "opening_hours": null, "operator": null, "osm_id": 1483952186}}, {"type": "Feature", "geometry": {"type": "Point", "coordinates": [110.379941, -7.772973]}, "properties": {"name": "Parking", "type": "Parking", "category": "mobilitas", "subcategory": "Parkir", "opening_hours": null, "operator": null, "osm_id": 542676175}}, {"type": "Feature", "geometry": {"type": "Point", "coordinates": [110.323038, -7.817001]}, "properties": {"name": "Parking", "type": "Parking", "category": "mobilitas", "subcategory": "Parkir", "opening_hours": null, "operator": null, "osm_id": 1015880269}}, {"type": "Feature", "geometry": {"type": "Point", "coordinates": [110.316751, -7.830891]}, "properties": {"name": "Parking", "type": "Parking", "category": "mobilitas", "subcategory": "Parkir", "opening_hours": null, "operator": null, "osm_id": 1092369902}}, {"type": "Feature", "geometry": {"type": "Point", "coordinates": [110.327697, -7.887864]}, "properties": {"name": "Parkir Timur Lapangan Paseban Bantul", "type": "Parking", "category": "mobilitas", "subcategory": "Parkir", "opening_hours": null, "operator": "Pemerintah Daerah Kabupaten Bantul", "osm_id": 1095915317}}, {"type": "Feature", "geometry": {"type": "Point", "coordinates": [110.327057, -7.887618]}, "properties": {"name": "Parkir Barat Lapangan Paseban Bantul", "type": "Parking", "category": "mobilitas", "subcategory": "Parkir", "opening_hours": null, "operator": "Pemerintah Daerah Kabupaten Bantul", "osm_id": 1095915318}}, {"type": "Feature", "geometry": {"type": "Point", "coordinates": [110.327456, -7.887412]}, "properties": {"name": "Parkir Utara Lapangan Paseban Bantul", "type": "Parking", "category": "mobilitas", "subcategory": "Parkir", "opening_hours": null, "operator": "Pemerintah Daerah Kabupaten Bantul", "osm_id": 1095915319}}, {"type": "Feature", "geometry": {"type": "Point", "coordinates": [110.121903, -7.820626]}, "properties": {"name": "Parking", "type": "Parking", "category": "mobilitas", "subcategory": "Parkir", "opening_hours": null, "operator": null, "osm_id": 1182057257}}, {"type": "Feature", "geometry": {"type": "Point", "coordinates": [110.121403, -7.820105]}, "properties": {"name": "Parking", "type": "Parking", "category": "mobilitas", "subcategory": "Parkir", "opening_hours": null, "operator": null, "osm_id": 886402715}}, {"type": "Feature", "geometry": {"type": "Point", "coordinates": [110.123637, -7.821085]}, "properties": {"name": "Parking", "type": "Parking", "category": "mobilitas", "subcategory": "Parkir", "opening_hours": null, "operator": null, "osm_id": 886402726}}, {"type": "Feature", "geometry": {"type": "Point", "coordinates": [110.164064, -7.853034]}, "properties": {"name": "Parking", "type": "Parking", "category": "mobilitas", "subcategory": "Parkir", "opening_hours": null, "operator": "UNY", "osm_id": 887812115}}, {"type": "Feature", "geometry": {"type": "Point", "coordinates": [110.062469, -7.896986]}, "properties": {"name": "Parking", "type": "Parking", "category": "mobilitas", "subcategory": "Parkir", "opening_hours": null, "operator": null, "osm_id": 839856221}}, {"type": "Feature", "geometry": {"type": "Point", "coordinates": [110.058529, -7.895155]}, "properties": {"name": "Parking", "type": "Parking", "category": "mobilitas", "subcategory": "Parkir", "opening_hours": null, "operator": null, "osm_id": 839856220}}, {"type": "Feature", "geometry": {"type": "Point", "coordinates": [110.077271, -7.914504]}, "properties": {"name": "Parkir Pantai Glagah", "type": "Parking", "category": "mobilitas", "subcategory": "Parkir", "opening_hours": null, "operator": null, "osm_id": 301868901}}, {"type": "Feature", "geometry": {"type": "Point", "coordinates": [110.314264, -7.802613]}, "properties": {"name": "Parking", "type": "Parking", "category": "mobilitas", "subcategory": "Parkir", "opening_hours": null, "operator": null, "osm_id": 321229422}}, {"type": "Feature", "geometry": {"type": "Point", "coordinates": [110.436234, -7.785557]}, "properties": {"name": "Parking", "type": "Parking", "category": "mobilitas", "subcategory": "Parkir", "opening_hours": null, "operator": null, "osm_id": 896515708}}, {"type": "Feature", "geometry": {"type": "Point", "coordinates": [110.434248, -7.785637]}, "properties": {"name": "Parking", "type": "Parking", "category": "mobilitas", "subcategory": "Parkir", "opening_hours": null, "operator": null, "osm_id": 896515707}}, {"type": "Feature", "geometry": {"type": "Point", "coordinates": [110.434792, -7.790582]}, "properties": {"name": "Parking", "type": "Parking", "category": "mobilitas", "subcategory": "Parkir", "opening_hours": null, "operator": null, "osm_id": 896515706}}, {"type": "Feature", "geometry": {"type": "Point", "coordinates": [110.399344, -7.733335]}, "properties": {"name": "Parking", "type": "Parking", "category": "mobilitas", "subcategory": "Parkir", "opening_hours": null, "operator": null, "osm_id": 904903115}}, {"type": "Feature", "geometry": {"type": "Point", "coordinates": [110.356307, -7.803655]}, "properties": {"name": "Terminal Ngabean", "type": "Bus Station", "category": "mobilitas", "subcategory": "Halte Bus", "opening_hours": null, "operator": null, "osm_id": 630935062}}, {"type": "Feature", "geometry": {"type": "Point", "coordinates": [110.416143, -7.821682]}, "properties": {"name": "Parking", "type": "Parking", "category": "mobilitas", "subcategory": "Parkir", "opening_hours": null, "operator": null, "osm_id": 531010557}}, {"type": "Feature", "geometry": {"type": "Point", "coordinates": [110.406638, -7.744166]}, "properties": {"name": "Parking", "type": "Parking", "category": "mobilitas", "subcategory": "Parkir", "opening_hours": null, "operator": null, "osm_id": 1084360193}}, {"type": "Feature", "geometry": {"type": "Point", "coordinates": [110.402882, -7.749896]}, "properties": {"name": "Parking", "type": "Parking", "category": "mobilitas", "subcategory": "Parkir", "opening_hours": null, "operator": "parkiran asem gede", "osm_id": 537356649}}, {"type": "Feature", "geometry": {"type": "Point", "coordinates": [110.365753, -7.799363]}, "properties": {"name": "Parking", "type": "Parking", "category": "mobilitas", "subcategory": "Parkir", "opening_hours": null, "operator": null, "osm_id": 17493286}}]}