{"type":"FeatureCollection","features":[{"type":"Feature","geometry":{"type":"Point","coordinates":[110.77378,-8.0831]},"properties":{"name":"SEBLAK CORNER","type":"Cafe","category":"sosial_tugas","subcategory":"Kafe","opening_hours":null,"operator":null,"osm_id":9179658778}},{"type":"Feature","geometry":{"type":"Point","coordinates":[110.37586,-7.7862]},"properties":{"name":"Mie Ayam Asalam","type":"Restaurant","category":"sosial_tugas","subcategory":"Restoran","opening_hours":"Mo-Sa 09:00-15:00; PH closed","operator":null,"osm_id":9252270615}},{"type":"Feature","geometry":{"type":"Point","coordinates":[110.51427,-8.12075]},"properties":{"name":"Restaurant","type":"Restaurant","category":"sosial_tugas","subcategory":"Restoran","opening_hours":null,"operator":null,"osm_id":10687593287}},{"type":"Feature","geometry":{"type":"Point","coordinates":[110.51472,-8.12124]},"properties":{"name":"Restaurant","type":"Restaurant","category":"sosial_tugas","subcategory":"Restoran","opening_hours":null,"operator":null,"osm_id":10687593283}},{"type":"Feature","geometry":{"type":"Point","coordinates":[110.58752,-8.01415]},"properties":{"name":"Fast Food","type":"Fast Food","category":"sosial_tugas","subcategory":"Fast Food","opening_hours":null,"operator":null,"osm_id":4085883193}},{"type":"Feature","geometry":{"type":"Point","coordinates":[110.57635,-7.93911]},"properties":{"name":"SalSari Resto & Cafe","type":"Restaurant","category":"sosial_tugas","subcategory":"Restoran","opening_hours":null,"operator":null,"osm_id":9751888095}},{"type":"Feature","geometry":{"type":"Point","coordinates":[110.5265,-7.8726]},"properties":{"name":"Warung Pecel Lele Mbak Novi","type":"Restaurant","category":"sosial_tugas","subcategory":"Restoran","opening_hours":null,"operator":null,"osm_id":9751925443}},{"type":"Feature","geometry":{"type":"Point","coordinates":[110.3366,-7.87114]},"properties":{"name":"Pawon Duren","type":"Fast Food","category":"sosial_tugas","subcategory":"Fast Food","opening_hours":null,"operator":null,"osm_id":9811853714}},{"type":"Feature","geometry":{"type":"Point","coordinates":[110.39483,-7.75682]},"properties":{"name":"Seafood 99","type":"Restaurant","category":"sosial_tugas","subcategory":"Restoran","opening_hours":null,"operator":null,"osm_id":12246260230}},{"type":"Feature","geometry":{"type":"Point","coordinates":[110.39826,-7.74211]},"properties":{"name":"Warmindo Si Om","type":"Restaurant","category":"sosial_tugas","subcategory":"Restoran","opening_hours":null,"operator":null,"osm_id":12189911900}},{"type":"Feature","geometry":{"type":"Point","coordinates":[110.39393,-7.76164]},"properties":{"name":"Mie Doyok Gejayan","type":"Restaurant","category":"sosial_tugas","subcategory":"Restoran","opening_hours":"Mo-Su 10:00-22:30","operator":null,"osm_id":12178345263}},{"type":"Feature","geometry":{"type":"Point","coordinates":[110.41177,-7.76349]},"properties":{"name":"Burjo Borneo","type":"Restaurant","category":"sosial_tugas","subcategory":"Restoran","opening_hours":"24/7","operator":null,"osm_id":9748480801}},{"type":"Feature","geometry":{"type":"Point","coordinates":[110.39833,-7.75792]},"properties":{"name":"Warung Makan Ika","type":"Restaurant","category":"sosial_tugas","subcategory":"Restoran","opening_hours":null,"operator":null,"osm_id":11195448202}},{"type":"Feature","geometry":{"type":"Point","coordinates":[110.41074,-7.75983]},"properties":{"name":"Bobob Chicken Rice Box","type":"Restaurant","category":"sosial_tugas","subcategory":"Restoran","opening_hours":"Mo-Su 09:30-21:30","operator":null,"osm_id":10991475063}},{"type":"Feature","geometry":{"type":"Point","coordinates":[110.39659,-7.75952]},"properties":{"name":"LOKAL Indonesia","type":"Restaurant","category":"sosial_tugas","subcategory":"Restoran","opening_hours":"Mo-Su 06:30-22:00","operator":null,"osm_id":4002066027}},{"type":"Feature","geometry":{"type":"Point","coordinates":[110.40255,-7.75809]},"properties":{"name":"parsley bakery & cake shop","type":"Restaurant","category":"sosial_tugas","subcategory":"Restoran","opening_hours":null,"operator":null,"osm_id":4590296596}},{"type":"Feature","geometry":{"type":"Point","coordinates":[110.39244,-7.75284]},"properties":{"name":"Warung Pojok","type":"Restaurant","category":"sosial_tugas","subcategory":"Restoran","opening_hours":null,"operator":null,"osm_id":4590655049}},{"type":"Feature","geometry":{"type":"Point","coordinates":[110.38142,-7.7585]},"properties":{"name":"Restaurant","type":"Restaurant","category":"sosial_tugas","subcategory":"Restoran","opening_hours":null,"operator":null,"osm_id":12338747922}},{"type":"Feature","geometry":{"type":"Point","coordinates":[110.38191,-7.75756]},"properties":{"name":"Restaurant","type":"Restaurant","category":"sosial_tugas","subcategory":"Restoran","opening_hours":null,"operator":null,"osm_id":12338747927}},{"type":"Feature","geometry":{"type":"Point","coordinates":[110.38193,-7.75727]},"properties":{"name":"Restaurant","type":"Restaurant","category":"sosial_tugas","subcategory":"Restoran","opening_hours":null,"operator":null,"osm_id":12338747930}},{"type":"Feature","geometry":{"type":"Point","coordinates":[110.38193,-7.75474]},"properties":{"name":"Restaurant","type":"Restaurant","category":"sosial_tugas","subcategory":"Restoran","opening_hours":null,"operator":null,"osm_id":12338747943}},{"type":"Feature","geometry":{"type":"Point","coordinates":[110.38061,-7.75508]},"properties":{"name":"Restaurant","type":"Restaurant","category":"sosial_tugas","subcategory":"Restoran","opening_hours":null,"operator":null,"osm_id":12338747944}},{"type":"Feature","geometry":{"type":"Point","coordinates":[110.37734,-7.75632]},"properties":{"name":"Restaurant","type":"Restaurant","category":"sosial_tugas","subcategory":"Restoran","opening_hours":null,"operator":null,"osm_id":12338747953}},{"type":"Feature","geometry":{"type":"Point","coordinates":[110.37907,-7.75858]},"properties":{"name":"Cafe","type":"Cafe","category":"sosial_tugas","subcategory":"Kafe","opening_hours":null,"operator":null,"osm_id":12338747963}},{"type":"Feature","geometry":{"type":"Point","coordinates":[110.37993,-7.75483]},"properties":{"name":"Cafe","type":"Cafe","category":"sosial_tugas","subcategory":"Kafe","opening_hours":null,"operator":null,"osm_id":12338747974}},{"type":"Feature","geometry":{"type":"Point","coordinates":[110.38132,-7.7546]},"properties":{"name":"Restaurant","type":"Restaurant","category":"sosial_tugas","subcategory":"Restoran","opening_hours":null,"operator":null,"osm_id":12338747976}},{"type":"Feature","geometry":{"type":"Point","coordinates":[110.38152,-7.75449]},"properties":{"name":"Restaurant","type":"Restaurant","category":"sosial_tugas","subcategory":"Restoran","opening_hours":null,"operator":null,"osm_id":12338747978}},{"type":"Feature","geometry":{"type":"Point","coordinates":[110.38204,-7.7552]},"properties":{"name":"Cafe","type":"Cafe","category":"sosial_tugas","subcategory":"Kafe","opening_hours":null,"operator":null,"osm_id":12338747986}},{"type":"Feature","geometry":{"type":"Point","coordinates":[110.38132,-7.75641]},"properties":{"name":"Restaurant","type":"Restaurant","category":"sosial_tugas","subcategory":"Restoran","opening_hours":null,"operator":null,"osm_id":12338747989}},{"type":"Feature","geometry":{"type":"Point","coordinates":[110.38082,-7.75646]},"properties":{"name":"Restaurant","type":"Restaurant","category":"sosial_tugas","subcategory":"Restoran","opening_hours":null,"operator":null,"osm_id":12338747990}},{"type":"Feature","geometry":{"type":"Point","coordinates":[110.38059,-7.75628]},"properties":{"name":"Restaurant","type":"Restaurant","category":"sosial_tugas","subcategory":"Restoran","opening_hours":null,"operator":null,"osm_id":12338747991}},{"type":"Feature","geometry":{"type":"Point","coordinates":[110.37752,-7.75559]},"properties":{"name":"Restaurant","type":"Restaurant","category":"sosial_tugas","subcategory":"Restoran","opening_hours":null,"operator":null,"osm_id":12338747995}},{"type":"Feature","geometry":{"type":"Point","coordinates":[110.37964,-7.75546]},"properties":{"name":"Restaurant","type":"Restaurant","category":"sosial_tugas","subcategory":"Restoran","opening_hours":null,"operator":null,"osm_id":12338747996}},{"type":"Feature","geometry":{"type":"Point","coordinates":[110.37955,-7.75701]},"properties":{"name":"Cafe","type":"Cafe","category":"sosial_tugas","subcategory":"Kafe","opening_hours":null,"operator":null,"osm_id":12338747997}},{"type":"Feature","geometry":{"type":"Point","coordinates":[110.38122,-7.76775]},"properties":{"name":"Perpustakaan FTP","type":"Library","category":"sosial_tugas","subcategory":"Perpustakaan","opening_hours":null,"operator":null,"osm_id":3624563112}},{"type":"Feature","geometry":{"type":"Point","coordinates":[110.38411,-7.75376]},"properties":{"name":"Rumah Makan Padang Murah","type":"Fast Food","category":"sosial_tugas","subcategory":"Fast Food","opening_hours":null,"operator":null,"osm_id":11554891988}},{"type":"Feature","geometry":{"type":"Point","coordinates":[110.37946,-7.76592]},"properties":{"name":"RM Padang AMBO","type":"Restaurant","category":"sosial_tugas","subcategory":"Restoran","opening_hours":null,"operator":null,"osm_id":1748289552}},{"type":"Feature","geometry":{"type":"Point","coordinates":[110.37944,-7.76354]},"properties":{"name":"Mie Lampung Uno","type":"Restaurant","category":"sosial_tugas","subcategory":"Restoran","opening_hours":null,"operator":null,"osm_id":6009361192}},{"type":"Feature","geometry":{"type":"Point","coordinates":[110.38327,-7.76003]},"properties":{"name":"blackbone coffe","type":"Cafe","category":"sosial_tugas","subcategory":"Kafe","opening_hours":null,"operator":null,"osm_id":6009377629}},{"type":"Feature","geometry":{"type":"Point","coordinates":[110.38049,-7.76091]},"properties":{"name":"Rempah Asia","type":"Restaurant","category":"sosial_tugas","subcategory":"Restoran","opening_hours":null,"operator":null,"osm_id":6009413370}},{"type":"Feature","geometry":{"type":"Point","coordinates":[110.38001,-7.76091]},"properties":{"name":"Laju Kopi Cepat","type":"Cafe","category":"sosial_tugas","subcategory":"Kafe","opening_hours":null,"operator":null,"osm_id":6009413369}},{"type":"Feature","geometry":{"type":"Point","coordinates":[110.38515,-7.7637]},"properties":{"name":"Ohlala","type":"Restaurant","category":"sosial_tugas","subcategory":"Restoran","opening_hours":null,"operator":null,"osm_id":3451899398}},{"type":"Feature","geometry":{"type":"Point","coordinates":[110.38638,-7.75752]},"properties":{"name":"Silla Resto","type":"Restaurant","category":"sosial_tugas","subcategory":"Restoran","opening_hours":null,"operator":null,"osm_id":4215310292}},{"type":"Feature","geometry":{"type":"Point","coordinates":[110.38668,-7.76416]},"properties":{"name":"Warung","type":"Restaurant","category":"sosial_tugas","subcategory":"Restoran","opening_hours":null,"operator":null,"osm_id":3451899403}},{"type":"Feature","geometry":{"type":"Point","coordinates":[110.38533,-7.76369]},"properties":{"name":"Warung Penyetan Varnos","type":"Restaurant","category":"sosial_tugas","subcategory":"Restoran","opening_hours":null,"operator":null,"osm_id":3451899402}},{"type":"Feature","geometry":{"type":"Point","coordinates":[110.37996,-7.766]},"properties":{"name":"RM Padang Lima Sekawan","type":"Restaurant","category":"sosial_tugas","subcategory":"Restoran","opening_hours":null,"operator":null,"osm_id":1748289570}},{"type":"Feature","geometry":{"type":"Point","coordinates":[110.38002,-7.7626]},"properties":{"name":"Martabak Cowboy","type":"Fast Food","category":"sosial_tugas","subcategory":"Fast Food","opening_hours":null,"operator":null,"osm_id":6009353481}},{"type":"Feature","geometry":{"type":"Point","coordinates":[110.38479,-7.74198]},"properties":{"name":"Resto 3 Raja","type":"Restaurant","category":"sosial_tugas","subcategory":"Restoran","opening_hours":"Tu-Su 11:00-20:00","operator":null,"osm_id":13333823601}},{"type":"Feature","geometry":{"type":"Point","coordinates":[110.37001,-7.74725]},"properties":{"name":"Skulen","type":"Cafe","category":"sosial_tugas","subcategory":"Kafe","opening_hours":null,"operator":null,"osm_id":12298778480}},{"type":"Feature","geometry":{"type":"Point","coordinates":[110.37104,-7.75193]},"properties":{"name":"Restaurant","type":"Restaurant","category":"sosial_tugas","subcategory":"Restoran","opening_hours":null,"operator":null,"osm_id":12337510573}},{"type":"Feature","geometry":{"type":"Point","coordinates":[110.3703,-7.75406]},"properties":{"name":"Restaurant","type":"Restaurant","category":"sosial_tugas","subcategory":"Restoran","opening_hours":null,"operator":null,"osm_id":12338305043}},{"type":"Feature","geometry":{"type":"Point","coordinates":[110.37268,-7.75206]},"properties":{"name":"Restaurant","type":"Restaurant","category":"sosial_tugas","subcategory":"Restoran","opening_hours":null,"operator":null,"osm_id":12338305047}},{"type":"Feature","geometry":{"type":"Point","coordinates":[110.3725,-7.75018]},"properties":{"name":"Indoluxe Hotel","type":"Bar","category":"sosial_tugas","subcategory":"Bar/Pub","opening_hours":null,"operator":null,"osm_id":8647992420}},{"type":"Feature","geometry":{"type":"Point","coordinates":[110.36658,-7.75588]},"properties":{"name":"warung mbah jarwo","type":"Restaurant","category":"sosial_tugas","subcategory":"Restoran","opening_hours":null,"operator":null,"osm_id":12357642482}},{"type":"Feature","geometry":{"type":"Point","coordinates":[110.36494,-7.75296]},"properties":{"name":"Omah Sego Jogja","type":"Restaurant","category":"sosial_tugas","subcategory":"Restoran","opening_hours":null,"operator":null,"osm_id":12357612412}},{"type":"Feature","geometry":{"type":"Point","coordinates":[110.36601,-7.75912]},"properties":{"name":"Gajah Mada 88","type":"Restaurant","category":"sosial_tugas","subcategory":"Restoran","opening_hours":null,"operator":null,"osm_id":12357538059}},{"type":"Feature","geometry":{"type":"Point","coordinates":[110.36445,-7.75566]},"properties":{"name":"Warung Santai \"Porong Blirik\"","type":"Restaurant","category":"sosial_tugas","subcategory":"Restoran","opening_hours":null,"operator":null,"osm_id":12357595299}},{"type":"Feature","geometry":{"type":"Point","coordinates":[110.37019,-7.75448]},"properties":{"name":"Restaurant","type":"Restaurant","category":"sosial_tugas","subcategory":"Restoran","opening_hours":null,"operator":null,"osm_id":12338336987}},{"type":"Feature","geometry":{"type":"Point","coordinates":[110.37084,-7.75258]},"properties":{"name":"Restaurant","type":"Restaurant","category":"sosial_tugas","subcategory":"Restoran","opening_hours":null,"operator":null,"osm_id":12338305031}},{"type":"Feature","geometry":{"type":"Point","coordinates":[110.37079,-7.75267]},"properties":{"name":"Restaurant","type":"Restaurant","category":"sosial_tugas","subcategory":"Restoran","opening_hours":null,"operator":null,"osm_id":12338305032}},{"type":"Feature","geometry":{"type":"Point","coordinates":[110.37078,-7.75276]},"properties":{"name":"Restaurant","type":"Restaurant","category":"sosial_tugas","subcategory":"Restoran","opening_hours":null,"operator":null,"osm_id":12338305035}},{"type":"Feature","geometry":{"type":"Point","coordinates":[110.37027,-7.75633]},"properties":{"name":"Restaurant","type":"Restaurant","category":"sosial_tugas","subcategory":"Restoran","opening_hours":null,"operator":null,"osm_id":12338231179}},{"type":"Feature","geometry":{"type":"Point","coordinates":[110.3702,-7.75642]},"properties":{"name":"Restaurant","type":"Restaurant","category":"sosial_tugas","subcategory":"Restoran","opening_hours":null,"operator":null,"osm_id":12338231180}},{"type":"Feature","geometry":{"type":"Point","coordinates":[110.37073,-7.75637]},"properties":{"name":"Restaurant","type":"Restaurant","category":"sosial_tugas","subcategory":"Restoran","opening_hours":null,"operator":null,"osm_id":12338231182}},{"type":"Feature","geometry":{"type":"Point","coordinates":[110.37095,-7.75616]},"properties":{"name":"Restaurant","type":"Restaurant","category":"sosial_tugas","subcategory":"Restoran","opening_hours":null,"operator":null,"osm_id":12337502016}},{"type":"Feature","geometry":{"type":"Point","coordinates":[110.36988,-7.76187]},"properties":{"name":"Cafe","type":"Cafe","category":"sosial_tugas","subcategory":"Kafe","opening_hours":null,"operator":null,"osm_id":12337486177}},{"type":"Feature","geometry":{"type":"Point","coordinates":[110.3697,-7.75969]},"properties":{"name":"Cafe","type":"Cafe","category":"sosial_tugas","subcategory":"Kafe","opening_hours":null,"operator":null,"osm_id":12337486185}},{"type":"Feature","geometry":{"type":"Point","coordinates":[110.3697,-7.75951]},"properties":{"name":"Restaurant","type":"Restaurant","category":"sosial_tugas","subcategory":"Restoran","opening_hours":null,"operator":null,"osm_id":12337486186}},{"type":"Feature","geometry":{"type":"Point","coordinates":[110.36979,-7.75906]},"properties":{"name":"Restaurant","type":"Restaurant","category":"sosial_tugas","subcategory":"Restoran","opening_hours":null,"operator":null,"osm_id":12337486191}},{"type":"Feature","geometry":{"type":"Point","coordinates":[110.36978,-7.75901]},"properties":{"name":"Restaurant","type":"Restaurant","category":"sosial_tugas","subcategory":"Restoran","opening_hours":null,"operator":null,"osm_id":12337486192}},{"type":"Feature","geometry":{"type":"Point","coordinates":[110.36997,-7.75653]},"properties":{"name":"Restaurant","type":"Restaurant","category":"sosial_tugas","subcategory":"Restoran","opening_hours":null,"operator":null,"osm_id":12337502005}},{"type":"Feature","geometry":{"type":"Point","coordinates":[110.36993,-7.7569]},"properties":{"name":"Restaurant","type":"Restaurant","category":"sosial_tugas","subcategory":"Restoran","opening_hours":null,"operator":null,"osm_id":12337502009}},{"type":"Feature","geometry":{"type":"Point","coordinates":[110.37084,-7.75615]},"properties":{"name":"Restaurant","type":"Restaurant","category":"sosial_tugas","subcategory":"Restoran","opening_hours":null,"operator":null,"osm_id":12337502012}},{"type":"Feature","geometry":{"type":"Point","coordinates":[110.37107,-7.75618]},"properties":{"name":"Restaurant","type":"Restaurant","category":"sosial_tugas","subcategory":"Restoran","opening_hours":null,"operator":null,"osm_id":12337502013}},{"type":"Feature","geometry":{"type":"Point","coordinates":[110.37088,-7.75617]},"properties":{"name":"Restaurant","type":"Restaurant","category":"sosial_tugas","subcategory":"Restoran","opening_hours":null,"operator":null,"osm_id":12337502015}},{"type":"Feature","geometry":{"type":"Point","coordinates":[110.37094,-7.75238]},"properties":{"name":"Restaurant","type":"Restaurant","category":"sosial_tugas","subcategory":"Restoran","opening_hours":null,"operator":null,"osm_id":12337510579}},{"type":"Feature","geometry":{"type":"Point","coordinates":[110.37332,-7.75175]},"properties":{"name":"Restaurant","type":"Restaurant","category":"sosial_tugas","subcategory":"Restoran","opening_hours":null,"operator":null,"osm_id":12337510568}},{"type":"Feature","geometry":{"type":"Point","coordinates":[110.37019,-7.74717]},"properties":{"name":"Sekulen","type":"Cafe","category":"sosial_tugas","subcategory":"Kafe","opening_hours":null,"operator":null,"osm_id":12298798465}},{"type":"Feature","geometry":{"type":"Point","coordinates":[110.37248,-7.75838]},"properties":{"name":"One Percent Coffee","type":"Cafe","category":"sosial_tugas","subcategory":"Kafe","opening_hours":null,"operator":null,"osm_id":12298809450}},{"type":"Feature","geometry":{"type":"Point","coordinates":[110.37271,-7.7517]},"properties":{"name":"Nasi Gandul Bu RT","type":"Restaurant","category":"sosial_tugas","subcategory":"Restoran","opening_hours":null,"operator":null,"osm_id":11554890111}},{"type":"Feature","geometry":{"type":"Point","coordinates":[110.37226,-7.75665]},"properties":{"name":"Warung Kupat Tahu","type":"Restaurant","category":"sosial_tugas","subcategory":"Restoran","opening_hours":null,"operator":null,"osm_id":5606144623}},{"type":"Feature","geometry":{"type":"Point","coordinates":[110.36965,-7.75786]},"properties":{"name":"Muslim Chinese Food","type":"Restaurant","category":"sosial_tugas","subcategory":"Restoran","opening_hours":"12:00-21:00","operator":null,"osm_id":4831985002}},{"type":"Feature","geometry":{"type":"Point","coordinates":[110.36319,-7.75237]},"properties":{"name":"Sate Ratu","type":"Restaurant","category":"sosial_tugas","subcategory":"Restoran","opening_hours":null,"operator":null,"osm_id":6508726385}},{"type":"Feature","geometry":{"type":"Point","coordinates":[110.37344,-7.75058]},"properties":{"name":"Ruminate","type":"Cafe","category":"sosial_tugas","subcategory":"Kafe","opening_hours":null,"operator":null,"osm_id":6846537285}},{"type":"Feature","geometry":{"type":"Point","coordinates":[110.39815,-7.849]},"properties":{"name":"Mie Filfil Pusat Sawo","type":"Fast Food","category":"sosial_tugas","subcategory":"Fast Food","opening_hours":null,"operator":null,"osm_id":9960726675}},{"type":"Feature","geometry":{"type":"Point","coordinates":[110.39195,-7.8708]},"properties":{"name":"Sate Klatak Pak Bari","type":"Restaurant","category":"sosial_tugas","subcategory":"Restoran","opening_hours":null,"operator":null,"osm_id":3638575091}},{"type":"Feature","geometry":{"type":"Point","coordinates":[110.41126,-7.83854]},"properties":{"name":"Menco","type":"Restaurant","category":"sosial_tugas","subcategory":"Restoran","opening_hours":null,"operator":null,"osm_id":3636083365}},{"type":"Feature","geometry":{"type":"Point","coordinates":[110.39057,-7.83352]},"properties":{"name":"mie ayam Bu Tumini","type":"Restaurant","category":"sosial_tugas","subcategory":"Restoran","opening_hours":null,"operator":null,"osm_id":2935001778}},{"type":"Feature","geometry":{"type":"Point","coordinates":[110.3906,-7.86805]},"properties":{"name":"Sate Klatak pak Pong","type":"Cafe","category":"sosial_tugas","subcategory":"Kafe","opening_hours":null,"operator":null,"osm_id":4863815021}},{"type":"Feature","geometry":{"type":"Point","coordinates":[110.62206,-7.96258]},"properties":{"name":"Katamata","type":"Cafe","category":"sosial_tugas","subcategory":"Kafe","opening_hours":"Mo-Su 18:00-12:00","operator":null,"osm_id":6454922285}},{"type":"Feature","geometry":{"type":"Point","coordinates":[110.30505,-7.8432]},"properties":{"name":"Lotus Mio Bangunjiwo","type":"Restaurant","category":"sosial_tugas","subcategory":"Restoran","opening_hours":"Mo-Su 10:00-22:00","operator":null,"osm_id":10086971206}},{"type":"Feature","geometry":{"type":"Point","coordinates":[110.37804,-7.77608]},"properties":{"name":"Angkringan DPR","type":"Restaurant","category":"sosial_tugas","subcategory":"Restoran","opening_hours":null,"operator":null,"osm_id":9222644148}},{"type":"Feature","geometry":{"type":"Point","coordinates":[110.37592,-7.7766]},"properties":{"name":"Warung 27","type":"Restaurant","category":"sosial_tugas","subcategory":"Restoran","opening_hours":null,"operator":null,"osm_id":9222486037}},{"type":"Feature","geometry":{"type":"Point","coordinates":[110.36135,-7.76661]},"properties":{"name":"Mie Kriting Medan","type":"Restaurant","category":"sosial_tugas","subcategory":"Restoran","opening_hours":"Mo-Su 08:00-13:30, 16:00-22:30","operator":null,"osm_id":12565333697}},{"type":"Feature","geometry":{"type":"Point","coordinates":[110.36073,-7.78208]},"properties":{"name":"Sintawang Resto","type":"Restaurant","category":"sosial_tugas","subcategory":"Restoran","opening_hours":null,"operator":null,"osm_id":4424600989}},{"type":"Feature","geometry":{"type":"Point","coordinates":[110.37899,-7.76505]},"properties":{"name":"bakso pak min","type":"Fast Food","category":"sosial_tugas","subcategory":"Fast Food","opening_hours":null,"operator":null,"osm_id":4454416690}},{"type":"Feature","geometry":{"type":"Point","coordinates":[110.46417,-7.76625]},"properties":{"name":"Warung","type":"Restaurant","category":"sosial_tugas","subcategory":"Restoran","opening_hours":null,"operator":null,"osm_id":4580886192}},{"type":"Feature","geometry":{"type":"Point","coordinates":[110.37355,-7.76324]},"properties":{"name":"Ninit","type":"Restaurant","category":"sosial_tugas","subcategory":"Restoran","opening_hours":null,"operator":null,"osm_id":4588016192}},{"type":"Feature","geometry":{"type":"Point","coordinates":[110.35124,-7.78797]},"properties":{"name":"Angkringan","type":"Restaurant","category":"sosial_tugas","subcategory":"Restoran","opening_hours":null,"operator":null,"osm_id":4795283936}},{"type":"Feature","geometry":{"type":"Point","coordinates":[110.35057,-7.7926]},"properties":{"name":"Angkringan","type":"Restaurant","category":"sosial_tugas","subcategory":"Restoran","opening_hours":null,"operator":null,"osm_id":4795298421}},{"type":"Feature","geometry":{"type":"Point","coordinates":[110.35401,-7.7901]},"properties":{"name":"Angkringan","type":"Restaurant","category":"sosial_tugas","subcategory":"Restoran","opening_hours":null,"operator":null,"osm_id":4798160824}},{"type":"Feature","geometry":{"type":"Point","coordinates":[110.44905,-7.76472]},"properties":{"name":"Masakan Padang","type":"Restaurant","category":"sosial_tugas","subcategory":"Restoran","opening_hours":null,"operator":null,"osm_id":4928813928}},{"type":"Feature","geometry":{"type":"Point","coordinates":[110.44903,-7.76473]},"properties":{"name":"RM Padang","type":"Restaurant","category":"sosial_tugas","subcategory":"Restoran","opening_hours":"Mo-Sa 08:00-21:00","operator":null,"osm_id":5040099423}},{"type":"Feature","geometry":{"type":"Point","coordinates":[110.48831,-7.74758]},"properties":{"name":"Kali Opac Resto","type":"Restaurant","category":"sosial_tugas","subcategory":"Restoran","opening_hours":null,"operator":null,"osm_id":5084972821}},{"type":"Feature","geometry":{"type":"Point","coordinates":[110.36427,-7.79407]},"properties":{"name":"Sambal Uleg","type":"Restaurant","category":"sosial_tugas","subcategory":"Restoran","opening_hours":null,"operator":null,"osm_id":5272163222}},{"type":"Feature","geometry":{"type":"Point","coordinates":[110.36525,-7.79391]},"properties":{"name":"Mas bowo - nasi","type":"Restaurant","category":"sosial_tugas","subcategory":"Restoran","opening_hours":null,"operator":null,"osm_id":5272163223}},{"type":"Feature","geometry":{"type":"Point","coordinates":[110.36504,-7.79387]},"properties":{"name":"RAGIL - Sop iga/bontut","type":"Restaurant","category":"sosial_tugas","subcategory":"Restoran","opening_hours":null,"operator":null,"osm_id":5272163521}},{"type":"Feature","geometry":{"type":"Point","coordinates":[110.36533,-7.79392]},"properties":{"name":"Raos Eco - Gudeg","type":"Restaurant","category":"sosial_tugas","subcategory":"Restoran","opening_hours":null,"operator":null,"osm_id":5272163621}},{"type":"Feature","geometry":{"type":"Point","coordinates":[110.37211,-7.78439]},"properties":{"name":"Raminten\u2019s Kitchen","type":"Restaurant","category":"sosial_tugas","subcategory":"Restoran","opening_hours":"Mo-Su 10:00-22:00","operator":null,"osm_id":5484161527}},{"type":"Feature","geometry":{"type":"Point","coordinates":[110.38236,-7.7597]},"properties":{"name":"Warung Bu Hohok","type":"Restaurant","category":"sosial_tugas","subcategory":"Restoran","opening_hours":"Mo-Su 16:00-22:00","operator":null,"osm_id":5521893849}},{"type":"Feature","geometry":{"type":"Point","coordinates":[110.36551,-7.79496]},"properties":{"name":"Lumpia Jaya (spring roll cart)","type":"Fast Food","category":"sosial_tugas","subcategory":"Fast Food","opening_hours":null,"operator":null,"osm_id":5644990721}},{"type":"Feature","geometry":{"type":"Point","coordinates":[110.36404,-7.79089]},"properties":{"name":"Salami Kopi","type":"Cafe","category":"sosial_tugas","subcategory":"Kafe","opening_hours":null,"operator":null,"osm_id":5711360921}},{"type":"Feature","geometry":{"type":"Point","coordinates":[110.36478,-7.79399]},"properties":{"name":"SUA Coffee","type":"Cafe","category":"sosial_tugas","subcategory":"Kafe","opening_hours":null,"operator":null,"osm_id":5905646587}},{"type":"Feature","geometry":{"type":"Point","coordinates":[110.37978,-7.77785]},"properties":{"name":"Gudeg Sagan","type":"Restaurant","category":"sosial_tugas","subcategory":"Restoran","opening_hours":null,"operator":null,"osm_id":6163683485}},{"type":"Feature","geometry":{"type":"Point","coordinates":[110.39202,-7.75833]},"properties":{"name":"Ekologi Desk & Coffee","type":"Cafe","category":"sosial_tugas","subcategory":"Kafe","opening_hours":null,"operator":null,"osm_id":6214984585}},{"type":"Feature","geometry":{"type":"Point","coordinates":[110.36646,-7.78853]},"properties":{"name":"Tunqu Nangkring","type":"Fast Food","category":"sosial_tugas","subcategory":"Fast Food","opening_hours":"Tu-Su 17:00-22:00","operator":null,"osm_id":6824534685}},{"type":"Feature","geometry":{"type":"Point","coordinates":[110.39245,-7.7802]},"properties":{"name":"Thai Corner","type":"Restaurant","category":"sosial_tugas","subcategory":"Restoran","opening_hours":null,"operator":null,"osm_id":6953488626}},{"type":"Feature","geometry":{"type":"Point","coordinates":[110.436,-7.7856]},"properties":{"name":"Rumah Makan Airport","type":"Restaurant","category":"sosial_tugas","subcategory":"Restoran","opening_hours":null,"operator":null,"osm_id":7095055985}},{"type":"Feature","geometry":{"type":"Point","coordinates":[110.37634,-7.7947]},"properties":{"name":"Dapur Umi Ami Empal Gentong & Ayam Kremes","type":"Fast Food","category":"sosial_tugas","subcategory":"Fast Food","opening_hours":"Mo-Su 08:00-08:00","operator":"Istri Utami","osm_id":7660028785}},{"type":"Feature","geometry":{"type":"Point","coordinates":[110.36592,-7.79359]},"properties":{"name":"Karta","type":"Restaurant","category":"sosial_tugas","subcategory":"Restoran","opening_hours":null,"operator":null,"osm_id":10997234146}},{"type":"Feature","geometry":{"type":"Point","coordinates":[110.40874,-7.77956]},"properties":{"name":"SS special sambal. Pedas Aibis","type":"Restaurant","category":"sosial_tugas","subcategory":"Restoran","opening_hours":null,"operator":null,"osm_id":11387828070}},{"type":"Feature","geometry":{"type":"Point","coordinates":[110.41086,-7.77357]},"properties":{"name":"Choky Spaghetti","type":"Fast Food","category":"sosial_tugas","subcategory":"Fast Food","opening_hours":null,"operator":null,"osm_id":13671783964}},{"type":"Feature","geometry":{"type":"Point","coordinates":[110.39998,-7.72313]},"properties":{"name":"Kremesan Raihan","type":"Restaurant","category":"sosial_tugas","subcategory":"Restoran","opening_hours":null,"operator":null,"osm_id":13704701970}},{"type":"Feature","geometry":{"type":"Point","coordinates":[110.41454,-7.80262]},"properties":{"name":"Bakso Dawet Ringin Pak Bardi Jogja","type":"Restaurant","category":"sosial_tugas","subcategory":"Restoran","opening_hours":"Mo-Su 10:30-18:00","operator":null,"osm_id":13644551301}},{"type":"Feature","geometry":{"type":"Point","coordinates":[110.38727,-7.87125]},"properties":{"name":"Sate Klathak Pak Pong","type":"Restaurant","category":"sosial_tugas","subcategory":"Restoran","opening_hours":null,"operator":null,"osm_id":4470033192}},{"type":"Feature","geometry":{"type":"Point","coordinates":[110.38353,-7.85417]},"properties":{"name":"Mbok mampir aneka menu belut","type":"Restaurant","category":"sosial_tugas","subcategory":"Restoran","opening_hours":null,"operator":null,"osm_id":4492086691}},{"type":"Feature","geometry":{"type":"Point","coordinates":[110.36226,-7.80023]},"properties":{"name":"Holyland Warung","type":"Restaurant","category":"sosial_tugas","subcategory":"Restoran","opening_hours":null,"operator":null,"osm_id":4763543321}},{"type":"Feature","geometry":{"type":"Point","coordinates":[110.36506,-7.81183]},"properties":{"name":"Alun Alun Cafe","type":"Cafe","category":"sosial_tugas","subcategory":"Kafe","opening_hours":null,"operator":null,"osm_id":4796530222}},{"type":"Feature","geometry":{"type":"Point","coordinates":[110.33914,-7.80755]},"properties":{"name":"Hidden Milk and Meals","type":"Cafe","category":"sosial_tugas","subcategory":"Kafe","opening_hours":"Mo-Su 12:00-23:55","operator":null,"osm_id":4946539428}},{"type":"Feature","geometry":{"type":"Point","coordinates":[110.36647,-7.82182]},"properties":{"name":"Arjuna Restaurant","type":"Restaurant","category":"sosial_tugas","subcategory":"Restoran","opening_hours":null,"operator":null,"osm_id":5249041423}},{"type":"Feature","geometry":{"type":"Point","coordinates":[110.3668,-7.80452]},"properties":{"name":"Gudeg Yu Djum","type":"Restaurant","category":"sosial_tugas","subcategory":"Restoran","opening_hours":null,"operator":null,"osm_id":5281978922}},{"type":"Feature","geometry":{"type":"Point","coordinates":[110.36678,-7.80424]},"properties":{"name":"Gudeg Ibu Widodo","type":"Restaurant","category":"sosial_tugas","subcategory":"Restoran","opening_hours":null,"operator":null,"osm_id":5447395339}},{"type":"Feature","geometry":{"type":"Point","coordinates":[110.35917,-7.80786]},"properties":{"name":"Raden Susu","type":"Cafe","category":"sosial_tugas","subcategory":"Kafe","opening_hours":null,"operator":null,"osm_id":5502583721}},{"type":"Feature","geometry":{"type":"Point","coordinates":[110.40383,-7.81978]},"properties":{"name":"Mataram Loewak Coffee","type":"Cafe","category":"sosial_tugas","subcategory":"Kafe","opening_hours":null,"operator":null,"osm_id":5502639524}},{"type":"Feature","geometry":{"type":"Point","coordinates":[110.36459,-7.79734]},"properties":{"name":"Ayam Gebrek \u201cDBC\u201d","type":"Restaurant","category":"sosial_tugas","subcategory":"Restoran","opening_hours":null,"operator":null,"osm_id":5543318430}},{"type":"Feature","geometry":{"type":"Point","coordinates":[110.36898,-7.81229]},"properties":{"name":"Bakmi Jawa Pak Rebo","type":"Restaurant","category":"sosial_tugas","subcategory":"Restoran","opening_hours":null,"operator":null,"osm_id":5554905151}},{"type":"Feature","geometry":{"type":"Point","coordinates":[110.36793,-7.82121]},"properties":{"name":"Dapur El","type":"Restaurant","category":"sosial_tugas","subcategory":"Restoran","opening_hours":"Mo-Su 11:00-22:00","operator":null,"osm_id":5559366222}},{"type":"Feature","geometry":{"type":"Point","coordinates":[110.36814,-7.81801]},"properties":{"name":"Thai Tea kiosk","type":"Fast Food","category":"sosial_tugas","subcategory":"Fast Food","opening_hours":null,"operator":null,"osm_id":5583703725}},{"type":"Feature","geometry":{"type":"Point","coordinates":[110.37296,-7.81951]},"properties":{"name":"Cungky's","type":"Restaurant","category":"sosial_tugas","subcategory":"Restoran","opening_hours":null,"operator":null,"osm_id":5583705821}},{"type":"Feature","geometry":{"type":"Point","coordinates":[110.36745,-7.81978]},"properties":{"name":"Believe Coffee","type":"Cafe","category":"sosial_tugas","subcategory":"Kafe","opening_hours":null,"operator":null,"osm_id":5595948421}},{"type":"Feature","geometry":{"type":"Point","coordinates":[110.3903,-7.80572]},"properties":{"name":"Gudeg Pawon","type":"Restaurant","category":"sosial_tugas","subcategory":"Restoran","opening_hours":null,"operator":null,"osm_id":5600977921}},{"type":"Feature","geometry":{"type":"Point","coordinates":[110.36899,-7.81217]},"properties":{"name":"Bakmi Jawa Pak Rebo","type":"Restaurant","category":"sosial_tugas","subcategory":"Restoran","opening_hours":null,"operator":null,"osm_id":5601280821}},{"type":"Feature","geometry":{"type":"Point","coordinates":[110.39013,-7.80565]},"properties":{"name":"Gudeg Pawon","type":"Restaurant","category":"sosial_tugas","subcategory":"Restoran","opening_hours":null,"operator":null,"osm_id":5601280822}},{"type":"Feature","geometry":{"type":"Point","coordinates":[110.36031,-7.80662]},"properties":{"name":"Java Juice","type":"Cafe","category":"sosial_tugas","subcategory":"Kafe","opening_hours":null,"operator":null,"osm_id":5601281021}},{"type":"Feature","geometry":{"type":"Point","coordinates":[110.36265,-7.8149]},"properties":{"name":"Pako Coffee","type":"Cafe","category":"sosial_tugas","subcategory":"Kafe","opening_hours":null,"operator":null,"osm_id":5604525422}},{"type":"Feature","geometry":{"type":"Point","coordinates":[110.36614,-7.81465]},"properties":{"name":"Gudeg yu Djum","type":"Restaurant","category":"sosial_tugas","subcategory":"Restoran","opening_hours":null,"operator":null,"osm_id":5748187721}},{"type":"Feature","geometry":{"type":"Point","coordinates":[110.36821,-7.81733]},"properties":{"name":"Warung Cak Sule","type":"Restaurant","category":"sosial_tugas","subcategory":"Restoran","opening_hours":null,"operator":null,"osm_id":5801382155}},{"type":"Feature","geometry":{"type":"Point","coordinates":[110.35523,-7.8222]},"properties":{"name":"Fruit Stand","type":"Restaurant","category":"sosial_tugas","subcategory":"Restoran","opening_hours":null,"operator":null,"osm_id":5812394454}},{"type":"Feature","geometry":{"type":"Point","coordinates":[110.3927,-7.79772]},"properties":{"name":"Maison Daruma","type":"Cafe","category":"sosial_tugas","subcategory":"Kafe","opening_hours":null,"operator":null,"osm_id":5813593353}},{"type":"Feature","geometry":{"type":"Point","coordinates":[110.37536,-7.80164]},"properties":{"name":"warung sate ayam \u201cpak kromo\u201d (chicken satay)","type":"Restaurant","category":"sosial_tugas","subcategory":"Restoran","opening_hours":null,"operator":null,"osm_id":5837800087}},{"type":"Feature","geometry":{"type":"Point","coordinates":[110.37674,-7.80141]},"properties":{"name":"Food court","type":"Fast Food","category":"sosial_tugas","subcategory":"Fast Food","opening_hours":null,"operator":null,"osm_id":5837800088}},{"type":"Feature","geometry":{"type":"Point","coordinates":[110.34001,-7.83612]},"properties":{"name":"Simple Plant vegetarian resto & art space","type":"Restaurant","category":"sosial_tugas","subcategory":"Restoran","opening_hours":"Tu-Su 11:00-20:00","operator":null,"osm_id":5867794185}},{"type":"Feature","geometry":{"type":"Point","coordinates":[110.36596,-7.81189]},"properties":{"name":"Nikmat Rasa Bakso & Mie Ayam","type":"Restaurant","category":"sosial_tugas","subcategory":"Restoran","opening_hours":null,"operator":null,"osm_id":6153487085}},{"type":"Feature","geometry":{"type":"Point","coordinates":[110.36205,-7.79869]},"properties":{"name":"Kete Muan","type":"Restaurant","category":"sosial_tugas","subcategory":"Restoran","opening_hours":null,"operator":null,"osm_id":6774450585}},{"type":"Feature","geometry":{"type":"Point","coordinates":[110.36215,-7.80902]},"properties":{"name":"Omah Kopi Loewak","type":"Cafe","category":"sosial_tugas","subcategory":"Kafe","opening_hours":null,"operator":null,"osm_id":6780317586}},{"type":"Feature","geometry":{"type":"Point","coordinates":[110.3669,-7.80632]},"properties":{"name":"Snack & drinks good gado gado","type":"Restaurant","category":"sosial_tugas","subcategory":"Restoran","opening_hours":null,"operator":null,"osm_id":6813348785}},{"type":"Feature","geometry":{"type":"Point","coordinates":[110.36669,-7.80859]},"properties":{"name":"Bakso Seleraku","type":"Restaurant","category":"sosial_tugas","subcategory":"Restoran","opening_hours":null,"operator":null,"osm_id":6976576585}},{"type":"Feature","geometry":{"type":"Point","coordinates":[110.35601,-7.81313]},"properties":{"name":"Hokky Fruits & Drinks","type":"Bar","category":"sosial_tugas","subcategory":"Bar/Pub","opening_hours":"Mo-Sa 09:00-22:00","operator":null,"osm_id":7083703385}},{"type":"Feature","geometry":{"type":"Point","coordinates":[110.35725,-7.80428]},"properties":{"name":"Pak Uzzan - Baksol & Mie Ayam","type":"Restaurant","category":"sosial_tugas","subcategory":"Restoran","opening_hours":null,"operator":null,"osm_id":7226657185}},{"type":"Feature","geometry":{"type":"Point","coordinates":[110.38259,-7.8251]},"properties":{"name":"food stalls (afternoon, evening)","type":"Fast Food","category":"sosial_tugas","subcategory":"Fast Food","opening_hours":null,"operator":null,"osm_id":10209365617}},{"type":"Feature","geometry":{"type":"Point","coordinates":[110.37282,-7.81934]},"properties":{"name":"Zabunch","type":"Restaurant","category":"sosial_tugas","subcategory":"Restoran","opening_hours":null,"operator":null,"osm_id":11061571005}},{"type":"Feature","geometry":{"type":"Point","coordinates":[110.36351,-7.81846]},"properties":{"name":"House of Chocolate Monggo & Gelato Tirtodipuran","type":"Cafe","category":"sosial_tugas","subcategory":"Kafe","opening_hours":null,"operator":null,"osm_id":12022681469}},{"type":"Feature","geometry":{"type":"Point","coordinates":[110.36282,-7.81816]},"properties":{"name":"Kedai Kebun Arts, Plants & Kitchen","type":"Restaurant","category":"sosial_tugas","subcategory":"Restoran","opening_hours":null,"operator":null,"osm_id":12025194169}},{"type":"Feature","geometry":{"type":"Point","coordinates":[110.33431,-8.02301]},"properties":{"name":"Rumah Makan 'Ampera' Nasi Padang Asli","type":"Restaurant","category":"sosial_tugas","subcategory":"Restoran","opening_hours":null,"operator":null,"osm_id":4843543525}},{"type":"Feature","geometry":{"type":"Point","coordinates":[110.32537,-8.01758]},"properties":{"name":"Virgo Resto Bambu","type":"Restaurant","category":"sosial_tugas","subcategory":"Restoran","opening_hours":null,"operator":null,"osm_id":4844444822}},{"type":"Feature","geometry":{"type":"Point","coordinates":[110.32071,-8.0143]},"properties":{"name":"Tirto Segoro","type":"Restaurant","category":"sosial_tugas","subcategory":"Restoran","opening_hours":null,"operator":null,"osm_id":6021058786}},{"type":"Feature","geometry":{"type":"Point","coordinates":[110.39182,-7.92272]},"properties":{"name":"Heaps of Stalls","type":"Fast Food","category":"sosial_tugas","subcategory":"Fast Food","opening_hours":null,"operator":null,"osm_id":6875539285}},{"type":"Feature","geometry":{"type":"Point","coordinates":[110.44056,-7.64931]},"properties":{"name":"Sari Eco","type":"Restaurant","category":"sosial_tugas","subcategory":"Restoran","opening_hours":null,"operator":null,"osm_id":10727215865}},{"type":"Feature","geometry":{"type":"Point","coordinates":[110.43448,-7.6642]},"properties":{"name":"Resto Omah Lawas","type":"Restaurant","category":"sosial_tugas","subcategory":"Restoran","opening_hours":"Mo-Su 10:00-18:00","operator":"CV Tani Organik Merapi","osm_id":10266930675}},{"type":"Feature","geometry":{"type":"Point","coordinates":[110.43368,-7.62868]},"properties":{"name":"Resto & Pos Jeep RBM","type":"Restaurant","category":"sosial_tugas","subcategory":"Restoran","opening_hours":null,"operator":null,"osm_id":10266878266}},{"type":"Feature","geometry":{"type":"Point","coordinates":[110.44695,-7.78396]},"properties":{"name":"Cafe Lintas Senja","type":"Cafe","category":"sosial_tugas","subcategory":"Kafe","opening_hours":"Mo-Su 10:00-23:00","operator":null,"osm_id":9697468607}},{"type":"Feature","geometry":{"type":"Point","coordinates":[110.48763,-7.75943]},"properties":{"name":"Es Coklat Impian","type":"Cafe","category":"sosial_tugas","subcategory":"Kafe","opening_hours":null,"operator":null,"osm_id":12125905440}},{"type":"Feature","geometry":{"type":"Point","coordinates":[110.44683,-7.76104]},"properties":{"name":"Angop Coffee","type":"Cafe","category":"sosial_tugas","subcategory":"Kafe","opening_hours":null,"operator":null,"osm_id":12022137218}},{"type":"Feature","geometry":{"type":"Point","coordinates":[110.50594,-7.78162]},"properties":{"name":"Kopi Breksi","type":"Cafe","category":"sosial_tugas","subcategory":"Kafe","opening_hours":null,"operator":null,"osm_id":11781112640}},{"type":"Feature","geometry":{"type":"Point","coordinates":[110.46409,-7.77404]},"properties":{"name":"Burjo Loro","type":"Restaurant","category":"sosial_tugas","subcategory":"Restoran","opening_hours":"24/7","operator":"Gochi Group","osm_id":11736739494}},{"type":"Feature","geometry":{"type":"Point","coordinates":[110.45969,-7.76848]},"properties":{"name":"Waroeng Sawah","type":"Restaurant","category":"sosial_tugas","subcategory":"Restoran","opening_hours":"Mo-Su 07:00-21:00","operator":null,"osm_id":11581714612}},{"type":"Feature","geometry":{"type":"Point","coordinates":[110.4656,-7.77402]},"properties":{"name":"Kopi Stasiun Kalasan","type":"Cafe","category":"sosial_tugas","subcategory":"Kafe","opening_hours":null,"operator":null,"osm_id":11414284076}},{"type":"Feature","geometry":{"type":"Point","coordinates":[110.44732,-7.76473]},"properties":{"name":"Soto Lamongan Cak Edy","type":"Restaurant","category":"sosial_tugas","subcategory":"Restoran","opening_hours":null,"operator":null,"osm_id":11413636371}},{"type":"Feature","geometry":{"type":"Point","coordinates":[110.4494,-7.77557]},"properties":{"name":"Warmindo Kampus","type":"Restaurant","category":"sosial_tugas","subcategory":"Restoran","opening_hours":null,"operator":null,"osm_id":11155369083}},{"type":"Feature","geometry":{"type":"Point","coordinates":[110.44939,-7.77105]},"properties":{"name":"Jogja Airport Resto","type":"Restaurant","category":"sosial_tugas","subcategory":"Restoran","opening_hours":"Mo-Fr 11:00-21:00; Sa, Su 10:00-21:00","operator":null,"osm_id":9696642489}},{"type":"Feature","geometry":{"type":"Point","coordinates":[110.44549,-7.7717]},"properties":{"name":"Pulen & Kopi Ponti","type":"Restaurant","category":"sosial_tugas","subcategory":"Restoran","opening_hours":null,"operator":null,"osm_id":10607214698}},{"type":"Feature","geometry":{"type":"Point","coordinates":[110.50614,-7.78232]},"properties":{"name":"Restaurant","type":"Restaurant","category":"sosial_tugas","subcategory":"Restoran","opening_hours":null,"operator":null,"osm_id":9835685416}},{"type":"Feature","geometry":{"type":"Point","coordinates":[110.4918,-7.76826]},"properties":{"name":"Candhari Heaven","type":"Restaurant","category":"sosial_tugas","subcategory":"Restoran","opening_hours":"Mo-Su 10:00-19:00","operator":null,"osm_id":13546388001}},{"type":"Feature","geometry":{"type":"Point","coordinates":[110.41515,-7.70891]},"properties":{"name":"Pawon Mbah Gito","type":"Restaurant","category":"sosial_tugas","subcategory":"Restoran","opening_hours":"07:00-21:00","operator":null,"osm_id":11926125171}},{"type":"Feature","geometry":{"type":"Point","coordinates":[110.42734,-7.6993]},"properties":{"name":"Kantin BBPPMPV Seni Budaya","type":"Restaurant","category":"sosial_tugas","subcategory":"Restoran","opening_hours":null,"operator":null,"osm_id":11546563533}},{"type":"Feature","geometry":{"type":"Point","coordinates":[110.40362,-7.72814]},"properties":{"name":"Kobessah Kopi 2","type":"Cafe","category":"sosial_tugas","subcategory":"Kafe","opening_hours":null,"operator":null,"osm_id":11202254937}},{"type":"Feature","geometry":{"type":"Point","coordinates":[110.48511,-7.7125]},"properties":{"name":"Kedai Bismillah","type":"Restaurant","category":"sosial_tugas","subcategory":"Restoran","opening_hours":"Mo-Su 09:00-21:00","operator":null,"osm_id":10899493084}},{"type":"Feature","geometry":{"type":"Point","coordinates":[110.42676,-7.72768]},"properties":{"name":"Kedai Teh LOR\u0112","type":"Cafe","category":"sosial_tugas","subcategory":"Kafe","opening_hours":"24/7","operator":null,"osm_id":10831714353}},{"type":"Feature","geometry":{"type":"Point","coordinates":[110.46889,-7.70973]},"properties":{"name":"Warung Rendang Nusantara","type":"Restaurant","category":"sosial_tugas","subcategory":"Restoran","opening_hours":"Mo-Su 10:00-20:00","operator":null,"osm_id":9857832432}},{"type":"Feature","geometry":{"type":"Point","coordinates":[110.43518,-7.72666]},"properties":{"name":"Angkringan Sempulur Jogja","type":"Cafe","category":"sosial_tugas","subcategory":"Kafe","opening_hours":"Mo-Su 08:00-22:00","operator":null,"osm_id":9670244702}},{"type":"Feature","geometry":{"type":"Point","coordinates":[110.39318,-7.73409]},"properties":{"name":"Kedai 24","type":"Cafe","category":"sosial_tugas","subcategory":"Kafe","opening_hours":null,"operator":null,"osm_id":1769351631}},{"type":"Feature","geometry":{"type":"Point","coordinates":[110.39707,-7.73027]},"properties":{"name":"Awan Mbengi","type":"Cafe","category":"sosial_tugas","subcategory":"Kafe","opening_hours":null,"operator":null,"osm_id":13208007201}},{"type":"Feature","geometry":{"type":"Point","coordinates":[110.4441,-7.70507]},"properties":{"name":"Joglo Bakso Pikul Enak","type":"Restaurant","category":"sosial_tugas","subcategory":"Restoran","opening_hours":null,"operator":null,"osm_id":13260529301}},{"type":"Feature","geometry":{"type":"Point","coordinates":[110.41675,-7.69754]},"properties":{"name":"Soto Hollywood","type":"Restaurant","category":"sosial_tugas","subcategory":"Restoran","opening_hours":null,"operator":null,"osm_id":13321369978}},{"type":"Feature","geometry":{"type":"Point","coordinates":[110.38316,-7.73149]},"properties":{"name":"Seafood 99","type":"Restaurant","category":"sosial_tugas","subcategory":"Restoran","opening_hours":null,"operator":null,"osm_id":6846516386}},{"type":"Feature","geometry":{"type":"Point","coordinates":[110.43127,-7.70406]},"properties":{"name":"Bakso Ndeso","type":"Restaurant","category":"sosial_tugas","subcategory":"Restoran","opening_hours":null,"operator":null,"osm_id":13697331551}},{"type":"Feature","geometry":{"type":"Point","coordinates":[110.3999,-7.7199]},"properties":{"name":"Jual Gorengan","type":"Restaurant","category":"sosial_tugas","subcategory":"Restoran","opening_hours":null,"operator":null,"osm_id":13704701962}},{"type":"Feature","geometry":{"type":"Point","coordinates":[110.40074,-7.72468]},"properties":{"name":"Penyetan Lalapan Akang Jakal (Spesial Lalap & Sambal Sepuasnya)","type":"Restaurant","category":"sosial_tugas","subcategory":"Restoran","opening_hours":null,"operator":null,"osm_id":7080090770}},{"type":"Feature","geometry":{"type":"Point","coordinates":[110.48589,-7.75373]},"properties":{"name":"Warung Kayu Manis","type":"Restaurant","category":"sosial_tugas","subcategory":"Restoran","opening_hours":null,"operator":null,"osm_id":12350268581}},{"type":"Feature","geometry":{"type":"Point","coordinates":[110.47848,-7.73706]},"properties":{"name":"Kedai Teh Kalasan","type":"Restaurant","category":"sosial_tugas","subcategory":"Restoran","opening_hours":"Mo, We-Su 07:00-20:00","operator":null,"osm_id":9794808369}},{"type":"Feature","geometry":{"type":"Point","coordinates":[110.48216,-7.73776]},"properties":{"name":"Omah Lawas Bu Tri","type":"Restaurant","category":"sosial_tugas","subcategory":"Restoran","opening_hours":null,"operator":null,"osm_id":11896724367}},{"type":"Feature","geometry":{"type":"Point","coordinates":[110.48127,-7.74723]},"properties":{"name":"Seblak Azco 2","type":"Restaurant","category":"sosial_tugas","subcategory":"Restoran","opening_hours":"24/7","operator":null,"osm_id":9872354945}},{"type":"Feature","geometry":{"type":"Point","coordinates":[110.47508,-7.7345]},"properties":{"name":"Warmindo Cafengan","type":"Restaurant","category":"sosial_tugas","subcategory":"Restoran","opening_hours":null,"operator":null,"osm_id":11413914327}},{"type":"Feature","geometry":{"type":"Point","coordinates":[110.48071,-7.75357]},"properties":{"name":"Kedai Zerosix","type":"Restaurant","category":"sosial_tugas","subcategory":"Restoran","opening_hours":null,"operator":null,"osm_id":11340804603}},{"type":"Feature","geometry":{"type":"Point","coordinates":[110.47403,-7.73482]},"properties":{"name":"Sea Food 99 Mbah Djo","type":"Restaurant","category":"sosial_tugas","subcategory":"Restoran","opening_hours":"Mo-Th, Sa, Su 10:00-21:00; Fr 13:00-21:00","operator":null,"osm_id":11166883910}},{"type":"Feature","geometry":{"type":"Point","coordinates":[110.47768,-7.73711]},"properties":{"name":"Gamestory","type":"Restaurant","category":"sosial_tugas","subcategory":"Restoran","opening_hours":"Mo-Su 07:00-19:00","operator":"gamestory.yk@gmail.com","osm_id":9794813914}},{"type":"Feature","geometry":{"type":"Point","coordinates":[110.4724,-7.658]},"properties":{"name":"Wedang sawah","type":"Restaurant","category":"sosial_tugas","subcategory":"Restoran","opening_hours":null,"operator":null,"osm_id":6721864786}},{"type":"Feature","geometry":{"type":"Point","coordinates":[110.4285,-7.74697]},"properties":{"name":"Warung Kenayan","type":"Cafe","category":"sosial_tugas","subcategory":"Kafe","opening_hours":null,"operator":null,"osm_id":12131282771}},{"type":"Feature","geometry":{"type":"Point","coordinates":[110.47843,-7.73624]},"properties":{"name":"Soto Betawi Pak Bagus","type":"Restaurant","category":"sosial_tugas","subcategory":"Restoran","opening_hours":"Mo-Fr 06:00-18:00; Sa, Su 06:00-20:00","operator":null,"osm_id":10993753082}},{"type":"Feature","geometry":{"type":"Point","coordinates":[110.43421,-7.74886]},"properties":{"name":"Pepper Skul","type":"Restaurant","category":"sosial_tugas","subcategory":"Restoran","opening_hours":null,"operator":null,"osm_id":11539931914}},{"type":"Feature","geometry":{"type":"Point","coordinates":[110.42812,-7.75143]},"properties":{"name":"Rumah Makan Lukito","type":"Restaurant","category":"sosial_tugas","subcategory":"Restoran","opening_hours":null,"operator":null,"osm_id":11513798801}},{"type":"Feature","geometry":{"type":"Point","coordinates":[110.48026,-7.75356]},"properties":{"name":"Kedai Makan Bu Eka","type":"Restaurant","category":"sosial_tugas","subcategory":"Restoran","opening_hours":null,"operator":null,"osm_id":11340816050}},{"type":"Feature","geometry":{"type":"Point","coordinates":[110.45315,-7.75152]},"properties":{"name":"Warmindo Barokah 37","type":"Restaurant","category":"sosial_tugas","subcategory":"Restoran","opening_hours":"24/7","operator":null,"osm_id":11302214993}},{"type":"Feature","geometry":{"type":"Point","coordinates":[110.44703,-7.73704]},"properties":{"name":"Warung Kopi Tobong Boto","type":"Cafe","category":"sosial_tugas","subcategory":"Kafe","opening_hours":"Su 15:00-23:00; Mo-Sa 15:00-22:00","operator":null,"osm_id":9670264951}},{"type":"Feature","geometry":{"type":"Point","coordinates":[110.44918,-7.75106]},"properties":{"name":"Nasi Goreng Sedap Malam","type":"Restaurant","category":"sosial_tugas","subcategory":"Restoran","opening_hours":"Mo-Su 15:30-23:00","operator":null,"osm_id":11022897731}},{"type":"Feature","geometry":{"type":"Point","coordinates":[110.43361,-7.74515]},"properties":{"name":"Dapoer Eling","type":"Restaurant","category":"sosial_tugas","subcategory":"Restoran","opening_hours":null,"operator":null,"osm_id":10931515953}},{"type":"Feature","geometry":{"type":"Point","coordinates":[110.48097,-7.74964]},"properties":{"name":"nDalem Maem Anneliese","type":"Restaurant","category":"sosial_tugas","subcategory":"Restoran","opening_hours":null,"operator":null,"osm_id":10855399169}},{"type":"Feature","geometry":{"type":"Point","coordinates":[110.41973,-7.7523]},"properties":{"name":"Ubi Madu Cilembu Berbakar Kang Mas - Stad. Maguwoharjo","type":"Fast Food","category":"sosial_tugas","subcategory":"Fast Food","opening_hours":null,"operator":"Berbakar Kang Mas","osm_id":13299639556}},{"type":"Feature","geometry":{"type":"Point","coordinates":[110.46146,-7.74435]},"properties":{"name":"Njonja Belanda","type":"Restaurant","category":"sosial_tugas","subcategory":"Restoran","opening_hours":null,"operator":null,"osm_id":13523576222}},{"type":"Feature","geometry":{"type":"Point","coordinates":[110.05947,-7.89845]},"properties":{"name":"A&W","type":"Fast Food","category":"sosial_tugas","subcategory":"Fast Food","opening_hours":null,"operator":null,"osm_id":10770127713}},{"type":"Feature","geometry":{"type":"Point","coordinates":[110.32801,-7.8072]},"properties":{"name":"Warmindo Motekar 8","type":"Restaurant","category":"sosial_tugas","subcategory":"Restoran","opening_hours":"24/7","operator":null,"osm_id":8962881124}},{"type":"Feature","geometry":{"type":"Point","coordinates":[110.2899,-7.81425]},"properties":{"name":"Ayam Kentuky Bang Roni","type":"Fast Food","category":"sosial_tugas","subcategory":"Fast Food","opening_hours":null,"operator":null,"osm_id":10198378407}},{"type":"Feature","geometry":{"type":"Point","coordinates":[110.33951,-7.80718]},"properties":{"name":"Kingli","type":"Cafe","category":"sosial_tugas","subcategory":"Kafe","opening_hours":null,"operator":null,"osm_id":7097562134}},{"type":"Feature","geometry":{"type":"Point","coordinates":[110.34369,-7.80182]},"properties":{"name":"Nasi Uduk","type":"Fast Food","category":"sosial_tugas","subcategory":"Fast Food","opening_hours":null,"operator":null,"osm_id":7097548713}},{"type":"Feature","geometry":{"type":"Point","coordinates":[110.34345,-7.80525]},"properties":{"name":"Bebek Ayam","type":"Fast Food","category":"sosial_tugas","subcategory":"Fast Food","opening_hours":null,"operator":null,"osm_id":7097549226}},{"type":"Feature","geometry":{"type":"Point","coordinates":[110.31395,-7.80219]},"properties":{"name":"Restaurant","type":"Restaurant","category":"sosial_tugas","subcategory":"Restoran","opening_hours":null,"operator":null,"osm_id":3559577405}},{"type":"Feature","geometry":{"type":"Point","coordinates":[110.31271,-7.80286]},"properties":{"name":"Rumah Makan Ambarketawang","type":"Restaurant","category":"sosial_tugas","subcategory":"Restoran","opening_hours":"24/7","operator":null,"osm_id":3279622319}},{"type":"Feature","geometry":{"type":"Point","coordinates":[110.34375,-7.80083]},"properties":{"name":"Rocket Chicken","type":"Fast Food","category":"sosial_tugas","subcategory":"Fast Food","opening_hours":null,"operator":null,"osm_id":5905752286}},{"type":"Feature","geometry":{"type":"Point","coordinates":[110.35349,-7.79179]},"properties":{"name":"Gudeng Legeda","type":"Restaurant","category":"sosial_tugas","subcategory":"Restoran","opening_hours":null,"operator":null,"osm_id":7097546068}},{"type":"Feature","geometry":{"type":"Point","coordinates":[110.32794,-7.76798]},"properties":{"name":"Warung Bu Sugirah","type":"Restaurant","category":"sosial_tugas","subcategory":"Restoran","opening_hours":null,"operator":null,"osm_id":4831902732}},{"type":"Feature","geometry":{"type":"Point","coordinates":[110.35251,-7.77604]},"properties":{"name":"Burjo Lor","type":"Restaurant","category":"sosial_tugas","subcategory":"Restoran","opening_hours":null,"operator":null,"osm_id":5203432968}},{"type":"Feature","geometry":{"type":"Point","coordinates":[110.31518,-7.79479]},"properties":{"name":"Mie Ayam \"Konco Dhewe\"","type":"Fast Food","category":"sosial_tugas","subcategory":"Fast Food","opening_hours":null,"operator":null,"osm_id":3557962663}},{"type":"Feature","geometry":{"type":"Point","coordinates":[110.31524,-7.79481]},"properties":{"name":"Warung Es Dawet","type":"Fast Food","category":"sosial_tugas","subcategory":"Fast Food","opening_hours":null,"operator":null,"osm_id":3557962664}},{"type":"Feature","geometry":{"type":"Point","coordinates":[110.3539,-7.78981]},"properties":{"name":"Phuket Resto","type":"Restaurant","category":"sosial_tugas","subcategory":"Restoran","opening_hours":null,"operator":null,"osm_id":4771094724}},{"type":"Feature","geometry":{"type":"Point","coordinates":[110.35338,-7.79309]},"properties":{"name":"Angkringan Texas","type":"Restaurant","category":"sosial_tugas","subcategory":"Restoran","opening_hours":"Mo-Su 17:00-00:00","operator":null,"osm_id":4795283934}},{"type":"Feature","geometry":{"type":"Point","coordinates":[110.35112,-7.78905]},"properties":{"name":"Angkringan","type":"Restaurant","category":"sosial_tugas","subcategory":"Restoran","opening_hours":null,"operator":null,"osm_id":4795298322}},{"type":"Feature","geometry":{"type":"Point","coordinates":[110.35022,-7.79207]},"properties":{"name":"Angkringan","type":"Restaurant","category":"sosial_tugas","subcategory":"Restoran","opening_hours":null,"operator":null,"osm_id":4799118024}},{"type":"Feature","geometry":{"type":"Point","coordinates":[110.36267,-7.7832]},"properties":{"name":"Burger King","type":"Fast Food","category":"sosial_tugas","subcategory":"Fast Food","opening_hours":"24/7","operator":"PT Sari Burger Indonesia","osm_id":13240052843}},{"type":"Feature","geometry":{"type":"Point","coordinates":[110.35895,-7.77054]},"properties":{"name":"Penyetan Pakman","type":"Restaurant","category":"sosial_tugas","subcategory":"Restoran","opening_hours":null,"operator":null,"osm_id":13253639617}},{"type":"Feature","geometry":{"type":"Point","coordinates":[110.29139,-7.76103]},"properties":{"name":"Sego Welut","type":"Restaurant","category":"sosial_tugas","subcategory":"Restoran","opening_hours":null,"operator":null,"osm_id":13515989421}},{"type":"Feature","geometry":{"type":"Point","coordinates":[110.36077,-7.78122]},"properties":{"name":"Ronde RaDen","type":"Restaurant","category":"sosial_tugas","subcategory":"Restoran","opening_hours":"Mo-Su 16:00-22:30","operator":null,"osm_id":13645538601}},{"type":"Feature","geometry":{"type":"Point","coordinates":[110.3539,-7.78972]},"properties":{"name":"Sop Buntut & Ayam Goreng Cokro","type":"Restaurant","category":"sosial_tugas","subcategory":"Restoran","opening_hours":null,"operator":null,"osm_id":4771094723}},{"type":"Feature","geometry":{"type":"Point","coordinates":[110.36358,-7.78263]},"properties":{"name":"Lombok Idjo","type":"Restaurant","category":"sosial_tugas","subcategory":"Restoran","opening_hours":null,"operator":null,"osm_id":6780921541}},{"type":"Feature","geometry":{"type":"Point","coordinates":[110.33151,-8.02305]},"properties":{"name":"Warung Makan Amin","type":"Cafe","category":"sosial_tugas","subcategory":"Kafe","opening_hours":null,"operator":null,"osm_id":12468698004}},{"type":"Feature","geometry":{"type":"Point","coordinates":[110.41028,-7.92634]},"properties":{"name":"Bumi Langit","type":"Restaurant","category":"sosial_tugas","subcategory":"Restoran","opening_hours":null,"operator":null,"osm_id":3395893888}},{"type":"Feature","geometry":{"type":"Point","coordinates":[110.31666,-7.93095]},"properties":{"name":"Pawon Mbah Poer","type":"Restaurant","category":"sosial_tugas","subcategory":"Restoran","opening_hours":"Mo-Su 08:00-23:00","operator":null,"osm_id":10310589581}},{"type":"Feature","geometry":{"type":"Point","coordinates":[110.35974,-7.93744]},"properties":{"name":"Kopi Klothok Paris","type":"Restaurant","category":"sosial_tugas","subcategory":"Restoran","opening_hours":"Mo-Su 09:00-20:00","operator":null,"osm_id":10079779241}},{"type":"Feature","geometry":{"type":"Point","coordinates":[110.32858,-8.00237]},"properties":{"name":"Warung","type":"Restaurant","category":"sosial_tugas","subcategory":"Restoran","opening_hours":null,"operator":null,"osm_id":13565871196}},{"type":"Feature","geometry":{"type":"Point","coordinates":[110.32581,-8.01782]},"properties":{"name":"Virgo Resto Bambu","type":"Restaurant","category":"sosial_tugas","subcategory":"Restoran","opening_hours":null,"operator":null,"osm_id":4843552722}},{"type":"Feature","geometry":{"type":"Point","coordinates":[110.29034,-8.01306]},"properties":{"name":"ocean food","type":"Cafe","category":"sosial_tugas","subcategory":"Kafe","opening_hours":null,"operator":null,"osm_id":7058286085}},{"type":"Feature","geometry":{"type":"Point","coordinates":[110.76663,-7.81505]},"properties":{"name":"Warung lek karni","type":"Cafe","category":"sosial_tugas","subcategory":"Kafe","opening_hours":null,"operator":null,"osm_id":12953093883}},{"type":"Feature","geometry":{"type":"Point","coordinates":[110.49138,-7.77904]},"properties":{"name":"Kedai Sawah Ndoro Bei","type":"Restaurant","category":"sosial_tugas","subcategory":"Restoran","opening_hours":null,"operator":null,"osm_id":12090395675}},{"type":"Feature","geometry":{"type":"Point","coordinates":[110.45462,-7.77519]},"properties":{"name":"Ruang Tumbuh","type":"Cafe","category":"sosial_tugas","subcategory":"Kafe","opening_hours":"Mo-Su 08:00-15:00","operator":null,"osm_id":11245003748}},{"type":"Feature","geometry":{"type":"Point","coordinates":[110.45467,-7.77465]},"properties":{"name":"Warmindo Sekawan","type":"Restaurant","category":"sosial_tugas","subcategory":"Restoran","opening_hours":"Mo-Sa 06:00-18:00","operator":null,"osm_id":10972431022}},{"type":"Feature","geometry":{"type":"Point","coordinates":[110.46695,-7.77215]},"properties":{"name":"Bakso & Soto Sapi Sami Soko","type":"Restaurant","category":"sosial_tugas","subcategory":"Restoran","opening_hours":null,"operator":null,"osm_id":10224837335}},{"type":"Feature","geometry":{"type":"Point","coordinates":[110.4634,-7.77447]},"properties":{"name":"Soto & Bakso Tarunojoyo 2","type":"Restaurant","category":"sosial_tugas","subcategory":"Restoran","opening_hours":null,"operator":null,"osm_id":9722479026}},{"type":"Feature","geometry":{"type":"Point","coordinates":[110.4637,-7.76919]},"properties":{"name":"Sego Empal mBah \u00c8dh\u00e8g","type":"Restaurant","category":"sosial_tugas","subcategory":"Restoran","opening_hours":"Mo-Su 09:00-20:00","operator":null,"osm_id":13523545635}},{"type":"Feature","geometry":{"type":"Point","coordinates":[110.49708,-7.76846]},"properties":{"name":"Abhayagiri Restaurant","type":"Restaurant","category":"sosial_tugas","subcategory":"Restoran","opening_hours":null,"operator":null,"osm_id":4469574891}},{"type":"Feature","geometry":{"type":"Point","coordinates":[110.41448,-7.77429]},"properties":{"name":"Abby Chicken Nashville","type":"Restaurant","category":"sosial_tugas","subcategory":"Restoran","opening_hours":null,"operator":null,"osm_id":12306917788}},{"type":"Feature","geometry":{"type":"Point","coordinates":[110.40455,-7.77359]},"properties":{"name":"Waroeng Steak and Shake","type":"Restaurant","category":"sosial_tugas","subcategory":"Restoran","opening_hours":null,"operator":null,"osm_id":12221446337}},{"type":"Feature","geometry":{"type":"Point","coordinates":[110.40244,-7.76651]},"properties":{"name":"Burjo Borneo","type":"Restaurant","category":"sosial_tugas","subcategory":"Restoran","opening_hours":"24/7","operator":null,"osm_id":11575977403}},{"type":"Feature","geometry":{"type":"Point","coordinates":[110.41727,-7.77508]},"properties":{"name":"Burjo Borneo","type":"Restaurant","category":"sosial_tugas","subcategory":"Restoran","opening_hours":"24/7","operator":null,"osm_id":11482624823}},{"type":"Feature","geometry":{"type":"Point","coordinates":[110.41298,-7.77414]},"properties":{"name":"Rumah Makan Padang Murah","type":"Restaurant","category":"sosial_tugas","subcategory":"Restoran","opening_hours":null,"operator":null,"osm_id":11361895070}},{"type":"Feature","geometry":{"type":"Point","coordinates":[110.40542,-7.76944]},"properties":{"name":"Warung Bakmi Pak Waluyo Jogja","type":"Restaurant","category":"sosial_tugas","subcategory":"Restoran","opening_hours":null,"operator":null,"osm_id":4319346930}},{"type":"Feature","geometry":{"type":"Point","coordinates":[110.41363,-7.77832]},"properties":{"name":"Cafe","type":"Cafe","category":"sosial_tugas","subcategory":"Kafe","opening_hours":null,"operator":null,"osm_id":4585536363}},{"type":"Feature","geometry":{"type":"Point","coordinates":[110.41331,-7.77777]},"properties":{"name":"Restaurant","type":"Restaurant","category":"sosial_tugas","subcategory":"Restoran","opening_hours":null,"operator":null,"osm_id":4585536373}},{"type":"Feature","geometry":{"type":"Point","coordinates":[110.4126,-7.77804]},"properties":{"name":"Restaurant","type":"Restaurant","category":"sosial_tugas","subcategory":"Restoran","opening_hours":null,"operator":null,"osm_id":4585536383}},{"type":"Feature","geometry":{"type":"Point","coordinates":[110.41307,-7.77767]},"properties":{"name":"Restaurant","type":"Restaurant","category":"sosial_tugas","subcategory":"Restoran","opening_hours":null,"operator":null,"osm_id":4585536384}},{"type":"Feature","geometry":{"type":"Point","coordinates":[110.41039,-7.76615]},"properties":{"name":"Denaro","type":"Restaurant","category":"sosial_tugas","subcategory":"Restoran","opening_hours":null,"operator":null,"osm_id":4585555650}},{"type":"Feature","geometry":{"type":"Point","coordinates":[110.41421,-7.77963]},"properties":{"name":"TOMORO Coffee","type":"Cafe","category":"sosial_tugas","subcategory":"Kafe","opening_hours":"Mo-Su 08:00-21:00","operator":null,"osm_id":13088382865}},{"type":"Feature","geometry":{"type":"Point","coordinates":[110.40469,-7.77262]},"properties":{"name":"St. Bier","type":"Bar","category":"sosial_tugas","subcategory":"Bar/Pub","opening_hours":null,"operator":null,"osm_id":7011986790}},{"type":"Feature","geometry":{"type":"Point","coordinates":[110.39296,-7.77687]},"properties":{"name":"Yammie","type":"Restaurant","category":"sosial_tugas","subcategory":"Restoran","opening_hours":null,"operator":null,"osm_id":12112037001}},{"type":"Feature","geometry":{"type":"Point","coordinates":[110.39024,-7.77634]},"properties":{"name":"Mie Ayam Bandung 59","type":"Restaurant","category":"sosial_tugas","subcategory":"Restoran","opening_hours":"Mo-Su 10:00-20:30","operator":null,"osm_id":12107786903}},{"type":"Feature","geometry":{"type":"Point","coordinates":[110.39832,-7.77402]},"properties":{"name":"Warkop Hippies","type":"Cafe","category":"sosial_tugas","subcategory":"Kafe","opening_hours":null,"operator":null,"osm_id":11269108569}},{"type":"Feature","geometry":{"type":"Point","coordinates":[110.38532,-7.77772]},"properties":{"name":"Yamie Lampion","type":"Restaurant","category":"sosial_tugas","subcategory":"Restoran","opening_hours":null,"operator":null,"osm_id":9697472587}},{"type":"Feature","geometry":{"type":"Point","coordinates":[110.39163,-7.77287]},"properties":{"name":"Bakso Pak Supri","type":"Restaurant","category":"sosial_tugas","subcategory":"Restoran","opening_hours":null,"operator":null,"osm_id":1769558717}},{"type":"Feature","geometry":{"type":"Point","coordinates":[110.39057,-7.77862]},"properties":{"name":"Il Mondo","type":"Restaurant","category":"sosial_tugas","subcategory":"Restoran","opening_hours":null,"operator":null,"osm_id":3473031881}},{"type":"Feature","geometry":{"type":"Point","coordinates":[110.38462,-7.77805]},"properties":{"name":"Warmindo Najwa","type":"Restaurant","category":"sosial_tugas","subcategory":"Restoran","opening_hours":null,"operator":null,"osm_id":13185599001}},{"type":"Feature","geometry":{"type":"Point","coordinates":[110.39276,-7.77696]},"properties":{"name":"Nabe Coffee","type":"Cafe","category":"sosial_tugas","subcategory":"Kafe","opening_hours":"Mo-Su 07:00-00:00","operator":null,"osm_id":13279121379}},{"type":"Feature","geometry":{"type":"Point","coordinates":[110.39376,-7.77449]},"properties":{"name":"Pawon Mrican","type":"Restaurant","category":"sosial_tugas","subcategory":"Restoran","opening_hours":null,"operator":null,"osm_id":13401507880}},{"type":"Feature","geometry":{"type":"Point","coordinates":[110.38525,-7.7734]},"properties":{"name":"Garden Cafe","type":"Restaurant","category":"sosial_tugas","subcategory":"Restoran","opening_hours":"08:00-21:00","operator":null,"osm_id":3396431271}},{"type":"Feature","geometry":{"type":"Point","coordinates":[110.3934,-7.78908]},"properties":{"name":"Burjo Borneo","type":"Restaurant","category":"sosial_tugas","subcategory":"Restoran","opening_hours":"24/7","operator":null,"osm_id":11499461189}},{"type":"Feature","geometry":{"type":"Point","coordinates":[110.39058,-7.77985]},"properties":{"name":"Alembana","type":"Restaurant","category":"sosial_tugas","subcategory":"Restoran","opening_hours":"Mo-Su 10:00-23:00","operator":null,"osm_id":3473031872}},{"type":"Feature","geometry":{"type":"Point","coordinates":[110.39067,-7.78296]},"properties":{"name":"Bedjo Mie Ayam Bakso Batas Kota","type":"Restaurant","category":"sosial_tugas","subcategory":"Restoran","opening_hours":"Mo,We-Sa 09:00-21:30; Su 09:30-21:30; Tu 09:00-19:30","operator":null,"osm_id":11496010974}},{"type":"Feature","geometry":{"type":"Point","coordinates":[110.39465,-7.78656]},"properties":{"name":"Adan Juice","type":"Fast Food","category":"sosial_tugas","subcategory":"Fast Food","opening_hours":null,"operator":null,"osm_id":9763874087}},{"type":"Feature","geometry":{"type":"Point","coordinates":[110.3902,-7.77905]},"properties":{"name":"Warung Lotek Bu Iduk","type":"Restaurant","category":"sosial_tugas","subcategory":"Restoran","opening_hours":null,"operator":null,"osm_id":3473035397}},{"type":"Feature","geometry":{"type":"Point","coordinates":[110.38968,-7.78324]},"properties":{"name":"Lombok Ijo","type":"Restaurant","category":"sosial_tugas","subcategory":"Restoran","opening_hours":null,"operator":null,"osm_id":4850031421}},{"type":"Feature","geometry":{"type":"Point","coordinates":[110.38864,-7.77891]},"properties":{"name":"Sushi Tei","type":"Restaurant","category":"sosial_tugas","subcategory":"Restoran","opening_hours":null,"operator":null,"osm_id":9991661598}},{"type":"Feature","geometry":{"type":"Point","coordinates":[110.38577,-7.7828]},"properties":{"name":"Platinum","type":"Bar","category":"sosial_tugas","subcategory":"Bar/Pub","opening_hours":null,"operator":null,"osm_id":12964702501}},{"type":"Feature","geometry":{"type":"Point","coordinates":[110.41847,-7.78382]},"properties":{"name":"Chunda","type":"Restaurant","category":"sosial_tugas","subcategory":"Restoran","opening_hours":null,"operator":null,"osm_id":9725892871}},{"type":"Feature","geometry":{"type":"Point","coordinates":[110.41496,-7.77949]},"properties":{"name":"Mie Gacoan","type":"Restaurant","category":"sosial_tugas","subcategory":"Restoran","opening_hours":null,"operator":"PT Pesta Pora Abadi","osm_id":9965563026}},{"type":"Feature","geometry":{"type":"Point","coordinates":[110.40683,-7.78299]},"properties":{"name":"Richeese Factory","type":"Fast Food","category":"sosial_tugas","subcategory":"Fast Food","opening_hours":null,"operator":null,"osm_id":12866125416}},{"type":"Feature","geometry":{"type":"Point","coordinates":[110.41246,-7.78364]},"properties":{"name":"Prameswari Resto & Kopi","type":"Restaurant","category":"sosial_tugas","subcategory":"Restoran","opening_hours":null,"operator":null,"osm_id":13322251895}},{"type":"Feature","geometry":{"type":"Point","coordinates":[110.42393,-7.76285]},"properties":{"name":"Warmindo TN","type":"Restaurant","category":"sosial_tugas","subcategory":"Restoran","opening_hours":null,"operator":null,"osm_id":13429708950}},{"type":"Feature","geometry":{"type":"Point","coordinates":[110.40411,-7.75784]},"properties":{"name":"Kantin JIH","type":"Restaurant","category":"sosial_tugas","subcategory":"Restoran","opening_hours":null,"operator":null,"osm_id":5149703928}},{"type":"Feature","geometry":{"type":"Point","coordinates":[110.4042,-7.77574]},"properties":{"name":"Bakso Klenger 2 Ratu Sari. The biggest Bakso in town","type":"Restaurant","category":"sosial_tugas","subcategory":"Restoran","opening_hours":null,"operator":null,"osm_id":7011941585}},{"type":"Feature","geometry":{"type":"Point","coordinates":[110.42952,-7.66606]},"properties":{"name":"D'Padukan Pie & Resto","type":"Restaurant","category":"sosial_tugas","subcategory":"Restoran","opening_hours":null,"operator":null,"osm_id":5201432821}},{"type":"Feature","geometry":{"type":"Point","coordinates":[110.41335,-7.78307]},"properties":{"name":"Ayam Goreng Suharti","type":"Restaurant","category":"sosial_tugas","subcategory":"Restoran","opening_hours":null,"operator":null,"osm_id":9697468007}},{"type":"Feature","geometry":{"type":"Point","coordinates":[110.24334,-7.73246]},"properties":{"name":"Sategedhe Pasar Minggir","type":"Restaurant","category":"sosial_tugas","subcategory":"Restoran","opening_hours":"Mo-Su 12:00-20:00","operator":null,"osm_id":13323530570}},{"type":"Feature","geometry":{"type":"Point","coordinates":[110.36222,-7.78151]},"properties":{"name":"Arun 78","type":"Restaurant","category":"sosial_tugas","subcategory":"Restoran","opening_hours":null,"operator":null,"osm_id":13641144601}},{"type":"Feature","geometry":{"type":"Point","coordinates":[110.37032,-7.78273]},"properties":{"name":"Tio Ciu Seafood & Chinese Food","type":"Restaurant","category":"sosial_tugas","subcategory":"Restoran","opening_hours":null,"operator":null,"osm_id":4424583591}},{"type":"Feature","geometry":{"type":"Point","coordinates":[110.36678,-7.78347]},"properties":{"name":"Honje","type":"Restaurant","category":"sosial_tugas","subcategory":"Restoran","opening_hours":null,"operator":null,"osm_id":4792695825}},{"type":"Feature","geometry":{"type":"Point","coordinates":[110.36253,-7.78155]},"properties":{"name":"Gudeg Djoeminten","type":"Restaurant","category":"sosial_tugas","subcategory":"Restoran","opening_hours":null,"operator":null,"osm_id":4853355021}},{"type":"Feature","geometry":{"type":"Point","coordinates":[110.36924,-7.74137]},"properties":{"name":"zkitchen coffee&resto","type":"Cafe","category":"sosial_tugas","subcategory":"Kafe","opening_hours":"Mo-Su 12:00-22:00","operator":null,"osm_id":6295292385}},{"type":"Feature","geometry":{"type":"Point","coordinates":[110.36133,-7.70542]},"properties":{"name":"jeJamuran","type":"Restaurant","category":"sosial_tugas","subcategory":"Restoran","opening_hours":null,"operator":null,"osm_id":4895170421}},{"type":"Feature","geometry":{"type":"Point","coordinates":[110.29475,-7.75715]},"properties":{"name":"Joglo Kerto Darmo","type":"Restaurant","category":"sosial_tugas","subcategory":"Restoran","opening_hours":null,"operator":null,"osm_id":13704784221}},{"type":"Feature","geometry":{"type":"Point","coordinates":[110.41565,-7.69006]},"properties":{"name":"Renea Coffee & Eatery","type":"Restaurant","category":"sosial_tugas","subcategory":"Restoran","opening_hours":"Mo-Su 09:00-01:00","operator":null,"osm_id":11527936002}},{"type":"Feature","geometry":{"type":"Point","coordinates":[110.25903,-7.81401]},"properties":{"name":"Warung Bakso Pak Ambar","type":"Restaurant","category":"sosial_tugas","subcategory":"Restoran","opening_hours":null,"operator":null,"osm_id":5289054923}},{"type":"Feature","geometry":{"type":"Point","coordinates":[110.19127,-7.75027]},"properties":{"name":"Kopi Ampirono","type":"Cafe","category":"sosial_tugas","subcategory":"Kafe","opening_hours":null,"operator":null,"osm_id":6782405185}},{"type":"Feature","geometry":{"type":"Point","coordinates":[110.1915,-7.75014]},"properties":{"name":"Kopi Ampirono","type":"Cafe","category":"sosial_tugas","subcategory":"Kafe","opening_hours":null,"operator":null,"osm_id":6956952785}},{"type":"Feature","geometry":{"type":"Point","coordinates":[110.38019,-7.77886]},"properties":{"name":"Burjo Borneo","type":"Restaurant","category":"sosial_tugas","subcategory":"Restoran","opening_hours":null,"operator":null,"osm_id":12159758929}},{"type":"Feature","geometry":{"type":"Point","coordinates":[110.38165,-7.77813]},"properties":{"name":"Angkringan Mas Kodok","type":"Restaurant","category":"sosial_tugas","subcategory":"Restoran","opening_hours":null,"operator":null,"osm_id":12064805343}},{"type":"Feature","geometry":{"type":"Point","coordinates":[110.37869,-7.78044]},"properties":{"name":"5758 Mie Ayam Ceker","type":"Restaurant","category":"sosial_tugas","subcategory":"Restoran","opening_hours":null,"operator":null,"osm_id":11047637958}},{"type":"Feature","geometry":{"type":"Point","coordinates":[110.38375,-7.77769]},"properties":{"name":"Warung Steak Cemil","type":"Restaurant","category":"sosial_tugas","subcategory":"Restoran","opening_hours":"Mo-Su 10:30-20:00","operator":null,"osm_id":10275519494}},{"type":"Feature","geometry":{"type":"Point","coordinates":[110.38258,-7.78609]},"properties":{"name":"Bakso Urat Soringin Arema","type":"Restaurant","category":"sosial_tugas","subcategory":"Restoran","opening_hours":null,"operator":null,"osm_id":9205583202}},{"type":"Feature","geometry":{"type":"Point","coordinates":[110.38022,-7.77395]},"properties":{"name":"Perpustakaan Baitul Hikmah","type":"Library","category":"sosial_tugas","subcategory":"Perpustakaan","opening_hours":null,"operator":null,"osm_id":9905914470}},{"type":"Feature","geometry":{"type":"Point","coordinates":[110.37942,-7.78157]},"properties":{"name":"Sushiruma","type":"Restaurant","category":"sosial_tugas","subcategory":"Restoran","opening_hours":null,"operator":null,"osm_id":9217234778}},{"type":"Feature","geometry":{"type":"Point","coordinates":[110.37902,-7.78504]},"properties":{"name":"Kebab Bosman","type":"Restaurant","category":"sosial_tugas","subcategory":"Restoran","opening_hours":null,"operator":null,"osm_id":9200943211}},{"type":"Feature","geometry":{"type":"Point","coordinates":[110.37864,-7.78749]},"properties":{"name":"Warung Nasi dan Mie Ayam Obar-abir","type":"Restaurant","category":"sosial_tugas","subcategory":"Restoran","opening_hours":"Mo-Sa 09:00-17:00; PH closed","operator":null,"osm_id":7868743427}},{"type":"Feature","geometry":{"type":"Point","coordinates":[110.37854,-7.78828]},"properties":{"name":"Angkringan Barokah","type":"Restaurant","category":"sosial_tugas","subcategory":"Restoran","opening_hours":null,"operator":null,"osm_id":9181045365}},{"type":"Feature","geometry":{"type":"Point","coordinates":[110.38346,-7.7616]},"properties":{"name":"Lesehan Jasmin","type":"Restaurant","category":"sosial_tugas","subcategory":"Restoran","opening_hours":null,"operator":null,"osm_id":6009385284}},{"type":"Feature","geometry":{"type":"Point","coordinates":[110.38075,-7.77136]},"properties":{"name":"Perpustakaan Fakultas Filsafat","type":"Library","category":"sosial_tugas","subcategory":"Perpustakaan","opening_hours":null,"operator":null,"osm_id":3624582848}},{"type":"Feature","geometry":{"type":"Point","coordinates":[110.37939,-7.78252]},"properties":{"name":"Ka Story","type":"Restaurant","category":"sosial_tugas","subcategory":"Restoran","opening_hours":null,"operator":null,"osm_id":9217234774}},{"type":"Feature","geometry":{"type":"Point","coordinates":[110.3794,-7.78242]},"properties":{"name":"Mikuya","type":"Restaurant","category":"sosial_tugas","subcategory":"Restoran","opening_hours":null,"operator":null,"osm_id":9217234779}},{"type":"Feature","geometry":{"type":"Point","coordinates":[110.38078,-7.7831]},"properties":{"name":"Mixue","type":"Cafe","category":"sosial_tugas","subcategory":"Kafe","opening_hours":null,"operator":null,"osm_id":10300254063}},{"type":"Feature","geometry":{"type":"Point","coordinates":[110.38378,-7.77428]},"properties":{"name":"SALC","type":"Library","category":"sosial_tugas","subcategory":"Perpustakaan","opening_hours":null,"operator":null,"osm_id":3472968982}},{"type":"Feature","geometry":{"type":"Point","coordinates":[110.38368,-7.77394]},"properties":{"name":"Kantin","type":"Restaurant","category":"sosial_tugas","subcategory":"Restoran","opening_hours":null,"operator":null,"osm_id":3472801540}},{"type":"Feature","geometry":{"type":"Point","coordinates":[110.38118,-7.81734]},"properties":{"name":"Roka Ramen","type":"Restaurant","category":"sosial_tugas","subcategory":"Restoran","opening_hours":"Mo-Su 11:00-22:00","operator":null,"osm_id":11896716909}},{"type":"Feature","geometry":{"type":"Point","coordinates":[110.37487,-7.80172]},"properties":{"name":"sate padang naj sharil","type":"Restaurant","category":"sosial_tugas","subcategory":"Restoran","opening_hours":null,"operator":null,"osm_id":10977148005}},{"type":"Feature","geometry":{"type":"Point","coordinates":[110.37637,-7.8138]},"properties":{"name":"Smoothies","type":"Fast Food","category":"sosial_tugas","subcategory":"Fast Food","opening_hours":null,"operator":null,"osm_id":4936656922}},{"type":"Feature","geometry":{"type":"Point","coordinates":[110.37679,-7.81128]},"properties":{"name":"akkar Juice Bar","type":"Cafe","category":"sosial_tugas","subcategory":"Kafe","opening_hours":"Mo-Su 08:00-20:00","operator":null,"osm_id":11054044705}},{"type":"Feature","geometry":{"type":"Point","coordinates":[110.37951,-7.75506]},"properties":{"name":"Restaurant","type":"Restaurant","category":"sosial_tugas","subcategory":"Restoran","opening_hours":null,"operator":null,"osm_id":12338747973}},{"type":"Feature","geometry":{"type":"Point","coordinates":[110.37742,-7.75587]},"properties":{"name":"Warung Makan Mbak Pri","type":"Restaurant","category":"sosial_tugas","subcategory":"Restoran","opening_hours":null,"operator":null,"osm_id":6009279796}},{"type":"Feature","geometry":{"type":"Point","coordinates":[110.38127,-7.75893]},"properties":{"name":"Zuparella","type":"Restaurant","category":"sosial_tugas","subcategory":"Restoran","opening_hours":null,"operator":null,"osm_id":6009424982}},{"type":"Feature","geometry":{"type":"Point","coordinates":[110.38138,-7.75867]},"properties":{"name":"Restaurant","type":"Restaurant","category":"sosial_tugas","subcategory":"Restoran","opening_hours":null,"operator":null,"osm_id":12338747920}},{"type":"Feature","geometry":{"type":"Point","coordinates":[110.38148,-7.75859]},"properties":{"name":"Restaurant","type":"Restaurant","category":"sosial_tugas","subcategory":"Restoran","opening_hours":null,"operator":null,"osm_id":12338747921}},{"type":"Feature","geometry":{"type":"Point","coordinates":[110.38199,-7.75713]},"properties":{"name":"Restaurant","type":"Restaurant","category":"sosial_tugas","subcategory":"Restoran","opening_hours":null,"operator":null,"osm_id":12338747931}},{"type":"Feature","geometry":{"type":"Point","coordinates":[110.38225,-7.7568]},"properties":{"name":"Restaurant","type":"Restaurant","category":"sosial_tugas","subcategory":"Restoran","opening_hours":null,"operator":null,"osm_id":12338747934}},{"type":"Feature","geometry":{"type":"Point","coordinates":[110.38229,-7.75633]},"properties":{"name":"Restaurant","type":"Restaurant","category":"sosial_tugas","subcategory":"Restoran","opening_hours":null,"operator":null,"osm_id":12338747936}},{"type":"Feature","geometry":{"type":"Point","coordinates":[110.38301,-7.75481]},"properties":{"name":"Restaurant","type":"Restaurant","category":"sosial_tugas","subcategory":"Restoran","opening_hours":null,"operator":null,"osm_id":12338747940}},{"type":"Feature","geometry":{"type":"Point","coordinates":[110.38213,-7.75464]},"properties":{"name":"Cafe","type":"Cafe","category":"sosial_tugas","subcategory":"Kafe","opening_hours":null,"operator":null,"osm_id":12338747942}},{"type":"Feature","geometry":{"type":"Point","coordinates":[110.37804,-7.75563]},"properties":{"name":"Restaurant","type":"Restaurant","category":"sosial_tugas","subcategory":"Restoran","opening_hours":null,"operator":null,"osm_id":12338747947}},{"type":"Feature","geometry":{"type":"Point","coordinates":[110.37743,-7.756]},"properties":{"name":"Restaurant","type":"Restaurant","category":"sosial_tugas","subcategory":"Restoran","opening_hours":null,"operator":null,"osm_id":12338747951}},{"type":"Feature","geometry":{"type":"Point","coordinates":[110.37739,-7.75613]},"properties":{"name":"Restaurant","type":"Restaurant","category":"sosial_tugas","subcategory":"Restoran","opening_hours":null,"operator":null,"osm_id":12338747952}},{"type":"Feature","geometry":{"type":"Point","coordinates":[110.37721,-7.75796]},"properties":{"name":"Restaurant","type":"Restaurant","category":"sosial_tugas","subcategory":"Restoran","opening_hours":null,"operator":null,"osm_id":12338747956}},{"type":"Feature","geometry":{"type":"Point","coordinates":[110.37831,-7.75764]},"properties":{"name":"Cafe","type":"Cafe","category":"sosial_tugas","subcategory":"Kafe","opening_hours":null,"operator":null,"osm_id":12338747958}},{"type":"Feature","geometry":{"type":"Point","coordinates":[110.38047,-7.75792]},"properties":{"name":"Restaurant","type":"Restaurant","category":"sosial_tugas","subcategory":"Restoran","opening_hours":null,"operator":null,"osm_id":12338747960}},{"type":"Feature","geometry":{"type":"Point","coordinates":[110.38144,-7.75453]},"properties":{"name":"Restaurant","type":"Restaurant","category":"sosial_tugas","subcategory":"Restoran","opening_hours":null,"operator":null,"osm_id":12338747977}},{"type":"Feature","geometry":{"type":"Point","coordinates":[110.38163,-7.75449]},"properties":{"name":"Restaurant","type":"Restaurant","category":"sosial_tugas","subcategory":"Restoran","opening_hours":null,"operator":null,"osm_id":12338747979}},{"type":"Feature","geometry":{"type":"Point","coordinates":[110.37997,-7.76208]},"properties":{"name":"De'Sushi","type":"Restaurant","category":"sosial_tugas","subcategory":"Restoran","opening_hours":null,"operator":null,"osm_id":3397825666}},{"type":"Feature","geometry":{"type":"Point","coordinates":[110.38316,-7.75993]},"properties":{"name":"Warung Makan Indomie Saluyu","type":"Restaurant","category":"sosial_tugas","subcategory":"Restoran","opening_hours":null,"operator":null,"osm_id":6009377633}},{"type":"Feature","geometry":{"type":"Point","coordinates":[110.3831,-7.76009]},"properties":{"name":"Warung Makan Pak Wandi","type":"Restaurant","category":"sosial_tugas","subcategory":"Restoran","opening_hours":null,"operator":null,"osm_id":6009377634}},{"type":"Feature","geometry":{"type":"Point","coordinates":[110.38054,-7.76078]},"properties":{"name":"Bungong Jeumpa","type":"Restaurant","category":"sosial_tugas","subcategory":"Restoran","opening_hours":null,"operator":null,"osm_id":6009413371}},{"type":"Feature","geometry":{"type":"Point","coordinates":[110.38216,-7.75692]},"properties":{"name":"Bakso dan Mie Ayam Pak Seger","type":"Restaurant","category":"sosial_tugas","subcategory":"Restoran","opening_hours":null,"operator":null,"osm_id":6009300548}},{"type":"Feature","geometry":{"type":"Point","coordinates":[110.38174,-7.75865]},"properties":{"name":"ayam tulang Lunak Hayam wuruk","type":"Restaurant","category":"sosial_tugas","subcategory":"Restoran","opening_hours":null,"operator":null,"osm_id":6009310274}},{"type":"Feature","geometry":{"type":"Point","coordinates":[110.38127,-7.76036]},"properties":{"name":"Couve","type":"Cafe","category":"sosial_tugas","subcategory":"Kafe","opening_hours":null,"operator":null,"osm_id":6009326051}},{"type":"Feature","geometry":{"type":"Point","coordinates":[110.37687,-7.73704]},"properties":{"name":"Pelem Golek","type":"Restaurant","category":"sosial_tugas","subcategory":"Restoran","opening_hours":null,"operator":null,"osm_id":5243665656}},{"type":"Feature","geometry":{"type":"Point","coordinates":[110.37899,-7.73021]},"properties":{"name":"Rasane Seafood & Ikan Bakar","type":"Restaurant","category":"sosial_tugas","subcategory":"Restoran","opening_hours":null,"operator":null,"osm_id":1769543344}},{"type":"Feature","geometry":{"type":"Point","coordinates":[110.37557,-7.76186]},"properties":{"name":"Kantin EMB","type":"Restaurant","category":"sosial_tugas","subcategory":"Restoran","opening_hours":null,"operator":null,"osm_id":3451492128}},{"type":"Feature","geometry":{"type":"Point","coordinates":[110.38317,-7.76042]},"properties":{"name":"Warung Bu Sri","type":"Restaurant","category":"sosial_tugas","subcategory":"Restoran","opening_hours":"Mo-Su 09:00-20:00","operator":null,"osm_id":4582469489}},{"type":"Feature","geometry":{"type":"Point","coordinates":[110.37743,-7.73421]},"properties":{"name":"Epic coffee","type":"Cafe","category":"sosial_tugas","subcategory":"Kafe","opening_hours":null,"operator":null,"osm_id":5243796921}},{"type":"Feature","geometry":{"type":"Point","coordinates":[110.37553,-7.75144]},"properties":{"name":"Pikali Pizzeria","type":"Restaurant","category":"sosial_tugas","subcategory":"Restoran","opening_hours":null,"operator":null,"osm_id":6836326186}},{"type":"Feature","geometry":{"type":"Point","coordinates":[110.36542,-7.79507]},"properties":{"name":"Kasmaran","type":"Restaurant","category":"sosial_tugas","subcategory":"Restoran","opening_hours":null,"operator":null,"osm_id":12440066724}},{"type":"Feature","geometry":{"type":"Point","coordinates":[110.38029,-7.82885]},"properties":{"name":"Bumi Seduh Coffee","type":"Cafe","category":"sosial_tugas","subcategory":"Kafe","opening_hours":null,"operator":null,"osm_id":12583061751}},{"type":"Feature","geometry":{"type":"Point","coordinates":[110.37985,-7.82913]},"properties":{"name":"Pawon Kremesan Budh\u00e9","type":"Restaurant","category":"sosial_tugas","subcategory":"Restoran","opening_hours":null,"operator":null,"osm_id":12583061759}},{"type":"Feature","geometry":{"type":"Point","coordinates":[110.36571,-7.79433]},"properties":{"name":"Lumpia Samijaya","type":"Fast Food","category":"sosial_tugas","subcategory":"Fast Food","opening_hours":null,"operator":null,"osm_id":10665024505}},{"type":"Feature","geometry":{"type":"Point","coordinates":[110.37041,-7.82019]},"properties":{"name":"Hungry Nomad","type":"Restaurant","category":"sosial_tugas","subcategory":"Restoran","opening_hours":"Mo-Su 08:00-22:00","operator":null,"osm_id":6302925933}},{"type":"Feature","geometry":{"type":"Point","coordinates":[110.37854,-7.78821]},"properties":{"name":"Warung Bakmi Ngangeni","type":"Restaurant","category":"sosial_tugas","subcategory":"Restoran","opening_hours":"Mo-Su 17:00-23:00; PH closed","operator":null,"osm_id":9174098803}},{"type":"Feature","geometry":{"type":"Point","coordinates":[110.36476,-7.79156]},"properties":{"name":"Dangan","type":"Cafe","category":"sosial_tugas","subcategory":"Kafe","opening_hours":null,"operator":null,"osm_id":4905999621}},{"type":"Feature","geometry":{"type":"Point","coordinates":[110.40961,-7.76988]},"properties":{"name":"Menantea","type":"Cafe","category":"sosial_tugas","subcategory":"Kafe","opening_hours":null,"operator":null,"osm_id":9696998063}},{"type":"Feature","geometry":{"type":"Point","coordinates":[110.37611,-7.7863]},"properties":{"name":"Soto Ayam","type":"Restaurant","category":"sosial_tugas","subcategory":"Restoran","opening_hours":"Mo-Sa 09:00-15:00; PH closed","operator":null,"osm_id":9252270617}},{"type":"Feature","geometry":{"type":"Point","coordinates":[110.37094,-7.78722]},"properties":{"name":"Mie Ayam Kobar Jaya","type":"Restaurant","category":"sosial_tugas","subcategory":"Restoran","opening_hours":null,"operator":null,"osm_id":9219846872}},{"type":"Feature","geometry":{"type":"Point","coordinates":[110.37924,-7.78369]},"properties":{"name":"Sae Chicken - Warung 543","type":"Restaurant","category":"sosial_tugas","subcategory":"Restoran","opening_hours":null,"operator":null,"osm_id":9217234775}},{"type":"Feature","geometry":{"type":"Point","coordinates":[110.3794,-7.78262]},"properties":{"name":"Sagan Dak Galbi","type":"Restaurant","category":"sosial_tugas","subcategory":"Restoran","opening_hours":null,"operator":null,"osm_id":5823423053}},{"type":"Feature","geometry":{"type":"Point","coordinates":[110.40253,-7.79841]},"properties":{"name":"Restaurant","type":"Restaurant","category":"sosial_tugas","subcategory":"Restoran","opening_hours":null,"operator":null,"osm_id":4589191249}},{"type":"Feature","geometry":{"type":"Point","coordinates":[110.37822,-7.7937]},"properties":{"name":"Kota Kembang","type":"Restaurant","category":"sosial_tugas","subcategory":"Restoran","opening_hours":"Mo-Su 10:00-20:00","operator":null,"osm_id":7071652385}},{"type":"Feature","geometry":{"type":"Point","coordinates":[110.37471,-7.78597]},"properties":{"name":"Siomay Kotabaru","type":"Restaurant","category":"sosial_tugas","subcategory":"Restoran","opening_hours":"Mo-Sa 09:00-15:00; PH closed","operator":null,"osm_id":9252270618}},{"type":"Feature","geometry":{"type":"Point","coordinates":[110.37976,-7.7875]},"properties":{"name":"Warung Makan Sederhana","type":"Restaurant","category":"sosial_tugas","subcategory":"Restoran","opening_hours":null,"operator":null,"osm_id":9191142225}},{"type":"Feature","geometry":{"type":"Point","coordinates":[110.37984,-7.78753]},"properties":{"name":"Threesna Cafe","type":"Cafe","category":"sosial_tugas","subcategory":"Kafe","opening_hours":null,"operator":null,"osm_id":9205485637}},{"type":"Feature","geometry":{"type":"Point","coordinates":[110.3725,-7.78874]},"properties":{"name":"La-capila","type":"Restaurant","category":"sosial_tugas","subcategory":"Restoran","opening_hours":"Mo-Sa 09:00-16:00; PH closed","operator":null,"osm_id":4516268491}},{"type":"Feature","geometry":{"type":"Point","coordinates":[110.3724,-7.78784]},"properties":{"name":"Nasi Goreng Mas Tarman","type":"Restaurant","category":"sosial_tugas","subcategory":"Restoran","opening_hours":"Mo-Su 17:00-22:00","operator":null,"osm_id":9161072858}},{"type":"Feature","geometry":{"type":"Point","coordinates":[110.328,-7.8075]},"properties":{"name":"Say Story Umy","type":"Restaurant","category":"sosial_tugas","subcategory":"Restoran","opening_hours":"Mo-Su 10:00-22:00","operator":null,"osm_id":8962881125}},{"type":"Feature","geometry":{"type":"Point","coordinates":[110.23616,-7.80661]},"properties":{"name":"Restaurant","type":"Restaurant","category":"sosial_tugas","subcategory":"Restoran","opening_hours":null,"operator":null,"osm_id":8736011970}},{"type":"Feature","geometry":{"type":"Point","coordinates":[110.3758,-7.78915]},"properties":{"name":"Depot Instan","type":"Restaurant","category":"sosial_tugas","subcategory":"Restoran","opening_hours":"Mo-Su 09:00-16:00; PH unknown","operator":null,"osm_id":7877729979}},{"type":"Feature","geometry":{"type":"Point","coordinates":[110.37411,-7.78897]},"properties":{"name":"Warung Makan dan Gorengan","type":"Restaurant","category":"sosial_tugas","subcategory":"Restoran","opening_hours":"Mo-Sa 09:00-17:00; PH closed","operator":null,"osm_id":7811468609}},{"type":"Feature","geometry":{"type":"Point","coordinates":[110.65337,-7.99861]},"properties":{"name":"Rocket Chicken","type":"Restaurant","category":"sosial_tugas","subcategory":"Restoran","opening_hours":null,"operator":null,"osm_id":9751922162}},{"type":"Feature","geometry":{"type":"Point","coordinates":[110.7084,-7.99981]},"properties":{"name":"Rumah Makan Berlian","type":"Restaurant","category":"sosial_tugas","subcategory":"Restoran","opening_hours":null,"operator":null,"osm_id":9751922163}},{"type":"Feature","geometry":{"type":"Point","coordinates":[110.64876,-7.99609]},"properties":{"name":"KALIKCA Ayam Geprek & Rice Bowl","type":"Restaurant","category":"sosial_tugas","subcategory":"Restoran","opening_hours":"Mo-Su 08:00-22:00","operator":null,"osm_id":12986835860}},{"type":"Feature","geometry":{"type":"Point","coordinates":[110.45477,-7.77426]},"properties":{"name":"Soto & Angkringan Dhuwur Kalen","type":"Restaurant","category":"sosial_tugas","subcategory":"Restoran","opening_hours":null,"operator":null,"osm_id":9728438844}},{"type":"Feature","geometry":{"type":"Point","coordinates":[110.15967,-7.84775]},"properties":{"name":"Angkingan (Modern) Tjakruk","type":"Restaurant","category":"sosial_tugas","subcategory":"Restoran","opening_hours":"Mo-Su 10:00-22:00","operator":null,"osm_id":13611063201}},{"type":"Feature","geometry":{"type":"Point","coordinates":[110.12418,-7.8913]},"properties":{"name":"Ayam Goreng Bu Hartin","type":"Restaurant","category":"sosial_tugas","subcategory":"Restoran","opening_hours":"Mo-Su 08:00-21:00","operator":null,"osm_id":9999574924}},{"type":"Feature","geometry":{"type":"Point","coordinates":[110.40923,-7.69169]},"properties":{"name":"Burjo Borneo","type":"Restaurant","category":"sosial_tugas","subcategory":"Restoran","opening_hours":null,"operator":null,"osm_id":11527843710}},{"type":"Feature","geometry":{"type":"Point","coordinates":[110.41741,-7.69704]},"properties":{"name":"Olive Fried Chicken","type":"Restaurant","category":"sosial_tugas","subcategory":"Restoran","opening_hours":null,"operator":null,"osm_id":3278350034}},{"type":"Feature","geometry":{"type":"Point","coordinates":[110.41745,-7.70119]},"properties":{"name":"Pecel Lele Maju Roso 2","type":"Restaurant","category":"sosial_tugas","subcategory":"Restoran","opening_hours":null,"operator":null,"osm_id":13172443101}},{"type":"Feature","geometry":{"type":"Point","coordinates":[110.39202,-7.70784]},"properties":{"name":"Mavia Bakso","type":"Restaurant","category":"sosial_tugas","subcategory":"Restoran","opening_hours":null,"operator":null,"osm_id":13249217431}},{"type":"Feature","geometry":{"type":"Point","coordinates":[110.4028,-7.72063]},"properties":{"name":"Jual Bakso & Mi Ayam","type":"Restaurant","category":"sosial_tugas","subcategory":"Restoran","opening_hours":null,"operator":null,"osm_id":13685665034}},{"type":"Feature","geometry":{"type":"Point","coordinates":[110.40125,-7.72435]},"properties":{"name":"Burjo Warmindo","type":"Restaurant","category":"sosial_tugas","subcategory":"Restoran","opening_hours":null,"operator":null,"osm_id":5155561865}},{"type":"Feature","geometry":{"type":"Point","coordinates":[110.40488,-7.71779]},"properties":{"name":"RM. Padang Buyung Upik","type":"Restaurant","category":"sosial_tugas","subcategory":"Restoran","opening_hours":null,"operator":null,"osm_id":13704675093}},{"type":"Feature","geometry":{"type":"Point","coordinates":[110.44401,-7.65151]},"properties":{"name":"Angkringan Fans4 Barokah","type":"Restaurant","category":"sosial_tugas","subcategory":"Restoran","opening_hours":null,"operator":null,"osm_id":12053050758}},{"type":"Feature","geometry":{"type":"Point","coordinates":[110.42365,-7.64936]},"properties":{"name":"RM Kaki Gunung","type":"Restaurant","category":"sosial_tugas","subcategory":"Restoran","opening_hours":null,"operator":null,"osm_id":11549935423}},{"type":"Feature","geometry":{"type":"Point","coordinates":[110.43499,-7.62589]},"properties":{"name":"Angkringan Wek-ji","type":"Restaurant","category":"sosial_tugas","subcategory":"Restoran","opening_hours":null,"operator":null,"osm_id":10266841097}},{"type":"Feature","geometry":{"type":"Point","coordinates":[110.42635,-7.61539]},"properties":{"name":"Melcosh","type":"Restaurant","category":"sosial_tugas","subcategory":"Restoran","opening_hours":null,"operator":null,"osm_id":3661147633}},{"type":"Feature","geometry":{"type":"Point","coordinates":[110.41826,-7.68131]},"properties":{"name":"Liwet Asem Stroberi","type":"Restaurant","category":"sosial_tugas","subcategory":"Restoran","opening_hours":null,"operator":null,"osm_id":9952254174}},{"type":"Feature","geometry":{"type":"Point","coordinates":[110.41755,-7.6769]},"properties":{"name":"Bakmi & Bajigur Kadin","type":"Restaurant","category":"sosial_tugas","subcategory":"Restoran","opening_hours":null,"operator":null,"osm_id":11807118822}},{"type":"Feature","geometry":{"type":"Point","coordinates":[110.4181,-7.68028]},"properties":{"name":"Mr. Blangkon Garden Resto","type":"Restaurant","category":"sosial_tugas","subcategory":"Restoran","opening_hours":null,"operator":null,"osm_id":10033029128}},{"type":"Feature","geometry":{"type":"Point","coordinates":[110.41712,-7.67599]},"properties":{"name":"The Waroeng of Raminten","type":"Restaurant","category":"sosial_tugas","subcategory":"Restoran","opening_hours":null,"operator":null,"osm_id":3451555894}},{"type":"Feature","geometry":{"type":"Point","coordinates":[110.3571,-7.71971]},"properties":{"name":"Floating Resto","type":"Restaurant","category":"sosial_tugas","subcategory":"Restoran","opening_hours":"Mo-Su 10:00-22:00","operator":null,"osm_id":10068073293}},{"type":"Feature","geometry":{"type":"Point","coordinates":[110.22172,-7.71777]},"properties":{"name":"Kedai Kopi Gong Kulon Progo","type":"Cafe","category":"sosial_tugas","subcategory":"Kafe","opening_hours":"Mo-Su 10:00-22:00","operator":null,"osm_id":8313786011}},{"type":"Feature","geometry":{"type":"Point","coordinates":[110.44402,-7.73684]},"properties":{"name":"Family Wader","type":"Restaurant","category":"sosial_tugas","subcategory":"Restoran","opening_hours":null,"operator":null,"osm_id":9670255883}},{"type":"Feature","geometry":{"type":"Point","coordinates":[110.41505,-7.70116]},"properties":{"name":"Lesehan Aldan","type":"Restaurant","category":"sosial_tugas","subcategory":"Restoran","opening_hours":null,"operator":null,"osm_id":4844444821}},{"type":"Feature","geometry":{"type":"Point","coordinates":[110.39986,-7.72677]},"properties":{"name":"SENOR POOL AND CAFE, Yogyakarta","type":"Cafe","category":"sosial_tugas","subcategory":"Kafe","opening_hours":null,"operator":null,"osm_id":13704688899}},{"type":"Feature","geometry":{"type":"Point","coordinates":[110.39976,-7.72687]},"properties":{"name":"Padang Murah","type":"Restaurant","category":"sosial_tugas","subcategory":"Restoran","opening_hours":null,"operator":null,"osm_id":13704688900}},{"type":"Feature","geometry":{"type":"Point","coordinates":[110.40178,-7.72506]},"properties":{"name":"Pawon Tempuran by Toto Dahar","type":"Restaurant","category":"sosial_tugas","subcategory":"Restoran","opening_hours":null,"operator":null,"osm_id":13704675090}},{"type":"Feature","geometry":{"type":"Point","coordinates":[110.40584,-7.71667]},"properties":{"name":"Bebek Subsidi Jogja - Kaliurang","type":"Restaurant","category":"sosial_tugas","subcategory":"Restoran","opening_hours":null,"operator":null,"osm_id":13704675095}},{"type":"Feature","geometry":{"type":"Point","coordinates":[110.40975,-7.77149]},"properties":{"name":"KFC","type":"Fast Food","category":"sosial_tugas","subcategory":"Fast Food","opening_hours":"Mo-Su 09:00-22:00","operator":null,"osm_id":10312542290}},{"type":"Feature","geometry":{"type":"Point","coordinates":[110.41013,-7.77644]},"properties":{"name":"WK. Ahau","type":"Cafe","category":"sosial_tugas","subcategory":"Kafe","opening_hours":"Mo-Su 06:00-00:00","operator":null,"osm_id":11307291669}},{"type":"Feature","geometry":{"type":"Point","coordinates":[110.40925,-7.77776]},"properties":{"name":"Angkringan Pak Yudi, Pak Nur","type":"Cafe","category":"sosial_tugas","subcategory":"Kafe","opening_hours":null,"operator":null,"osm_id":11255291438}},{"type":"Feature","geometry":{"type":"Point","coordinates":[110.41084,-7.76416]},"properties":{"name":"Fast Food","type":"Fast Food","category":"sosial_tugas","subcategory":"Fast Food","opening_hours":"Mo-Su 10:00-15:00","operator":null,"osm_id":4416951599}},{"type":"Feature","geometry":{"type":"Point","coordinates":[110.401,-7.78299]},"properties":{"name":"Burger King","type":"Fast Food","category":"sosial_tugas","subcategory":"Fast Food","opening_hours":null,"operator":null,"osm_id":5911872858}},{"type":"Feature","geometry":{"type":"Point","coordinates":[110.40122,-7.78292]},"properties":{"name":"J.Co","type":"Fast Food","category":"sosial_tugas","subcategory":"Fast Food","opening_hours":null,"operator":null,"osm_id":5911872859}},{"type":"Feature","geometry":{"type":"Point","coordinates":[110.40111,-7.78299]},"properties":{"name":"KFC","type":"Fast Food","category":"sosial_tugas","subcategory":"Fast Food","opening_hours":null,"operator":null,"osm_id":5911946886}},{"type":"Feature","geometry":{"type":"Point","coordinates":[110.40147,-7.78301]},"properties":{"name":"Fore Coffee","type":"Cafe","category":"sosial_tugas","subcategory":"Kafe","opening_hours":null,"operator":null,"osm_id":13086085481}},{"type":"Feature","geometry":{"type":"Point","coordinates":[110.41178,-7.77577]},"properties":{"name":"HS Coffee Social Space","type":"Cafe","category":"sosial_tugas","subcategory":"Kafe","opening_hours":null,"operator":null,"osm_id":13430636401}},{"type":"Feature","geometry":{"type":"Point","coordinates":[110.40058,-7.77397]},"properties":{"name":"Campagna","type":"Cafe","category":"sosial_tugas","subcategory":"Kafe","opening_hours":"Mo-Su 07:00-22:00","operator":null,"osm_id":13545314152}},{"type":"Feature","geometry":{"type":"Point","coordinates":[110.40384,-7.78757]},"properties":{"name":"Kopi Kampung Ambarrukmo","type":"Cafe","category":"sosial_tugas","subcategory":"Kafe","opening_hours":null,"operator":null,"osm_id":11541865783}},{"type":"Feature","geometry":{"type":"Point","coordinates":[110.39954,-7.78761]},"properties":{"name":"Ayam Geprek","type":"Restaurant","category":"sosial_tugas","subcategory":"Restoran","opening_hours":null,"operator":null,"osm_id":4146152130}},{"type":"Feature","geometry":{"type":"Point","coordinates":[110.41017,-7.78478]},"properties":{"name":"Warung Noodles","type":"Restaurant","category":"sosial_tugas","subcategory":"Restoran","opening_hours":"Mo-Su 18:00-23:00","operator":null,"osm_id":5743103321}},{"type":"Feature","geometry":{"type":"Point","coordinates":[110.34072,-7.73463]},"properties":{"name":"Sabdo'roso Soto","type":"Restaurant","category":"sosial_tugas","subcategory":"Restoran","opening_hours":null,"operator":null,"osm_id":13288406606}},{"type":"Feature","geometry":{"type":"Point","coordinates":[110.32521,-7.65209]},"properties":{"name":"Brongkos Warung Ijo","type":"Restaurant","category":"sosial_tugas","subcategory":"Restoran","opening_hours":null,"operator":null,"osm_id":10209365517}},{"type":"Feature","geometry":{"type":"Point","coordinates":[110.51405,-7.78444]},"properties":{"name":"Lesung","type":"Restaurant","category":"sosial_tugas","subcategory":"Restoran","opening_hours":null,"operator":null,"osm_id":13447860062}},{"type":"Feature","geometry":{"type":"Point","coordinates":[110.5641,-7.92645]},"properties":{"name":"Bu Shinta","type":"Restaurant","category":"sosial_tugas","subcategory":"Restoran","opening_hours":null,"operator":null,"osm_id":9751921069}},{"type":"Feature","geometry":{"type":"Point","coordinates":[110.60791,-7.96491]},"properties":{"name":"The Angkringan Resto KANATA BEEBAKARANT","type":"Restaurant","category":"sosial_tugas","subcategory":"Restoran","opening_hours":"Mo-Su 09:00-23:00","operator":null,"osm_id":12986889867}},{"type":"Feature","geometry":{"type":"Point","coordinates":[110.58988,-7.96684]},"properties":{"name":"Cafe","type":"Cafe","category":"sosial_tugas","subcategory":"Kafe","opening_hours":null,"operator":null,"osm_id":13362660125}},{"type":"Feature","geometry":{"type":"Point","coordinates":[110.58665,-7.95123]},"properties":{"name":"Mie Ayam Wonosari","type":"Fast Food","category":"sosial_tugas","subcategory":"Fast Food","opening_hours":null,"operator":null,"osm_id":4551659190}},{"type":"Feature","geometry":{"type":"Point","coordinates":[110.51463,-8.1211]},"properties":{"name":"Restaurant","type":"Restaurant","category":"sosial_tugas","subcategory":"Restoran","opening_hours":null,"operator":null,"osm_id":10687593284}},{"type":"Feature","geometry":{"type":"Point","coordinates":[110.53992,-7.98008]},"properties":{"name":"Kanca Curhat Snack \ud83e\udd68 Cafe","type":"Cafe","category":"sosial_tugas","subcategory":"Kafe","opening_hours":"08:00-22:00","operator":null,"osm_id":13362660126}},{"type":"Feature","geometry":{"type":"Point","coordinates":[110.53679,-7.86716]},"properties":{"name":"Pasar Kampung Emas","type":"Fast Food","category":"sosial_tugas","subcategory":"Fast Food","opening_hours":null,"operator":null,"osm_id":7932888005}},{"type":"Feature","geometry":{"type":"Point","coordinates":[110.54216,-7.87773]},"properties":{"name":"Griya Dhahar","type":"Restaurant","category":"sosial_tugas","subcategory":"Restoran","opening_hours":null,"operator":null,"osm_id":9751888093}},{"type":"Feature","geometry":{"type":"Point","coordinates":[110.54341,-7.86921]},"properties":{"name":"Kuliner Kampung Emas","type":"Restaurant","category":"sosial_tugas","subcategory":"Restoran","opening_hours":null,"operator":null,"osm_id":4940446176}},{"type":"Feature","geometry":{"type":"Point","coordinates":[110.43636,-7.7832]},"properties":{"name":"Dunkin'","type":"Fast Food","category":"sosial_tugas","subcategory":"Fast Food","opening_hours":null,"operator":null,"osm_id":2751311132}},{"type":"Feature","geometry":{"type":"Point","coordinates":[110.43903,-7.76807]},"properties":{"name":"Warmindo Moro Rizky","type":"Restaurant","category":"sosial_tugas","subcategory":"Restoran","opening_hours":null,"operator":null,"osm_id":12267936565}},{"type":"Feature","geometry":{"type":"Point","coordinates":[110.4242,-7.76986]},"properties":{"name":"Rocket Chicken","type":"Fast Food","category":"sosial_tugas","subcategory":"Fast Food","opening_hours":null,"operator":null,"osm_id":11342743269}},{"type":"Feature","geometry":{"type":"Point","coordinates":[110.44893,-7.77266]},"properties":{"name":"Warmindo Booyah","type":"Restaurant","category":"sosial_tugas","subcategory":"Restoran","opening_hours":null,"operator":null,"osm_id":9722509794}},{"type":"Feature","geometry":{"type":"Point","coordinates":[110.44496,-7.78317]},"properties":{"name":"Soto Bathok \"Mbah Joyo\"","type":"Restaurant","category":"sosial_tugas","subcategory":"Restoran","opening_hours":null,"operator":null,"osm_id":2037736007}},{"type":"Feature","geometry":{"type":"Point","coordinates":[110.42871,-7.78332]},"properties":{"name":"Gudeg Yu Djum","type":"Restaurant","category":"sosial_tugas","subcategory":"Restoran","opening_hours":null,"operator":null,"osm_id":4590677764}},{"type":"Feature","geometry":{"type":"Point","coordinates":[110.45042,-7.78202]},"properties":{"name":"Olive Fried Chicken","type":"Restaurant","category":"sosial_tugas","subcategory":"Restoran","opening_hours":null,"operator":null,"osm_id":9722467006}},{"type":"Feature","geometry":{"type":"Point","coordinates":[110.45063,-7.78191]},"properties":{"name":"Mixue","type":"Cafe","category":"sosial_tugas","subcategory":"Kafe","opening_hours":null,"operator":null,"osm_id":10963178060}},{"type":"Feature","geometry":{"type":"Point","coordinates":[110.43271,-7.77179]},"properties":{"name":"Twincrabs","type":"Restaurant","category":"sosial_tugas","subcategory":"Restoran","opening_hours":null,"operator":null,"osm_id":13154691101}},{"type":"Feature","geometry":{"type":"Point","coordinates":[110.43287,-7.77177]},"properties":{"name":"Warung Makan Pak Kardi","type":"Restaurant","category":"sosial_tugas","subcategory":"Restoran","opening_hours":null,"operator":null,"osm_id":13208462673}},{"type":"Feature","geometry":{"type":"Point","coordinates":[110.43159,-7.77116]},"properties":{"name":"Bakso Pak Waluh","type":"Restaurant","category":"sosial_tugas","subcategory":"Restoran","opening_hours":null,"operator":null,"osm_id":13258930446}},{"type":"Feature","geometry":{"type":"Point","coordinates":[110.42862,-7.77949]},"properties":{"name":"Ganesh ek sanskriti","type":"Restaurant","category":"sosial_tugas","subcategory":"Restoran","opening_hours":"Mo-Su 11:00-23:00","operator":null,"osm_id":4894557924}},{"type":"Feature","geometry":{"type":"Point","coordinates":[110.43516,-7.77703]},"properties":{"name":"Mie Ayam dan Bakso Remaja","type":"Restaurant","category":"sosial_tugas","subcategory":"Restoran","opening_hours":null,"operator":null,"osm_id":13707366169}},{"type":"Feature","geometry":{"type":"Point","coordinates":[110.38662,-7.78296]},"properties":{"name":"Ayam Goreng Tojoyo 3","type":"Restaurant","category":"sosial_tugas","subcategory":"Restoran","opening_hours":"Mo-Su 11:00-22:30","operator":null,"osm_id":4752452055}},{"type":"Feature","geometry":{"type":"Point","coordinates":[110.39318,-7.79095]},"properties":{"name":"Playground","type":"Restaurant","category":"sosial_tugas","subcategory":"Restoran","opening_hours":null,"operator":null,"osm_id":3633799368}},{"type":"Feature","geometry":{"type":"Point","coordinates":[110.39327,-7.78675]},"properties":{"name":"warung soto","type":"Restaurant","category":"sosial_tugas","subcategory":"Restoran","opening_hours":null,"operator":null,"osm_id":2751371522}},{"type":"Feature","geometry":{"type":"Point","coordinates":[110.39649,-7.78294]},"properties":{"name":"Cafe Loteng","type":"Restaurant","category":"sosial_tugas","subcategory":"Restoran","opening_hours":"Mo-Su 09:00-16:00","operator":null,"osm_id":9841497486}},{"type":"Feature","geometry":{"type":"Point","coordinates":[110.37934,-7.78277]},"properties":{"name":"Mie Aceh - Duta Serambi","type":"Restaurant","category":"sosial_tugas","subcategory":"Restoran","opening_hours":null,"operator":null,"osm_id":9217234777}},{"type":"Feature","geometry":{"type":"Point","coordinates":[110.37398,-7.78561]},"properties":{"name":"TUKU - Kotabaru","type":"Cafe","category":"sosial_tugas","subcategory":"Kafe","opening_hours":"Mo-Su 08:00-22:00","operator":null,"osm_id":12440284603}},{"type":"Feature","geometry":{"type":"Point","coordinates":[110.37763,-7.78857]},"properties":{"name":"Coolhands","type":"Cafe","category":"sosial_tugas","subcategory":"Kafe","opening_hours":"Mo-Su 09:00-24:00","operator":null,"osm_id":9242835811}},{"type":"Feature","geometry":{"type":"Point","coordinates":[110.37429,-7.78894]},"properties":{"name":"Angkringan","type":"Restaurant","category":"sosial_tugas","subcategory":"Restoran","opening_hours":"09:00-24:00","operator":null,"osm_id":9850098571}},{"type":"Feature","geometry":{"type":"Point","coordinates":[110.37734,-7.78821]},"properties":{"name":"Bakso dan Mie Ayam Yatmin","type":"Restaurant","category":"sosial_tugas","subcategory":"Restoran","opening_hours":"Mo-Sa 09:00-17:00; PH closed","operator":null,"osm_id":9229319595}},{"type":"Feature","geometry":{"type":"Point","coordinates":[110.37614,-7.78622]},"properties":{"name":"Warung Goyang Lidah","type":"Restaurant","category":"sosial_tugas","subcategory":"Restoran","opening_hours":"Mo-Sa 07:00-22:00; PH closed","operator":null,"osm_id":9270669213}},{"type":"Feature","geometry":{"type":"Point","coordinates":[110.37729,-7.788]},"properties":{"name":"Nasi Brongkos Bu Rahman","type":"Restaurant","category":"sosial_tugas","subcategory":"Restoran","opening_hours":null,"operator":null,"osm_id":9206900903}},{"type":"Feature","geometry":{"type":"Point","coordinates":[110.37559,-7.78839]},"properties":{"name":"Angkringan","type":"Restaurant","category":"sosial_tugas","subcategory":"Restoran","opening_hours":null,"operator":null,"osm_id":9203186226}},{"type":"Feature","geometry":{"type":"Point","coordinates":[110.37557,-7.78429]},"properties":{"name":"Bubur Ayam Kotabaru","type":"Restaurant","category":"sosial_tugas","subcategory":"Restoran","opening_hours":null,"operator":null,"osm_id":9194567503}},{"type":"Feature","geometry":{"type":"Point","coordinates":[110.37923,-7.78732]},"properties":{"name":"Rumah Makan Baru","type":"Restaurant","category":"sosial_tugas","subcategory":"Restoran","opening_hours":null,"operator":null,"osm_id":9191142231}},{"type":"Feature","geometry":{"type":"Point","coordinates":[110.37733,-7.78834]},"properties":{"name":"Nasi Goreng Sapi","type":"Restaurant","category":"sosial_tugas","subcategory":"Restoran","opening_hours":"Mo-Su 18:00-23:00; PH unknown","operator":null,"osm_id":7811468611}},{"type":"Feature","geometry":{"type":"Point","coordinates":[110.37913,-7.78715]},"properties":{"name":"Warung Makan 97","type":"Restaurant","category":"sosial_tugas","subcategory":"Restoran","opening_hours":"Mo-Sa 09:00-16:00; PH closed","operator":null,"osm_id":7868743424}},{"type":"Feature","geometry":{"type":"Point","coordinates":[110.37608,-7.78525]},"properties":{"name":"Satu Lokasi","type":"Cafe","category":"sosial_tugas","subcategory":"Kafe","opening_hours":"Mo-Su,PH 07:00-22:00","operator":null,"osm_id":10869723935}},{"type":"Feature","geometry":{"type":"Point","coordinates":[110.37801,-7.79375]},"properties":{"name":"Ice cream Gelato","type":"Restaurant","category":"sosial_tugas","subcategory":"Restoran","opening_hours":null,"operator":null,"osm_id":4908348223}},{"type":"Feature","geometry":{"type":"Point","coordinates":[110.43903,-7.76812]},"properties":{"name":"Kedai Dimsum Maghie","type":"Fast Food","category":"sosial_tugas","subcategory":"Fast Food","opening_hours":null,"operator":null,"osm_id":12268338114}},{"type":"Feature","geometry":{"type":"Point","coordinates":[110.43904,-7.76806]},"properties":{"name":"Warmindo Moro Rizky","type":"Restaurant","category":"sosial_tugas","subcategory":"Restoran","opening_hours":null,"operator":null,"osm_id":12401601584}},{"type":"Feature","geometry":{"type":"Point","coordinates":[110.47629,-7.76078]},"properties":{"name":"Sendang Ayu","type":"Restaurant","category":"sosial_tugas","subcategory":"Restoran","opening_hours":null,"operator":null,"osm_id":2433751816}},{"type":"Feature","geometry":{"type":"Point","coordinates":[110.43353,-7.75638]},"properties":{"name":"Rumah Makan Cahaya Bundo","type":"Restaurant","category":"sosial_tugas","subcategory":"Restoran","opening_hours":null,"operator":null,"osm_id":10657060590}},{"type":"Feature","geometry":{"type":"Point","coordinates":[110.48212,-7.73681]},"properties":{"name":"Tahu Nggolek Crispy","type":"Fast Food","category":"sosial_tugas","subcategory":"Fast Food","opening_hours":null,"operator":null,"osm_id":10308077495}},{"type":"Feature","geometry":{"type":"Point","coordinates":[110.45475,-7.77419]},"properties":{"name":"Restaurant","type":"Restaurant","category":"sosial_tugas","subcategory":"Restoran","opening_hours":null,"operator":null,"osm_id":10134743415}},{"type":"Feature","geometry":{"type":"Point","coordinates":[110.45783,-7.77184]},"properties":{"name":"Omah Lawas","type":"Restaurant","category":"sosial_tugas","subcategory":"Restoran","opening_hours":null,"operator":null,"osm_id":9992131707}},{"type":"Feature","geometry":{"type":"Point","coordinates":[110.44833,-7.75273]},"properties":{"name":"Bakmi Jowo Mbah Blangkon","type":"Restaurant","category":"sosial_tugas","subcategory":"Restoran","opening_hours":"Mo-Su 16:00-23:00","operator":null,"osm_id":9858467812}},{"type":"Feature","geometry":{"type":"Point","coordinates":[110.44357,-7.80789]},"properties":{"name":"Ikan Bakar Sumilir","type":"Restaurant","category":"sosial_tugas","subcategory":"Restoran","opening_hours":null,"operator":null,"osm_id":9811835171}},{"type":"Feature","geometry":{"type":"Point","coordinates":[110.43249,-7.74521]},"properties":{"name":"Penyetan Mas Kobis","type":"Restaurant","category":"sosial_tugas","subcategory":"Restoran","opening_hours":null,"operator":null,"osm_id":9784609257}},{"type":"Feature","geometry":{"type":"Point","coordinates":[110.50893,-7.85983]},"properties":{"name":"Angkringan Pak Siwo","type":"Restaurant","category":"sosial_tugas","subcategory":"Restoran","opening_hours":null,"operator":null,"osm_id":9751892059}},{"type":"Feature","geometry":{"type":"Point","coordinates":[110.44873,-7.75003]},"properties":{"name":"Warung Ayam Goreng Kremes","type":"Restaurant","category":"sosial_tugas","subcategory":"Restoran","opening_hours":null,"operator":null,"osm_id":9722519998}},{"type":"Feature","geometry":{"type":"Point","coordinates":[110.55515,-7.91269]},"properties":{"name":"Soto","type":"Restaurant","category":"sosial_tugas","subcategory":"Restoran","opening_hours":null,"operator":null,"osm_id":8385940759}},{"type":"Feature","geometry":{"type":"Point","coordinates":[110.39237,-7.73991]},"properties":{"name":"GENKU","type":"Restaurant","category":"sosial_tugas","subcategory":"Restoran","opening_hours":null,"operator":null,"osm_id":12419017044}},{"type":"Feature","geometry":{"type":"Point","coordinates":[110.41025,-7.75491]},"properties":{"name":"Soto Lamongan Cak Ahmad","type":"Restaurant","category":"sosial_tugas","subcategory":"Restoran","opening_hours":null,"operator":null,"osm_id":12424975863}},{"type":"Feature","geometry":{"type":"Point","coordinates":[110.38109,-7.76021]},"properties":{"name":"Fore Coffee","type":"Cafe","category":"sosial_tugas","subcategory":"Kafe","opening_hours":null,"operator":null,"osm_id":10309916632}},{"type":"Feature","geometry":{"type":"Point","coordinates":[110.40672,-7.74526]},"properties":{"name":"Restaurant","type":"Restaurant","category":"sosial_tugas","subcategory":"Restoran","opening_hours":null,"operator":null,"osm_id":9778852358}},{"type":"Feature","geometry":{"type":"Point","coordinates":[110.38505,-7.77774]},"properties":{"name":"Preksu Ayam Geprek & Susu","type":"Restaurant","category":"sosial_tugas","subcategory":"Restoran","opening_hours":null,"operator":null,"osm_id":9697471983}},{"type":"Feature","geometry":{"type":"Point","coordinates":[110.37942,-7.78168]},"properties":{"name":"Warung Makan Amunasi","type":"Restaurant","category":"sosial_tugas","subcategory":"Restoran","opening_hours":null,"operator":null,"osm_id":9217234772}},{"type":"Feature","geometry":{"type":"Point","coordinates":[110.37527,-7.78189]},"properties":{"name":"Pondok Makan Bu Mardi","type":"Restaurant","category":"sosial_tugas","subcategory":"Restoran","opening_hours":null,"operator":null,"osm_id":9200965804}},{"type":"Feature","geometry":{"type":"Point","coordinates":[110.38988,-7.77122]},"properties":{"name":"Nasi Goreng MASHA","type":"Cafe","category":"sosial_tugas","subcategory":"Kafe","opening_hours":"Mo-Su 10:00-22:00","operator":null,"osm_id":8914172894}},{"type":"Feature","geometry":{"type":"Point","coordinates":[110.3817,-7.75765]},"properties":{"name":"HokBen","type":"Fast Food","category":"sosial_tugas","subcategory":"Fast Food","opening_hours":null,"operator":null,"osm_id":1646580099}},{"type":"Feature","geometry":{"type":"Point","coordinates":[110.38014,-7.76157]},"properties":{"name":"Dunkin'","type":"Fast Food","category":"sosial_tugas","subcategory":"Fast Food","opening_hours":null,"operator":null,"osm_id":2564076661}},{"type":"Feature","geometry":{"type":"Point","coordinates":[110.38361,-7.75468]},"properties":{"name":"Burjo Maharasa","type":"Restaurant","category":"sosial_tugas","subcategory":"Restoran","opening_hours":null,"operator":null,"osm_id":4164247296}},{"type":"Feature","geometry":{"type":"Point","coordinates":[110.40988,-7.76854]},"properties":{"name":"HokBen","type":"Fast Food","category":"sosial_tugas","subcategory":"Fast Food","opening_hours":null,"operator":null,"osm_id":11233245011}},{"type":"Feature","geometry":{"type":"Point","coordinates":[110.38504,-7.76471]},"properties":{"name":"Kedai Djamoer","type":"Restaurant","category":"sosial_tugas","subcategory":"Restoran","opening_hours":null,"operator":null,"osm_id":3646422118}},{"type":"Feature","geometry":{"type":"Point","coordinates":[110.4206,-7.73671]},"properties":{"name":"Bakmi Jawa Wijaya","type":"Restaurant","category":"sosial_tugas","subcategory":"Restoran","opening_hours":null,"operator":null,"osm_id":9778843289}},{"type":"Feature","geometry":{"type":"Point","coordinates":[110.38353,-7.78299]},"properties":{"name":"Bakso Tetelan Ambasador","type":"Restaurant","category":"sosial_tugas","subcategory":"Restoran","opening_hours":"Mo-Su 09:00-02:00","operator":null,"osm_id":11963129486}},{"type":"Feature","geometry":{"type":"Point","coordinates":[110.38216,-7.78624]},"properties":{"name":"Siomay & Batagor","type":"Restaurant","category":"sosial_tugas","subcategory":"Restoran","opening_hours":null,"operator":null,"osm_id":9208431567}},{"type":"Feature","geometry":{"type":"Point","coordinates":[110.38338,-7.78314]},"properties":{"name":"Indomie Bangladesh Bang Dwi","type":"Restaurant","category":"sosial_tugas","subcategory":"Restoran","opening_hours":"Mo-Su 09:30-02:00","operator":null,"osm_id":11963165196}},{"type":"Feature","geometry":{"type":"Point","coordinates":[110.35674,-7.84139]},"properties":{"name":"Doyan Ayam Sewon, Yogyakarta","type":"Restaurant","category":"sosial_tugas","subcategory":"Restoran","opening_hours":null,"operator":null,"osm_id":11655481089}},{"type":"Feature","geometry":{"type":"Point","coordinates":[110.3445,-7.84674]},"properties":{"name":"Mie Ayam Kasongan","type":"Restaurant","category":"sosial_tugas","subcategory":"Restoran","opening_hours":null,"operator":null,"osm_id":3632326097}},{"type":"Feature","geometry":{"type":"Point","coordinates":[110.34511,-7.82496]},"properties":{"name":"Sate Ngasem","type":"Restaurant","category":"sosial_tugas","subcategory":"Restoran","opening_hours":null,"operator":null,"osm_id":3630324588}},{"type":"Feature","geometry":{"type":"Point","coordinates":[110.33804,-7.84598]},"properties":{"name":"Kedai Nyah Tan Li","type":"Restaurant","category":"sosial_tugas","subcategory":"Restoran","opening_hours":"Mo-Su,PH 10:00-21:00","operator":null,"osm_id":9515922832}},{"type":"Feature","geometry":{"type":"Point","coordinates":[110.34632,-7.87144]},"properties":{"name":"Waroeng Omah Sawah","type":"Restaurant","category":"sosial_tugas","subcategory":"Restoran","opening_hours":"Mo-Su 08:00-23:00","operator":null,"osm_id":13140221101}},{"type":"Feature","geometry":{"type":"Point","coordinates":[110.33748,-7.84241]},"properties":{"name":"Candi Tirto Raharjo","type":"Restaurant","category":"sosial_tugas","subcategory":"Restoran","opening_hours":"Mo-Su 10:00-22:00","operator":null,"osm_id":13574830501}},{"type":"Feature","geometry":{"type":"Point","coordinates":[110.35575,-7.81951]},"properties":{"name":"Calzone Express","type":"Restaurant","category":"sosial_tugas","subcategory":"Restoran","opening_hours":null,"operator":null,"osm_id":5800479656}},{"type":"Feature","geometry":{"type":"Point","coordinates":[110.35509,-7.82327]},"properties":{"name":"Warung Acil Soto Banjar","type":"Restaurant","category":"sosial_tugas","subcategory":"Restoran","opening_hours":null,"operator":null,"osm_id":5814850753}},{"type":"Feature","geometry":{"type":"Point","coordinates":[110.41641,-7.78001]},"properties":{"name":"Mie Ayam Palembang Afui","type":"Restaurant","category":"sosial_tugas","subcategory":"Restoran","opening_hours":null,"operator":null,"osm_id":11341299969}},{"type":"Feature","geometry":{"type":"Point","coordinates":[110.42378,-7.77074]},"properties":{"name":"Mie Ayam \"Pak Mu'in\"","type":"Restaurant","category":"sosial_tugas","subcategory":"Restoran","opening_hours":null,"operator":null,"osm_id":11342740669}},{"type":"Feature","geometry":{"type":"Point","coordinates":[110.41614,-7.78137]},"properties":{"name":"Mie Ayam Palembang Afui","type":"Restaurant","category":"sosial_tugas","subcategory":"Restoran","opening_hours":null,"operator":null,"osm_id":4434082291}},{"type":"Feature","geometry":{"type":"Point","coordinates":[110.42284,-7.75992]},"properties":{"name":"Burjo Borneo","type":"Restaurant","category":"sosial_tugas","subcategory":"Restoran","opening_hours":null,"operator":null,"osm_id":11472558840}},{"type":"Feature","geometry":{"type":"Point","coordinates":[110.42408,-7.76971]},"properties":{"name":"Greeya Coffee","type":"Cafe","category":"sosial_tugas","subcategory":"Kafe","opening_hours":"Mo-Su 14:00-00:00","operator":null,"osm_id":11342743369}},{"type":"Feature","geometry":{"type":"Point","coordinates":[110.42147,-7.7659]},"properties":{"name":"Soto Ayam Pak Wid Pugeran","type":"Restaurant","category":"sosial_tugas","subcategory":"Restoran","opening_hours":null,"operator":null,"osm_id":11207963337}},{"type":"Feature","geometry":{"type":"Point","coordinates":[110.42049,-7.7648]},"properties":{"name":"Warung Makan Mbah Sayini","type":"Restaurant","category":"sosial_tugas","subcategory":"Restoran","opening_hours":null,"operator":null,"osm_id":11215128637}},{"type":"Feature","geometry":{"type":"Point","coordinates":[110.41624,-7.77779]},"properties":{"name":"Restaurant","type":"Restaurant","category":"sosial_tugas","subcategory":"Restoran","opening_hours":null,"operator":null,"osm_id":4585536381}},{"type":"Feature","geometry":{"type":"Point","coordinates":[110.29998,-7.84118]},"properties":{"name":"Toko Mbah Hadi","type":"Fast Food","category":"sosial_tugas","subcategory":"Fast Food","opening_hours":null,"operator":null,"osm_id":8147526468}},{"type":"Feature","geometry":{"type":"Point","coordinates":[110.33415,-7.83924]},"properties":{"name":"Ayam Goreng Mbah Cemplung","type":"Restaurant","category":"sosial_tugas","subcategory":"Restoran","opening_hours":null,"operator":null,"osm_id":3628557597}},{"type":"Feature","geometry":{"type":"Point","coordinates":[110.32635,-7.84131]},"properties":{"name":"Bulak Pari view (warung)","type":"Cafe","category":"sosial_tugas","subcategory":"Kafe","opening_hours":null,"operator":null,"osm_id":13572704602}},{"type":"Feature","geometry":{"type":"Point","coordinates":[110.44054,-7.75328]},"properties":{"name":"Super Chicken","type":"Fast Food","category":"sosial_tugas","subcategory":"Fast Food","opening_hours":null,"operator":null,"osm_id":12076555943}},{"type":"Feature","geometry":{"type":"Point","coordinates":[110.43296,-7.76115]},"properties":{"name":"Warteg Kharisma Bahari","type":"Restaurant","category":"sosial_tugas","subcategory":"Restoran","opening_hours":"24/7","operator":null,"osm_id":12036072473}},{"type":"Feature","geometry":{"type":"Point","coordinates":[110.44712,-7.76007]},"properties":{"name":"Bangun Djaya Coffee","type":"Cafe","category":"sosial_tugas","subcategory":"Kafe","opening_hours":null,"operator":null,"osm_id":12022137215}},{"type":"Feature","geometry":{"type":"Point","coordinates":[110.44675,-7.76165]},"properties":{"name":"Griya Dhahar Sambiroso","type":"Restaurant","category":"sosial_tugas","subcategory":"Restoran","opening_hours":null,"operator":null,"osm_id":12022137216}},{"type":"Feature","geometry":{"type":"Point","coordinates":[110.44708,-7.76042]},"properties":{"name":"Umpomo Cafe","type":"Cafe","category":"sosial_tugas","subcategory":"Kafe","opening_hours":null,"operator":null,"osm_id":12022137217}},{"type":"Feature","geometry":{"type":"Point","coordinates":[110.42262,-7.75013]},"properties":{"name":"Bakmi Jowo Mas Joyo","type":"Restaurant","category":"sosial_tugas","subcategory":"Restoran","opening_hours":"Mo-Su 17:00-23:00","operator":null,"osm_id":11950115831}},{"type":"Feature","geometry":{"type":"Point","coordinates":[110.43427,-7.74885]},"properties":{"name":"Om Bob Susu & Roti Bakar","type":"Restaurant","category":"sosial_tugas","subcategory":"Restoran","opening_hours":null,"operator":"Juwara Group","osm_id":11539921957}},{"type":"Feature","geometry":{"type":"Point","coordinates":[110.42082,-7.73715]},"properties":{"name":"Warmindo Geulis","type":"Restaurant","category":"sosial_tugas","subcategory":"Restoran","opening_hours":null,"operator":null,"osm_id":11461710786}},{"type":"Feature","geometry":{"type":"Point","coordinates":[110.42701,-7.73611]},"properties":{"name":"Gahwa Coffee Jogja","type":"Cafe","category":"sosial_tugas","subcategory":"Kafe","opening_hours":"Mo-Su 16:00-00:00","operator":null,"osm_id":11449264628}},{"type":"Feature","geometry":{"type":"Point","coordinates":[110.42273,-7.75975]},"properties":{"name":"Bubur Hayam Kotabaru","type":"Restaurant","category":"sosial_tugas","subcategory":"Restoran","opening_hours":null,"operator":null,"osm_id":11155453215}},{"type":"Feature","geometry":{"type":"Point","coordinates":[110.42718,-7.73619]},"properties":{"name":"Alif Coffee & Space","type":"Restaurant","category":"sosial_tugas","subcategory":"Restoran","opening_hours":"Mo-Su 07:00-22:00","operator":null,"osm_id":9671808301}},{"type":"Feature","geometry":{"type":"Point","coordinates":[110.43458,-7.74633]},"properties":{"name":"Namyra Warmindo Cafe","type":"Restaurant","category":"sosial_tugas","subcategory":"Restoran","opening_hours":"Mo-Th 10:00-00:00; Fr 10:00-01:00; Sa, Su 12:00-01:00","operator":null,"osm_id":10839587269}},{"type":"Feature","geometry":{"type":"Point","coordinates":[110.45197,-7.73928]},"properties":{"name":"Penyetan Mas Kobis","type":"Restaurant","category":"sosial_tugas","subcategory":"Restoran","opening_hours":null,"operator":null,"osm_id":9719583744}},{"type":"Feature","geometry":{"type":"Point","coordinates":[110.45196,-7.73934]},"properties":{"name":"Bakso & Mie Ayam Pak Bardi","type":"Restaurant","category":"sosial_tugas","subcategory":"Restoran","opening_hours":null,"operator":null,"osm_id":10614935363}},{"type":"Feature","geometry":{"type":"Point","coordinates":[110.44846,-7.75158]},"properties":{"name":"Nasi Pecel Pincuk & Rawon Madiun Jeng Rina","type":"Restaurant","category":"sosial_tugas","subcategory":"Restoran","opening_hours":"Mo-Su 08:00-14:00","operator":null,"osm_id":9941760146}},{"type":"Feature","geometry":{"type":"Point","coordinates":[110.43363,-7.75559]},"properties":{"name":"Mixue","type":"Cafe","category":"sosial_tugas","subcategory":"Kafe","opening_hours":null,"operator":null,"osm_id":10648390760}},{"type":"Feature","geometry":{"type":"Point","coordinates":[110.43319,-7.7413]},"properties":{"name":"PLAI Caf\u00e9","type":"Cafe","category":"sosial_tugas","subcategory":"Kafe","opening_hours":"Mo-Su 07:00-22:00","operator":null,"osm_id":13478395093}},{"type":"Feature","geometry":{"type":"Point","coordinates":[110.3709,-7.82001]},"properties":{"name":"Joffi Ramen","type":"Restaurant","category":"sosial_tugas","subcategory":"Restoran","opening_hours":null,"operator":null,"osm_id":11822339754}},{"type":"Feature","geometry":{"type":"Point","coordinates":[110.37072,-7.81998]},"properties":{"name":"Tjemara Noodle Bar","type":"Restaurant","category":"sosial_tugas","subcategory":"Restoran","opening_hours":"Mo-Su 10:00-21:45","operator":null,"osm_id":11684684569}},{"type":"Feature","geometry":{"type":"Point","coordinates":[110.372,-7.8192]},"properties":{"name":"Le Soleil","type":"Restaurant","category":"sosial_tugas","subcategory":"Restoran","opening_hours":null,"operator":null,"osm_id":4012066481}},{"type":"Feature","geometry":{"type":"Point","coordinates":[110.37007,-7.81931]},"properties":{"name":"Arkadia","type":"Restaurant","category":"sosial_tugas","subcategory":"Restoran","opening_hours":"Fr-Sa 11:00-02:00; Su-Th 11:00-23:00","operator":null,"osm_id":6979849185}},{"type":"Feature","geometry":{"type":"Point","coordinates":[110.37114,-7.81914]},"properties":{"name":"Warung Toscana","type":"Restaurant","category":"sosial_tugas","subcategory":"Restoran","opening_hours":null,"operator":null,"osm_id":9867154018}},{"type":"Feature","geometry":{"type":"Point","coordinates":[110.37947,-7.82041]},"properties":{"name":"Soto Ayam Pak B Sidokabul","type":"Restaurant","category":"sosial_tugas","subcategory":"Restoran","opening_hours":"Mo-Su 06:00-13:00","operator":null,"osm_id":8853552056}},{"type":"Feature","geometry":{"type":"Point","coordinates":[110.36854,-7.82221]},"properties":{"name":"Milas","type":"Restaurant","category":"sosial_tugas","subcategory":"Restoran","opening_hours":"Tu-Fr 15:00-21:00; Sa-Su 12:00-21:00","operator":null,"osm_id":2524302491}},{"type":"Feature","geometry":{"type":"Point","coordinates":[110.36769,-7.82288]},"properties":{"name":"Blengerr","type":"Restaurant","category":"sosial_tugas","subcategory":"Restoran","opening_hours":null,"operator":null,"osm_id":5554130521}},{"type":"Feature","geometry":{"type":"Point","coordinates":[110.36744,-7.82095]},"properties":{"name":"Warung Teh Poci","type":"Fast Food","category":"sosial_tugas","subcategory":"Fast Food","opening_hours":null,"operator":null,"osm_id":3487503092}},{"type":"Feature","geometry":{"type":"Point","coordinates":[110.36909,-7.8201]},"properties":{"name":"Art Kitchen","type":"Restaurant","category":"sosial_tugas","subcategory":"Restoran","opening_hours":"Mo-Su 06:00-23:00","operator":null,"osm_id":6335605798}},{"type":"Feature","geometry":{"type":"Point","coordinates":[110.37345,-7.82475]},"properties":{"name":"Nasi Uduk","type":"Restaurant","category":"sosial_tugas","subcategory":"Restoran","opening_hours":null,"operator":null,"osm_id":3487511791}},{"type":"Feature","geometry":{"type":"Point","coordinates":[110.36386,-7.8212]},"properties":{"name":"Golden Clopatra","type":"Restaurant","category":"sosial_tugas","subcategory":"Restoran","opening_hours":null,"operator":null,"osm_id":3487442208}},{"type":"Feature","geometry":{"type":"Point","coordinates":[110.36365,-7.82127]},"properties":{"name":"Warung Pascok","type":"Restaurant","category":"sosial_tugas","subcategory":"Restoran","opening_hours":null,"operator":null,"osm_id":3487442215}},{"type":"Feature","geometry":{"type":"Point","coordinates":[110.36796,-7.82111]},"properties":{"name":"Bank Jo","type":"Restaurant","category":"sosial_tugas","subcategory":"Restoran","opening_hours":null,"operator":null,"osm_id":3487503058}},{"type":"Feature","geometry":{"type":"Point","coordinates":[110.36796,-7.82164]},"properties":{"name":"Makanan Padang","type":"Restaurant","category":"sosial_tugas","subcategory":"Restoran","opening_hours":null,"operator":null,"osm_id":3487503073}},{"type":"Feature","geometry":{"type":"Point","coordinates":[110.36216,-7.82396]},"properties":{"name":"Lele Crispy & Lele Geprek Mba Reva","type":"Restaurant","category":"sosial_tugas","subcategory":"Restoran","opening_hours":null,"operator":null,"osm_id":12905612292}},{"type":"Feature","geometry":{"type":"Point","coordinates":[110.37199,-7.82014]},"properties":{"name":"Lawas Caf\u00e9","type":"Cafe","category":"sosial_tugas","subcategory":"Kafe","opening_hours":null,"operator":null,"osm_id":5583703621}},{"type":"Feature","geometry":{"type":"Point","coordinates":[110.36795,-7.81965]},"properties":{"name":"Sate Klatak Kambing Muda","type":"Restaurant","category":"sosial_tugas","subcategory":"Restoran","opening_hours":null,"operator":null,"osm_id":5583703630}},{"type":"Feature","geometry":{"type":"Point","coordinates":[110.37197,-7.82025]},"properties":{"name":"Sellie coffee","type":"Cafe","category":"sosial_tugas","subcategory":"Kafe","opening_hours":null,"operator":null,"osm_id":5583703721}},{"type":"Feature","geometry":{"type":"Point","coordinates":[110.37177,-7.81919]},"properties":{"name":"Karma","type":"Restaurant","category":"sosial_tugas","subcategory":"Restoran","opening_hours":null,"operator":null,"osm_id":5583703724}},{"type":"Feature","geometry":{"type":"Point","coordinates":[110.36164,-7.82016]},"properties":{"name":"Warung (cheap and very good)","type":"Restaurant","category":"sosial_tugas","subcategory":"Restoran","opening_hours":null,"operator":null,"osm_id":5922392985}},{"type":"Feature","geometry":{"type":"Point","coordinates":[110.3656,-7.82815]},"properties":{"name":"Lapangan Mini","type":"Restaurant","category":"sosial_tugas","subcategory":"Restoran","opening_hours":"Mo-Su 15:00-22:00","operator":null,"osm_id":6709234685}},{"type":"Feature","geometry":{"type":"Point","coordinates":[110.36201,-7.83593]},"properties":{"name":"Kampoeng Mataraman","type":"Restaurant","category":"sosial_tugas","subcategory":"Restoran","opening_hours":"Tu-Su 22:00-10:00","operator":null,"osm_id":11048033106}},{"type":"Feature","geometry":{"type":"Point","coordinates":[110.38602,-7.8431]},"properties":{"name":"Warung kopi koboi","type":"Restaurant","category":"sosial_tugas","subcategory":"Restoran","opening_hours":null,"operator":null,"osm_id":6328803094}},{"type":"Feature","geometry":{"type":"Point","coordinates":[110.37572,-7.77786]},"properties":{"name":"Warmindo","type":"Restaurant","category":"sosial_tugas","subcategory":"Restoran","opening_hours":"24/7","operator":null,"osm_id":9222486043}},{"type":"Feature","geometry":{"type":"Point","coordinates":[110.37592,-7.77649]},"properties":{"name":"Nasi Uduk Uni Al","type":"Restaurant","category":"sosial_tugas","subcategory":"Restoran","opening_hours":null,"operator":null,"osm_id":9222486044}},{"type":"Feature","geometry":{"type":"Point","coordinates":[110.37588,-7.77782]},"properties":{"name":"Warung Pak Jon","type":"Restaurant","category":"sosial_tugas","subcategory":"Restoran","opening_hours":null,"operator":null,"osm_id":9222486046}},{"type":"Feature","geometry":{"type":"Point","coordinates":[110.37787,-7.76399]},"properties":{"name":"Warung Makan Geprek Minyo","type":"Restaurant","category":"sosial_tugas","subcategory":"Restoran","opening_hours":null,"operator":null,"osm_id":6009402153}},{"type":"Feature","geometry":{"type":"Point","coordinates":[110.37798,-7.76352]},"properties":{"name":"Kopi kinanti","type":"Cafe","category":"sosial_tugas","subcategory":"Kafe","opening_hours":null,"operator":null,"osm_id":6009402154}},{"type":"Feature","geometry":{"type":"Point","coordinates":[110.37592,-7.77641]},"properties":{"name":"Warmindo Sumber Vitamin","type":"Restaurant","category":"sosial_tugas","subcategory":"Restoran","opening_hours":"24/7","operator":null,"osm_id":9222486042}},{"type":"Feature","geometry":{"type":"Point","coordinates":[110.37491,-7.77517]},"properties":{"name":"Madam Tan Indonesian Food","type":"Restaurant","category":"sosial_tugas","subcategory":"Restoran","opening_hours":null,"operator":null,"osm_id":12920877982}},{"type":"Feature","geometry":{"type":"Point","coordinates":[110.36821,-7.77435]},"properties":{"name":"Tugu Lor","type":"Cafe","category":"sosial_tugas","subcategory":"Kafe","opening_hours":"Mo-Th 08:00-22:00; Fr-Su 08:00-23:00","operator":null,"osm_id":13020345843}},{"type":"Feature","geometry":{"type":"Point","coordinates":[110.36529,-7.78319]},"properties":{"name":"tt rest","type":"Fast Food","category":"sosial_tugas","subcategory":"Fast Food","opening_hours":null,"operator":null,"osm_id":10902024007}},{"type":"Feature","geometry":{"type":"Point","coordinates":[110.3767,-7.78037]},"properties":{"name":"Kalis Kitchen","type":"Restaurant","category":"sosial_tugas","subcategory":"Restoran","opening_hours":null,"operator":null,"osm_id":13018827064}},{"type":"Feature","geometry":{"type":"Point","coordinates":[110.37695,-7.77968]},"properties":{"name":"Domore Cafe","type":"Cafe","category":"sosial_tugas","subcategory":"Kafe","opening_hours":null,"operator":null,"osm_id":13240403715}},{"type":"Feature","geometry":{"type":"Point","coordinates":[110.37742,-7.78124]},"properties":{"name":"Couvee Reside","type":"Cafe","category":"sosial_tugas","subcategory":"Kafe","opening_hours":"Mo-Su 07:00-00:00","operator":null,"osm_id":13255656628}},{"type":"Feature","geometry":{"type":"Point","coordinates":[110.46501,-7.81827]},"properties":{"name":"Kedai Suru Pitoe","type":"Restaurant","category":"sosial_tugas","subcategory":"Restoran","opening_hours":"Mo-Su 10:00-22:00","operator":null,"osm_id":10578415452}},{"type":"Feature","geometry":{"type":"Point","coordinates":[110.44433,-7.80475]},"properties":{"name":"Bakso Urat Sapi Ambarrukmo","type":"Restaurant","category":"sosial_tugas","subcategory":"Restoran","opening_hours":null,"operator":null,"osm_id":9811843463}},{"type":"Feature","geometry":{"type":"Point","coordinates":[110.42558,-7.82314]},"properties":{"name":"Ayam Goreng Bu Ranti","type":"Restaurant","category":"sosial_tugas","subcategory":"Restoran","opening_hours":null,"operator":null,"osm_id":9811836029}},{"type":"Feature","geometry":{"type":"Point","coordinates":[110.41549,-7.81298]},"properties":{"name":"Yogyakarta Bray Batagor","type":"Restaurant","category":"sosial_tugas","subcategory":"Restoran","opening_hours":null,"operator":null,"osm_id":6266740015}},{"type":"Feature","geometry":{"type":"Point","coordinates":[110.39033,-7.77971]},"properties":{"name":"Hotway's Chicken","type":"Fast Food","category":"sosial_tugas","subcategory":"Fast Food","opening_hours":null,"operator":null,"osm_id":12314278324}},{"type":"Feature","geometry":{"type":"Point","coordinates":[110.38504,-7.76457]},"properties":{"name":"Halia Fruits Bar","type":"Cafe","category":"sosial_tugas","subcategory":"Kafe","opening_hours":null,"operator":null,"osm_id":12298846082}},{"type":"Feature","geometry":{"type":"Point","coordinates":[110.38423,-7.77854]},"properties":{"name":"The Pok Pow","type":"Cafe","category":"sosial_tugas","subcategory":"Kafe","opening_hours":null,"operator":null,"osm_id":12064722265}},{"type":"Feature","geometry":{"type":"Point","coordinates":[110.39214,-7.77576]},"properties":{"name":"Burjo Borneo","type":"Restaurant","category":"sosial_tugas","subcategory":"Restoran","opening_hours":null,"operator":null,"osm_id":11586499597}},{"type":"Feature","geometry":{"type":"Point","coordinates":[110.3923,-7.78108]},"properties":{"name":"House of Moragi ( Moragi Mentai )","type":"Restaurant","category":"sosial_tugas","subcategory":"Restoran","opening_hours":"Mo-Su 13:00-21:00","operator":null,"osm_id":11496010975}},{"type":"Feature","geometry":{"type":"Point","coordinates":[110.3923,-7.78103]},"properties":{"name":"Nasi Goreng Sedap Malam Khas Tegal","type":"Restaurant","category":"sosial_tugas","subcategory":"Restoran","opening_hours":"Mo-Su 17:00-23:00","operator":null,"osm_id":11494776908}},{"type":"Feature","geometry":{"type":"Point","coordinates":[110.39025,-7.76882]},"properties":{"name":"Belluga","type":"Cafe","category":"sosial_tugas","subcategory":"Kafe","opening_hours":null,"operator":null,"osm_id":7144527855}},{"type":"Feature","geometry":{"type":"Point","coordinates":[110.39095,-7.77614]},"properties":{"name":"Nanamia Pizzeria","type":"Restaurant","category":"sosial_tugas","subcategory":"Restoran","opening_hours":"11:00-23:00","operator":null,"osm_id":2837092409}},{"type":"Feature","geometry":{"type":"Point","coordinates":[110.39594,-7.76753]},"properties":{"name":"Golden Fried Chicken","type":"Fast Food","category":"sosial_tugas","subcategory":"Fast Food","opening_hours":null,"operator":null,"osm_id":3873061060}},{"type":"Feature","geometry":{"type":"Point","coordinates":[110.393,-7.77841]},"properties":{"name":"Tickles Cafe","type":"Restaurant","category":"sosial_tugas","subcategory":"Restoran","opening_hours":null,"operator":null,"osm_id":3453372108}},{"type":"Feature","geometry":{"type":"Point","coordinates":[110.39259,-7.7677]},"properties":{"name":"Rumah Bawah Coffee & Chill","type":"Cafe","category":"sosial_tugas","subcategory":"Kafe","opening_hours":null,"operator":null,"osm_id":3229480991}},{"type":"Feature","geometry":{"type":"Point","coordinates":[110.38989,-7.77631]},"properties":{"name":"Loving Hut","type":"Restaurant","category":"sosial_tugas","subcategory":"Restoran","opening_hours":"Mo-Su 09:30-20:30; Mo-Su 09:30-08:30","operator":"Loving Hut","osm_id":4193428489}},{"type":"Feature","geometry":{"type":"Point","coordinates":[110.39541,-7.77628]},"properties":{"name":"Gulai Tjap Nyonya","type":"Restaurant","category":"sosial_tugas","subcategory":"Restoran","opening_hours":null,"operator":null,"osm_id":13289052768}},{"type":"Feature","geometry":{"type":"Point","coordinates":[110.39513,-7.7745]},"properties":{"name":"Kopi Johar, Kedai Kopi Yogyakarta","type":"Cafe","category":"sosial_tugas","subcategory":"Kafe","opening_hours":null,"operator":null,"osm_id":13434256392}},{"type":"Feature","geometry":{"type":"Point","coordinates":[110.38483,-7.77677]},"properties":{"name":"Bakso Pa' Jero","type":"Restaurant","category":"sosial_tugas","subcategory":"Restoran","opening_hours":null,"operator":null,"osm_id":9697406461}},{"type":"Feature","geometry":{"type":"Point","coordinates":[110.3754,-7.77889]},"properties":{"name":"Coklat Cafe","type":"Cafe","category":"sosial_tugas","subcategory":"Kafe","opening_hours":null,"operator":null,"osm_id":12161618978}},{"type":"Feature","geometry":{"type":"Point","coordinates":[110.3735,-7.7783]},"properties":{"name":"FAVOR Patisserie Pizzeria & Eatery","type":"Restaurant","category":"sosial_tugas","subcategory":"Restoran","opening_hours":"Mo-Su 08:00-21:00","operator":null,"osm_id":11934528407}},{"type":"Feature","geometry":{"type":"Point","coordinates":[110.38182,-7.76538]},"properties":{"name":"Lebah Jus","type":"Cafe","category":"sosial_tugas","subcategory":"Kafe","opening_hours":null,"operator":null,"osm_id":3623677434}},{"type":"Feature","geometry":{"type":"Point","coordinates":[110.37747,-7.7666]},"properties":{"name":"Perpustakaan Fakultas Geografi UGM","type":"Library","category":"sosial_tugas","subcategory":"Perpustakaan","opening_hours":"Mo-Su 07:00-16:00","operator":"Fakultas Geografi UGM","osm_id":6770859096}},{"type":"Feature","geometry":{"type":"Point","coordinates":[110.37589,-7.77772]},"properties":{"name":"Warung Makan DPR","type":"Restaurant","category":"sosial_tugas","subcategory":"Restoran","opening_hours":null,"operator":null,"osm_id":9222486041}},{"type":"Feature","geometry":{"type":"Point","coordinates":[110.38081,-7.76476]},"properties":{"name":"Warung bu rinni","type":"Restaurant","category":"sosial_tugas","subcategory":"Restoran","opening_hours":null,"operator":null,"osm_id":6009385076}},{"type":"Feature","geometry":{"type":"Point","coordinates":[110.38232,-7.76636]},"properties":{"name":"Ayam Goreng Pak Wage","type":"Restaurant","category":"sosial_tugas","subcategory":"Restoran","opening_hours":"Mo-Su 09:00-20:00","operator":null,"osm_id":4362107102}},{"type":"Feature","geometry":{"type":"Point","coordinates":[110.37756,-7.78087]},"properties":{"name":"Kafe Le Sol\u00e9","type":"Cafe","category":"sosial_tugas","subcategory":"Kafe","opening_hours":"Mo-Fr 08:00-21:00; Sa 10:00-20:00","operator":null,"osm_id":11034114391}},{"type":"Feature","geometry":{"type":"Point","coordinates":[110.37594,-7.77806]},"properties":{"name":"Bincang Kopi","type":"Cafe","category":"sosial_tugas","subcategory":"Kafe","opening_hours":"Mo-Su 17:30-23:30","operator":null,"osm_id":7972742685}},{"type":"Feature","geometry":{"type":"Point","coordinates":[110.39458,-7.76094]},"properties":{"name":"Pempek Ny. Kamto","type":"Restaurant","category":"sosial_tugas","subcategory":"Restoran","opening_hours":null,"operator":null,"osm_id":12078149000}},{"type":"Feature","geometry":{"type":"Point","coordinates":[110.39558,-7.75498]},"properties":{"name":"Kopi Tiam Kapuas Hulu","type":"Cafe","category":"sosial_tugas","subcategory":"Kafe","opening_hours":null,"operator":null,"osm_id":11233742084}},{"type":"Feature","geometry":{"type":"Point","coordinates":[110.41191,-7.76256]},"properties":{"name":"UD Mitra","type":"Cafe","category":"sosial_tugas","subcategory":"Kafe","opening_hours":null,"operator":null,"osm_id":11210435437}},{"type":"Feature","geometry":{"type":"Point","coordinates":[110.3992,-7.73567]},"properties":{"name":"Cimoll Resto","type":"Restaurant","category":"sosial_tugas","subcategory":"Restoran","opening_hours":"Mo-Su 10:00-21:00","operator":null,"osm_id":11093253687}},{"type":"Feature","geometry":{"type":"Point","coordinates":[110.40026,-7.72593]},"properties":{"name":"Swasana by Temata Yogyakarta","type":"Restaurant","category":"sosial_tugas","subcategory":"Restoran","opening_hours":null,"operator":null,"osm_id":9143674942}},{"type":"Feature","geometry":{"type":"Point","coordinates":[110.39929,-7.73362]},"properties":{"name":"Warung Lokal","type":"Restaurant","category":"sosial_tugas","subcategory":"Restoran","opening_hours":null,"operator":null,"osm_id":10588131835}},{"type":"Feature","geometry":{"type":"Point","coordinates":[110.40145,-7.72408]},"properties":{"name":"Gudeg Mbarek Bu. Hj. Ahmad","type":"Restaurant","category":"sosial_tugas","subcategory":"Restoran","opening_hours":null,"operator":null,"osm_id":5155561866}},{"type":"Feature","geometry":{"type":"Point","coordinates":[110.39513,-7.75296]},"properties":{"name":"Doby Fried Chicken","type":"Restaurant","category":"sosial_tugas","subcategory":"Restoran","opening_hours":null,"operator":null,"osm_id":4590655055}},{"type":"Feature","geometry":{"type":"Point","coordinates":[110.39097,-7.75438]},"properties":{"name":"Njendelo Tanah Airkoe","type":"Cafe","category":"sosial_tugas","subcategory":"Kafe","opening_hours":null,"operator":null,"osm_id":4590655058}},{"type":"Feature","geometry":{"type":"Point","coordinates":[110.4087,-7.75777]},"properties":{"name":"Wamindo Maha Rasa","type":"Restaurant","category":"sosial_tugas","subcategory":"Restoran","opening_hours":null,"operator":null,"osm_id":4590695944}},{"type":"Feature","geometry":{"type":"Point","coordinates":[110.39426,-7.76183]},"properties":{"name":"Qimi Chinese Food","type":"Restaurant","category":"sosial_tugas","subcategory":"Restoran","opening_hours":null,"operator":null,"osm_id":3914446538}},{"type":"Feature","geometry":{"type":"Point","coordinates":[110.38887,-7.73388]},"properties":{"name":"Pandanaran","type":"Restaurant","category":"sosial_tugas","subcategory":"Restoran","opening_hours":null,"operator":null,"osm_id":3214965918}},{"type":"Feature","geometry":{"type":"Point","coordinates":[110.39413,-7.73445]},"properties":{"name":"Mr. Crab's","type":"Restaurant","category":"sosial_tugas","subcategory":"Restoran","opening_hours":null,"operator":null,"osm_id":1769543347}},{"type":"Feature","geometry":{"type":"Point","coordinates":[110.38591,-7.75022]},"properties":{"name":"Bakso Pak Narto","type":"Restaurant","category":"sosial_tugas","subcategory":"Restoran","opening_hours":"10:00-23:00","operator":null,"osm_id":3675791128}},{"type":"Feature","geometry":{"type":"Point","coordinates":[110.40118,-7.75033]},"properties":{"name":"Blue Heron","type":"Restaurant","category":"sosial_tugas","subcategory":"Restoran","opening_hours":null,"operator":null,"osm_id":13176743787}},{"type":"Feature","geometry":{"type":"Point","coordinates":[110.4037,-7.76156]},"properties":{"name":"GIB GIB Calzone","type":"Restaurant","category":"sosial_tugas","subcategory":"Restoran","opening_hours":"Tu-Su 16:00-00:00","operator":null,"osm_id":5346914521}},{"type":"Feature","geometry":{"type":"Point","coordinates":[110.40273,-7.72071]},"properties":{"name":"Nasi Padang Padi Rimbun","type":"Restaurant","category":"sosial_tugas","subcategory":"Restoran","opening_hours":null,"operator":null,"osm_id":13685665032}},{"type":"Feature","geometry":{"type":"Point","coordinates":[110.39969,-7.71995]},"properties":{"name":"Nasi Padang","type":"Restaurant","category":"sosial_tugas","subcategory":"Restoran","opening_hours":null,"operator":null,"osm_id":13704701961}},{"type":"Feature","geometry":{"type":"Point","coordinates":[110.40193,-7.7203]},"properties":{"name":"Jual Degan Kelapa Muda","type":"Restaurant","category":"sosial_tugas","subcategory":"Restoran","opening_hours":null,"operator":null,"osm_id":13704701965}},{"type":"Feature","geometry":{"type":"Point","coordinates":[110.39894,-7.72633]},"properties":{"name":"Warung Ayam Geprek","type":"Restaurant","category":"sosial_tugas","subcategory":"Restoran","opening_hours":null,"operator":null,"osm_id":13704688893}},{"type":"Feature","geometry":{"type":"Point","coordinates":[110.36632,-7.80315]},"properties":{"name":"Dapur Sambal","type":"Restaurant","category":"sosial_tugas","subcategory":"Restoran","opening_hours":null,"operator":null,"osm_id":11873201553}},{"type":"Feature","geometry":{"type":"Point","coordinates":[110.36829,-7.81546]},"properties":{"name":"Jokteng","type":"Cafe","category":"sosial_tugas","subcategory":"Kafe","opening_hours":null,"operator":null,"osm_id":5903670385}},{"type":"Feature","geometry":{"type":"Point","coordinates":[110.36837,-7.81657]},"properties":{"name":"Upload","type":"Restaurant","category":"sosial_tugas","subcategory":"Restoran","opening_hours":null,"operator":null,"osm_id":5601280823}},{"type":"Feature","geometry":{"type":"Point","coordinates":[110.36819,-7.8186]},"properties":{"name":"Gado-Gado","type":"Restaurant","category":"sosial_tugas","subcategory":"Restoran","opening_hours":null,"operator":null,"osm_id":5776939653}},{"type":"Feature","geometry":{"type":"Point","coordinates":[110.36701,-7.81274]},"properties":{"name":"Warung Makan Putra","type":"Restaurant","category":"sosial_tugas","subcategory":"Restoran","opening_hours":null,"operator":null,"osm_id":3508068493}},{"type":"Feature","geometry":{"type":"Point","coordinates":[110.36375,-7.80273]},"properties":{"name":"Soto Mbak Nunung","type":"Restaurant","category":"sosial_tugas","subcategory":"Restoran","opening_hours":null,"operator":null,"osm_id":3229532925}},{"type":"Feature","geometry":{"type":"Point","coordinates":[110.37172,-7.8014]},"properties":{"name":"Cafe","type":"Cafe","category":"sosial_tugas","subcategory":"Kafe","opening_hours":null,"operator":null,"osm_id":13146593064}},{"type":"Feature","geometry":{"type":"Point","coordinates":[110.36489,-7.79887]},"properties":{"name":"margo mulyo antique galery and bar","type":"Bar","category":"sosial_tugas","subcategory":"Bar/Pub","opening_hours":null,"operator":null,"osm_id":4781315421}},{"type":"Feature","geometry":{"type":"Point","coordinates":[110.36868,-7.8137]},"properties":{"name":"Icipono","type":"Cafe","category":"sosial_tugas","subcategory":"Kafe","opening_hours":null,"operator":null,"osm_id":4932159921}},{"type":"Feature","geometry":{"type":"Point","coordinates":[110.36895,-7.81127]},"properties":{"name":"Just Juice","type":"Cafe","category":"sosial_tugas","subcategory":"Kafe","opening_hours":null,"operator":null,"osm_id":5008943824}},{"type":"Feature","geometry":{"type":"Point","coordinates":[110.36803,-7.80364]},"properties":{"name":"Yogya Chicken","type":"Restaurant","category":"sosial_tugas","subcategory":"Restoran","opening_hours":null,"operator":null,"osm_id":5273444621}},{"type":"Feature","geometry":{"type":"Point","coordinates":[110.36822,-7.81682]},"properties":{"name":"Warung Cak Sule","type":"Restaurant","category":"sosial_tugas","subcategory":"Restoran","opening_hours":null,"operator":null,"osm_id":5484438821}},{"type":"Feature","geometry":{"type":"Point","coordinates":[110.36838,-7.81486]},"properties":{"name":"Roti Van Java","type":"Restaurant","category":"sosial_tugas","subcategory":"Restoran","opening_hours":"Mo-Su 17:30-00:30","operator":null,"osm_id":5484540422}},{"type":"Feature","geometry":{"type":"Point","coordinates":[110.36785,-7.81452]},"properties":{"name":"Pedas api","type":"Restaurant","category":"sosial_tugas","subcategory":"Restoran","opening_hours":null,"operator":null,"osm_id":11385756369}},{"type":"Feature","geometry":{"type":"Point","coordinates":[110.35795,-7.81769]},"properties":{"name":"Restaurant","type":"Restaurant","category":"sosial_tugas","subcategory":"Restoran","opening_hours":null,"operator":null,"osm_id":7253994286}},{"type":"Feature","geometry":{"type":"Point","coordinates":[110.35865,-7.80765]},"properties":{"name":"Warung Makan Mbak Rini","type":"Restaurant","category":"sosial_tugas","subcategory":"Restoran","opening_hours":null,"operator":null,"osm_id":7117192782}},{"type":"Feature","geometry":{"type":"Point","coordinates":[110.35239,-7.79908]},"properties":{"name":"Burjo Murni","type":"Fast Food","category":"sosial_tugas","subcategory":"Fast Food","opening_hours":null,"operator":null,"osm_id":1848508837}},{"type":"Feature","geometry":{"type":"Point","coordinates":[110.35233,-7.79787]},"properties":{"name":"Hello Steaklovers","type":"Restaurant","category":"sosial_tugas","subcategory":"Restoran","opening_hours":null,"operator":null,"osm_id":7097495250}},{"type":"Feature","geometry":{"type":"Point","coordinates":[110.35591,-7.81421]},"properties":{"name":"Kambing Sate","type":"Restaurant","category":"sosial_tugas","subcategory":"Restoran","opening_hours":null,"operator":null,"osm_id":5810302454}},{"type":"Feature","geometry":{"type":"Point","coordinates":[110.35607,-7.81435]},"properties":{"name":"Ayam Sate","type":"Restaurant","category":"sosial_tugas","subcategory":"Restoran","opening_hours":null,"operator":null,"osm_id":5808345553}},{"type":"Feature","geometry":{"type":"Point","coordinates":[110.34638,-7.80057]},"properties":{"name":"Waroeng Steak & Shake","type":"Restaurant","category":"sosial_tugas","subcategory":"Restoran","opening_hours":"Sa-Th 11:00-21:00; Fr 13:00-21:00","operator":null,"osm_id":7097546659}},{"type":"Feature","geometry":{"type":"Point","coordinates":[110.35665,-7.79641]},"properties":{"name":"Dapur Memayu Ngampilan","type":"Restaurant","category":"sosial_tugas","subcategory":"Restoran","opening_hours":null,"operator":null,"osm_id":13386284401}},{"type":"Feature","geometry":{"type":"Point","coordinates":[110.35462,-7.80808]},"properties":{"name":"Warung Soto Pak Martin","type":"Restaurant","category":"sosial_tugas","subcategory":"Restoran","opening_hours":null,"operator":null,"osm_id":4424603489}},{"type":"Feature","geometry":{"type":"Point","coordinates":[110.35597,-7.81624]},"properties":{"name":"Martabak and Terang Bulan stands","type":"Fast Food","category":"sosial_tugas","subcategory":"Fast Food","opening_hours":null,"operator":null,"osm_id":5803899870}},{"type":"Feature","geometry":{"type":"Point","coordinates":[110.35572,-7.8119]},"properties":{"name":"Bakso Balungan","type":"Restaurant","category":"sosial_tugas","subcategory":"Restoran","opening_hours":null,"operator":null,"osm_id":5820331953}},{"type":"Feature","geometry":{"type":"Point","coordinates":[110.35891,-7.80972]},"properties":{"name":"Cup of Java (luwak kopi)","type":"Cafe","category":"sosial_tugas","subcategory":"Kafe","opening_hours":null,"operator":null,"osm_id":6444449985}},{"type":"Feature","geometry":{"type":"Point","coordinates":[110.37239,-7.79041]},"properties":{"name":"Nina Risol","type":"Fast Food","category":"sosial_tugas","subcategory":"Fast Food","opening_hours":null,"operator":null,"osm_id":11015682741}},{"type":"Feature","geometry":{"type":"Point","coordinates":[110.37246,-7.79114]},"properties":{"name":"Moerni 78","type":"Restaurant","category":"sosial_tugas","subcategory":"Restoran","opening_hours":"Mo-Su 09:00-21:00; PH closed","operator":null,"osm_id":7038441385}},{"type":"Feature","geometry":{"type":"Point","coordinates":[110.37192,-7.7919]},"properties":{"name":"Manuk Londho","type":"Restaurant","category":"sosial_tugas","subcategory":"Restoran","opening_hours":"12 hours","operator":null,"osm_id":4423162839}},{"type":"Feature","geometry":{"type":"Point","coordinates":[110.36896,-7.79588]},"properties":{"name":"Sate Ayam Podomoro","type":"Restaurant","category":"sosial_tugas","subcategory":"Restoran","opening_hours":null,"operator":null,"osm_id":7057954288}},{"type":"Feature","geometry":{"type":"Point","coordinates":[110.36566,-7.79494]},"properties":{"name":"Starbucks","type":"Cafe","category":"sosial_tugas","subcategory":"Kafe","opening_hours":"Mo-Su 10:00-22:00","operator":null,"osm_id":4785817026}},{"type":"Feature","geometry":{"type":"Point","coordinates":[110.36542,-7.79515]},"properties":{"name":"Starbucks","type":"Cafe","category":"sosial_tugas","subcategory":"Kafe","opening_hours":null,"operator":null,"osm_id":5957327685}},{"type":"Feature","geometry":{"type":"Point","coordinates":[110.36539,-7.79514]},"properties":{"name":"Lumpia Malioboro","type":"Fast Food","category":"sosial_tugas","subcategory":"Fast Food","opening_hours":"Mo-Su 08:00-23:00","operator":null,"osm_id":10658062305}},{"type":"Feature","geometry":{"type":"Point","coordinates":[110.36505,-7.79626]},"properties":{"name":"Rumah Makan \"Kondang Jaya\"","type":"Restaurant","category":"sosial_tugas","subcategory":"Restoran","opening_hours":null,"operator":null,"osm_id":11571959954}},{"type":"Feature","geometry":{"type":"Point","coordinates":[110.36582,-7.79208]},"properties":{"name":"KFC","type":"Fast Food","category":"sosial_tugas","subcategory":"Fast Food","opening_hours":null,"operator":null,"osm_id":11571962081}},{"type":"Feature","geometry":{"type":"Point","coordinates":[110.36597,-7.79076]},"properties":{"name":"Jogja Library Center","type":"Library","category":"sosial_tugas","subcategory":"Perpustakaan","opening_hours":null,"operator":null,"osm_id":11571962095}},{"type":"Feature","geometry":{"type":"Point","coordinates":[110.36516,-7.79103]},"properties":{"name":"Wanderlust","type":"Cafe","category":"sosial_tugas","subcategory":"Kafe","opening_hours":"Tu-Su 10:00-22:00","operator":null,"osm_id":4992120622}},{"type":"Feature","geometry":{"type":"Point","coordinates":[110.3618,-7.79164]},"properties":{"name":"Lucifer Bar","type":"Bar","category":"sosial_tugas","subcategory":"Bar/Pub","opening_hours":null,"operator":null,"osm_id":4212103390}},{"type":"Feature","geometry":{"type":"Point","coordinates":[110.36402,-7.79052]},"properties":{"name":"Mi casa es tu casa","type":"Restaurant","category":"sosial_tugas","subcategory":"Restoran","opening_hours":null,"operator":null,"osm_id":3636570820}},{"type":"Feature","geometry":{"type":"Point","coordinates":[110.36604,-7.78761]},"properties":{"name":"warung oncor asli","type":"Restaurant","category":"sosial_tugas","subcategory":"Restoran","opening_hours":null,"operator":null,"osm_id":2411872249}},{"type":"Feature","geometry":{"type":"Point","coordinates":[110.366,-7.78979]},"properties":{"name":"Loko Coffee Shop","type":"Cafe","category":"sosial_tugas","subcategory":"Kafe","opening_hours":"24/7","operator":null,"osm_id":8519277413}},{"type":"Feature","geometry":{"type":"Point","coordinates":[110.36602,-7.79299]},"properties":{"name":"KFC","type":"Fast Food","category":"sosial_tugas","subcategory":"Fast Food","opening_hours":null,"operator":null,"osm_id":13011638722}},{"type":"Feature","geometry":{"type":"Point","coordinates":[110.36064,-7.79024]},"properties":{"name":"Taphouse","type":"Bar","category":"sosial_tugas","subcategory":"Bar/Pub","opening_hours":"Mo-Su 18:00-03:00","operator":null,"osm_id":4838802723}},{"type":"Feature","geometry":{"type":"Point","coordinates":[110.3619,-7.79369]},"properties":{"name":"Yani's Kitchen","type":"Restaurant","category":"sosial_tugas","subcategory":"Restoran","opening_hours":null,"operator":null,"osm_id":5272163622}},{"type":"Feature","geometry":{"type":"Point","coordinates":[110.36563,-7.79529]},"properties":{"name":"Bintang Lesehan","type":"Restaurant","category":"sosial_tugas","subcategory":"Restoran","opening_hours":null,"operator":null,"osm_id":5838946190}},{"type":"Feature","geometry":{"type":"Point","coordinates":[110.61462,-7.97958]},"properties":{"name":"Rm. Tuah Sayo","type":"Restaurant","category":"sosial_tugas","subcategory":"Restoran","opening_hours":null,"operator":null,"osm_id":9751919054}},{"type":"Feature","geometry":{"type":"Point","coordinates":[110.3703,-7.78067]},"properties":{"name":"Geprek Bang Vijay","type":"Restaurant","category":"sosial_tugas","subcategory":"Restoran","opening_hours":"24/7","operator":null,"osm_id":12259403851}},{"type":"Feature","geometry":{"type":"Point","coordinates":[110.37221,-7.78523]},"properties":{"name":"Nii-Ku","type":"Restaurant","category":"sosial_tugas","subcategory":"Restoran","opening_hours":null,"operator":null,"osm_id":7880489258}},{"type":"Feature","geometry":{"type":"Point","coordinates":[110.36818,-7.77555]},"properties":{"name":"Cr\u00f4nica Workspace","type":"Cafe","category":"sosial_tugas","subcategory":"Kafe","opening_hours":null,"operator":null,"osm_id":13111983539}},{"type":"Feature","geometry":{"type":"Point","coordinates":[110.37023,-7.78069]},"properties":{"name":"Geprek Bang Vijay","type":"Restaurant","category":"sosial_tugas","subcategory":"Restoran","opening_hours":"24/7","operator":null,"osm_id":11424776115}},{"type":"Feature","geometry":{"type":"Point","coordinates":[110.37154,-7.78512]},"properties":{"name":"House of Raminten","type":"Restaurant","category":"sosial_tugas","subcategory":"Restoran","opening_hours":"Mo-Su 08:00-20:00","operator":null,"osm_id":3396431272}},{"type":"Feature","geometry":{"type":"Point","coordinates":[110.36562,-7.78245]},"properties":{"name":"Depot Sintaka","type":"Restaurant","category":"sosial_tugas","subcategory":"Restoran","opening_hours":null,"operator":null,"osm_id":12920877981}},{"type":"Feature","geometry":{"type":"Point","coordinates":[110.36763,-7.78257]},"properties":{"name":"Tanamera Coffee Indonesia","type":"Cafe","category":"sosial_tugas","subcategory":"Kafe","opening_hours":null,"operator":null,"osm_id":13172863117}},{"type":"Feature","geometry":{"type":"Point","coordinates":[110.37209,-7.7901]},"properties":{"name":"Arrava Bakpia 107","type":"Fast Food","category":"sosial_tugas","subcategory":"Fast Food","opening_hours":null,"operator":null,"osm_id":11015739128}},{"type":"Feature","geometry":{"type":"Point","coordinates":[110.3629,-7.78648]},"properties":{"name":"Soto Ijo Monjali","type":"Restaurant","category":"sosial_tugas","subcategory":"Restoran","opening_hours":null,"operator":null,"osm_id":10988274486}},{"type":"Feature","geometry":{"type":"Point","coordinates":[110.37184,-7.78828]},"properties":{"name":"Nasi Goreng Kambing","type":"Restaurant","category":"sosial_tugas","subcategory":"Restoran","opening_hours":null,"operator":null,"osm_id":7862020492}},{"type":"Feature","geometry":{"type":"Point","coordinates":[110.36172,-7.78694]},"properties":{"name":"Pier 14 Coffee","type":"Cafe","category":"sosial_tugas","subcategory":"Kafe","opening_hours":null,"operator":null,"osm_id":4210616498}},{"type":"Feature","geometry":{"type":"Point","coordinates":[110.37316,-7.78677]},"properties":{"name":"Nasi Goreng Sapi Padmanaba","type":"Restaurant","category":"sosial_tugas","subcategory":"Restoran","opening_hours":null,"operator":null,"osm_id":2751354290}},{"type":"Feature","geometry":{"type":"Point","coordinates":[110.36291,-7.78641]},"properties":{"name":"Tea Factory","type":"Cafe","category":"sosial_tugas","subcategory":"Kafe","opening_hours":"Mo-Su 10:00-22:00","operator":null,"osm_id":4406412789}},{"type":"Feature","geometry":{"type":"Point","coordinates":[110.36743,-7.79265]},"properties":{"name":"Warung Bakso","type":"Restaurant","category":"sosial_tugas","subcategory":"Restoran","opening_hours":null,"operator":null,"osm_id":4830845121}},{"type":"Feature","geometry":{"type":"Point","coordinates":[110.36518,-7.79389]},"properties":{"name":"Gudeg Yu Djum","type":"Restaurant","category":"sosial_tugas","subcategory":"Restoran","opening_hours":null,"operator":null,"osm_id":5263136523}},{"type":"Feature","geometry":{"type":"Point","coordinates":[110.36371,-7.79007]},"properties":{"name":"The Civet house","type":"Cafe","category":"sosial_tugas","subcategory":"Kafe","opening_hours":"Mo-Su 09:00-23:00","operator":null,"osm_id":5481909921}},{"type":"Feature","geometry":{"type":"Point","coordinates":[110.35825,-7.79327]},"properties":{"name":"Yammie Pathuk","type":"Restaurant","category":"sosial_tugas","subcategory":"Restoran","opening_hours":"Mo-Su 09:00-21:00","operator":null,"osm_id":5500096421}},{"type":"Feature","geometry":{"type":"Point","coordinates":[110.36426,-7.7962]},"properties":{"name":"Warung Mie Ayam Pansit","type":"Restaurant","category":"sosial_tugas","subcategory":"Restoran","opening_hours":null,"operator":null,"osm_id":5909631385}},{"type":"Feature","geometry":{"type":"Point","coordinates":[110.37344,-7.79253]},"properties":{"name":"Martabak Terang Bulan","type":"Fast Food","category":"sosial_tugas","subcategory":"Fast Food","opening_hours":null,"operator":null,"osm_id":6870445585}},{"type":"Feature","geometry":{"type":"Point","coordinates":[110.37244,-7.79145]},"properties":{"name":"Best Street Sate","type":"Fast Food","category":"sosial_tugas","subcategory":"Fast Food","opening_hours":null,"operator":null,"osm_id":6874356187}},{"type":"Feature","geometry":{"type":"Point","coordinates":[110.51943,-7.86928]},"properties":{"name":"Bakso Lek No","type":"Restaurant","category":"sosial_tugas","subcategory":"Restoran","opening_hours":null,"operator":null,"osm_id":9751924128}},{"type":"Feature","geometry":{"type":"Point","coordinates":[110.40278,-7.79847]},"properties":{"name":"Gudeg Bu Tjitro","type":"Restaurant","category":"sosial_tugas","subcategory":"Restoran","opening_hours":null,"operator":null,"osm_id":2992506474}},{"type":"Feature","geometry":{"type":"Point","coordinates":[110.39856,-7.78309]},"properties":{"name":"Soto Ayam Miroso","type":"Restaurant","category":"sosial_tugas","subcategory":"Restoran","opening_hours":null,"operator":null,"osm_id":3473046926}},{"type":"Feature","geometry":{"type":"Point","coordinates":[110.40593,-7.78296]},"properties":{"name":"Thyme","type":"Restaurant","category":"sosial_tugas","subcategory":"Restoran","opening_hours":null,"operator":null,"osm_id":9725912656}},{"type":"Feature","geometry":{"type":"Point","coordinates":[110.39848,-7.78336]},"properties":{"name":"Sate ayam dan kambing","type":"Fast Food","category":"sosial_tugas","subcategory":"Fast Food","opening_hours":null,"operator":null,"osm_id":5481889421}},{"type":"Feature","geometry":{"type":"Point","coordinates":[110.44421,-7.64949]},"properties":{"name":"Kedai Makan Slenget Merapi","type":"Restaurant","category":"sosial_tugas","subcategory":"Restoran","opening_hours":null,"operator":null,"osm_id":12053010576}},{"type":"Feature","geometry":{"type":"Point","coordinates":[110.44005,-7.6397]},"properties":{"name":"Kopi Galundeng","type":"Restaurant","category":"sosial_tugas","subcategory":"Restoran","opening_hours":null,"operator":null,"osm_id":11951646404}},{"type":"Feature","geometry":{"type":"Point","coordinates":[110.43305,-7.66528]},"properties":{"name":"Soto & Angkringan Pawon Mbak Tutik","type":"Restaurant","category":"sosial_tugas","subcategory":"Restoran","opening_hours":null,"operator":null,"osm_id":11074490762}},{"type":"Feature","geometry":{"type":"Point","coordinates":[110.43138,-7.66746]},"properties":{"name":"Bakso Benhil","type":"Restaurant","category":"sosial_tugas","subcategory":"Restoran","opening_hours":null,"operator":null,"osm_id":10945720921}},{"type":"Feature","geometry":{"type":"Point","coordinates":[110.4328,-7.66143]},"properties":{"name":"Kedai Lang-Lang","type":"Restaurant","category":"sosial_tugas","subcategory":"Restoran","opening_hours":"Mo-Su 09:00-20:00","operator":null,"osm_id":10760870473}},{"type":"Feature","geometry":{"type":"Point","coordinates":[110.4325,-7.59286]},"properties":{"name":"Restaurant","type":"Restaurant","category":"sosial_tugas","subcategory":"Restoran","opening_hours":null,"operator":null,"osm_id":3661199919}},{"type":"Feature","geometry":{"type":"Point","coordinates":[110.4326,-7.59289]},"properties":{"name":"Restaurant","type":"Restaurant","category":"sosial_tugas","subcategory":"Restoran","opening_hours":null,"operator":null,"osm_id":3661199921}},{"type":"Feature","geometry":{"type":"Point","coordinates":[110.43273,-7.59313]},"properties":{"name":"Restaurant","type":"Restaurant","category":"sosial_tugas","subcategory":"Restoran","opening_hours":null,"operator":null,"osm_id":3661203041}},{"type":"Feature","geometry":{"type":"Point","coordinates":[110.42716,-7.59833]},"properties":{"name":"Joyo","type":"Restaurant","category":"sosial_tugas","subcategory":"Restoran","opening_hours":null,"operator":null,"osm_id":3661146419}},{"type":"Feature","geometry":{"type":"Point","coordinates":[110.42881,-7.59914]},"properties":{"name":"Warung Sate Pak Min","type":"Restaurant","category":"sosial_tugas","subcategory":"Restoran","opening_hours":null,"operator":null,"osm_id":3661147667}},{"type":"Feature","geometry":{"type":"Point","coordinates":[110.44884,-7.60274]},"properties":{"name":"Kopi Galia","type":"Restaurant","category":"sosial_tugas","subcategory":"Restoran","opening_hours":null,"operator":null,"osm_id":13323384376}},{"type":"Feature","geometry":{"type":"Point","coordinates":[110.43602,-7.7061]},"properties":{"name":"SABIN","type":"Restaurant","category":"sosial_tugas","subcategory":"Restoran","opening_hours":"Tu-Su 12:00-20:00","operator":"Seken Living","osm_id":9899384570}},{"type":"Feature","geometry":{"type":"Point","coordinates":[110.44253,-7.69735]},"properties":{"name":"Angkringan Wedangan Sumilir","type":"Restaurant","category":"sosial_tugas","subcategory":"Restoran","opening_hours":null,"operator":null,"osm_id":13172515601}},{"type":"Feature","geometry":{"type":"Point","coordinates":[110.44416,-7.70508]},"properties":{"name":"Bakso Pikul","type":"Restaurant","category":"sosial_tugas","subcategory":"Restoran","opening_hours":null,"operator":null,"osm_id":13234995111}},{"type":"Feature","geometry":{"type":"Point","coordinates":[110.44436,-7.7023]},"properties":{"name":"Soto Sor Pring","type":"Restaurant","category":"sosial_tugas","subcategory":"Restoran","opening_hours":null,"operator":null,"osm_id":13236130591}},{"type":"Feature","geometry":{"type":"Point","coordinates":[110.43658,-7.68365]},"properties":{"name":"Mi Ayam & Bakso Pak Kabul","type":"Restaurant","category":"sosial_tugas","subcategory":"Restoran","opening_hours":null,"operator":null,"osm_id":13242241694}},{"type":"Feature","geometry":{"type":"Point","coordinates":[110.48323,-7.75223]},"properties":{"name":"Malica Coffee House","type":"Cafe","category":"sosial_tugas","subcategory":"Kafe","opening_hours":"Mo-Su 10:00-22:10","operator":null,"osm_id":12487683760}},{"type":"Feature","geometry":{"type":"Point","coordinates":[110.51452,-8.12069]},"properties":{"name":"Restaurant","type":"Restaurant","category":"sosial_tugas","subcategory":"Restoran","opening_hours":null,"operator":null,"osm_id":10687593294}},{"type":"Feature","geometry":{"type":"Point","coordinates":[110.51452,-8.12081]},"properties":{"name":"Restaurant","type":"Restaurant","category":"sosial_tugas","subcategory":"Restoran","opening_hours":null,"operator":null,"osm_id":10687593300}},{"type":"Feature","geometry":{"type":"Point","coordinates":[110.51445,-8.12034]},"properties":{"name":"Restaurant","type":"Restaurant","category":"sosial_tugas","subcategory":"Restoran","opening_hours":null,"operator":null,"osm_id":10687593286}},{"type":"Feature","geometry":{"type":"Point","coordinates":[110.46547,-7.81171]},"properties":{"name":"Kedai Karang Kedempel","type":"Restaurant","category":"sosial_tugas","subcategory":"Restoran","opening_hours":null,"operator":null,"osm_id":10578642508}},{"type":"Feature","geometry":{"type":"Point","coordinates":[110.43421,-7.7368]},"properties":{"name":"Bakmi Kampoeng Jawa Tajem","type":"Restaurant","category":"sosial_tugas","subcategory":"Restoran","opening_hours":null,"operator":null,"osm_id":9952569914}},{"type":"Feature","geometry":{"type":"Point","coordinates":[110.48479,-7.75155]},"properties":{"name":"Waroeng Damandiri","type":"Restaurant","category":"sosial_tugas","subcategory":"Restoran","opening_hours":"Mo-Su 09:00-20:00","operator":null,"osm_id":9720020690}},{"type":"Feature","geometry":{"type":"Point","coordinates":[110.50873,-7.85962]},"properties":{"name":"Warung Makan","type":"Restaurant","category":"sosial_tugas","subcategory":"Restoran","opening_hours":null,"operator":null,"osm_id":9751905442}},{"type":"Feature","geometry":{"type":"Point","coordinates":[110.48273,-7.78619]},"properties":{"name":"Restaurant","type":"Restaurant","category":"sosial_tugas","subcategory":"Restoran","opening_hours":null,"operator":null,"osm_id":9748840494}},{"type":"Feature","geometry":{"type":"Point","coordinates":[110.45195,-7.73695]},"properties":{"name":"Warung Srawung","type":"Restaurant","category":"sosial_tugas","subcategory":"Restoran","opening_hours":null,"operator":null,"osm_id":9740819532}},{"type":"Feature","geometry":{"type":"Point","coordinates":[110.47169,-7.7445]},"properties":{"name":"Warmindo Speedneet","type":"Restaurant","category":"sosial_tugas","subcategory":"Restoran","opening_hours":null,"operator":null,"osm_id":9725611254}},{"type":"Feature","geometry":{"type":"Point","coordinates":[110.44987,-7.77837]},"properties":{"name":"Bakso Sido Khasil","type":"Restaurant","category":"sosial_tugas","subcategory":"Restoran","opening_hours":null,"operator":null,"osm_id":9722511220}},{"type":"Feature","geometry":{"type":"Point","coordinates":[110.47053,-7.76085]},"properties":{"name":"BURGERSTOPS","type":"Fast Food","category":"sosial_tugas","subcategory":"Fast Food","opening_hours":null,"operator":null,"osm_id":9722512776}},{"type":"Feature","geometry":{"type":"Point","coordinates":[110.4496,-7.75921]},"properties":{"name":"Bakso dan Mie Ayam Barokah","type":"Restaurant","category":"sosial_tugas","subcategory":"Restoran","opening_hours":null,"operator":null,"osm_id":9705070295}},{"type":"Feature","geometry":{"type":"Point","coordinates":[110.72092,-8.19689]},"properties":{"name":"Warung","type":"Restaurant","category":"sosial_tugas","subcategory":"Restoran","opening_hours":null,"operator":null,"osm_id":3922989781}},{"type":"Feature","geometry":{"type":"Point","coordinates":[110.71067,-8.18952]},"properties":{"name":"Warungs","type":"Restaurant","category":"sosial_tugas","subcategory":"Restoran","opening_hours":null,"operator":null,"osm_id":3922989782}},{"type":"Feature","geometry":{"type":"Point","coordinates":[110.37426,-7.78894]},"properties":{"name":"Pecel Lele Mbak Nanda","type":"Restaurant","category":"sosial_tugas","subcategory":"Restoran","opening_hours":"Mo-Su 09:00-18:00; PH closed","operator":null,"osm_id":9850098572}},{"type":"Feature","geometry":{"type":"Point","coordinates":[110.37621,-7.78624]},"properties":{"name":"Warmindo Podjok","type":"Restaurant","category":"sosial_tugas","subcategory":"Restoran","opening_hours":null,"operator":null,"osm_id":7859923660}},{"type":"Feature","geometry":{"type":"Point","coordinates":[110.37545,-7.78611]},"properties":{"name":"Angkringan","type":"Restaurant","category":"sosial_tugas","subcategory":"Restoran","opening_hours":"Mo-Su 09:00-24:00,00:00-02:00; PH closed","operator":null,"osm_id":9252270619}},{"type":"Feature","geometry":{"type":"Point","coordinates":[110.37731,-7.78787]},"properties":{"name":"Angkringan","type":"Restaurant","category":"sosial_tugas","subcategory":"Restoran","opening_hours":null,"operator":null,"osm_id":7848306227}},{"type":"Feature","geometry":{"type":"Point","coordinates":[110.37425,-7.78425]},"properties":{"name":"Simetri Cafe","type":"Cafe","category":"sosial_tugas","subcategory":"Kafe","opening_hours":"Mo-Su 09:00-22:00; PH unknown","operator":null,"osm_id":7880489257}},{"type":"Feature","geometry":{"type":"Point","coordinates":[110.37539,-7.78481]},"properties":{"name":"Jeeva Cafe","type":"Cafe","category":"sosial_tugas","subcategory":"Kafe","opening_hours":null,"operator":null,"osm_id":7859875581}},{"type":"Feature","geometry":{"type":"Point","coordinates":[110.37481,-7.78891]},"properties":{"name":"Warung Makan","type":"Restaurant","category":"sosial_tugas","subcategory":"Restoran","opening_hours":"Mo-Sa 07:00-14:00; PH closed","operator":null,"osm_id":7811468606}},{"type":"Feature","geometry":{"type":"Point","coordinates":[110.36681,-7.78562]},"properties":{"name":"Angkringan KR Yogyakarta","type":"Cafe","category":"sosial_tugas","subcategory":"Kafe","opening_hours":"Mo-Su 19:30-05:30","operator":null,"osm_id":4414655896}},{"type":"Feature","geometry":{"type":"Point","coordinates":[110.37372,-7.78699]},"properties":{"name":"Mie Bonafide","type":"Restaurant","category":"sosial_tugas","subcategory":"Restoran","opening_hours":null,"operator":null,"osm_id":8430275491}},{"type":"Feature","geometry":{"type":"Point","coordinates":[110.37351,-7.78831]},"properties":{"name":"Sop Ayam Pak Min Klaten","type":"Restaurant","category":"sosial_tugas","subcategory":"Restoran","opening_hours":null,"operator":null,"osm_id":8632584961}},{"type":"Feature","geometry":{"type":"Point","coordinates":[110.37491,-7.78511]},"properties":{"name":"Sate Ayam Pak Amat","type":"Restaurant","category":"sosial_tugas","subcategory":"Restoran","opening_hours":"Mo-Su 17:00-22:00; PH closed","operator":null,"osm_id":9167786602}},{"type":"Feature","geometry":{"type":"Point","coordinates":[110.37236,-7.78862]},"properties":{"name":"Bolo Space","type":"Cafe","category":"sosial_tugas","subcategory":"Kafe","opening_hours":null,"operator":null,"osm_id":13040639201}},{"type":"Feature","geometry":{"type":"Point","coordinates":[110.37065,-7.7857]},"properties":{"name":"Tusen cocktail bar","type":"Bar","category":"sosial_tugas","subcategory":"Bar/Pub","opening_hours":null,"operator":null,"osm_id":13432474601}},{"type":"Feature","geometry":{"type":"Point","coordinates":[110.4055,-7.81085]},"properties":{"name":"Sego Pecel Madiun Mergoroso","type":"Restaurant","category":"sosial_tugas","subcategory":"Restoran","opening_hours":"Mo-Su 06:00-15:00","operator":null,"osm_id":6415465392}},{"type":"Feature","geometry":{"type":"Point","coordinates":[110.39009,-7.80686]},"properties":{"name":"Omah Mapan Coworking Space & Cafe","type":"Cafe","category":"sosial_tugas","subcategory":"Kafe","opening_hours":null,"operator":null,"osm_id":11370563388}},{"type":"Feature","geometry":{"type":"Point","coordinates":[110.53855,-7.87679]},"properties":{"name":"Omah Tabon","type":"Restaurant","category":"sosial_tugas","subcategory":"Restoran","opening_hours":null,"operator":null,"osm_id":9751913647}},{"type":"Feature","geometry":{"type":"Point","coordinates":[110.52782,-7.87332]},"properties":{"name":"Soto Mbah Prapto","type":"Restaurant","category":"sosial_tugas","subcategory":"Restoran","opening_hours":null,"operator":null,"osm_id":9751925216}},{"type":"Feature","geometry":{"type":"Point","coordinates":[110.52346,-7.87066]},"properties":{"name":"Warung Makan Penyetan","type":"Restaurant","category":"sosial_tugas","subcategory":"Restoran","opening_hours":null,"operator":null,"osm_id":9751928886}},{"type":"Feature","geometry":{"type":"Point","coordinates":[110.54737,-7.89276]},"properties":{"name":"Pawon Alas","type":"Restaurant","category":"sosial_tugas","subcategory":"Restoran","opening_hours":null,"operator":null,"osm_id":9751929145}},{"type":"Feature","geometry":{"type":"Point","coordinates":[110.48283,-7.78115]},"properties":{"name":"Rocket Chicken","type":"Restaurant","category":"sosial_tugas","subcategory":"Restoran","opening_hours":null,"operator":null,"osm_id":9748834883}},{"type":"Feature","geometry":{"type":"Point","coordinates":[110.48243,-7.78719]},"properties":{"name":"Lesehan Mantap Jiwa","type":"Restaurant","category":"sosial_tugas","subcategory":"Restoran","opening_hours":null,"operator":null,"osm_id":9748842923}},{"type":"Feature","geometry":{"type":"Point","coordinates":[110.33066,-7.8858]},"properties":{"name":"Gule Ayam Jago","type":"Restaurant","category":"sosial_tugas","subcategory":"Restoran","opening_hours":null,"operator":null,"osm_id":3630767220}},{"type":"Feature","geometry":{"type":"Point","coordinates":[110.33017,-7.88562]},"properties":{"name":"Soto Sapi Sumilir","type":"Restaurant","category":"sosial_tugas","subcategory":"Restoran","opening_hours":null,"operator":null,"osm_id":3630767229}},{"type":"Feature","geometry":{"type":"Point","coordinates":[110.31394,-7.70248]},"properties":{"name":"Griya Margoagung A3","type":"Restaurant","category":"sosial_tugas","subcategory":"Restoran","opening_hours":null,"operator":null,"osm_id":8601222007}},{"type":"Feature","geometry":{"type":"Point","coordinates":[110.35301,-7.78726]},"properties":{"name":"Anak Panah Kopi","type":"Cafe","category":"sosial_tugas","subcategory":"Kafe","opening_hours":null,"operator":null,"osm_id":10603443058}},{"type":"Feature","geometry":{"type":"Point","coordinates":[110.37306,-7.81978]},"properties":{"name":"Monalisa Burger","type":"Restaurant","category":"sosial_tugas","subcategory":"Restoran","opening_hours":null,"operator":null,"osm_id":12291486193}},{"type":"Feature","geometry":{"type":"Point","coordinates":[110.43207,-7.74057]},"properties":{"name":"Pitoeng Resto","type":"Restaurant","category":"sosial_tugas","subcategory":"Restoran","opening_hours":null,"operator":null,"osm_id":9784485587}},{"type":"Feature","geometry":{"type":"Point","coordinates":[110.41051,-7.76527]},"properties":{"name":"Warung Upnormal","type":"Restaurant","category":"sosial_tugas","subcategory":"Restoran","opening_hours":null,"operator":null,"osm_id":4585547406}},{"type":"Feature","geometry":{"type":"Point","coordinates":[110.44742,-7.70138]},"properties":{"name":"Kacang Ijo. Kaki Lima","type":"Restaurant","category":"sosial_tugas","subcategory":"Restoran","opening_hours":null,"operator":null,"osm_id":3490484570}},{"type":"Feature","geometry":{"type":"Point","coordinates":[110.39884,-7.73565]},"properties":{"name":"Dua Kerbau Kopi & Roti","type":"Cafe","category":"sosial_tugas","subcategory":"Kafe","opening_hours":null,"operator":null,"osm_id":12114421513}},{"type":"Feature","geometry":{"type":"Point","coordinates":[110.39851,-7.74193]},"properties":{"name":"Di Wedangku","type":"Cafe","category":"sosial_tugas","subcategory":"Kafe","opening_hours":"Mo-Su 16:00-23:00","operator":null,"osm_id":12181949403}},{"type":"Feature","geometry":{"type":"Point","coordinates":[110.21578,-7.8473]},"properties":{"name":"Terasloka","type":"Restaurant","category":"sosial_tugas","subcategory":"Restoran","opening_hours":null,"operator":null,"osm_id":9331332723}},{"type":"Feature","geometry":{"type":"Point","coordinates":[110.3599,-7.72014]},"properties":{"name":"Perpustakaan Daerah Kabupaten Sleman","type":"Library","category":"sosial_tugas","subcategory":"Perpustakaan","opening_hours":null,"operator":null,"osm_id":1361184696}},{"type":"Feature","geometry":{"type":"Point","coordinates":[110.36123,-7.70545]},"properties":{"name":"JeJamuran","type":"Restaurant","category":"sosial_tugas","subcategory":"Restoran","opening_hours":"Mo-Su 09:00-21:30","operator":null,"osm_id":4849336921}},{"type":"Feature","geometry":{"type":"Point","coordinates":[110.36462,-7.72736]},"properties":{"name":"Altilis Coffee","type":"Cafe","category":"sosial_tugas","subcategory":"Kafe","opening_hours":"Mo-Su 11:00-23:00","operator":null,"osm_id":11064518681}},{"type":"Feature","geometry":{"type":"Point","coordinates":[110.35544,-7.70914]},"properties":{"name":"Kedai Kopi Rivea","type":"Cafe","category":"sosial_tugas","subcategory":"Kafe","opening_hours":"Mo-Su 06:00-23:00","operator":null,"osm_id":13573729794}},{"type":"Feature","geometry":{"type":"Point","coordinates":[110.36385,-7.73346]},"properties":{"name":"Grha sarina Vidi","type":"Restaurant","category":"sosial_tugas","subcategory":"Restoran","opening_hours":null,"operator":null,"osm_id":4791116022}},{"type":"Feature","geometry":{"type":"Point","coordinates":[110.36099,-7.70503]},"properties":{"name":"JeJamuran","type":"Restaurant","category":"sosial_tugas","subcategory":"Restoran","opening_hours":null,"operator":null,"osm_id":4849336821}},{"type":"Feature","geometry":{"type":"Point","coordinates":[110.37389,-7.70345]},"properties":{"name":"Kopi Tengkleng","type":"Cafe","category":"sosial_tugas","subcategory":"Kafe","opening_hours":null,"operator":null,"osm_id":5920021185}},{"type":"Feature","geometry":{"type":"Point","coordinates":[110.42082,-7.82066]},"properties":{"name":"Soto Ayam Pak Min Klaten","type":"Restaurant","category":"sosial_tugas","subcategory":"Restoran","opening_hours":null,"operator":null,"osm_id":9811778378}},{"type":"Feature","geometry":{"type":"Point","coordinates":[110.05969,-7.89855]},"properties":{"name":"Cafe","type":"Cafe","category":"sosial_tugas","subcategory":"Kafe","opening_hours":null,"operator":null,"osm_id":10770127716}},{"type":"Feature","geometry":{"type":"Point","coordinates":[110.37507,-7.61558]},"properties":{"name":"Restaurant","type":"Restaurant","category":"sosial_tugas","subcategory":"Restoran","opening_hours":null,"operator":null,"osm_id":4708915691}},{"type":"Feature","geometry":{"type":"Point","coordinates":[110.43407,-7.64394]},"properties":{"name":"Warung Eyup","type":"Restaurant","category":"sosial_tugas","subcategory":"Restoran","opening_hours":"Mo-Su 07:30-19:30","operator":null,"osm_id":10201073430}},{"type":"Feature","geometry":{"type":"Point","coordinates":[110.48211,-7.73778]},"properties":{"name":"Kebab Gulung","type":"Fast Food","category":"sosial_tugas","subcategory":"Fast Food","opening_hours":null,"operator":null,"osm_id":11896695672}},{"type":"Feature","geometry":{"type":"Point","coordinates":[110.51745,-7.86745]},"properties":{"name":"Warung Makan Mie Ayam Goreng","type":"Restaurant","category":"sosial_tugas","subcategory":"Restoran","opening_hours":null,"operator":null,"osm_id":9751925442}},{"type":"Feature","geometry":{"type":"Point","coordinates":[110.37342,-7.78759]},"properties":{"name":"Oseng-oseng Mercon Bu Narti","type":"Restaurant","category":"sosial_tugas","subcategory":"Restoran","opening_hours":null,"operator":null,"osm_id":9175271265}},{"type":"Feature","geometry":{"type":"Point","coordinates":[110.37961,-7.78744]},"properties":{"name":"Doniteni","type":"Restaurant","category":"sosial_tugas","subcategory":"Restoran","opening_hours":null,"operator":null,"osm_id":9205485633}},{"type":"Feature","geometry":{"type":"Point","coordinates":[110.38022,-7.7875]},"properties":{"name":"Warung Makan Pak Lay","type":"Restaurant","category":"sosial_tugas","subcategory":"Restoran","opening_hours":null,"operator":null,"osm_id":9205485638}},{"type":"Feature","geometry":{"type":"Point","coordinates":[110.40242,-7.80465]},"properties":{"name":"Mie Ayam Bakso Bima","type":"Restaurant","category":"sosial_tugas","subcategory":"Restoran","opening_hours":null,"operator":null,"osm_id":9914318409}},{"type":"Feature","geometry":{"type":"Point","coordinates":[110.38785,-7.83414]},"properties":{"name":"Gudeg Bu Tiwik","type":"Restaurant","category":"sosial_tugas","subcategory":"Restoran","opening_hours":null,"operator":null,"osm_id":9811875148}},{"type":"Feature","geometry":{"type":"Point","coordinates":[110.31892,-7.81737]},"properties":{"name":"Warung Soto Cerak Ati","type":"Restaurant","category":"sosial_tugas","subcategory":"Restoran","opening_hours":null,"operator":null,"osm_id":9800621229}},{"type":"Feature","geometry":{"type":"Point","coordinates":[110.41888,-7.6807]},"properties":{"name":"Warung Jadah Tempe Mbah Carik","type":"Restaurant","category":"sosial_tugas","subcategory":"Restoran","opening_hours":null,"operator":null,"osm_id":9894620690}},{"type":"Feature","geometry":{"type":"Point","coordinates":[110.47116,-7.74844]},"properties":{"name":"Ayam Goreng Nyambleng Jogja","type":"Restaurant","category":"sosial_tugas","subcategory":"Restoran","opening_hours":null,"operator":null,"osm_id":9725615651}},{"type":"Feature","geometry":{"type":"Point","coordinates":[110.47114,-7.7496]},"properties":{"name":"Warung Siomay Kang Yuda","type":"Restaurant","category":"sosial_tugas","subcategory":"Restoran","opening_hours":null,"operator":null,"osm_id":9725537291}},{"type":"Feature","geometry":{"type":"Point","coordinates":[110.48105,-7.74918]},"properties":{"name":"Warmindo Empat Putri","type":"Restaurant","category":"sosial_tugas","subcategory":"Restoran","opening_hours":null,"operator":null,"osm_id":9906082860}},{"type":"Feature","geometry":{"type":"Point","coordinates":[110.48105,-7.74744]},"properties":{"name":"Es Buah & Es Teler tombo ngelak","type":"Fast Food","category":"sosial_tugas","subcategory":"Fast Food","opening_hours":null,"operator":null,"osm_id":9682457635}},{"type":"Feature","geometry":{"type":"Point","coordinates":[110.47116,-7.74434]},"properties":{"name":"Muyegh Bakso Isi & Fried Chicken","type":"Restaurant","category":"sosial_tugas","subcategory":"Restoran","opening_hours":null,"operator":null,"osm_id":9682458699}},{"type":"Feature","geometry":{"type":"Point","coordinates":[110.48133,-7.7424]},"properties":{"name":"Bakso Pos Wonogiri","type":"Restaurant","category":"sosial_tugas","subcategory":"Restoran","opening_hours":null,"operator":null,"osm_id":10232351541}},{"type":"Feature","geometry":{"type":"Point","coordinates":[110.47988,-7.74251]},"properties":{"name":"Kedulan Resto & Cafe","type":"Restaurant","category":"sosial_tugas","subcategory":"Restoran","opening_hours":null,"operator":null,"osm_id":9725632643}},{"type":"Feature","geometry":{"type":"Point","coordinates":[110.4812,-7.74273]},"properties":{"name":"Joglo President","type":"Restaurant","category":"sosial_tugas","subcategory":"Restoran","opening_hours":null,"operator":null,"osm_id":10196249969}},{"type":"Feature","geometry":{"type":"Point","coordinates":[110.48062,-7.74393]},"properties":{"name":"Warung Kopi & Warung Makan nDeso","type":"Restaurant","category":"sosial_tugas","subcategory":"Restoran","opening_hours":null,"operator":null,"osm_id":9725630572}},{"type":"Feature","geometry":{"type":"Point","coordinates":[110.47753,-7.74343]},"properties":{"name":"Warung Makan Dek Kirana","type":"Restaurant","category":"sosial_tugas","subcategory":"Restoran","opening_hours":null,"operator":null,"osm_id":9725624818}},{"type":"Feature","geometry":{"type":"Point","coordinates":[110.48143,-7.74108]},"properties":{"name":"Sate Kambing mbak arum","type":"Restaurant","category":"sosial_tugas","subcategory":"Restoran","opening_hours":null,"operator":null,"osm_id":9740796650}},{"type":"Feature","geometry":{"type":"Point","coordinates":[110.48141,-7.74026]},"properties":{"name":"Grosir dan Ecer Kelapa Muda Wely","type":"Restaurant","category":"sosial_tugas","subcategory":"Restoran","opening_hours":null,"operator":null,"osm_id":10180034446}},{"type":"Feature","geometry":{"type":"Point","coordinates":[110.48174,-7.73994]},"properties":{"name":"Ayam Goreng Mbak Tia","type":"Restaurant","category":"sosial_tugas","subcategory":"Restoran","opening_hours":null,"operator":null,"osm_id":9678948389}},{"type":"Feature","geometry":{"type":"Point","coordinates":[110.48133,-7.73643]},"properties":{"name":"Happy Chicken","type":"Fast Food","category":"sosial_tugas","subcategory":"Fast Food","opening_hours":null,"operator":null,"osm_id":9705035447}},{"type":"Feature","geometry":{"type":"Point","coordinates":[110.48178,-7.73638]},"properties":{"name":"Malming","type":"Fast Food","category":"sosial_tugas","subcategory":"Fast Food","opening_hours":null,"operator":null,"osm_id":9740767997}},{"type":"Feature","geometry":{"type":"Point","coordinates":[110.48232,-7.73655]},"properties":{"name":"Aneka Jajanan Pasar \"Metu Esuk\"","type":"Fast Food","category":"sosial_tugas","subcategory":"Fast Food","opening_hours":null,"operator":null,"osm_id":9698295421}},{"type":"Feature","geometry":{"type":"Point","coordinates":[110.48234,-7.73676]},"properties":{"name":"Bakso dan Mie Ayam Semulur","type":"Restaurant","category":"sosial_tugas","subcategory":"Restoran","opening_hours":null,"operator":null,"osm_id":9670086397}},{"type":"Feature","geometry":{"type":"Point","coordinates":[110.48512,-7.73589]},"properties":{"name":"Lesehan Sederhana Mas Yoyok","type":"Restaurant","category":"sosial_tugas","subcategory":"Restoran","opening_hours":null,"operator":null,"osm_id":10137552677}},{"type":"Feature","geometry":{"type":"Point","coordinates":[110.48493,-7.73621]},"properties":{"name":"Spesial Bakso Jumbo & Mie Ayam Idaman","type":"Restaurant","category":"sosial_tugas","subcategory":"Restoran","opening_hours":null,"operator":null,"osm_id":10120297907}},{"type":"Feature","geometry":{"type":"Point","coordinates":[110.48169,-7.73618]},"properties":{"name":"Salero Roso","type":"Restaurant","category":"sosial_tugas","subcategory":"Restoran","opening_hours":null,"operator":null,"osm_id":9843829171}},{"type":"Feature","geometry":{"type":"Point","coordinates":[110.47917,-7.73621]},"properties":{"name":"Bakmi Jawa Legendaris Mbah Gombloh","type":"Restaurant","category":"sosial_tugas","subcategory":"Restoran","opening_hours":null,"operator":null,"osm_id":9709412795}},{"type":"Feature","geometry":{"type":"Point","coordinates":[110.47398,-7.73478]},"properties":{"name":"Rumah Makan Padang Asli","type":"Restaurant","category":"sosial_tugas","subcategory":"Restoran","opening_hours":null,"operator":null,"osm_id":10675646037}},{"type":"Feature","geometry":{"type":"Point","coordinates":[110.47209,-7.73339]},"properties":{"name":"Bakso Mie Ayam Aneka Wonogiri","type":"Restaurant","category":"sosial_tugas","subcategory":"Restoran","opening_hours":null,"operator":null,"osm_id":9920969395}},{"type":"Feature","geometry":{"type":"Point","coordinates":[110.47209,-7.73149]},"properties":{"name":"Naoki Chicken & Cafe","type":"Fast Food","category":"sosial_tugas","subcategory":"Fast Food","opening_hours":null,"operator":null,"osm_id":9857811683}},{"type":"Feature","geometry":{"type":"Point","coordinates":[110.48485,-7.72718]},"properties":{"name":"Mie Ayam & Bakso NGEJOOO","type":"Restaurant","category":"sosial_tugas","subcategory":"Restoran","opening_hours":null,"operator":"Listina Mukti Dalem","osm_id":10066547578}},{"type":"Feature","geometry":{"type":"Point","coordinates":[110.39001,-7.74615]},"properties":{"name":"Restaurant","type":"Restaurant","category":"sosial_tugas","subcategory":"Restoran","opening_hours":null,"operator":null,"osm_id":3279622593}},{"type":"Feature","geometry":{"type":"Point","coordinates":[110.39595,-7.74973]},"properties":{"name":"Warung Putra Bojong Nangka","type":"Restaurant","category":"sosial_tugas","subcategory":"Restoran","opening_hours":null,"operator":null,"osm_id":4590655054}},{"type":"Feature","geometry":{"type":"Point","coordinates":[110.39899,-7.74947]},"properties":{"name":"Sate Klathak & Tengkleng Pak Jay","type":"Restaurant","category":"sosial_tugas","subcategory":"Restoran","opening_hours":null,"operator":null,"osm_id":9859588066}},{"type":"Feature","geometry":{"type":"Point","coordinates":[110.39918,-7.73874]},"properties":{"name":"Loka loka","type":"Restaurant","category":"sosial_tugas","subcategory":"Restoran","opening_hours":null,"operator":null,"osm_id":3856942968}},{"type":"Feature","geometry":{"type":"Point","coordinates":[110.394,-7.73555]},"properties":{"name":"Resto Jogjo Asri","type":"Restaurant","category":"sosial_tugas","subcategory":"Restoran","opening_hours":null,"operator":null,"osm_id":10136686995}},{"type":"Feature","geometry":{"type":"Point","coordinates":[110.39433,-7.73573]},"properties":{"name":"Restaurant","type":"Restaurant","category":"sosial_tugas","subcategory":"Restoran","opening_hours":null,"operator":null,"osm_id":10136746199}},{"type":"Feature","geometry":{"type":"Point","coordinates":[110.39921,-7.73154]},"properties":{"name":"Cafe","type":"Cafe","category":"sosial_tugas","subcategory":"Kafe","opening_hours":null,"operator":null,"osm_id":8355174048}},{"type":"Feature","geometry":{"type":"Point","coordinates":[110.39905,-7.73147]},"properties":{"name":"Ss Sensasi Puedass","type":"Restaurant","category":"sosial_tugas","subcategory":"Restoran","opening_hours":null,"operator":null,"osm_id":6413597524}},{"type":"Feature","geometry":{"type":"Point","coordinates":[110.39347,-7.73434]},"properties":{"name":"Ayam Goreng Pak Parman","type":"Restaurant","category":"sosial_tugas","subcategory":"Restoran","opening_hours":null,"operator":null,"osm_id":1769351619}},{"type":"Feature","geometry":{"type":"Point","coordinates":[110.3937,-7.73423]},"properties":{"name":"Soto Pak Jamal","type":"Restaurant","category":"sosial_tugas","subcategory":"Restoran","opening_hours":null,"operator":null,"osm_id":1769351633}},{"type":"Feature","geometry":{"type":"Point","coordinates":[110.38876,-7.73383]},"properties":{"name":"Warung Mas Kali","type":"Cafe","category":"sosial_tugas","subcategory":"Kafe","opening_hours":null,"operator":null,"osm_id":3214965917}},{"type":"Feature","geometry":{"type":"Point","coordinates":[110.41164,-7.70677]},"properties":{"name":"warung SS","type":"Restaurant","category":"sosial_tugas","subcategory":"Restoran","opening_hours":null,"operator":null,"osm_id":6278524783}},{"type":"Feature","geometry":{"type":"Point","coordinates":[110.43252,-7.70475]},"properties":{"name":"Mie Ayam Pak Tni","type":"Restaurant","category":"sosial_tugas","subcategory":"Restoran","opening_hours":null,"operator":null,"osm_id":10048454846}},{"type":"Feature","geometry":{"type":"Point","coordinates":[110.43927,-7.70513]},"properties":{"name":"Family Bakso","type":"Restaurant","category":"sosial_tugas","subcategory":"Restoran","opening_hours":null,"operator":null,"osm_id":9901240025}},{"type":"Feature","geometry":{"type":"Point","coordinates":[110.43785,-7.71171]},"properties":{"name":"Soto Cokro Kembang","type":"Restaurant","category":"sosial_tugas","subcategory":"Restoran","opening_hours":null,"operator":null,"osm_id":9899372074}},{"type":"Feature","geometry":{"type":"Point","coordinates":[110.44003,-7.71293]},"properties":{"name":"Disawa Pawon","type":"Restaurant","category":"sosial_tugas","subcategory":"Restoran","opening_hours":"Sa, Su 08:00-22:00; Tu-Fr 10:00-22:00","operator":null,"osm_id":9676545305}},{"type":"Feature","geometry":{"type":"Point","coordinates":[110.43805,-7.71549]},"properties":{"name":"Sate 3 Dimensi","type":"Restaurant","category":"sosial_tugas","subcategory":"Restoran","opening_hours":null,"operator":null,"osm_id":9899385865}},{"type":"Feature","geometry":{"type":"Point","coordinates":[110.43802,-7.71826]},"properties":{"name":"Amerta Kitchen","type":"Restaurant","category":"sosial_tugas","subcategory":"Restoran","opening_hours":null,"operator":null,"osm_id":9901459780}},{"type":"Feature","geometry":{"type":"Point","coordinates":[110.43438,-7.74229]},"properties":{"name":"Bakpia Pathok Mandiri 214","type":"Fast Food","category":"sosial_tugas","subcategory":"Fast Food","opening_hours":null,"operator":null,"osm_id":9684876370}},{"type":"Feature","geometry":{"type":"Point","coordinates":[110.37352,-7.70859]},"properties":{"name":"Kafe GTA","type":"Cafe","category":"sosial_tugas","subcategory":"Kafe","opening_hours":null,"operator":null,"osm_id":10259607409}},{"type":"Feature","geometry":{"type":"Point","coordinates":[110.3746,-7.74018]},"properties":{"name":"Bogeys","type":"Bar","category":"sosial_tugas","subcategory":"Bar/Pub","opening_hours":null,"operator":null,"osm_id":4854554640}},{"type":"Feature","geometry":{"type":"Point","coordinates":[110.37408,-7.7434]},"properties":{"name":"Peacock Coffee","type":"Cafe","category":"sosial_tugas","subcategory":"Kafe","opening_hours":"24/7","operator":null,"osm_id":4245432589}},{"type":"Feature","geometry":{"type":"Point","coordinates":[110.37431,-7.74279]},"properties":{"name":"Cinema Bakery","type":"Cafe","category":"sosial_tugas","subcategory":"Kafe","opening_hours":null,"operator":null,"osm_id":5243957698}},{"type":"Feature","geometry":{"type":"Point","coordinates":[110.37633,-7.73837]},"properties":{"name":"Tali Roso","type":"Restaurant","category":"sosial_tugas","subcategory":"Restoran","opening_hours":null,"operator":null,"osm_id":9763739114}},{"type":"Feature","geometry":{"type":"Point","coordinates":[110.37917,-7.7376]},"properties":{"name":"Agoge Cafe","type":"Cafe","category":"sosial_tugas","subcategory":"Kafe","opening_hours":null,"operator":null,"osm_id":9935538117}},{"type":"Feature","geometry":{"type":"Point","coordinates":[110.38,-7.73065]},"properties":{"name":"Bebek Tepi Sawah Jogja","type":"Restaurant","category":"sosial_tugas","subcategory":"Restoran","opening_hours":null,"operator":null,"osm_id":1769543339}},{"type":"Feature","geometry":{"type":"Point","coordinates":[110.38358,-7.73101]},"properties":{"name":"Iga Sapi Bali","type":"Restaurant","category":"sosial_tugas","subcategory":"Restoran","opening_hours":null,"operator":null,"osm_id":1769538005}},{"type":"Feature","geometry":{"type":"Point","coordinates":[110.38113,-7.73103]},"properties":{"name":"Jimbaran Resto","type":"Restaurant","category":"sosial_tugas","subcategory":"Restoran","opening_hours":null,"operator":null,"osm_id":1769537992}},{"type":"Feature","geometry":{"type":"Point","coordinates":[110.38125,-7.7321]},"properties":{"name":"Madagascar Seafood Jogja","type":"Restaurant","category":"sosial_tugas","subcategory":"Restoran","opening_hours":"11:00-22:00","operator":null,"osm_id":5154076262}},{"type":"Feature","geometry":{"type":"Point","coordinates":[110.38496,-7.73274]},"properties":{"name":"The Captain","type":"Bar","category":"sosial_tugas","subcategory":"Bar/Pub","opening_hours":null,"operator":null,"osm_id":3214965919}},{"type":"Feature","geometry":{"type":"Point","coordinates":[110.38485,-7.73281]},"properties":{"name":"Rumah Makan Khao Pad","type":"Restaurant","category":"sosial_tugas","subcategory":"Restoran","opening_hours":null,"operator":null,"osm_id":1769538007}},{"type":"Feature","geometry":{"type":"Point","coordinates":[110.36283,-7.73426]},"properties":{"name":"Cafe league","type":"Cafe","category":"sosial_tugas","subcategory":"Kafe","opening_hours":null,"operator":null,"osm_id":1847960216}},{"type":"Feature","geometry":{"type":"Point","coordinates":[110.36372,-7.72846]},"properties":{"name":"Rumah Makan Pring Sewu","type":"Restaurant","category":"sosial_tugas","subcategory":"Restoran","opening_hours":null,"operator":null,"osm_id":1360229988}},{"type":"Feature","geometry":{"type":"Point","coordinates":[110.48471,-7.75153]},"properties":{"name":"Sego Wader","type":"Restaurant","category":"sosial_tugas","subcategory":"Restoran","opening_hours":"Mo-Su 09:00-21:00","operator":null,"osm_id":9794759471}},{"type":"Feature","geometry":{"type":"Point","coordinates":[110.53297,-7.87682]},"properties":{"name":"Lesehan Dinda Dewi","type":"Restaurant","category":"sosial_tugas","subcategory":"Restoran","opening_hours":null,"operator":null,"osm_id":9751910469}},{"type":"Feature","geometry":{"type":"Point","coordinates":[110.43761,-7.68292]},"properties":{"name":"Sate Ayam Madura","type":"Restaurant","category":"sosial_tugas","subcategory":"Restoran","opening_hours":"Mo-Su 15:00-22:00","operator":null,"osm_id":10936212042}},{"type":"Feature","geometry":{"type":"Point","coordinates":[110.43139,-7.65425]},"properties":{"name":"Timbul Roso","type":"Restaurant","category":"sosial_tugas","subcategory":"Restoran","opening_hours":null,"operator":null,"osm_id":6704977785}},{"type":"Feature","geometry":{"type":"Point","coordinates":[110.4345,-7.64581]},"properties":{"name":"Balilegi","type":"Restaurant","category":"sosial_tugas","subcategory":"Restoran","opening_hours":null,"operator":null,"osm_id":10201051456}},{"type":"Feature","geometry":{"type":"Point","coordinates":[110.44618,-7.6269]},"properties":{"name":"ksc caf\u00e9","type":"Cafe","category":"sosial_tugas","subcategory":"Kafe","opening_hours":"Mo-Fr 15:00-22:00; Sa-Su 07:00-22:00","operator":null,"osm_id":10206659366}},{"type":"Feature","geometry":{"type":"Point","coordinates":[110.3646,-7.64091]},"properties":{"name":"Toko Kelontong","type":"Restaurant","category":"sosial_tugas","subcategory":"Restoran","opening_hours":null,"operator":null,"osm_id":10180631803}},{"type":"Feature","geometry":{"type":"Point","coordinates":[110.3771,-7.65205]},"properties":{"name":"Tong Seng","type":"Restaurant","category":"sosial_tugas","subcategory":"Restoran","opening_hours":null,"operator":null,"osm_id":4146198191}},{"type":"Feature","geometry":{"type":"Point","coordinates":[110.37616,-7.65359]},"properties":{"name":"Bakso Bgong","type":"Fast Food","category":"sosial_tugas","subcategory":"Fast Food","opening_hours":null,"operator":null,"osm_id":4146198189}},{"type":"Feature","geometry":{"type":"Point","coordinates":[110.36974,-7.6286]},"properties":{"name":"De' Ngalas","type":"Cafe","category":"sosial_tugas","subcategory":"Kafe","opening_hours":null,"operator":null,"osm_id":10945618132}},{"type":"Feature","geometry":{"type":"Point","coordinates":[110.43397,-7.74514]},"properties":{"name":"Choky Spaghetti","type":"Restaurant","category":"sosial_tugas","subcategory":"Restoran","opening_hours":null,"operator":null,"osm_id":9784600988}},{"type":"Feature","geometry":{"type":"Point","coordinates":[110.43424,-7.74895]},"properties":{"name":"Sate Tegal Pak Dhe","type":"Restaurant","category":"sosial_tugas","subcategory":"Restoran","opening_hours":null,"operator":null,"osm_id":9784603885}},{"type":"Feature","geometry":{"type":"Point","coordinates":[110.44942,-7.74697]},"properties":{"name":"Martabak & Terang Bulan 99 Bromonilan","type":"Fast Food","category":"sosial_tugas","subcategory":"Fast Food","opening_hours":null,"operator":null,"osm_id":9670163084}},{"type":"Feature","geometry":{"type":"Point","coordinates":[110.44946,-7.7468]},"properties":{"name":"ONO DIM SUM","type":"Fast Food","category":"sosial_tugas","subcategory":"Fast Food","opening_hours":"Mo-Su 09:00-21:00","operator":null,"osm_id":9670265479}},{"type":"Feature","geometry":{"type":"Point","coordinates":[110.46189,-7.7468]},"properties":{"name":"Mie Ayam & Bakso Tunggal Roso","type":"Restaurant","category":"sosial_tugas","subcategory":"Restoran","opening_hours":null,"operator":null,"osm_id":9997212956}},{"type":"Feature","geometry":{"type":"Point","coordinates":[110.44911,-7.74755]},"properties":{"name":"Boba Time","type":"Fast Food","category":"sosial_tugas","subcategory":"Fast Food","opening_hours":null,"operator":null,"osm_id":9722501869}},{"type":"Feature","geometry":{"type":"Point","coordinates":[110.44987,-7.74513]},"properties":{"name":"Rumah Makan Rata-Rata","type":"Restaurant","category":"sosial_tugas","subcategory":"Restoran","opening_hours":null,"operator":null,"osm_id":9705060074}},{"type":"Feature","geometry":{"type":"Point","coordinates":[110.45007,-7.74457]},"properties":{"name":"Bakso & Mie Suketz","type":"Restaurant","category":"sosial_tugas","subcategory":"Restoran","opening_hours":null,"operator":null,"osm_id":9722416776}},{"type":"Feature","geometry":{"type":"Point","coordinates":[110.46152,-7.74274]},"properties":{"name":"Angkringan Mbak Ayu","type":"Restaurant","category":"sosial_tugas","subcategory":"Restoran","opening_hours":null,"operator":null,"osm_id":9778832542}},{"type":"Feature","geometry":{"type":"Point","coordinates":[110.46173,-7.74287]},"properties":{"name":"Martabak Manis","type":"Fast Food","category":"sosial_tugas","subcategory":"Fast Food","opening_hours":null,"operator":null,"osm_id":9678960614}},{"type":"Feature","geometry":{"type":"Point","coordinates":[110.45227,-7.73925]},"properties":{"name":"Jus","type":"Fast Food","category":"sosial_tugas","subcategory":"Fast Food","opening_hours":null,"operator":null,"osm_id":9743118819}},{"type":"Feature","geometry":{"type":"Point","coordinates":[110.45201,-7.73919]},"properties":{"name":"Angkringan Soringan Daris","type":"Restaurant","category":"sosial_tugas","subcategory":"Restoran","opening_hours":null,"operator":null,"osm_id":9719582098}},{"type":"Feature","geometry":{"type":"Point","coordinates":[110.45188,-7.7389]},"properties":{"name":"Pizza Dezzo Kalasan","type":"Fast Food","category":"sosial_tugas","subcategory":"Fast Food","opening_hours":null,"operator":null,"osm_id":9704546375}},{"type":"Feature","geometry":{"type":"Point","coordinates":[110.45186,-7.73876]},"properties":{"name":"R.M. Janjang Ameh","type":"Restaurant","category":"sosial_tugas","subcategory":"Restoran","opening_hours":null,"operator":null,"osm_id":9704527428}},{"type":"Feature","geometry":{"type":"Point","coordinates":[110.45239,-7.73938]},"properties":{"name":"Bakso & Mie Ayam Mas Punung","type":"Restaurant","category":"sosial_tugas","subcategory":"Restoran","opening_hours":null,"operator":null,"osm_id":10614935364}},{"type":"Feature","geometry":{"type":"Point","coordinates":[110.45554,-7.74033]},"properties":{"name":"Ayam Mrothol","type":"Fast Food","category":"sosial_tugas","subcategory":"Fast Food","opening_hours":null,"operator":null,"osm_id":9705011411}},{"type":"Feature","geometry":{"type":"Point","coordinates":[110.45578,-7.74066]},"properties":{"name":"Onlina Snack","type":"Fast Food","category":"sosial_tugas","subcategory":"Fast Food","opening_hours":null,"operator":null,"osm_id":9778854425}},{"type":"Feature","geometry":{"type":"Point","coordinates":[110.46086,-7.74143]},"properties":{"name":"Angkringan Mayor","type":"Restaurant","category":"sosial_tugas","subcategory":"Restoran","opening_hours":null,"operator":null,"osm_id":9778843288}},{"type":"Feature","geometry":{"type":"Point","coordinates":[110.46053,-7.74134]},"properties":{"name":"Soto Gedhek Kalasan","type":"Restaurant","category":"sosial_tugas","subcategory":"Restoran","opening_hours":null,"operator":null,"osm_id":9678942457}},{"type":"Feature","geometry":{"type":"Point","coordinates":[110.46134,-7.74155]},"properties":{"name":"Burjo Gavindo","type":"Restaurant","category":"sosial_tugas","subcategory":"Restoran","opening_hours":null,"operator":null,"osm_id":9678949966}},{"type":"Feature","geometry":{"type":"Point","coordinates":[110.45109,-7.74156]},"properties":{"name":"Mbah Mayor Cafe","type":"Cafe","category":"sosial_tugas","subcategory":"Kafe","opening_hours":null,"operator":null,"osm_id":9705069232}},{"type":"Feature","geometry":{"type":"Point","coordinates":[110.43422,-7.73987]},"properties":{"name":"Rocket Chicken","type":"Fast Food","category":"sosial_tugas","subcategory":"Fast Food","opening_hours":null,"operator":null,"osm_id":9704546104}},{"type":"Feature","geometry":{"type":"Point","coordinates":[110.42832,-7.7389]},"properties":{"name":"OmahSawah Food Corner","type":"Restaurant","category":"sosial_tugas","subcategory":"Restoran","opening_hours":null,"operator":null,"osm_id":9740819145}},{"type":"Feature","geometry":{"type":"Point","coordinates":[110.43679,-7.73545]},"properties":{"name":"Bakso & Mie Ayam CeKa","type":"Restaurant","category":"sosial_tugas","subcategory":"Restoran","opening_hours":null,"operator":null,"osm_id":9740795128}},{"type":"Feature","geometry":{"type":"Point","coordinates":[110.43648,-7.73538]},"properties":{"name":"Bakso Dolo","type":"Restaurant","category":"sosial_tugas","subcategory":"Restoran","opening_hours":null,"operator":null,"osm_id":9778676476}},{"type":"Feature","geometry":{"type":"Point","coordinates":[110.42999,-7.73438]},"properties":{"name":"Warung Angkringan Mbah Kakung","type":"Restaurant","category":"sosial_tugas","subcategory":"Restoran","opening_hours":null,"operator":null,"osm_id":9778690111}},{"type":"Feature","geometry":{"type":"Point","coordinates":[110.43174,-7.73483]},"properties":{"name":"Griya Dhahar & Catering Sumilir","type":"Restaurant","category":"sosial_tugas","subcategory":"Restoran","opening_hours":null,"operator":null,"osm_id":9778837428}},{"type":"Feature","geometry":{"type":"Point","coordinates":[110.4382,-7.73571]},"properties":{"name":"Cafe Ngopa Ngopi Ngopo","type":"Cafe","category":"sosial_tugas","subcategory":"Kafe","opening_hours":"Mo-Su 08:00-23:00","operator":null,"osm_id":9676516711}},{"type":"Feature","geometry":{"type":"Point","coordinates":[110.43817,-7.73595]},"properties":{"name":"Sate Kambing Pratama","type":"Restaurant","category":"sosial_tugas","subcategory":"Restoran","opening_hours":null,"operator":null,"osm_id":9764193573}},{"type":"Feature","geometry":{"type":"Point","coordinates":[110.44538,-7.73721]},"properties":{"name":"Warung Lumintu","type":"Restaurant","category":"sosial_tugas","subcategory":"Restoran","opening_hours":null,"operator":null,"osm_id":9740774913}},{"type":"Feature","geometry":{"type":"Point","coordinates":[110.44525,-7.73715]},"properties":{"name":"Mie Ayam Tiara 2","type":"Restaurant","category":"sosial_tugas","subcategory":"Restoran","opening_hours":null,"operator":null,"osm_id":9740826618}},{"type":"Feature","geometry":{"type":"Point","coordinates":[110.44457,-7.7369]},"properties":{"name":"Jus Buah","type":"Fast Food","category":"sosial_tugas","subcategory":"Fast Food","opening_hours":null,"operator":null,"osm_id":9742627503}},{"type":"Feature","geometry":{"type":"Point","coordinates":[110.44455,-7.7369]},"properties":{"name":"Soto Batok X-Kuning","type":"Restaurant","category":"sosial_tugas","subcategory":"Restoran","opening_hours":null,"operator":null,"osm_id":9704557259}},{"type":"Feature","geometry":{"type":"Point","coordinates":[110.45339,-7.7302]},"properties":{"name":"Dapur New Yorkarto","type":"Restaurant","category":"sosial_tugas","subcategory":"Restoran","opening_hours":"Mo-Th, Sa, Su 10:00-20:30","operator":null,"osm_id":9663649829}},{"type":"Feature","geometry":{"type":"Point","coordinates":[110.355,-7.73876]},"properties":{"name":"Warung Soto","type":"Restaurant","category":"sosial_tugas","subcategory":"Restoran","opening_hours":null,"operator":null,"osm_id":10180825482}},{"type":"Feature","geometry":{"type":"Point","coordinates":[110.36758,-7.74007]},"properties":{"name":"Secluded","type":"Restaurant","category":"sosial_tugas","subcategory":"Restoran","opening_hours":null,"operator":"Kharma","osm_id":10261952749}},{"type":"Feature","geometry":{"type":"Point","coordinates":[110.36256,-7.74845]},"properties":{"name":"Bakmi Jombor","type":"Restaurant","category":"sosial_tugas","subcategory":"Restoran","opening_hours":null,"operator":null,"osm_id":1847989864}},{"type":"Feature","geometry":{"type":"Point","coordinates":[110.36259,-7.74827]},"properties":{"name":"RM Menara Kudus","type":"Restaurant","category":"sosial_tugas","subcategory":"Restoran","opening_hours":null,"operator":null,"osm_id":1847989065}},{"type":"Feature","geometry":{"type":"Point","coordinates":[110.36255,-7.74811]},"properties":{"name":"bakmi Jombor","type":"Restaurant","category":"sosial_tugas","subcategory":"Restoran","opening_hours":null,"operator":null,"osm_id":1847989869}},{"type":"Feature","geometry":{"type":"Point","coordinates":[110.36229,-7.74413]},"properties":{"name":"Soto Pak Mustofa","type":"Restaurant","category":"sosial_tugas","subcategory":"Restoran","opening_hours":null,"operator":null,"osm_id":1847980164}},{"type":"Feature","geometry":{"type":"Point","coordinates":[110.33039,-7.73797]},"properties":{"name":"Fast Food","type":"Fast Food","category":"sosial_tugas","subcategory":"Fast Food","opening_hours":null,"operator":null,"osm_id":5729356102}},{"type":"Feature","geometry":{"type":"Point","coordinates":[110.48287,-7.78943]},"properties":{"name":"Restaurant","type":"Restaurant","category":"sosial_tugas","subcategory":"Restoran","opening_hours":null,"operator":null,"osm_id":9748839229}},{"type":"Feature","geometry":{"type":"Point","coordinates":[110.48251,-7.78923]},"properties":{"name":"Warung DPR Dapur Pak Robie","type":"Restaurant","category":"sosial_tugas","subcategory":"Restoran","opening_hours":null,"operator":null,"osm_id":5155072654}},{"type":"Feature","geometry":{"type":"Point","coordinates":[110.48284,-7.79027]},"properties":{"name":"Mie Ayam Bakso","type":"Restaurant","category":"sosial_tugas","subcategory":"Restoran","opening_hours":null,"operator":null,"osm_id":9748820160}},{"type":"Feature","geometry":{"type":"Point","coordinates":[110.4826,-7.79193]},"properties":{"name":"Resto Maduroso","type":"Restaurant","category":"sosial_tugas","subcategory":"Restoran","opening_hours":null,"operator":null,"osm_id":9748846841}},{"type":"Feature","geometry":{"type":"Point","coordinates":[110.48285,-7.79278]},"properties":{"name":"Sop Ayam","type":"Restaurant","category":"sosial_tugas","subcategory":"Restoran","opening_hours":null,"operator":null,"osm_id":9748830539}},{"type":"Feature","geometry":{"type":"Point","coordinates":[110.47923,-7.7924]},"properties":{"name":"Burjo Gapuro","type":"Restaurant","category":"sosial_tugas","subcategory":"Restoran","opening_hours":null,"operator":null,"osm_id":9748836173}},{"type":"Feature","geometry":{"type":"Point","coordinates":[110.44646,-7.79111]},"properties":{"name":"Djawara Bakso & Mie Ayam","type":"Restaurant","category":"sosial_tugas","subcategory":"Restoran","opening_hours":null,"operator":null,"osm_id":9697446970}},{"type":"Feature","geometry":{"type":"Point","coordinates":[110.44667,-7.79112]},"properties":{"name":"Cafe Warung Idhe Tentang Rasa","type":"Restaurant","category":"sosial_tugas","subcategory":"Restoran","opening_hours":"Mo-Sa 17:00-00:00","operator":null,"osm_id":9670259499}},{"type":"Feature","geometry":{"type":"Point","coordinates":[110.44602,-7.7921]},"properties":{"name":"Sate Kambing Muda Restu Ibu","type":"Restaurant","category":"sosial_tugas","subcategory":"Restoran","opening_hours":null,"operator":null,"osm_id":9811837487}},{"type":"Feature","geometry":{"type":"Point","coordinates":[110.45856,-7.79301]},"properties":{"name":"Omah Dhahar Watu Genthong","type":"Restaurant","category":"sosial_tugas","subcategory":"Restoran","opening_hours":null,"operator":null,"osm_id":9950528593}},{"type":"Feature","geometry":{"type":"Point","coordinates":[110.48281,-7.79384]},"properties":{"name":"Bakmi Jowo Antero","type":"Restaurant","category":"sosial_tugas","subcategory":"Restoran","opening_hours":null,"operator":null,"osm_id":5155072941}},{"type":"Feature","geometry":{"type":"Point","coordinates":[110.48286,-7.79326]},"properties":{"name":"Yogya Chicken","type":"Restaurant","category":"sosial_tugas","subcategory":"Restoran","opening_hours":null,"operator":null,"osm_id":9748830453}},{"type":"Feature","geometry":{"type":"Point","coordinates":[110.29054,-7.76389]},"properties":{"name":"Rumah Makan Padang","type":"Restaurant","category":"sosial_tugas","subcategory":"Restoran","opening_hours":null,"operator":null,"osm_id":5671039486}},{"type":"Feature","geometry":{"type":"Point","coordinates":[110.3116,-7.785]},"properties":{"name":"Gudeg Mbah Kayah","type":"Restaurant","category":"sosial_tugas","subcategory":"Restoran","opening_hours":"Mo-Sa 07:00-09:00","operator":null,"osm_id":10697687786}},{"type":"Feature","geometry":{"type":"Point","coordinates":[110.32303,-7.78308]},"properties":{"name":"Padang Murah","type":"Restaurant","category":"sosial_tugas","subcategory":"Restoran","opening_hours":null,"operator":null,"osm_id":4146166515}},{"type":"Feature","geometry":{"type":"Point","coordinates":[110.3269,-7.92892]},"properties":{"name":"Joeragan Bakso","type":"Restaurant","category":"sosial_tugas","subcategory":"Restoran","opening_hours":null,"operator":null,"osm_id":10310581409}},{"type":"Feature","geometry":{"type":"Point","coordinates":[110.32052,-7.92745]},"properties":{"name":"Rocket Chicken","type":"Fast Food","category":"sosial_tugas","subcategory":"Fast Food","opening_hours":null,"operator":null,"osm_id":9812046198}},{"type":"Feature","geometry":{"type":"Point","coordinates":[110.32087,-7.92722]},"properties":{"name":"Bakso Jaka","type":"Restaurant","category":"sosial_tugas","subcategory":"Restoran","opening_hours":null,"operator":null,"osm_id":4831903832}},{"type":"Feature","geometry":{"type":"Point","coordinates":[110.31674,-7.93086]},"properties":{"name":"Omah Tiwan","type":"Restaurant","category":"sosial_tugas","subcategory":"Restoran","opening_hours":null,"operator":null,"osm_id":10310689025}},{"type":"Feature","geometry":{"type":"Point","coordinates":[110.48761,-7.94575]},"properties":{"name":"Warung Sri Agung","type":"Restaurant","category":"sosial_tugas","subcategory":"Restoran","opening_hours":null,"operator":null,"osm_id":3451917722}},{"type":"Feature","geometry":{"type":"Point","coordinates":[110.57836,-7.94183]},"properties":{"name":"Bakso Mie Ayam Cak Irin","type":"Restaurant","category":"sosial_tugas","subcategory":"Restoran","opening_hours":null,"operator":null,"osm_id":9751893610}},{"type":"Feature","geometry":{"type":"Point","coordinates":[110.57927,-7.94292]},"properties":{"name":"Sani Rasa","type":"Restaurant","category":"sosial_tugas","subcategory":"Restoran","opening_hours":null,"operator":null,"osm_id":9751906944}},{"type":"Feature","geometry":{"type":"Point","coordinates":[110.57558,-7.9391]},"properties":{"name":"Baskom","type":"Restaurant","category":"sosial_tugas","subcategory":"Restoran","opening_hours":null,"operator":null,"osm_id":9751905446}},{"type":"Feature","geometry":{"type":"Point","coordinates":[110.55539,-7.91393]},"properties":{"name":"Rocket Chicken","type":"Restaurant","category":"sosial_tugas","subcategory":"Restoran","opening_hours":null,"operator":null,"osm_id":9751812814}},{"type":"Feature","geometry":{"type":"Point","coordinates":[110.56755,-7.9298]},"properties":{"name":"Warung Simbok","type":"Restaurant","category":"sosial_tugas","subcategory":"Restoran","opening_hours":null,"operator":null,"osm_id":9751812815}},{"type":"Feature","geometry":{"type":"Point","coordinates":[110.60648,-7.97175]},"properties":{"name":"Ayam Geprek Sa'i","type":"Restaurant","category":"sosial_tugas","subcategory":"Restoran","opening_hours":null,"operator":null,"osm_id":9751923160}},{"type":"Feature","geometry":{"type":"Point","coordinates":[110.58311,-7.97004]},"properties":{"name":"Kandang Ogut","type":"Cafe","category":"sosial_tugas","subcategory":"Kafe","opening_hours":null,"operator":null,"osm_id":10020007934}},{"type":"Feature","geometry":{"type":"Point","coordinates":[110.61742,-7.9818]},"properties":{"name":"Griya Dahar Mbah Bagong","type":"Restaurant","category":"sosial_tugas","subcategory":"Restoran","opening_hours":null,"operator":null,"osm_id":9751912844}},{"type":"Feature","geometry":{"type":"Point","coordinates":[110.62406,-7.9854]},"properties":{"name":"Lesehan Dua Kembar","type":"Restaurant","category":"sosial_tugas","subcategory":"Restoran","opening_hours":null,"operator":null,"osm_id":9751904504}},{"type":"Feature","geometry":{"type":"Point","coordinates":[110.62858,-7.98759]},"properties":{"name":"Sego Berkat","type":"Restaurant","category":"sosial_tugas","subcategory":"Restoran","opening_hours":null,"operator":null,"osm_id":9751913653}},{"type":"Feature","geometry":{"type":"Point","coordinates":[110.42417,-7.7831]},"properties":{"name":"Warung Makan Sri Tumpuk","type":"Restaurant","category":"sosial_tugas","subcategory":"Restoran","opening_hours":null,"operator":null,"osm_id":4590639015}},{"type":"Feature","geometry":{"type":"Point","coordinates":[110.40151,-7.78229]},"properties":{"name":"Starbucks","type":"Cafe","category":"sosial_tugas","subcategory":"Kafe","opening_hours":null,"operator":null,"osm_id":5911959285}},{"type":"Feature","geometry":{"type":"Point","coordinates":[110.40162,-7.78338]},"properties":{"name":"Pempek & Siomay Ulu Banjar","type":"Restaurant","category":"sosial_tugas","subcategory":"Restoran","opening_hours":null,"operator":null,"osm_id":11150179717}},{"type":"Feature","geometry":{"type":"Point","coordinates":[110.39957,-7.7878]},"properties":{"name":"Warung Pak Kumis & Bu Gendut","type":"Restaurant","category":"sosial_tugas","subcategory":"Restoran","opening_hours":null,"operator":null,"osm_id":4146152129}},{"type":"Feature","geometry":{"type":"Point","coordinates":[110.40291,-7.7919]},"properties":{"name":"Vege Jawi","type":"Restaurant","category":"sosial_tugas","subcategory":"Restoran","opening_hours":"Mo-Sa 09:00-20:00","operator":null,"osm_id":6399954954}},{"type":"Feature","geometry":{"type":"Point","coordinates":[110.4323,-7.77074]},"properties":{"name":"Restaurant","type":"Restaurant","category":"sosial_tugas","subcategory":"Restoran","opening_hours":null,"operator":null,"osm_id":10760854079}},{"type":"Feature","geometry":{"type":"Point","coordinates":[110.432,-7.77051]},"properties":{"name":"Warung Manten Anyar","type":"Restaurant","category":"sosial_tugas","subcategory":"Restoran","opening_hours":null,"operator":null,"osm_id":10272443952}},{"type":"Feature","geometry":{"type":"Point","coordinates":[110.44893,-7.76981]},"properties":{"name":"Bakso & Mie Ayam Nio","type":"Restaurant","category":"sosial_tugas","subcategory":"Restoran","opening_hours":null,"operator":null,"osm_id":9722511219}},{"type":"Feature","geometry":{"type":"Point","coordinates":[110.46684,-7.7718]},"properties":{"name":"Restaurant","type":"Restaurant","category":"sosial_tugas","subcategory":"Restoran","opening_hours":null,"operator":null,"osm_id":9796369377}},{"type":"Feature","geometry":{"type":"Point","coordinates":[110.46932,-7.76933]},"properties":{"name":"Bakso Krezzz","type":"Restaurant","category":"sosial_tugas","subcategory":"Restoran","opening_hours":null,"operator":null,"osm_id":9722512775}},{"type":"Feature","geometry":{"type":"Point","coordinates":[110.48796,-7.76745]},"properties":{"name":"Kopi Talang","type":"Restaurant","category":"sosial_tugas","subcategory":"Restoran","opening_hours":null,"operator":null,"osm_id":9748842259}},{"type":"Feature","geometry":{"type":"Point","coordinates":[110.47332,-7.76524]},"properties":{"name":"Mie Ayam Bakso Soto Campur Raden Kang","type":"Restaurant","category":"sosial_tugas","subcategory":"Restoran","opening_hours":null,"operator":null,"osm_id":9811814583}},{"type":"Feature","geometry":{"type":"Point","coordinates":[110.47357,-7.76444]},"properties":{"name":"Kelapa Muda 354","type":"Cafe","category":"sosial_tugas","subcategory":"Kafe","opening_hours":null,"operator":null,"osm_id":10803707137}},{"type":"Feature","geometry":{"type":"Point","coordinates":[110.47418,-7.76373]},"properties":{"name":"Depot Es Kelapa Muda Mbak Endang","type":"Cafe","category":"sosial_tugas","subcategory":"Kafe","opening_hours":null,"operator":null,"osm_id":10129828765}},{"type":"Feature","geometry":{"type":"Point","coordinates":[110.47572,-7.76198]},"properties":{"name":"PUSAT OLEH-OLEH ELLYSIA","type":"Fast Food","category":"sosial_tugas","subcategory":"Fast Food","opening_hours":null,"operator":null,"osm_id":9678984828}},{"type":"Feature","geometry":{"type":"Point","coordinates":[110.47603,-7.7626]},"properties":{"name":"Kopi & Resto Rindu Alam Bambu","type":"Restaurant","category":"sosial_tugas","subcategory":"Restoran","opening_hours":null,"operator":null,"osm_id":9811815022}},{"type":"Feature","geometry":{"type":"Point","coordinates":[110.44931,-7.76237]},"properties":{"name":"Roti Bakar Si Kiting","type":"Fast Food","category":"sosial_tugas","subcategory":"Fast Food","opening_hours":"Mo-Su 16:00-23:00","operator":null,"osm_id":9670250111}},{"type":"Feature","geometry":{"type":"Point","coordinates":[110.44939,-7.76239]},"properties":{"name":"Warmindo Restu Bunda","type":"Restaurant","category":"sosial_tugas","subcategory":"Restoran","opening_hours":null,"operator":null,"osm_id":9670255692}},{"type":"Feature","geometry":{"type":"Point","coordinates":[110.4059,-7.76669]},"properties":{"name":"Loops","type":"Cafe","category":"sosial_tugas","subcategory":"Kafe","opening_hours":null,"operator":null,"osm_id":4590296615}},{"type":"Feature","geometry":{"type":"Point","coordinates":[110.41962,-7.76669]},"properties":{"name":"Warmindo Cafe Doa Ibu","type":"Restaurant","category":"sosial_tugas","subcategory":"Restoran","opening_hours":null,"operator":null,"osm_id":11215128737}},{"type":"Feature","geometry":{"type":"Point","coordinates":[110.41719,-7.76779]},"properties":{"name":"Cafetaria d Zef","type":"Cafe","category":"sosial_tugas","subcategory":"Kafe","opening_hours":null,"operator":null,"osm_id":3680076005}},{"type":"Feature","geometry":{"type":"Point","coordinates":[110.40919,-7.77172]},"properties":{"name":"Shabu Suki","type":"Restaurant","category":"sosial_tugas","subcategory":"Restoran","opening_hours":null,"operator":null,"osm_id":9965593099}},{"type":"Feature","geometry":{"type":"Point","coordinates":[110.40951,-7.772]},"properties":{"name":"Mak Semarangan Express","type":"Restaurant","category":"sosial_tugas","subcategory":"Restoran","opening_hours":null,"operator":null,"osm_id":7904741192}},{"type":"Feature","geometry":{"type":"Point","coordinates":[110.40904,-7.77198]},"properties":{"name":"Shabu Suki","type":"Restaurant","category":"sosial_tugas","subcategory":"Restoran","opening_hours":null,"operator":null,"osm_id":9696990644}},{"type":"Feature","geometry":{"type":"Point","coordinates":[110.40869,-7.7732]},"properties":{"name":"The Gardens","type":"Restaurant","category":"sosial_tugas","subcategory":"Restoran","opening_hours":null,"operator":null,"osm_id":9965576406}},{"type":"Feature","geometry":{"type":"Point","coordinates":[110.42063,-7.76444]},"properties":{"name":"Warung Soto & Penyetan Bu Dewi","type":"Restaurant","category":"sosial_tugas","subcategory":"Restoran","opening_hours":null,"operator":null,"osm_id":11215128537}},{"type":"Feature","geometry":{"type":"Point","coordinates":[110.41926,-7.76414]},"properties":{"name":"Came Kubu Kiri Amikom","type":"Cafe","category":"sosial_tugas","subcategory":"Kafe","opening_hours":null,"operator":null,"osm_id":4590939194}},{"type":"Feature","geometry":{"type":"Point","coordinates":[110.41148,-7.76409]},"properties":{"name":"belikopi.","type":"Cafe","category":"sosial_tugas","subcategory":"Kafe","opening_hours":null,"operator":null,"osm_id":9704544334}},{"type":"Feature","geometry":{"type":"Point","coordinates":[110.41009,-7.7638]},"properties":{"name":"Kantin Calsita","type":"Restaurant","category":"sosial_tugas","subcategory":"Restoran","opening_hours":null,"operator":null,"osm_id":1362917046}},{"type":"Feature","geometry":{"type":"Point","coordinates":[110.40975,-7.76412]},"properties":{"name":"matchamu","type":"Cafe","category":"sosial_tugas","subcategory":"Kafe","opening_hours":null,"operator":null,"osm_id":4590296613}},{"type":"Feature","geometry":{"type":"Point","coordinates":[110.41975,-7.76475]},"properties":{"name":"warung makan indomie","type":"Restaurant","category":"sosial_tugas","subcategory":"Restoran","opening_hours":null,"operator":null,"osm_id":4590939197}},{"type":"Feature","geometry":{"type":"Point","coordinates":[110.41821,-7.7653]},"properties":{"name":"mbak handa","type":"Restaurant","category":"sosial_tugas","subcategory":"Restoran","opening_hours":null,"operator":null,"osm_id":4591822498}},{"type":"Feature","geometry":{"type":"Point","coordinates":[110.42154,-7.76539]},"properties":{"name":"Warung Geprek \"Laisya\"","type":"Restaurant","category":"sosial_tugas","subcategory":"Restoran","opening_hours":null,"operator":null,"osm_id":11209910437}},{"type":"Feature","geometry":{"type":"Point","coordinates":[110.37219,-7.77669]},"properties":{"name":"Pentol Mbok Dhe","type":"Fast Food","category":"sosial_tugas","subcategory":"Fast Food","opening_hours":null,"operator":null,"osm_id":9895055237}},{"type":"Feature","geometry":{"type":"Point","coordinates":[110.36818,-7.77252]},"properties":{"name":"Nikkou Ramen","type":"Restaurant","category":"sosial_tugas","subcategory":"Restoran","opening_hours":null,"operator":null,"osm_id":10086198842}},{"type":"Feature","geometry":{"type":"Point","coordinates":[110.37213,-7.77215]},"properties":{"name":"WarPin","type":"Fast Food","category":"sosial_tugas","subcategory":"Fast Food","opening_hours":"07:00-21:00","operator":"Local People","osm_id":5546787228}},{"type":"Feature","geometry":{"type":"Point","coordinates":[110.36825,-7.7709]},"properties":{"name":"Gudeg Yu Djum","type":"Restaurant","category":"sosial_tugas","subcategory":"Restoran","opening_hours":"Mo-Su 06:00-20:00","operator":null,"osm_id":9854648117}},{"type":"Feature","geometry":{"type":"Point","coordinates":[110.48236,-7.77863]},"properties":{"name":"Mie Ayam Wonogiri","type":"Restaurant","category":"sosial_tugas","subcategory":"Restoran","opening_hours":null,"operator":null,"osm_id":9748828109}},{"type":"Feature","geometry":{"type":"Point","coordinates":[110.45113,-7.78103]},"properties":{"name":"RM. Sate Kambing Muda Balibul","type":"Restaurant","category":"sosial_tugas","subcategory":"Restoran","opening_hours":null,"operator":null,"osm_id":9722509402}},{"type":"Feature","geometry":{"type":"Point","coordinates":[110.45046,-7.78095]},"properties":{"name":"Bakmi Jawa Bulog Restu Ibu","type":"Restaurant","category":"sosial_tugas","subcategory":"Restoran","opening_hours":null,"operator":null,"osm_id":9794620286}},{"type":"Feature","geometry":{"type":"Point","coordinates":[110.45596,-7.78012]},"properties":{"name":"Fast Food","type":"Fast Food","category":"sosial_tugas","subcategory":"Fast Food","opening_hours":null,"operator":null,"osm_id":9824271117}},{"type":"Feature","geometry":{"type":"Point","coordinates":[110.45549,-7.7791]},"properties":{"name":"Podjok Kopi Kalitirto","type":"Restaurant","category":"sosial_tugas","subcategory":"Restoran","opening_hours":null,"operator":null,"osm_id":9811782172}},{"type":"Feature","geometry":{"type":"Point","coordinates":[110.4579,-7.77791]},"properties":{"name":"Sate Kambing Ngebruk","type":"Restaurant","category":"sosial_tugas","subcategory":"Restoran","opening_hours":null,"operator":null,"osm_id":9794777925}},{"type":"Feature","geometry":{"type":"Point","coordinates":[110.46263,-7.77536]},"properties":{"name":"Ayam Penyet Kalasan","type":"Restaurant","category":"sosial_tugas","subcategory":"Restoran","opening_hours":null,"operator":null,"osm_id":9722506450}},{"type":"Feature","geometry":{"type":"Point","coordinates":[110.45574,-7.77477]},"properties":{"name":"Pecel Gendar","type":"Restaurant","category":"sosial_tugas","subcategory":"Restoran","opening_hours":null,"operator":null,"osm_id":10230152112}},{"type":"Feature","geometry":{"type":"Point","coordinates":[110.46404,-7.77399]},"properties":{"name":"Jogja Chicken","type":"Restaurant","category":"sosial_tugas","subcategory":"Restoran","opening_hours":null,"operator":null,"osm_id":9722512072}},{"type":"Feature","geometry":{"type":"Point","coordinates":[110.44917,-7.77481]},"properties":{"name":"Warmindo Manise","type":"Restaurant","category":"sosial_tugas","subcategory":"Restoran","opening_hours":null,"operator":null,"osm_id":9722417380}},{"type":"Feature","geometry":{"type":"Point","coordinates":[110.46213,-7.77557]},"properties":{"name":"Soto Kadipiro III Kalasan","type":"Restaurant","category":"sosial_tugas","subcategory":"Restoran","opening_hours":null,"operator":null,"osm_id":9794774253}},{"type":"Feature","geometry":{"type":"Point","coordinates":[110.46142,-7.77589]},"properties":{"name":"Ngangkruk Sop Daging","type":"Restaurant","category":"sosial_tugas","subcategory":"Restoran","opening_hours":null,"operator":null,"osm_id":9811810354}},{"type":"Feature","geometry":{"type":"Point","coordinates":[110.45771,-7.77606]},"properties":{"name":"Warmindo Matador","type":"Restaurant","category":"sosial_tugas","subcategory":"Restoran","opening_hours":null,"operator":null,"osm_id":10931051190}},{"type":"Feature","geometry":{"type":"Point","coordinates":[110.44945,-7.77701]},"properties":{"name":"Bistik Sapi & Sayur","type":"Restaurant","category":"sosial_tugas","subcategory":"Restoran","opening_hours":null,"operator":null,"osm_id":9722509795}},{"type":"Feature","geometry":{"type":"Point","coordinates":[110.44936,-7.77657]},"properties":{"name":"Kedai Kita","type":"Restaurant","category":"sosial_tugas","subcategory":"Restoran","opening_hours":null,"operator":null,"osm_id":9722510480}},{"type":"Feature","geometry":{"type":"Point","coordinates":[110.598,-7.96778]},"properties":{"name":"Teras Coffee Fruit juice","type":"Cafe","category":"sosial_tugas","subcategory":"Kafe","opening_hours":null,"operator":null,"osm_id":4333309662}},{"type":"Feature","geometry":{"type":"Point","coordinates":[110.40163,-7.72366]},"properties":{"name":"Warmindo Bang Ucok","type":"Fast Food","category":"sosial_tugas","subcategory":"Fast Food","opening_hours":null,"operator":null,"osm_id":5155561868}},{"type":"Feature","geometry":{"type":"Point","coordinates":[110.43515,-7.72298]},"properties":{"name":"Gudeg","type":"Restaurant","category":"sosial_tugas","subcategory":"Restoran","opening_hours":null,"operator":null,"osm_id":9671845964}},{"type":"Feature","geometry":{"type":"Point","coordinates":[110.34579,-7.77636]},"properties":{"name":"Amongcoffee","type":"Cafe","category":"sosial_tugas","subcategory":"Kafe","opening_hours":"Mo-Su 09:00-18:00","operator":null,"osm_id":6097924119}},{"type":"Feature","geometry":{"type":"Point","coordinates":[110.35604,-7.76818]},"properties":{"name":"Vege Jambon","type":"Restaurant","category":"sosial_tugas","subcategory":"Restoran","opening_hours":null,"operator":null,"osm_id":6369909889}},{"type":"Feature","geometry":{"type":"Point","coordinates":[110.36148,-7.76564]},"properties":{"name":"Pacific","type":"Restaurant","category":"sosial_tugas","subcategory":"Restoran","opening_hours":null,"operator":null,"osm_id":6897174109}},{"type":"Feature","geometry":{"type":"Point","coordinates":[110.35267,-7.78719]},"properties":{"name":"Soto Pak Sholeh \u201cAl-Barokah\u201d","type":"Restaurant","category":"sosial_tugas","subcategory":"Restoran","opening_hours":null,"operator":null,"osm_id":4771123824}},{"type":"Feature","geometry":{"type":"Point","coordinates":[110.36282,-7.78806]},"properties":{"name":"Selawase Resto & Wedangan","type":"Restaurant","category":"sosial_tugas","subcategory":"Restoran","opening_hours":"Mo, We-Su 10:00-23:00","operator":null,"osm_id":9832326646}},{"type":"Feature","geometry":{"type":"Point","coordinates":[110.47073,-7.75977]},"properties":{"name":"Mie Goceng Plus","type":"Restaurant","category":"sosial_tugas","subcategory":"Restoran","opening_hours":null,"operator":null,"osm_id":9710618985}},{"type":"Feature","geometry":{"type":"Point","coordinates":[110.4782,-7.75982]},"properties":{"name":"Siomay Kang Wahyu","type":"Restaurant","category":"sosial_tugas","subcategory":"Restoran","opening_hours":null,"operator":null,"osm_id":9811815021}},{"type":"Feature","geometry":{"type":"Point","coordinates":[110.4779,-7.76074]},"properties":{"name":"Grafika","type":"Restaurant","category":"sosial_tugas","subcategory":"Restoran","opening_hours":null,"operator":null,"osm_id":9811758903}},{"type":"Feature","geometry":{"type":"Point","coordinates":[110.47054,-7.7607]},"properties":{"name":"Mie Ayam Bakso Anugerah 2","type":"Restaurant","category":"sosial_tugas","subcategory":"Restoran","opening_hours":null,"operator":null,"osm_id":9722519999}},{"type":"Feature","geometry":{"type":"Point","coordinates":[110.47054,-7.76075]},"properties":{"name":"Soto Merapi","type":"Restaurant","category":"sosial_tugas","subcategory":"Restoran","opening_hours":null,"operator":null,"osm_id":9722506452}},{"type":"Feature","geometry":{"type":"Point","coordinates":[110.48605,-7.75589]},"properties":{"name":"Ayam Geprek Bu Kris Bogem","type":"Restaurant","category":"sosial_tugas","subcategory":"Restoran","opening_hours":null,"operator":null,"osm_id":9743451374}},{"type":"Feature","geometry":{"type":"Point","coordinates":[110.48596,-7.75589]},"properties":{"name":"Bakmi Jawa Bu Kris Bogem","type":"Restaurant","category":"sosial_tugas","subcategory":"Restoran","opening_hours":null,"operator":null,"osm_id":9743455927}},{"type":"Feature","geometry":{"type":"Point","coordinates":[110.48045,-7.75603]},"properties":{"name":"Jus Bu Marni 354","type":"Fast Food","category":"sosial_tugas","subcategory":"Fast Food","opening_hours":null,"operator":null,"osm_id":9824837254}},{"type":"Feature","geometry":{"type":"Point","coordinates":[110.48037,-7.75624]},"properties":{"name":"Rujak Es Krim & Seblak Mbak Bliqis","type":"Fast Food","category":"sosial_tugas","subcategory":"Fast Food","opening_hours":null,"operator":null,"osm_id":9824833259}},{"type":"Feature","geometry":{"type":"Point","coordinates":[110.48181,-7.75708]},"properties":{"name":"Sate Kambing Muda Bogem","type":"Restaurant","category":"sosial_tugas","subcategory":"Restoran","opening_hours":null,"operator":null,"osm_id":9832343685}},{"type":"Feature","geometry":{"type":"Point","coordinates":[110.48133,-7.75478]},"properties":{"name":"Pawon Bogem","type":"Restaurant","category":"sosial_tugas","subcategory":"Restoran","opening_hours":null,"operator":null,"osm_id":9751919050}},{"type":"Feature","geometry":{"type":"Point","coordinates":[110.48048,-7.75577]},"properties":{"name":"Warung Nisza","type":"Restaurant","category":"sosial_tugas","subcategory":"Restoran","opening_hours":null,"operator":null,"osm_id":9824838280}},{"type":"Feature","geometry":{"type":"Point","coordinates":[110.48075,-7.75495]},"properties":{"name":"Olive Fried Chicken","type":"Fast Food","category":"sosial_tugas","subcategory":"Fast Food","opening_hours":null,"operator":null,"osm_id":9678979054}},{"type":"Feature","geometry":{"type":"Point","coordinates":[110.48525,-7.7556]},"properties":{"name":"Mbok Reneo Warung","type":"Restaurant","category":"sosial_tugas","subcategory":"Restoran","opening_hours":null,"operator":null,"osm_id":9728575655}},{"type":"Feature","geometry":{"type":"Point","coordinates":[110.47094,-7.75212]},"properties":{"name":"Soto dan Gudeg","type":"Restaurant","category":"sosial_tugas","subcategory":"Restoran","opening_hours":null,"operator":null,"osm_id":9725628653}},{"type":"Feature","geometry":{"type":"Point","coordinates":[110.48584,-7.75257]},"properties":{"name":"Warung Makan Keluarga","type":"Restaurant","category":"sosial_tugas","subcategory":"Restoran","opening_hours":null,"operator":null,"osm_id":9720000343}},{"type":"Feature","geometry":{"type":"Point","coordinates":[110.48465,-7.75153]},"properties":{"name":"Stiku","type":"Restaurant","category":"sosial_tugas","subcategory":"Restoran","opening_hours":"Mo-Su 09:00-20:00","operator":null,"osm_id":9794778114}},{"type":"Feature","geometry":{"type":"Point","coordinates":[110.48468,-7.75153]},"properties":{"name":"Warung Mie Ayam Soto Bu Pon","type":"Restaurant","category":"sosial_tugas","subcategory":"Restoran","opening_hours":"Mo-Su 09:00-20:00","operator":null,"osm_id":9794758690}},{"type":"Feature","geometry":{"type":"Point","coordinates":[110.47106,-7.75135]},"properties":{"name":"Bakso Raksasa","type":"Restaurant","category":"sosial_tugas","subcategory":"Restoran","opening_hours":null,"operator":null,"osm_id":9722477537}},{"type":"Feature","geometry":{"type":"Point","coordinates":[110.48527,-7.75061]},"properties":{"name":"Kopi Perahu Prambanan","type":"Restaurant","category":"sosial_tugas","subcategory":"Restoran","opening_hours":null,"operator":null,"osm_id":9709398297}},{"type":"Feature","geometry":{"type":"Point","coordinates":[110.37806,-7.7931]},"properties":{"name":"Kedai Rakjat Djelata","type":"Restaurant","category":"sosial_tugas","subcategory":"Restoran","opening_hours":null,"operator":null,"osm_id":3658773685}},{"type":"Feature","geometry":{"type":"Point","coordinates":[110.37274,-7.7959]},"properties":{"name":"Angkringan Lempungwangi","type":"Cafe","category":"sosial_tugas","subcategory":"Kafe","opening_hours":null,"operator":null,"osm_id":11203856128}},{"type":"Feature","geometry":{"type":"Point","coordinates":[110.37278,-7.8025]},"properties":{"name":"Bakmi Kadin 2","type":"Restaurant","category":"sosial_tugas","subcategory":"Restoran","opening_hours":null,"operator":null,"osm_id":9833787710}},{"type":"Feature","geometry":{"type":"Point","coordinates":[110.37262,-7.80196]},"properties":{"name":"Bakmi Kadin","type":"Restaurant","category":"sosial_tugas","subcategory":"Restoran","opening_hours":null,"operator":null,"osm_id":3451628642}},{"type":"Feature","geometry":{"type":"Point","coordinates":[110.37369,-7.80136]},"properties":{"name":"ayam goreng bu tini","type":"Restaurant","category":"sosial_tugas","subcategory":"Restoran","opening_hours":null,"operator":null,"osm_id":10977124705}},{"type":"Feature","geometry":{"type":"Point","coordinates":[110.41572,-7.77589]},"properties":{"name":"studio kopi","type":"Cafe","category":"sosial_tugas","subcategory":"Kafe","opening_hours":"08:00-23:00","operator":null,"osm_id":4592712997}},{"type":"Feature","geometry":{"type":"Point","coordinates":[110.40851,-7.77482]},"properties":{"name":"Mushroom Resto","type":"Restaurant","category":"sosial_tugas","subcategory":"Restoran","opening_hours":null,"operator":null,"osm_id":3633919835}},{"type":"Feature","geometry":{"type":"Point","coordinates":[110.40873,-7.77516]},"properties":{"name":"Kedai Seblak Phiim-Phiim","type":"Restaurant","category":"sosial_tugas","subcategory":"Restoran","opening_hours":"Mo-Su 10:00-22:00","operator":null,"osm_id":4319346929}},{"type":"Feature","geometry":{"type":"Point","coordinates":[110.40461,-7.77379]},"properties":{"name":"Mbahmoe Cafe","type":"Cafe","category":"sosial_tugas","subcategory":"Kafe","opening_hours":null,"operator":null,"osm_id":11202318837}},{"type":"Feature","geometry":{"type":"Point","coordinates":[110.40089,-7.77377]},"properties":{"name":"Pak Jede","type":"Restaurant","category":"sosial_tugas","subcategory":"Restoran","opening_hours":null,"operator":null,"osm_id":3451628644}},{"type":"Feature","geometry":{"type":"Point","coordinates":[110.40308,-7.77633]},"properties":{"name":"Cuba Libre","type":"Bar","category":"sosial_tugas","subcategory":"Bar/Pub","opening_hours":null,"operator":null,"osm_id":3451960507}},{"type":"Feature","geometry":{"type":"Point","coordinates":[110.41396,-7.77796]},"properties":{"name":"Restaurant","type":"Restaurant","category":"sosial_tugas","subcategory":"Restoran","opening_hours":null,"operator":null,"osm_id":4585536362}},{"type":"Feature","geometry":{"type":"Point","coordinates":[110.43203,-7.77827]},"properties":{"name":"Ayam Goreng Bugisan","type":"Restaurant","category":"sosial_tugas","subcategory":"Restoran","opening_hours":null,"operator":null,"osm_id":7144468027}},{"type":"Feature","geometry":{"type":"Point","coordinates":[110.43509,-7.77837]},"properties":{"name":"Rocket Chicken","type":"Fast Food","category":"sosial_tugas","subcategory":"Fast Food","opening_hours":null,"operator":null,"osm_id":9952295184}},{"type":"Feature","geometry":{"type":"Point","coordinates":[110.41457,-7.77849]},"properties":{"name":"Socius","type":"Cafe","category":"sosial_tugas","subcategory":"Kafe","opening_hours":null,"operator":null,"osm_id":4585536354}},{"type":"Feature","geometry":{"type":"Point","coordinates":[110.41425,-7.78106]},"properties":{"name":"Ceplok Telor","type":"Restaurant","category":"sosial_tugas","subcategory":"Restoran","opening_hours":null,"operator":null,"osm_id":10065619415}},{"type":"Feature","geometry":{"type":"Point","coordinates":[110.39987,-7.77991]},"properties":{"name":"Rawit Merah","type":"Restaurant","category":"sosial_tugas","subcategory":"Restoran","opening_hours":null,"operator":null,"osm_id":3451628645}},{"type":"Feature","geometry":{"type":"Point","coordinates":[110.40602,-7.77972]},"properties":{"name":"Warmindo Gejoss 99","type":"Restaurant","category":"sosial_tugas","subcategory":"Restoran","opening_hours":null,"operator":null,"osm_id":9855208895}},{"type":"Feature","geometry":{"type":"Point","coordinates":[110.37784,-7.77607]},"properties":{"name":"Bubur Ayam Salbiyah","type":"Restaurant","category":"sosial_tugas","subcategory":"Restoran","opening_hours":null,"operator":null,"osm_id":9222644141}},{"type":"Feature","geometry":{"type":"Point","coordinates":[110.37586,-7.77793]},"properties":{"name":"Bubur Ayam Jakarta","type":"Restaurant","category":"sosial_tugas","subcategory":"Restoran","opening_hours":null,"operator":null,"osm_id":9222486039}},{"type":"Feature","geometry":{"type":"Point","coordinates":[110.3797,-7.77836]},"properties":{"name":"Sagan 989 Sarjana Martabak","type":"Fast Food","category":"sosial_tugas","subcategory":"Fast Food","opening_hours":"13:00-22:00","operator":null,"osm_id":8399419048}},{"type":"Feature","geometry":{"type":"Point","coordinates":[110.38393,-7.77917]},"properties":{"name":"Bakso & Mie Ayam Pak Togok","type":"Restaurant","category":"sosial_tugas","subcategory":"Restoran","opening_hours":null,"operator":null,"osm_id":10261890332}},{"type":"Feature","geometry":{"type":"Point","coordinates":[110.37604,-7.78033]},"properties":{"name":"Java Poetry","type":"Restaurant","category":"sosial_tugas","subcategory":"Restoran","opening_hours":null,"operator":null,"osm_id":6367150336}},{"type":"Feature","geometry":{"type":"Point","coordinates":[110.37348,-7.78028]},"properties":{"name":"Awor Gallery & Coffee","type":"Cafe","category":"sosial_tugas","subcategory":"Kafe","opening_hours":"Mo-Su 09:00-00:00","operator":null,"osm_id":6507784886}},{"type":"Feature","geometry":{"type":"Point","coordinates":[110.3734,-7.78037]},"properties":{"name":"Mooi's Kitchen","type":"Cafe","category":"sosial_tugas","subcategory":"Kafe","opening_hours":null,"operator":null,"osm_id":4162538289}},{"type":"Feature","geometry":{"type":"Point","coordinates":[110.36425,-7.78074]},"properties":{"name":"Sakapatat","type":"Bar","category":"sosial_tugas","subcategory":"Bar/Pub","opening_hours":"Mo-Su 11:00-02:00","operator":null,"osm_id":6327281304}},{"type":"Feature","geometry":{"type":"Point","coordinates":[110.36709,-7.77957]},"properties":{"name":"Papa Rons Pizza","type":"Restaurant","category":"sosial_tugas","subcategory":"Restoran","opening_hours":null,"operator":null,"osm_id":3557258295}},{"type":"Feature","geometry":{"type":"Point","coordinates":[110.3608,-7.77747]},"properties":{"name":"Lingua eatery and coffee","type":"Restaurant","category":"sosial_tugas","subcategory":"Restoran","opening_hours":null,"operator":null,"osm_id":9681842134}},{"type":"Feature","geometry":{"type":"Point","coordinates":[110.28488,-7.77399]},"properties":{"name":"Kopi Pirak","type":"Cafe","category":"sosial_tugas","subcategory":"Kafe","opening_hours":null,"operator":null,"osm_id":10181878164}},{"type":"Feature","geometry":{"type":"Point","coordinates":[110.34179,-7.77648]},"properties":{"name":"KONG KONG","type":"Restaurant","category":"sosial_tugas","subcategory":"Restoran","opening_hours":null,"operator":null,"osm_id":9238427317}},{"type":"Feature","geometry":{"type":"Point","coordinates":[110.34499,-7.76079]},"properties":{"name":"Jambon Resto","type":"Restaurant","category":"sosial_tugas","subcategory":"Restoran","opening_hours":null,"operator":null,"osm_id":1358364183}},{"type":"Feature","geometry":{"type":"Point","coordinates":[110.31807,-7.99311]},"properties":{"name":"Kedai Wedangan Watu Lumbung","type":"Restaurant","category":"sosial_tugas","subcategory":"Restoran","opening_hours":null,"operator":null,"osm_id":3521357133}},{"type":"Feature","geometry":{"type":"Point","coordinates":[110.22367,-7.98114]},"properties":{"name":"Mie Ayam Mas Huda","type":"Restaurant","category":"sosial_tugas","subcategory":"Restoran","opening_hours":null,"operator":null,"osm_id":11977667526}},{"type":"Feature","geometry":{"type":"Point","coordinates":[110.33848,-7.86693]},"properties":{"name":"Soto Daging Sapi Pak Man","type":"Restaurant","category":"sosial_tugas","subcategory":"Restoran","opening_hours":null,"operator":null,"osm_id":9811868478}},{"type":"Feature","geometry":{"type":"Point","coordinates":[110.34267,-7.85125]},"properties":{"name":"Rumah Makan Padang Murah","type":"Restaurant","category":"sosial_tugas","subcategory":"Restoran","opening_hours":null,"operator":null,"osm_id":9811868477}},{"type":"Feature","geometry":{"type":"Point","coordinates":[110.35269,-7.84811]},"properties":{"name":"Rumah Garuda","type":"Restaurant","category":"sosial_tugas","subcategory":"Restoran","opening_hours":null,"operator":null,"osm_id":3661097137}},{"type":"Feature","geometry":{"type":"Point","coordinates":[110.35574,-7.85199]},"properties":{"name":"UPT Perpustakaan Institut Seni Indonesia Yogyakarta","type":"Library","category":"sosial_tugas","subcategory":"Perpustakaan","opening_hours":null,"operator":null,"osm_id":2330534325}},{"type":"Feature","geometry":{"type":"Point","coordinates":[110.35505,-7.85504]},"properties":{"name":"Kopi Nuri","type":"Restaurant","category":"sosial_tugas","subcategory":"Restoran","opening_hours":null,"operator":null,"osm_id":9442101297}},{"type":"Feature","geometry":{"type":"Point","coordinates":[110.50369,-7.85712]},"properties":{"name":"Rest Area Tombo Ngelih","type":"Restaurant","category":"sosial_tugas","subcategory":"Restoran","opening_hours":null,"operator":null,"osm_id":9751912841}},{"type":"Feature","geometry":{"type":"Point","coordinates":[110.51145,-7.86343]},"properties":{"name":"Bakso Mie Ayam","type":"Restaurant","category":"sosial_tugas","subcategory":"Restoran","opening_hours":null,"operator":null,"osm_id":9751914985}},{"type":"Feature","geometry":{"type":"Point","coordinates":[110.49866,-7.856]},"properties":{"name":"Bale Ngaso","type":"Restaurant","category":"sosial_tugas","subcategory":"Restoran","opening_hours":null,"operator":null,"osm_id":9751892058}},{"type":"Feature","geometry":{"type":"Point","coordinates":[110.48112,-7.84398]},"properties":{"name":"Sido Kumpul","type":"Restaurant","category":"sosial_tugas","subcategory":"Restoran","opening_hours":null,"operator":null,"osm_id":9751912840}},{"type":"Feature","geometry":{"type":"Point","coordinates":[110.48025,-7.84513]},"properties":{"name":"Warung 7engger","type":"Restaurant","category":"sosial_tugas","subcategory":"Restoran","opening_hours":null,"operator":null,"osm_id":9751922160}},{"type":"Feature","geometry":{"type":"Point","coordinates":[110.40292,-7.84556]},"properties":{"name":"Monggo Resto","type":"Restaurant","category":"sosial_tugas","subcategory":"Restoran","opening_hours":null,"operator":null,"osm_id":3451607266}},{"type":"Feature","geometry":{"type":"Point","coordinates":[110.43203,-7.76305]},"properties":{"name":"Rumah Makan Rata-Rata","type":"Restaurant","category":"sosial_tugas","subcategory":"Restoran","opening_hours":null,"operator":null,"osm_id":9807902658}},{"type":"Feature","geometry":{"type":"Point","coordinates":[110.4329,-7.76031]},"properties":{"name":"Kawan Lamo","type":"Restaurant","category":"sosial_tugas","subcategory":"Restoran","opening_hours":null,"operator":null,"osm_id":10777519258}},{"type":"Feature","geometry":{"type":"Point","coordinates":[110.4397,-7.75786]},"properties":{"name":"Warmindo Nopik","type":"Restaurant","category":"sosial_tugas","subcategory":"Restoran","opening_hours":"Mo-Su 09:00-23:00","operator":null,"osm_id":10864671597}},{"type":"Feature","geometry":{"type":"Point","coordinates":[110.44711,-7.75795]},"properties":{"name":"Roti Gembong Gajah","type":"Fast Food","category":"sosial_tugas","subcategory":"Fast Food","opening_hours":null,"operator":null,"osm_id":9705063751}},{"type":"Feature","geometry":{"type":"Point","coordinates":[110.44726,-7.75934]},"properties":{"name":"Mie Ayam Putera","type":"Restaurant","category":"sosial_tugas","subcategory":"Restoran","opening_hours":null,"operator":null,"osm_id":9722510479}},{"type":"Feature","geometry":{"type":"Point","coordinates":[110.44921,-7.75927]},"properties":{"name":"Warunk Spesial Pagi Sore","type":"Restaurant","category":"sosial_tugas","subcategory":"Restoran","opening_hours":null,"operator":null,"osm_id":9748478550}},{"type":"Feature","geometry":{"type":"Point","coordinates":[110.44723,-7.75754]},"properties":{"name":"Sate Barokah","type":"Restaurant","category":"sosial_tugas","subcategory":"Restoran","opening_hours":null,"operator":null,"osm_id":9722511218}},{"type":"Feature","geometry":{"type":"Point","coordinates":[110.44818,-7.75575]},"properties":{"name":"Mie Ayam Bakso Tok-Tok","type":"Restaurant","category":"sosial_tugas","subcategory":"Restoran","opening_hours":null,"operator":null,"osm_id":9722493990}},{"type":"Feature","geometry":{"type":"Point","coordinates":[110.43793,-7.75141]},"properties":{"name":"Bakso Pak Yanto","type":"Restaurant","category":"sosial_tugas","subcategory":"Restoran","opening_hours":null,"operator":null,"osm_id":9899705498}},{"type":"Feature","geometry":{"type":"Point","coordinates":[110.45065,-7.75127]},"properties":{"name":"Warung Burjo","type":"Fast Food","category":"sosial_tugas","subcategory":"Fast Food","opening_hours":null,"operator":null,"osm_id":4146165985}},{"type":"Feature","geometry":{"type":"Point","coordinates":[110.45155,-7.75151]},"properties":{"name":"Slabina Chicken","type":"Fast Food","category":"sosial_tugas","subcategory":"Fast Food","opening_hours":null,"operator":null,"osm_id":10936216479}},{"type":"Feature","geometry":{"type":"Point","coordinates":[110.44251,-7.75259]},"properties":{"name":"Rocket Chicken","type":"Restaurant","category":"sosial_tugas","subcategory":"Restoran","opening_hours":null,"operator":null,"osm_id":9778854723}},{"type":"Feature","geometry":{"type":"Point","coordinates":[110.44823,-7.75278]},"properties":{"name":"Gurame Bakar","type":"Restaurant","category":"sosial_tugas","subcategory":"Restoran","opening_hours":null,"operator":null,"osm_id":9722497012}},{"type":"Feature","geometry":{"type":"Point","coordinates":[110.44834,-7.75214]},"properties":{"name":"Olive Fried Chicken","type":"Fast Food","category":"sosial_tugas","subcategory":"Fast Food","opening_hours":null,"operator":null,"osm_id":9705067776}},{"type":"Feature","geometry":{"type":"Point","coordinates":[110.44819,-7.75319]},"properties":{"name":"Susuperah","type":"Cafe","category":"sosial_tugas","subcategory":"Kafe","opening_hours":null,"operator":null,"osm_id":9705033215}},{"type":"Feature","geometry":{"type":"Point","coordinates":[110.44469,-7.7533]},"properties":{"name":"Ayam Geprek","type":"Restaurant","category":"sosial_tugas","subcategory":"Restoran","opening_hours":null,"operator":null,"osm_id":9769655865}},{"type":"Feature","geometry":{"type":"Point","coordinates":[110.44419,-7.75327]},"properties":{"name":"Angkringan Soka","type":"Restaurant","category":"sosial_tugas","subcategory":"Restoran","opening_hours":null,"operator":null,"osm_id":9769653616}},{"type":"Feature","geometry":{"type":"Point","coordinates":[110.44452,-7.75327]},"properties":{"name":"Nasi Goreng La Vida","type":"Restaurant","category":"sosial_tugas","subcategory":"Restoran","opening_hours":null,"operator":null,"osm_id":9769689788}},{"type":"Feature","geometry":{"type":"Point","coordinates":[110.44439,-7.75329]},"properties":{"name":"Angkringan Kandang","type":"Restaurant","category":"sosial_tugas","subcategory":"Restoran","opening_hours":null,"operator":null,"osm_id":9769686823}},{"type":"Feature","geometry":{"type":"Point","coordinates":[110.44356,-7.75302]},"properties":{"name":"Bakso Iga & Mie Ayam Kadisoka","type":"Restaurant","category":"sosial_tugas","subcategory":"Restoran","opening_hours":null,"operator":null,"osm_id":9794522911}},{"type":"Feature","geometry":{"type":"Point","coordinates":[110.43702,-7.75273]},"properties":{"name":"Bakso Restu","type":"Restaurant","category":"sosial_tugas","subcategory":"Restoran","opening_hours":null,"operator":null,"osm_id":9807852194}},{"type":"Feature","geometry":{"type":"Point","coordinates":[110.4345,-7.75147]},"properties":{"name":"Bakso Mie Ayam","type":"Restaurant","category":"sosial_tugas","subcategory":"Restoran","opening_hours":null,"operator":null,"osm_id":9684875958}},{"type":"Feature","geometry":{"type":"Point","coordinates":[110.45893,-7.75027]},"properties":{"name":"Dapur Rengkol","type":"Restaurant","category":"sosial_tugas","subcategory":"Restoran","opening_hours":"24/7","operator":null,"osm_id":9916936467}},{"type":"Feature","geometry":{"type":"Point","coordinates":[110.41346,-7.7623]},"properties":{"name":"Hot Chick","type":"Fast Food","category":"sosial_tugas","subcategory":"Fast Food","opening_hours":null,"operator":null,"osm_id":9807877615}},{"type":"Feature","geometry":{"type":"Point","coordinates":[110.40689,-7.7604]},"properties":{"name":"Heum","type":"Restaurant","category":"sosial_tugas","subcategory":"Restoran","opening_hours":null,"operator":null,"osm_id":9807910028}},{"type":"Feature","geometry":{"type":"Point","coordinates":[110.40385,-7.76108]},"properties":{"name":"Kedai OAK","type":"Cafe","category":"sosial_tugas","subcategory":"Kafe","opening_hours":null,"operator":null,"osm_id":3632597203}},{"type":"Feature","geometry":{"type":"Point","coordinates":[110.40363,-7.75979]},"properties":{"name":"Babylon cafe & resto","type":"Cafe","category":"sosial_tugas","subcategory":"Kafe","opening_hours":null,"operator":null,"osm_id":4590767010}},{"type":"Feature","geometry":{"type":"Point","coordinates":[110.40365,-7.75965]},"properties":{"name":"Dongeng kopi jogja","type":"Cafe","category":"sosial_tugas","subcategory":"Kafe","opening_hours":null,"operator":null,"osm_id":4590296610}},{"type":"Feature","geometry":{"type":"Point","coordinates":[110.40891,-7.75784]},"properties":{"name":"Soto Surabaya Pak Di'to","type":"Restaurant","category":"sosial_tugas","subcategory":"Restoran","opening_hours":null,"operator":null,"osm_id":9780979415}},{"type":"Feature","geometry":{"type":"Point","coordinates":[110.409,-7.75794]},"properties":{"name":"bakso tenis","type":"Restaurant","category":"sosial_tugas","subcategory":"Restoran","opening_hours":null,"operator":null,"osm_id":4588967018}},{"type":"Feature","geometry":{"type":"Point","coordinates":[110.41241,-7.75872]},"properties":{"name":"Rumah Makan Milik Kita","type":"Restaurant","category":"sosial_tugas","subcategory":"Restoran","opening_hours":null,"operator":null,"osm_id":9780963291}},{"type":"Feature","geometry":{"type":"Point","coordinates":[110.41079,-7.75858]},"properties":{"name":"Ayam geprek eskom","type":"Restaurant","category":"sosial_tugas","subcategory":"Restoran","opening_hours":null,"operator":null,"osm_id":4588967019}},{"type":"Feature","geometry":{"type":"Point","coordinates":[110.40757,-7.75966]},"properties":{"name":"soto hollywood","type":"Fast Food","category":"sosial_tugas","subcategory":"Fast Food","opening_hours":null,"operator":null,"osm_id":4588967013}},{"type":"Feature","geometry":{"type":"Point","coordinates":[110.41108,-7.75182]},"properties":{"name":"Capcuz","type":"Cafe","category":"sosial_tugas","subcategory":"Kafe","opening_hours":null,"operator":null,"osm_id":5200541987}},{"type":"Feature","geometry":{"type":"Point","coordinates":[110.38483,-7.76624]},"properties":{"name":"Rumah makan Dewi Ratih","type":"Restaurant","category":"sosial_tugas","subcategory":"Restoran","opening_hours":null,"operator":null,"osm_id":4832030210}},{"type":"Feature","geometry":{"type":"Point","coordinates":[110.39062,-7.76626]},"properties":{"name":"Gudeg Mbak Sasha","type":"Restaurant","category":"sosial_tugas","subcategory":"Restoran","opening_hours":"09:00-18:00","operator":null,"osm_id":3229476050}},{"type":"Feature","geometry":{"type":"Point","coordinates":[110.4019,-7.769]},"properties":{"name":"Telerrrr","type":"Restaurant","category":"sosial_tugas","subcategory":"Restoran","opening_hours":null,"operator":null,"osm_id":3451628646}},{"type":"Feature","geometry":{"type":"Point","coordinates":[110.39575,-7.76803]},"properties":{"name":"Mister Burger","type":"Fast Food","category":"sosial_tugas","subcategory":"Fast Food","opening_hours":null,"operator":"Mister Burger","osm_id":3873061061}},{"type":"Feature","geometry":{"type":"Point","coordinates":[110.39737,-7.76778]},"properties":{"name":"AOA Resto & Creative Space","type":"Restaurant","category":"sosial_tugas","subcategory":"Restoran","opening_hours":null,"operator":null,"osm_id":6367235517}},{"type":"Feature","geometry":{"type":"Point","coordinates":[110.39159,-7.76787]},"properties":{"name":"Nanamia Pizzeria","type":"Restaurant","category":"sosial_tugas","subcategory":"Restoran","opening_hours":null,"operator":null,"osm_id":4197114289}},{"type":"Feature","geometry":{"type":"Point","coordinates":[110.3853,-7.7678]},"properties":{"name":"The Rice Cup","type":"Restaurant","category":"sosial_tugas","subcategory":"Restoran","opening_hours":null,"operator":null,"osm_id":6081257836}},{"type":"Feature","geometry":{"type":"Point","coordinates":[110.3892,-7.76857]},"properties":{"name":"Italian Pasta","type":"Restaurant","category":"sosial_tugas","subcategory":"Restoran","opening_hours":null,"operator":null,"osm_id":3987578839}},{"type":"Feature","geometry":{"type":"Point","coordinates":[110.39055,-7.76993]},"properties":{"name":"Dixie Easy Dining","type":"Restaurant","category":"sosial_tugas","subcategory":"Restoran","opening_hours":null,"operator":null,"osm_id":4192972803}},{"type":"Feature","geometry":{"type":"Point","coordinates":[110.39044,-7.76961]},"properties":{"name":"Gudeg Mbak Sasha (Lesehan)","type":"Restaurant","category":"sosial_tugas","subcategory":"Restoran","opening_hours":"21:00-03:00","operator":null,"osm_id":3229477934}},{"type":"Feature","geometry":{"type":"Point","coordinates":[110.38893,-7.77227]},"properties":{"name":"Wastu Kopi","type":"Cafe","category":"sosial_tugas","subcategory":"Kafe","opening_hours":null,"operator":null,"osm_id":11171026945}},{"type":"Feature","geometry":{"type":"Point","coordinates":[110.38553,-7.7732]},"properties":{"name":"Burjo UNY","type":"Restaurant","category":"sosial_tugas","subcategory":"Restoran","opening_hours":null,"operator":null,"osm_id":4591254263}},{"type":"Feature","geometry":{"type":"Point","coordinates":[110.38847,-7.77321]},"properties":{"name":"Bale Babakaran","type":"Restaurant","category":"sosial_tugas","subcategory":"Restoran","opening_hours":null,"operator":null,"osm_id":3473955064}},{"type":"Feature","geometry":{"type":"Point","coordinates":[110.38597,-7.77284]},"properties":{"name":"warung makan","type":"Restaurant","category":"sosial_tugas","subcategory":"Restoran","opening_hours":null,"operator":null,"osm_id":4591254265}},{"type":"Feature","geometry":{"type":"Point","coordinates":[110.39735,-7.77246]},"properties":{"name":"Lux Coffee","type":"Cafe","category":"sosial_tugas","subcategory":"Kafe","opening_hours":null,"operator":null,"osm_id":3521371891}},{"type":"Feature","geometry":{"type":"Point","coordinates":[110.39767,-7.77257]},"properties":{"name":"Jogja Milk","type":"Cafe","category":"sosial_tugas","subcategory":"Kafe","opening_hours":null,"operator":null,"osm_id":3215024599}},{"type":"Feature","geometry":{"type":"Point","coordinates":[110.39174,-7.77233]},"properties":{"name":"Warung Kopi Lidah Ibu","type":"Cafe","category":"sosial_tugas","subcategory":"Kafe","opening_hours":null,"operator":null,"osm_id":3229480992}},{"type":"Feature","geometry":{"type":"Point","coordinates":[110.39621,-7.76501]},"properties":{"name":"L'cost seafood","type":"Restaurant","category":"sosial_tugas","subcategory":"Restoran","opening_hours":null,"operator":null,"osm_id":3760080628}},{"type":"Feature","geometry":{"type":"Point","coordinates":[110.39684,-7.76524]},"properties":{"name":"Burjo","type":"Restaurant","category":"sosial_tugas","subcategory":"Restoran","opening_hours":null,"operator":"burjo","osm_id":3760579394}},{"type":"Feature","geometry":{"type":"Point","coordinates":[110.38864,-7.76512]},"properties":{"name":"Cowmad","type":"Restaurant","category":"sosial_tugas","subcategory":"Restoran","opening_hours":null,"operator":null,"osm_id":3451899394}},{"type":"Feature","geometry":{"type":"Point","coordinates":[110.3872,-7.76434]},"properties":{"name":"Bakso Mas Ndut","type":"Restaurant","category":"sosial_tugas","subcategory":"Restoran","opening_hours":null,"operator":null,"osm_id":3451899393}},{"type":"Feature","geometry":{"type":"Point","coordinates":[110.38728,-7.76431]},"properties":{"name":"Sambal Korek Pak Topo","type":"Restaurant","category":"sosial_tugas","subcategory":"Restoran","opening_hours":null,"operator":null,"osm_id":3451899400}},{"type":"Feature","geometry":{"type":"Point","coordinates":[110.39565,-7.76377]},"properties":{"name":"Lokal","type":"Restaurant","category":"sosial_tugas","subcategory":"Restoran","opening_hours":null,"operator":null,"osm_id":3832349430}},{"type":"Feature","geometry":{"type":"Point","coordinates":[110.39342,-7.76398]},"properties":{"name":"Panties Pizza","type":"Restaurant","category":"sosial_tugas","subcategory":"Restoran","opening_hours":null,"operator":null,"osm_id":4162538490}},{"type":"Feature","geometry":{"type":"Point","coordinates":[110.39583,-7.76427]},"properties":{"name":"Penyetan Mang Sukri","type":"Restaurant","category":"sosial_tugas","subcategory":"Restoran","opening_hours":null,"operator":null,"osm_id":3832166390}},{"type":"Feature","geometry":{"type":"Point","coordinates":[110.39506,-7.76366]},"properties":{"name":"Forty eight Ice Blend","type":"Cafe","category":"sosial_tugas","subcategory":"Kafe","opening_hours":null,"operator":null,"osm_id":3765156963}},{"type":"Feature","geometry":{"type":"Point","coordinates":[110.36255,-7.78164]},"properties":{"name":"Susu Kedelai","type":"Cafe","category":"sosial_tugas","subcategory":"Kafe","opening_hours":null,"operator":null,"osm_id":3760455764}},{"type":"Feature","geometry":{"type":"Point","coordinates":[110.37612,-7.78363]},"properties":{"name":"Warung Bakso","type":"Restaurant","category":"sosial_tugas","subcategory":"Restoran","opening_hours":null,"operator":null,"osm_id":7859890090}},{"type":"Feature","geometry":{"type":"Point","coordinates":[110.37599,-7.78482]},"properties":{"name":"Warung Makan Ibu Sofi Darsim","type":"Restaurant","category":"sosial_tugas","subcategory":"Restoran","opening_hours":null,"operator":null,"osm_id":9158972449}},{"type":"Feature","geometry":{"type":"Point","coordinates":[110.37599,-7.78576]},"properties":{"name":"Jnawi","type":"Cafe","category":"sosial_tugas","subcategory":"Kafe","opening_hours":null,"operator":null,"osm_id":9167788328}},{"type":"Feature","geometry":{"type":"Point","coordinates":[110.37807,-7.78781]},"properties":{"name":"Angkringan Mbak Sri","type":"Restaurant","category":"sosial_tugas","subcategory":"Restoran","opening_hours":null,"operator":null,"osm_id":7850741002}},{"type":"Feature","geometry":{"type":"Point","coordinates":[110.37782,-7.78788]},"properties":{"name":"Kantin OK","type":"Restaurant","category":"sosial_tugas","subcategory":"Restoran","opening_hours":"Mo-Sa 09:00-17:00; PH closed","operator":null,"osm_id":9165415465}},{"type":"Feature","geometry":{"type":"Point","coordinates":[110.37726,-7.78837]},"properties":{"name":"Nasi Goreng Kambing","type":"Restaurant","category":"sosial_tugas","subcategory":"Restoran","opening_hours":"Mo-Su 18:00-23:00; PH unknown","operator":null,"osm_id":7811468604}},{"type":"Feature","geometry":{"type":"Point","coordinates":[110.37787,-7.78841]},"properties":{"name":"Warung Makan Fresco","type":"Restaurant","category":"sosial_tugas","subcategory":"Restoran","opening_hours":"Mo-Su 09:00-21:00; PH closed","operator":null,"osm_id":7868803542}},{"type":"Feature","geometry":{"type":"Point","coordinates":[110.37657,-7.78848]},"properties":{"name":"Angkringan Yono","type":"Restaurant","category":"sosial_tugas","subcategory":"Restoran","opening_hours":"Mo-Su 14:30-24:00,00:00-02:00; PH unknown","operator":null,"osm_id":7811468608}},{"type":"Feature","geometry":{"type":"Point","coordinates":[110.37653,-7.78879]},"properties":{"name":"Sego Empal Bu Warno","type":"Restaurant","category":"sosial_tugas","subcategory":"Restoran","opening_hours":"Mo-Su 09:00-17:00; PH closed","operator":null,"osm_id":7809692827}},{"type":"Feature","geometry":{"type":"Point","coordinates":[110.37691,-7.7887]},"properties":{"name":"Warung Makan Mak'e","type":"Restaurant","category":"sosial_tugas","subcategory":"Restoran","opening_hours":"Mo-Su 09:00-21:00; PH closed","operator":null,"osm_id":7808417592}},{"type":"Feature","geometry":{"type":"Point","coordinates":[110.37722,-7.78866]},"properties":{"name":"Rumah Makan Padang Andalas Raya","type":"Restaurant","category":"sosial_tugas","subcategory":"Restoran","opening_hours":"Mo-Sa 09:00-21:00; PH closed","operator":null,"osm_id":7808417599}},{"type":"Feature","geometry":{"type":"Point","coordinates":[110.3774,-7.7886]},"properties":{"name":"Sio Manise Seafood","type":"Restaurant","category":"sosial_tugas","subcategory":"Restoran","opening_hours":"Mo-Sa 09:00-21:00; PH closed","operator":null,"osm_id":7808417598}},{"type":"Feature","geometry":{"type":"Point","coordinates":[110.37788,-7.7889]},"properties":{"name":"Warung Makan Berkah","type":"Restaurant","category":"sosial_tugas","subcategory":"Restoran","opening_hours":"Mo-Su 09:00-23:00; PH unknown","operator":null,"osm_id":7862132538}},{"type":"Feature","geometry":{"type":"Point","coordinates":[110.37572,-7.78885]},"properties":{"name":"Warung Makan Bu Seno","type":"Restaurant","category":"sosial_tugas","subcategory":"Restoran","opening_hours":null,"operator":null,"osm_id":7811468607}},{"type":"Feature","geometry":{"type":"Point","coordinates":[110.37652,-7.78909]},"properties":{"name":"Warung Makan Bu Uli","type":"Restaurant","category":"sosial_tugas","subcategory":"Restoran","opening_hours":"Mo-Su 09:00-21:00","operator":null,"osm_id":9242835812}},{"type":"Feature","geometry":{"type":"Point","coordinates":[110.378,-7.7901]},"properties":{"name":"Angkringan","type":"Restaurant","category":"sosial_tugas","subcategory":"Restoran","opening_hours":"Mo-Su 18:00-24:00,00:00-02:00; PH unknown","operator":null,"osm_id":7864044440}},{"type":"Feature","geometry":{"type":"Point","coordinates":[110.37542,-7.79026]},"properties":{"name":"Loko Cafe","type":"Cafe","category":"sosial_tugas","subcategory":"Kafe","opening_hours":null,"operator":null,"osm_id":5869827594}},{"type":"Feature","geometry":{"type":"Point","coordinates":[110.37777,-7.79154]},"properties":{"name":"Angkringan Denpal","type":"Restaurant","category":"sosial_tugas","subcategory":"Restoran","opening_hours":"Mo-Su 15:00-24:00,00:00-02:00; PH unknown","operator":null,"osm_id":7864044437}},{"type":"Feature","geometry":{"type":"Point","coordinates":[110.37284,-7.75637]},"properties":{"name":"SBC Spesial Cah Kangkung","type":"Restaurant","category":"sosial_tugas","subcategory":"Restoran","opening_hours":"08:00-22:00","operator":null,"osm_id":8419588985}},{"type":"Feature","geometry":{"type":"Point","coordinates":[110.36844,-7.75838]},"properties":{"name":"Cafe","type":"Cafe","category":"sosial_tugas","subcategory":"Kafe","opening_hours":null,"operator":null,"osm_id":4146176564}},{"type":"Feature","geometry":{"type":"Point","coordinates":[110.37167,-7.78838]},"properties":{"name":"Warung Makan Pecel Lele","type":"Restaurant","category":"sosial_tugas","subcategory":"Restoran","opening_hours":"24/7","operator":null,"osm_id":7862020491}},{"type":"Feature","geometry":{"type":"Point","coordinates":[110.37235,-7.78819]},"properties":{"name":"Dimsum Sembilan Naga","type":"Cafe","category":"sosial_tugas","subcategory":"Kafe","opening_hours":null,"operator":null,"osm_id":7811256798}},{"type":"Feature","geometry":{"type":"Point","coordinates":[110.3722,-7.78707]},"properties":{"name":"Kopi Kemarin","type":"Cafe","category":"sosial_tugas","subcategory":"Kafe","opening_hours":null,"operator":null,"osm_id":9149567408}},{"type":"Feature","geometry":{"type":"Point","coordinates":[110.36853,-7.78679]},"properties":{"name":"Soto Ayam Code - Mak Sri","type":"Restaurant","category":"sosial_tugas","subcategory":"Restoran","opening_hours":null,"operator":null,"osm_id":9184084957}},{"type":"Feature","geometry":{"type":"Point","coordinates":[110.37117,-7.78623]},"properties":{"name":"Ayam Geprek dan Prasmanan","type":"Restaurant","category":"sosial_tugas","subcategory":"Restoran","opening_hours":null,"operator":null,"osm_id":9155576725}},{"type":"Feature","geometry":{"type":"Point","coordinates":[110.37181,-7.78594]},"properties":{"name":"De Celine Restaurant & Patisserie","type":"Restaurant","category":"sosial_tugas","subcategory":"Restoran","opening_hours":null,"operator":null,"osm_id":9505300231}},{"type":"Feature","geometry":{"type":"Point","coordinates":[110.37221,-7.78506]},"properties":{"name":"Twister","type":"Restaurant","category":"sosial_tugas","subcategory":"Restoran","opening_hours":null,"operator":null,"osm_id":7880489263}},{"type":"Feature","geometry":{"type":"Point","coordinates":[110.37277,-7.78444]},"properties":{"name":"Kallula","type":"Cafe","category":"sosial_tugas","subcategory":"Kafe","opening_hours":null,"operator":null,"osm_id":4590872604}},{"type":"Feature","geometry":{"type":"Point","coordinates":[110.37219,-7.78439]},"properties":{"name":"Raminten Kitchen","type":"Restaurant","category":"sosial_tugas","subcategory":"Restoran","opening_hours":null,"operator":null,"osm_id":7880489262}},{"type":"Feature","geometry":{"type":"Point","coordinates":[110.37287,-7.78347]},"properties":{"name":"Twister Chinese Food","type":"Restaurant","category":"sosial_tugas","subcategory":"Restoran","opening_hours":null,"operator":null,"osm_id":4590872602}},{"type":"Feature","geometry":{"type":"Point","coordinates":[110.36687,-7.78255]},"properties":{"name":"Kebon Ndalem","type":"Cafe","category":"sosial_tugas","subcategory":"Kafe","opening_hours":null,"operator":null,"osm_id":7276219185}},{"type":"Feature","geometry":{"type":"Point","coordinates":[110.43365,-7.75721]},"properties":{"name":"Go!Steak","type":"Restaurant","category":"sosial_tugas","subcategory":"Restoran","opening_hours":"Mo-Su 11:00-21:30","operator":null,"osm_id":10866663826}},{"type":"Feature","geometry":{"type":"Point","coordinates":[110.40878,-7.75739]},"properties":{"name":"Warmindo Murni","type":"Restaurant","category":"sosial_tugas","subcategory":"Restoran","opening_hours":"24/7","operator":null,"osm_id":4590695945}},{"type":"Feature","geometry":{"type":"Point","coordinates":[110.39682,-7.75772]},"properties":{"name":"Kobessah","type":"Restaurant","category":"sosial_tugas","subcategory":"Restoran","opening_hours":null,"operator":null,"osm_id":11195655967}},{"type":"Feature","geometry":{"type":"Point","coordinates":[110.40192,-7.756]},"properties":{"name":"Kopen Coffee","type":"Cafe","category":"sosial_tugas","subcategory":"Kafe","opening_hours":null,"operator":null,"osm_id":6732315340}},{"type":"Feature","geometry":{"type":"Point","coordinates":[110.37383,-7.78892]},"properties":{"name":"Warung Makan Bakmi dan Nasi Goreng","type":"Restaurant","category":"sosial_tugas","subcategory":"Restoran","opening_hours":"Mo-Su 18:00-23:00; PH unknown","operator":null,"osm_id":7867529287}},{"type":"Feature","geometry":{"type":"Point","coordinates":[110.37487,-7.7885]},"properties":{"name":"Yamie Panda","type":"Restaurant","category":"sosial_tugas","subcategory":"Restoran","opening_hours":"Mo-Su 09:00-22:00; PH closed","operator":null,"osm_id":5842034285}},{"type":"Feature","geometry":{"type":"Point","coordinates":[110.37432,-7.78561]},"properties":{"name":"Roemi - Rumah Mirota","type":"Restaurant","category":"sosial_tugas","subcategory":"Restoran","opening_hours":null,"operator":null,"osm_id":7805410940}},{"type":"Feature","geometry":{"type":"Point","coordinates":[110.3736,-7.78514]},"properties":{"name":"Kopi Bule","type":"Cafe","category":"sosial_tugas","subcategory":"Kafe","opening_hours":null,"operator":null,"osm_id":4590872603}},{"type":"Feature","geometry":{"type":"Point","coordinates":[110.37488,-7.78449]},"properties":{"name":"Melu Cafe","type":"Cafe","category":"sosial_tugas","subcategory":"Kafe","opening_hours":null,"operator":null,"osm_id":3229516709}},{"type":"Feature","geometry":{"type":"Point","coordinates":[110.37465,-7.78432]},"properties":{"name":"Silol Cafe","type":"Cafe","category":"sosial_tugas","subcategory":"Kafe","opening_hours":null,"operator":null,"osm_id":4460180999}},{"type":"Feature","geometry":{"type":"Point","coordinates":[110.37468,-7.78328]},"properties":{"name":"Chatime","type":"Cafe","category":"sosial_tugas","subcategory":"Kafe","opening_hours":null,"operator":null,"osm_id":4799118027}},{"type":"Feature","geometry":{"type":"Point","coordinates":[110.40983,-7.77074]},"properties":{"name":"Dunia Kita Coffee & Eatery","type":"Restaurant","category":"sosial_tugas","subcategory":"Restoran","opening_hours":null,"operator":null,"osm_id":10559528346}},{"type":"Feature","geometry":{"type":"Point","coordinates":[110.37611,-7.78366]},"properties":{"name":"Warung Bu Endang","type":"Restaurant","category":"sosial_tugas","subcategory":"Restoran","opening_hours":null,"operator":null,"osm_id":7859890089}},{"type":"Feature","geometry":{"type":"Point","coordinates":[110.38129,-7.81665]},"properties":{"name":"Restaurant","type":"Restaurant","category":"sosial_tugas","subcategory":"Restoran","opening_hours":null,"operator":null,"osm_id":5045741222}},{"type":"Feature","geometry":{"type":"Point","coordinates":[110.37688,-7.82018]},"properties":{"name":"Fast Food","type":"Fast Food","category":"sosial_tugas","subcategory":"Fast Food","opening_hours":null,"operator":null,"osm_id":9276559284}},{"type":"Feature","geometry":{"type":"Point","coordinates":[110.40463,-7.74653]},"properties":{"name":"Mino Bakery","type":"Restaurant","category":"sosial_tugas","subcategory":"Restoran","opening_hours":null,"operator":null,"osm_id":4832034870}},{"type":"Feature","geometry":{"type":"Point","coordinates":[110.40111,-7.73956]},"properties":{"name":"Asoka Coffee","type":"Restaurant","category":"sosial_tugas","subcategory":"Restoran","opening_hours":null,"operator":null,"osm_id":9778847402}},{"type":"Feature","geometry":{"type":"Point","coordinates":[110.42094,-7.73831]},"properties":{"name":"Gendhis","type":"Restaurant","category":"sosial_tugas","subcategory":"Restoran","opening_hours":null,"operator":null,"osm_id":9719970485}},{"type":"Feature","geometry":{"type":"Point","coordinates":[110.41407,-7.73684]},"properties":{"name":"Pemadam Kelaparan","type":"Restaurant","category":"sosial_tugas","subcategory":"Restoran","opening_hours":null,"operator":null,"osm_id":9778838162}},{"type":"Feature","geometry":{"type":"Point","coordinates":[110.41017,-7.73664]},"properties":{"name":"Restaurant","type":"Restaurant","category":"sosial_tugas","subcategory":"Restoran","opening_hours":null,"operator":null,"osm_id":9778837633}},{"type":"Feature","geometry":{"type":"Point","coordinates":[110.41791,-7.73625]},"properties":{"name":"Bakso & Mie Ayam Wonogiri","type":"Restaurant","category":"sosial_tugas","subcategory":"Restoran","opening_hours":null,"operator":null,"osm_id":9778838161}},{"type":"Feature","geometry":{"type":"Point","coordinates":[110.41497,-7.73558]},"properties":{"name":"Pesona Pingka","type":"Restaurant","category":"sosial_tugas","subcategory":"Restoran","opening_hours":null,"operator":null,"osm_id":9778676477}},{"type":"Feature","geometry":{"type":"Point","coordinates":[110.41698,-7.7281]},"properties":{"name":"Kopi Plosok dan Sego Thiwul","type":"Restaurant","category":"sosial_tugas","subcategory":"Restoran","opening_hours":null,"operator":null,"osm_id":9704827156}},{"type":"Feature","geometry":{"type":"Point","coordinates":[110.40566,-7.73001]},"properties":{"name":"Tengkleng Gajah","type":"Restaurant","category":"sosial_tugas","subcategory":"Restoran","opening_hours":null,"operator":null,"osm_id":8355129657}},{"type":"Feature","geometry":{"type":"Point","coordinates":[110.42085,-7.7315]},"properties":{"name":"Mie Ayam & Bakso Mas Eko","type":"Restaurant","category":"sosial_tugas","subcategory":"Restoran","opening_hours":null,"operator":null,"osm_id":9704858760}},{"type":"Feature","geometry":{"type":"Point","coordinates":[110.14759,-7.65674]},"properties":{"name":"PAWON WIDOSARI","type":"Cafe","category":"sosial_tugas","subcategory":"Kafe","opening_hours":null,"operator":null,"osm_id":10609419837}},{"type":"Feature","geometry":{"type":"Point","coordinates":[110.15704,-7.66036]},"properties":{"name":"RIZ BAKERY & CAFE","type":"Cafe","category":"sosial_tugas","subcategory":"Kafe","opening_hours":null,"operator":null,"osm_id":10609419824}},{"type":"Feature","geometry":{"type":"Point","coordinates":[110.36224,-7.75602]},"properties":{"name":"LIQUID","type":"Cafe","category":"sosial_tugas","subcategory":"Kafe","opening_hours":null,"operator":null,"osm_id":1848017150}},{"type":"Feature","geometry":{"type":"Point","coordinates":[110.36214,-7.75613]},"properties":{"name":"LIQUID","type":"Bar","category":"sosial_tugas","subcategory":"Bar/Pub","opening_hours":null,"operator":null,"osm_id":1848016493}},{"type":"Feature","geometry":{"type":"Point","coordinates":[110.36233,-7.7537]},"properties":{"name":"Boshe","type":"Bar","category":"sosial_tugas","subcategory":"Bar/Pub","opening_hours":null,"operator":null,"osm_id":1847520190}},{"type":"Feature","geometry":{"type":"Point","coordinates":[110.38018,-7.76608]},"properties":{"name":"Restaurant","type":"Restaurant","category":"sosial_tugas","subcategory":"Restoran","opening_hours":null,"operator":null,"osm_id":1748290458}},{"type":"Feature","geometry":{"type":"Point","coordinates":[110.38146,-7.76643]},"properties":{"name":"Bakso Soto Spesial Pak Ateng","type":"Restaurant","category":"sosial_tugas","subcategory":"Restoran","opening_hours":"Mo-Su 08:00-21:00","operator":null,"osm_id":4328807089}},{"type":"Feature","geometry":{"type":"Point","coordinates":[110.38163,-7.76631]},"properties":{"name":"Ayam Geprek Pak Wage 2","type":"Restaurant","category":"sosial_tugas","subcategory":"Restoran","opening_hours":null,"operator":null,"osm_id":10154499459}},{"type":"Feature","geometry":{"type":"Point","coordinates":[110.38229,-7.76614]},"properties":{"name":"Kiken Soup","type":"Restaurant","category":"sosial_tugas","subcategory":"Restoran","opening_hours":null,"operator":null,"osm_id":3623677433}},{"type":"Feature","geometry":{"type":"Point","coordinates":[110.38075,-7.76622]},"properties":{"name":"Jogja Chicken","type":"Fast Food","category":"sosial_tugas","subcategory":"Fast Food","opening_hours":null,"operator":null,"osm_id":1748292226}},{"type":"Feature","geometry":{"type":"Point","coordinates":[110.38062,-7.76619]},"properties":{"name":"RM Nasi Bambu","type":"Restaurant","category":"sosial_tugas","subcategory":"Restoran","opening_hours":null,"operator":null,"osm_id":5207545063}},{"type":"Feature","geometry":{"type":"Point","coordinates":[110.38246,-7.76756]},"properties":{"name":"Restaurant","type":"Restaurant","category":"sosial_tugas","subcategory":"Restoran","opening_hours":null,"operator":null,"osm_id":3451899426}},{"type":"Feature","geometry":{"type":"Point","coordinates":[110.38338,-7.77044]},"properties":{"name":"Restaurant","type":"Restaurant","category":"sosial_tugas","subcategory":"Restoran","opening_hours":null,"operator":null,"osm_id":4832042351}},{"type":"Feature","geometry":{"type":"Point","coordinates":[110.37951,-7.76378]},"properties":{"name":"Pisang Kaget","type":"Fast Food","category":"sosial_tugas","subcategory":"Fast Food","opening_hours":null,"operator":null,"osm_id":6009353482}},{"type":"Feature","geometry":{"type":"Point","coordinates":[110.37851,-7.76347]},"properties":{"name":"Bale Bebakaran","type":"Restaurant","category":"sosial_tugas","subcategory":"Restoran","opening_hours":null,"operator":null,"osm_id":6009239063}},{"type":"Feature","geometry":{"type":"Point","coordinates":[110.37952,-7.76331]},"properties":{"name":"Aldan Resto","type":"Restaurant","category":"sosial_tugas","subcategory":"Restoran","opening_hours":null,"operator":null,"osm_id":6009361194}},{"type":"Feature","geometry":{"type":"Point","coordinates":[110.38203,-7.76298]},"properties":{"name":"Yamie Panda","type":"Restaurant","category":"sosial_tugas","subcategory":"Restoran","opening_hours":null,"operator":null,"osm_id":3451899404}},{"type":"Feature","geometry":{"type":"Point","coordinates":[110.38013,-7.76314]},"properties":{"name":"Gudeg Yu Jum","type":"Restaurant","category":"sosial_tugas","subcategory":"Restoran","opening_hours":"Mo-Su 05:00-20:00","operator":null,"osm_id":4362074695}},{"type":"Feature","geometry":{"type":"Point","coordinates":[110.31428,-7.8537]},"properties":{"name":"Kopi Randu","type":"Restaurant","category":"sosial_tugas","subcategory":"Restoran","opening_hours":null,"operator":null,"osm_id":10180094116}},{"type":"Feature","geometry":{"type":"Point","coordinates":[110.54363,-7.86704]},"properties":{"name":"Bakso Urat Kampung Emas","type":"Restaurant","category":"sosial_tugas","subcategory":"Restoran","opening_hours":null,"operator":null,"osm_id":10094824229}},{"type":"Feature","geometry":{"type":"Point","coordinates":[110.41709,-7.667]},"properties":{"name":"Pondok Raza","type":"Restaurant","category":"sosial_tugas","subcategory":"Restoran","opening_hours":null,"operator":null,"osm_id":3254790976}},{"type":"Feature","geometry":{"type":"Point","coordinates":[110.45996,-7.66438]},"properties":{"name":"WPR Fried Chicken","type":"Restaurant","category":"sosial_tugas","subcategory":"Restoran","opening_hours":null,"operator":null,"osm_id":10269105669}},{"type":"Feature","geometry":{"type":"Point","coordinates":[110.44269,-7.65878]},"properties":{"name":"RM Bale Wukir","type":"Restaurant","category":"sosial_tugas","subcategory":"Restoran","opening_hours":"Mo-Th, Sa, Su 10:00-21:00; Fr 13:00-21:00","operator":null,"osm_id":10266812927}},{"type":"Feature","geometry":{"type":"Point","coordinates":[110.43163,-7.65928]},"properties":{"name":"Gress","type":"Restaurant","category":"sosial_tugas","subcategory":"Restoran","opening_hours":null,"operator":null,"osm_id":10201068906}},{"type":"Feature","geometry":{"type":"Point","coordinates":[110.43085,-7.65861]},"properties":{"name":"Magu Magu Fried Chicken","type":"Fast Food","category":"sosial_tugas","subcategory":"Fast Food","opening_hours":"Mo-Su 09:00-21:00","operator":null,"osm_id":10269041293}},{"type":"Feature","geometry":{"type":"Point","coordinates":[110.43411,-7.66081]},"properties":{"name":"Mie Ayam Bakso Pak Eko Wonogiri","type":"Restaurant","category":"sosial_tugas","subcategory":"Restoran","opening_hours":null,"operator":null,"osm_id":10269026459}},{"type":"Feature","geometry":{"type":"Point","coordinates":[110.43401,-7.66086]},"properties":{"name":"Allin Fried Chicken","type":"Fast Food","category":"sosial_tugas","subcategory":"Fast Food","opening_hours":null,"operator":null,"osm_id":10997150096}},{"type":"Feature","geometry":{"type":"Point","coordinates":[110.43231,-7.66101]},"properties":{"name":"Bakmi Balangan","type":"Restaurant","category":"sosial_tugas","subcategory":"Restoran","opening_hours":null,"operator":null,"osm_id":10680642541}},{"type":"Feature","geometry":{"type":"Point","coordinates":[110.4334,-7.66093]},"properties":{"name":"Angkringan Sejahtera","type":"Restaurant","category":"sosial_tugas","subcategory":"Restoran","opening_hours":null,"operator":null,"osm_id":10201054682}},{"type":"Feature","geometry":{"type":"Point","coordinates":[110.4325,-7.66146]},"properties":{"name":"Sate Kambing Pak Juki","type":"Restaurant","category":"sosial_tugas","subcategory":"Restoran","opening_hours":null,"operator":null,"osm_id":10296494762}},{"type":"Feature","geometry":{"type":"Point","coordinates":[110.4331,-7.662]},"properties":{"name":"Moro Lejar","type":"Restaurant","category":"sosial_tugas","subcategory":"Restoran","opening_hours":null,"operator":null,"osm_id":492087555}},{"type":"Feature","geometry":{"type":"Point","coordinates":[110.42069,-7.66132]},"properties":{"name":"RM Sinar Minang","type":"Restaurant","category":"sosial_tugas","subcategory":"Restoran","opening_hours":null,"operator":null,"osm_id":3254790981}},{"type":"Feature","geometry":{"type":"Point","coordinates":[110.42019,-7.6627]},"properties":{"name":"RM Bungo Minang","type":"Restaurant","category":"sosial_tugas","subcategory":"Restoran","opening_hours":null,"operator":null,"osm_id":3254790980}},{"type":"Feature","geometry":{"type":"Point","coordinates":[110.42036,-7.66218]},"properties":{"name":"RM Anda","type":"Restaurant","category":"sosial_tugas","subcategory":"Restoran","opening_hours":null,"operator":null,"osm_id":3254790979}},{"type":"Feature","geometry":{"type":"Point","coordinates":[110.43363,-7.66378]},"properties":{"name":"Wader Lombok Ijo","type":"Restaurant","category":"sosial_tugas","subcategory":"Restoran","opening_hours":null,"operator":null,"osm_id":10219211356}},{"type":"Feature","geometry":{"type":"Point","coordinates":[110.46189,-7.68918]},"properties":{"name":"Angkringan & Bakmi Jawa Pujiroso","type":"Restaurant","category":"sosial_tugas","subcategory":"Restoran","opening_hours":"Mo-Su 16:00-22:00","operator":null,"osm_id":10296514164}},{"type":"Feature","geometry":{"type":"Point","coordinates":[110.39336,-7.77428]},"properties":{"name":"Mie Ayam Kita","type":"Restaurant","category":"sosial_tugas","subcategory":"Restoran","opening_hours":null,"operator":null,"osm_id":3686643256}},{"type":"Feature","geometry":{"type":"Point","coordinates":[110.38905,-7.77381]},"properties":{"name":"Pistacchio Gelato","type":"Cafe","category":"sosial_tugas","subcategory":"Kafe","opening_hours":null,"operator":null,"osm_id":4591254277}},{"type":"Feature","geometry":{"type":"Point","coordinates":[110.38805,-7.77553]},"properties":{"name":"Kantin Garasi","type":"Restaurant","category":"sosial_tugas","subcategory":"Restoran","opening_hours":null,"operator":null,"osm_id":3473955065}},{"type":"Feature","geometry":{"type":"Point","coordinates":[110.39537,-7.77547]},"properties":{"name":"Ayam Geprek Bu Rum","type":"Restaurant","category":"sosial_tugas","subcategory":"Restoran","opening_hours":null,"operator":null,"osm_id":3229490386}},{"type":"Feature","geometry":{"type":"Point","coordinates":[110.3931,-7.77644]},"properties":{"name":"Restaurant aceh Bungong Jeumpa","type":"Restaurant","category":"sosial_tugas","subcategory":"Restoran","opening_hours":null,"operator":null,"osm_id":3229488565}},{"type":"Feature","geometry":{"type":"Point","coordinates":[110.38888,-7.77808]},"properties":{"name":"Dil Rani Restaurant","type":"Restaurant","category":"sosial_tugas","subcategory":"Restoran","opening_hours":null,"operator":null,"osm_id":9905382362}},{"type":"Feature","geometry":{"type":"Point","coordinates":[110.39053,-7.77893]},"properties":{"name":"Cafe","type":"Cafe","category":"sosial_tugas","subcategory":"Kafe","opening_hours":null,"operator":null,"osm_id":9807979417}},{"type":"Feature","geometry":{"type":"Point","coordinates":[110.38986,-7.77862]},"properties":{"name":"Real Burger","type":"Restaurant","category":"sosial_tugas","subcategory":"Restoran","opening_hours":null,"operator":null,"osm_id":3473031890}},{"type":"Feature","geometry":{"type":"Point","coordinates":[110.39242,-7.78089]},"properties":{"name":"Popeye Chicken Express","type":"Restaurant","category":"sosial_tugas","subcategory":"Restoran","opening_hours":null,"operator":null,"osm_id":3473031888}},{"type":"Feature","geometry":{"type":"Point","coordinates":[110.39088,-7.77993]},"properties":{"name":"Lagani Cafe","type":"Cafe","category":"sosial_tugas","subcategory":"Kafe","opening_hours":null,"operator":null,"osm_id":3473031884}},{"type":"Feature","geometry":{"type":"Point","coordinates":[110.39145,-7.7802]},"properties":{"name":"Calzonne Express","type":"Restaurant","category":"sosial_tugas","subcategory":"Restoran","opening_hours":null,"operator":null,"osm_id":3473031875}},{"type":"Feature","geometry":{"type":"Point","coordinates":[110.39022,-7.77978]},"properties":{"name":"Resto OZ","type":"Restaurant","category":"sosial_tugas","subcategory":"Restoran","opening_hours":null,"operator":null,"osm_id":3473031891}},{"type":"Feature","geometry":{"type":"Point","coordinates":[110.38912,-7.77953]},"properties":{"name":"Waroeng Steak & Shake - Demangan","type":"Restaurant","category":"sosial_tugas","subcategory":"Restoran","opening_hours":null,"operator":null,"osm_id":9969080601}},{"type":"Feature","geometry":{"type":"Point","coordinates":[110.39011,-7.77941]},"properties":{"name":"Old Dish","type":"Restaurant","category":"sosial_tugas","subcategory":"Restoran","opening_hours":null,"operator":null,"osm_id":3473031887}},{"type":"Feature","geometry":{"type":"Point","coordinates":[110.38853,-7.77935]},"properties":{"name":"Nasi Kapau Uda Jack","type":"Restaurant","category":"sosial_tugas","subcategory":"Restoran","opening_hours":null,"operator":null,"osm_id":9991661600}},{"type":"Feature","geometry":{"type":"Point","coordinates":[110.39383,-7.7619]},"properties":{"name":"Restaurant","type":"Restaurant","category":"sosial_tugas","subcategory":"Restoran","opening_hours":null,"operator":null,"osm_id":2647356920}},{"type":"Feature","geometry":{"type":"Point","coordinates":[110.39386,-7.76178]},"properties":{"name":"Kedai Sedek Raos","type":"Restaurant","category":"sosial_tugas","subcategory":"Restoran","opening_hours":null,"operator":null,"osm_id":3987578840}},{"type":"Feature","geometry":{"type":"Point","coordinates":[110.39552,-7.76187]},"properties":{"name":"Olive Fried Chicken","type":"Fast Food","category":"sosial_tugas","subcategory":"Fast Food","opening_hours":null,"operator":null,"osm_id":2647353737}},{"type":"Feature","geometry":{"type":"Point","coordinates":[110.39738,-7.76198]},"properties":{"name":"Warung Kendi","type":"Restaurant","category":"sosial_tugas","subcategory":"Restoran","opening_hours":null,"operator":null,"osm_id":3922989780}},{"type":"Feature","geometry":{"type":"Point","coordinates":[110.39553,-7.76244]},"properties":{"name":"Bar Kitchen Go Rich","type":"Restaurant","category":"sosial_tugas","subcategory":"Restoran","opening_hours":null,"operator":null,"osm_id":3832166377}},{"type":"Feature","geometry":{"type":"Point","coordinates":[110.3944,-7.7611]},"properties":{"name":"Sushi Story","type":"Restaurant","category":"sosial_tugas","subcategory":"Restoran","opening_hours":null,"operator":null,"osm_id":3636359382}},{"type":"Feature","geometry":{"type":"Point","coordinates":[110.39393,-7.76138]},"properties":{"name":"The Obonk Steak & Ribs","type":"Restaurant","category":"sosial_tugas","subcategory":"Restoran","opening_hours":null,"operator":null,"osm_id":9862141289}},{"type":"Feature","geometry":{"type":"Point","coordinates":[110.39874,-7.75942]},"properties":{"name":"Burger King","type":"Fast Food","category":"sosial_tugas","subcategory":"Fast Food","opening_hours":null,"operator":null,"osm_id":8341321347}},{"type":"Feature","geometry":{"type":"Point","coordinates":[110.3954,-7.75373]},"properties":{"name":"Warung De Juminten","type":"Restaurant","category":"sosial_tugas","subcategory":"Restoran","opening_hours":null,"operator":null,"osm_id":4590655056}},{"type":"Feature","geometry":{"type":"Point","coordinates":[110.38679,-7.76266]},"properties":{"name":"Warung Istiqomah","type":"Restaurant","category":"sosial_tugas","subcategory":"Restoran","opening_hours":null,"operator":null,"osm_id":3451899401}},{"type":"Feature","geometry":{"type":"Point","coordinates":[110.38283,-7.76215]},"properties":{"name":"Warmindo Kedai solusi","type":"Restaurant","category":"sosial_tugas","subcategory":"Restoran","opening_hours":null,"operator":null,"osm_id":6009386385}},{"type":"Feature","geometry":{"type":"Point","coordinates":[110.37893,-7.7611]},"properties":{"name":"Restaurant","type":"Restaurant","category":"sosial_tugas","subcategory":"Restoran","opening_hours":null,"operator":null,"osm_id":3395885783}},{"type":"Feature","geometry":{"type":"Point","coordinates":[110.37797,-7.76097]},"properties":{"name":"Al-Maidah","type":"Restaurant","category":"sosial_tugas","subcategory":"Restoran","opening_hours":null,"operator":null,"osm_id":3397825665}},{"type":"Feature","geometry":{"type":"Point","coordinates":[110.38196,-7.76066]},"properties":{"name":"BlackBone Coffee","type":"Cafe","category":"sosial_tugas","subcategory":"Kafe","opening_hours":null,"operator":null,"osm_id":3621462268}},{"type":"Feature","geometry":{"type":"Point","coordinates":[110.38101,-7.76052]},"properties":{"name":"Warung Tubruk","type":"Restaurant","category":"sosial_tugas","subcategory":"Restoran","opening_hours":null,"operator":null,"osm_id":6009327717}},{"type":"Feature","geometry":{"type":"Point","coordinates":[110.37606,-7.76042]},"properties":{"name":"Restaurant Palm Kuning (Kecil)","type":"Restaurant","category":"sosial_tugas","subcategory":"Restoran","opening_hours":null,"operator":null,"osm_id":3397785495}},{"type":"Feature","geometry":{"type":"Point","coordinates":[110.38198,-7.76048]},"properties":{"name":"Olive Chicken","type":"Fast Food","category":"sosial_tugas","subcategory":"Fast Food","opening_hours":"Mo-Su 09:00-21:00","operator":null,"osm_id":4331941414}},{"type":"Feature","geometry":{"type":"Point","coordinates":[110.38116,-7.76028]},"properties":{"name":"Bakpiapia","type":"Fast Food","category":"sosial_tugas","subcategory":"Fast Food","opening_hours":null,"operator":null,"osm_id":4831886734}},{"type":"Feature","geometry":{"type":"Point","coordinates":[110.38142,-7.75945]},"properties":{"name":"Luxury","type":"Cafe","category":"sosial_tugas","subcategory":"Kafe","opening_hours":null,"operator":null,"osm_id":4589424955}},{"type":"Feature","geometry":{"type":"Point","coordinates":[110.38222,-7.75882]},"properties":{"name":"Nasi Bakar","type":"Restaurant","category":"sosial_tugas","subcategory":"Restoran","opening_hours":null,"operator":null,"osm_id":3451535429}},{"type":"Feature","geometry":{"type":"Point","coordinates":[110.37741,-7.75821]},"properties":{"name":"Cafe","type":"Cafe","category":"sosial_tugas","subcategory":"Kafe","opening_hours":null,"operator":null,"osm_id":3363079081}},{"type":"Feature","geometry":{"type":"Point","coordinates":[110.38188,-7.75805]},"properties":{"name":"Hestek Kopi","type":"Cafe","category":"sosial_tugas","subcategory":"Kafe","opening_hours":null,"operator":null,"osm_id":3914446536}},{"type":"Feature","geometry":{"type":"Point","coordinates":[110.3842,-7.75331]},"properties":{"name":"Bakmi Jowo","type":"Restaurant","category":"sosial_tugas","subcategory":"Restoran","opening_hours":null,"operator":null,"osm_id":3472798341}},{"type":"Feature","geometry":{"type":"Point","coordinates":[110.38123,-7.75299]},"properties":{"name":"Songkhla Thai Restaurant","type":"Restaurant","category":"sosial_tugas","subcategory":"Restoran","opening_hours":null,"operator":null,"osm_id":4013846292}},{"type":"Feature","geometry":{"type":"Point","coordinates":[110.38388,-7.75411]},"properties":{"name":"Rata-Rata","type":"Restaurant","category":"sosial_tugas","subcategory":"Restoran","opening_hours":null,"operator":null,"osm_id":3634352858}},{"type":"Feature","geometry":{"type":"Point","coordinates":[110.33554,-7.87605]},"properties":{"name":"Chicken Crush","type":"Restaurant","category":"sosial_tugas","subcategory":"Restoran","opening_hours":null,"operator":null,"osm_id":9811849021}},{"type":"Feature","geometry":{"type":"Point","coordinates":[110.33164,-7.88441]},"properties":{"name":"Roti Gembong Gede","type":"Fast Food","category":"sosial_tugas","subcategory":"Fast Food","opening_hours":null,"operator":null,"osm_id":9811900241}},{"type":"Feature","geometry":{"type":"Point","coordinates":[110.53159,-7.876]},"properties":{"name":"Restaurant","type":"Restaurant","category":"sosial_tugas","subcategory":"Restoran","opening_hours":null,"operator":null,"osm_id":9751893609}},{"type":"Feature","geometry":{"type":"Point","coordinates":[110.52034,-7.89548]},"properties":{"name":"Restaurant","type":"Restaurant","category":"sosial_tugas","subcategory":"Restoran","opening_hours":null,"operator":null,"osm_id":9460336582}},{"type":"Feature","geometry":{"type":"Point","coordinates":[110.37369,-7.92453]},"properties":{"name":"Lotek & Kupat Tahu Sor Talok","type":"Restaurant","category":"sosial_tugas","subcategory":"Restoran","opening_hours":null,"operator":null,"osm_id":3638796125}},{"type":"Feature","geometry":{"type":"Point","coordinates":[110.36747,-7.93225]},"properties":{"name":"Mie Ayam Joglo","type":"Restaurant","category":"sosial_tugas","subcategory":"Restoran","opening_hours":null,"operator":null,"osm_id":3562538993}},{"type":"Feature","geometry":{"type":"Point","coordinates":[110.36638,-7.93407]},"properties":{"name":"Mie Ayam Bendungan","type":"Restaurant","category":"sosial_tugas","subcategory":"Restoran","opening_hours":null,"operator":null,"osm_id":3562544493}},{"type":"Feature","geometry":{"type":"Point","coordinates":[110.36627,-7.93422]},"properties":{"name":"Village Inn","type":"Restaurant","category":"sosial_tugas","subcategory":"Restoran","opening_hours":null,"operator":null,"osm_id":3562538994}},{"type":"Feature","geometry":{"type":"Point","coordinates":[110.26512,-7.93214]},"properties":{"name":"Mutiara Minang","type":"Restaurant","category":"sosial_tugas","subcategory":"Restoran","opening_hours":null,"operator":null,"osm_id":10775632481}},{"type":"Feature","geometry":{"type":"Point","coordinates":[110.42848,-7.64732]},"properties":{"name":"Restaurant","type":"Restaurant","category":"sosial_tugas","subcategory":"Restoran","opening_hours":"Mo-Su 09:00-17:00","operator":null,"osm_id":9899952697}},{"type":"Feature","geometry":{"type":"Point","coordinates":[110.42774,-7.82373]},"properties":{"name":"Sate Kambing Mudo","type":"Restaurant","category":"sosial_tugas","subcategory":"Restoran","opening_hours":null,"operator":null,"osm_id":9811833480}},{"type":"Feature","geometry":{"type":"Point","coordinates":[110.42549,-7.82301]},"properties":{"name":"Bakso Gajah Mungkur","type":"Restaurant","category":"sosial_tugas","subcategory":"Restoran","opening_hours":null,"operator":null,"osm_id":9811825264}},{"type":"Feature","geometry":{"type":"Point","coordinates":[110.39206,-7.78282]},"properties":{"name":"Soto Kudus Gajah Mada","type":"Restaurant","category":"sosial_tugas","subcategory":"Restoran","opening_hours":null,"operator":null,"osm_id":3473035394}},{"type":"Feature","geometry":{"type":"Point","coordinates":[110.39359,-7.78911]},"properties":{"name":"Warung Ayam Sakti","type":"Restaurant","category":"sosial_tugas","subcategory":"Restoran","opening_hours":null,"operator":null,"osm_id":5203424658}},{"type":"Feature","geometry":{"type":"Point","coordinates":[110.35277,-7.89519]},"properties":{"name":"Bakso Pak Tupar","type":"Restaurant","category":"sosial_tugas","subcategory":"Restoran","opening_hours":null,"operator":null,"osm_id":4831903517}},{"type":"Feature","geometry":{"type":"Point","coordinates":[110.32532,-7.8918]},"properties":{"name":"Sempol Mas Yudi","type":"Fast Food","category":"sosial_tugas","subcategory":"Fast Food","opening_hours":null,"operator":null,"osm_id":9811903691}},{"type":"Feature","geometry":{"type":"Point","coordinates":[110.33281,-7.90446]},"properties":{"name":"Warung Bakmi Pak Kentung","type":"Restaurant","category":"sosial_tugas","subcategory":"Restoran","opening_hours":null,"operator":null,"osm_id":10193309171}},{"type":"Feature","geometry":{"type":"Point","coordinates":[110.3314,-7.9047]},"properties":{"name":"Warung Soto Bu \"Dhe\"","type":"Restaurant","category":"sosial_tugas","subcategory":"Restoran","opening_hours":null,"operator":null,"osm_id":10195163856}},{"type":"Feature","geometry":{"type":"Point","coordinates":[110.33289,-7.90503]},"properties":{"name":"Mie Ayam Dunia","type":"Fast Food","category":"sosial_tugas","subcategory":"Fast Food","opening_hours":null,"operator":null,"osm_id":10193342395}},{"type":"Feature","geometry":{"type":"Point","coordinates":[110.32071,-7.90541]},"properties":{"name":"Soto Pagi Palibapang","type":"Restaurant","category":"sosial_tugas","subcategory":"Restoran","opening_hours":"Mo-Su 06:00-09:00","operator":null,"osm_id":9811858602}},{"type":"Feature","geometry":{"type":"Point","coordinates":[110.3791,-7.78261]},"properties":{"name":"Starbucks","type":"Cafe","category":"sosial_tugas","subcategory":"Kafe","opening_hours":null,"operator":null,"osm_id":6680921575}},{"type":"Feature","geometry":{"type":"Point","coordinates":[110.37938,-7.78287]},"properties":{"name":"Waruga Warmindo - Burjo","type":"Restaurant","category":"sosial_tugas","subcategory":"Restoran","opening_hours":null,"operator":null,"osm_id":9217234773}},{"type":"Feature","geometry":{"type":"Point","coordinates":[110.37924,-7.78352]},"properties":{"name":"Tuscan","type":"Restaurant","category":"sosial_tugas","subcategory":"Restoran","opening_hours":null,"operator":null,"osm_id":9194593864}},{"type":"Feature","geometry":{"type":"Point","coordinates":[110.37928,-7.78332]},"properties":{"name":"Gudeg Mirasa","type":"Restaurant","category":"sosial_tugas","subcategory":"Restoran","opening_hours":null,"operator":null,"osm_id":9194593865}},{"type":"Feature","geometry":{"type":"Point","coordinates":[110.38488,-7.78322]},"properties":{"name":"Taj","type":"Restaurant","category":"sosial_tugas","subcategory":"Restoran","opening_hours":null,"operator":null,"osm_id":3987578842}},{"type":"Feature","geometry":{"type":"Point","coordinates":[110.38288,-7.78609]},"properties":{"name":"Sego Pecel Blora Dhong Jati","type":"Restaurant","category":"sosial_tugas","subcategory":"Restoran","opening_hours":null,"operator":null,"osm_id":9205583200}},{"type":"Feature","geometry":{"type":"Point","coordinates":[110.38534,-7.78545]},"properties":{"name":"Bandung Fried Chicken 234","type":"Restaurant","category":"sosial_tugas","subcategory":"Restoran","opening_hours":null,"operator":null,"osm_id":10116370507}},{"type":"Feature","geometry":{"type":"Point","coordinates":[110.38249,-7.78609]},"properties":{"name":"Nasi Liwet Solo Wong Lemu","type":"Restaurant","category":"sosial_tugas","subcategory":"Restoran","opening_hours":null,"operator":null,"osm_id":9205583198}},{"type":"Feature","geometry":{"type":"Point","coordinates":[110.38238,-7.78609]},"properties":{"name":"Rumah Makan Jagad Kriuk","type":"Restaurant","category":"sosial_tugas","subcategory":"Restoran","opening_hours":null,"operator":null,"osm_id":9205583197}},{"type":"Feature","geometry":{"type":"Point","coordinates":[110.38243,-7.78609]},"properties":{"name":"Nasi Goreng Kambing","type":"Restaurant","category":"sosial_tugas","subcategory":"Restoran","opening_hours":null,"operator":null,"osm_id":9205583201}},{"type":"Feature","geometry":{"type":"Point","coordinates":[110.38233,-7.7861]},"properties":{"name":"Lumpia Rebung Bu Tatik","type":"Restaurant","category":"sosial_tugas","subcategory":"Restoran","opening_hours":null,"operator":null,"osm_id":9205583199}},{"type":"Feature","geometry":{"type":"Point","coordinates":[110.38215,-7.78626]},"properties":{"name":"Soto Langensari","type":"Restaurant","category":"sosial_tugas","subcategory":"Restoran","opening_hours":null,"operator":null,"osm_id":9208431565}},{"type":"Feature","geometry":{"type":"Point","coordinates":[110.38219,-7.78621]},"properties":{"name":"Ayam Bakar & Penyetan","type":"Restaurant","category":"sosial_tugas","subcategory":"Restoran","opening_hours":null,"operator":null,"osm_id":9208431564}},{"type":"Feature","geometry":{"type":"Point","coordinates":[110.37873,-7.78697]},"properties":{"name":"Warmindo","type":"Restaurant","category":"sosial_tugas","subcategory":"Restoran","opening_hours":"24/7","operator":null,"osm_id":9194565897}},{"type":"Feature","geometry":{"type":"Point","coordinates":[110.37873,-7.78705]},"properties":{"name":"Awor Cafe","type":"Cafe","category":"sosial_tugas","subcategory":"Kafe","opening_hours":null,"operator":null,"osm_id":7867387740}},{"type":"Feature","geometry":{"type":"Point","coordinates":[110.37934,-7.78734]},"properties":{"name":"Penyetan Moe","type":"Restaurant","category":"sosial_tugas","subcategory":"Restoran","opening_hours":null,"operator":null,"osm_id":9191142228}},{"type":"Feature","geometry":{"type":"Point","coordinates":[110.37938,-7.78736]},"properties":{"name":"Warmindo","type":"Restaurant","category":"sosial_tugas","subcategory":"Restoran","opening_hours":null,"operator":null,"osm_id":9191142230}},{"type":"Feature","geometry":{"type":"Point","coordinates":[110.3786,-7.78778]},"properties":{"name":"Phuket Noodle","type":"Restaurant","category":"sosial_tugas","subcategory":"Restoran","opening_hours":null,"operator":null,"osm_id":7867387741}},{"type":"Feature","geometry":{"type":"Point","coordinates":[110.37856,-7.78805]},"properties":{"name":"Warung Makan Simple Food","type":"Restaurant","category":"sosial_tugas","subcategory":"Restoran","opening_hours":null,"operator":null,"osm_id":7867387744}},{"type":"Feature","geometry":{"type":"Point","coordinates":[110.37839,-7.78786]},"properties":{"name":"Warung Soto","type":"Restaurant","category":"sosial_tugas","subcategory":"Restoran","opening_hours":null,"operator":null,"osm_id":7894042046}},{"type":"Feature","geometry":{"type":"Point","coordinates":[110.37827,-7.78836]},"properties":{"name":"Warung Makan Polsek","type":"Restaurant","category":"sosial_tugas","subcategory":"Restoran","opening_hours":"Mo-Su 06:00-22:00,05:00-06:00; PH unknown","operator":null,"osm_id":7868803541}},{"type":"Feature","geometry":{"type":"Point","coordinates":[110.37857,-7.78871]},"properties":{"name":"Angkringan Pak Tri","type":"Restaurant","category":"sosial_tugas","subcategory":"Restoran","opening_hours":null,"operator":null,"osm_id":7862132540}},{"type":"Feature","geometry":{"type":"Point","coordinates":[110.3801,-7.78989]},"properties":{"name":"Kopi 'ijo'","type":"Restaurant","category":"sosial_tugas","subcategory":"Restoran","opening_hours":null,"operator":null,"osm_id":6347111163}},{"type":"Feature","geometry":{"type":"Point","coordinates":[110.37821,-7.79152]},"properties":{"name":"Il Pozzo Ristorante","type":"Restaurant","category":"sosial_tugas","subcategory":"Restoran","opening_hours":null,"operator":null,"osm_id":5869847305}},{"type":"Feature","geometry":{"type":"Point","coordinates":[110.36596,-7.79329]},"properties":{"name":"J.Co","type":"Fast Food","category":"sosial_tugas","subcategory":"Fast Food","opening_hours":null,"operator":null,"osm_id":4993791022}},{"type":"Feature","geometry":{"type":"Point","coordinates":[110.36514,-7.79709]},"properties":{"name":"Chatime","type":"Cafe","category":"sosial_tugas","subcategory":"Kafe","opening_hours":null,"operator":null,"osm_id":11554865587}},{"type":"Feature","geometry":{"type":"Point","coordinates":[110.35888,-7.80781]},"properties":{"name":"Ruang Jaka Coffee & Free Wifi","type":"Cafe","category":"sosial_tugas","subcategory":"Kafe","opening_hours":"Mo-Su 10:00-23:00","operator":null,"osm_id":10620765359}},{"type":"Feature","geometry":{"type":"Point","coordinates":[110.36572,-7.78888]},"properties":{"name":"Kopi Jos","type":"Cafe","category":"sosial_tugas","subcategory":"Kafe","opening_hours":null,"operator":null,"osm_id":1697828567}},{"type":"Feature","geometry":{"type":"Point","coordinates":[110.36546,-7.79493]},"properties":{"name":"Starbucks","type":"Cafe","category":"sosial_tugas","subcategory":"Kafe","opening_hours":null,"operator":null,"osm_id":6591142698}},{"type":"Feature","geometry":{"type":"Point","coordinates":[110.29431,-7.80675]},"properties":{"name":"Kopi Gamol","type":"Restaurant","category":"sosial_tugas","subcategory":"Restoran","opening_hours":null,"operator":null,"osm_id":11554886401}},{"type":"Feature","geometry":{"type":"Point","coordinates":[110.33564,-7.80015]},"properties":{"name":"Warmindo","type":"Fast Food","category":"sosial_tugas","subcategory":"Fast Food","opening_hours":null,"operator":null,"osm_id":11554885600}},{"type":"Feature","geometry":{"type":"Point","coordinates":[110.36475,-7.81874]},"properties":{"name":"Masama","type":"Restaurant","category":"sosial_tugas","subcategory":"Restoran","opening_hours":null,"operator":null,"osm_id":12743402581}},{"type":"Feature","geometry":{"type":"Point","coordinates":[110.31449,-7.84361]},"properties":{"name":"Bakso & Mie Ayam Mo-Bal Wonogiri","type":"Restaurant","category":"sosial_tugas","subcategory":"Restoran","opening_hours":null,"operator":null,"osm_id":12078482210}},{"type":"Feature","geometry":{"type":"Point","coordinates":[110.31449,-7.84361]},"properties":{"name":"Bakso & Mie Ayam Mo-Bal Wonogiri","type":"Restaurant","category":"sosial_tugas","subcategory":"Restoran","opening_hours":null,"operator":null,"osm_id":12078403962}},{"type":"Feature","geometry":{"type":"Point","coordinates":[110.33177,-7.93315]},"properties":{"name":"TBM LURU ILMU","type":"Library","category":"sosial_tugas","subcategory":"Perpustakaan","opening_hours":"24/7","operator":"Sugiyono Saiful Hadi","osm_id":11853095131}},{"type":"Feature","geometry":{"type":"Point","coordinates":[110.3436,-7.84873]},"properties":{"name":"Rocket Chicken Niten Kasongan","type":"Restaurant","category":"sosial_tugas","subcategory":"Restoran","opening_hours":"Mo-Su 09:00-21:00","operator":null,"osm_id":11496076893}},{"type":"Feature","geometry":{"type":"Point","coordinates":[110.34739,-7.82194]},"properties":{"name":"Bakso & Durian Goda","type":"Restaurant","category":"sosial_tugas","subcategory":"Restoran","opening_hours":null,"operator":null,"osm_id":11416411347}},{"type":"Feature","geometry":{"type":"Point","coordinates":[110.40842,-7.77566]},"properties":{"name":"Sambel Colek","type":"Restaurant","category":"sosial_tugas","subcategory":"Restoran","opening_hours":null,"operator":null,"osm_id":12875235013}},{"type":"Feature","geometry":{"type":"Point","coordinates":[110.4526,-7.7745]},"properties":{"name":"Warung Naliko","type":"Cafe","category":"sosial_tugas","subcategory":"Kafe","opening_hours":null,"operator":null,"osm_id":12709719456}},{"type":"Feature","geometry":{"type":"Point","coordinates":[110.40924,-7.77446]},"properties":{"name":"Mie Bonafide","type":"Restaurant","category":"sosial_tugas","subcategory":"Restoran","opening_hours":null,"operator":null,"osm_id":12483898634}},{"type":"Feature","geometry":{"type":"Point","coordinates":[110.37911,-7.76662]},"properties":{"name":"Cafe Kehutanan UGM","type":"Cafe","category":"sosial_tugas","subcategory":"Kafe","opening_hours":null,"operator":null,"osm_id":12813657239}},{"type":"Feature","geometry":{"type":"Point","coordinates":[110.3914,-7.78261]},"properties":{"name":"Wizzmie","type":"Restaurant","category":"sosial_tugas","subcategory":"Restoran","opening_hours":null,"operator":null,"osm_id":12666427937}},{"type":"Feature","geometry":{"type":"Point","coordinates":[110.37515,-7.78851]},"properties":{"name":"Mie Gacoan","type":"Restaurant","category":"sosial_tugas","subcategory":"Restoran","opening_hours":null,"operator":null,"osm_id":7808417593}},{"type":"Feature","geometry":{"type":"Point","coordinates":[110.37506,-7.78336]},"properties":{"name":"Janji Jiwa","type":"Cafe","category":"sosial_tugas","subcategory":"Kafe","opening_hours":null,"operator":null,"osm_id":9175232114}},{"type":"Feature","geometry":{"type":"Point","coordinates":[110.4008,-7.7679]},"properties":{"name":"Haka Grill","type":"Restaurant","category":"sosial_tugas","subcategory":"Restoran","opening_hours":null,"operator":null,"osm_id":12477945413}},{"type":"Feature","geometry":{"type":"Point","coordinates":[110.3715,-7.75644]},"properties":{"name":"Restaurant","type":"Restaurant","category":"sosial_tugas","subcategory":"Restoran","opening_hours":null,"operator":null,"osm_id":12338231191}},{"type":"Feature","geometry":{"type":"Point","coordinates":[110.37157,-7.75647]},"properties":{"name":"Restaurant","type":"Restaurant","category":"sosial_tugas","subcategory":"Restoran","opening_hours":null,"operator":null,"osm_id":12338231192}},{"type":"Feature","geometry":{"type":"Point","coordinates":[110.36527,-7.80523]},"properties":{"name":"Bakmi Jawa Pak Pele","type":"Restaurant","category":"sosial_tugas","subcategory":"Restoran","opening_hours":null,"operator":null,"osm_id":3229536573}},{"type":"Feature","geometry":{"type":"Point","coordinates":[110.37152,-7.78516]},"properties":{"name":"House of Raminten","type":"Restaurant","category":"sosial_tugas","subcategory":"Restoran","opening_hours":null,"operator":null,"osm_id":12838748896}},{"type":"Feature","geometry":{"type":"Point","coordinates":[110.36926,-7.80572]},"properties":{"name":"Burjo Jowo","type":"Fast Food","category":"sosial_tugas","subcategory":"Fast Food","opening_hours":null,"operator":null,"osm_id":12744177001}},{"type":"Feature","geometry":{"type":"Point","coordinates":[110.36599,-7.79061]},"properties":{"name":"Solaria","type":"Restaurant","category":"sosial_tugas","subcategory":"Restoran","opening_hours":"Mo-Fr 11:00-23:00; Sa-Su 10:00-24:00","operator":null,"osm_id":12598979921}},{"type":"Feature","geometry":{"type":"Point","coordinates":[110.37302,-7.78813]},"properties":{"name":"Legend Cafe","type":"Cafe","category":"sosial_tugas","subcategory":"Kafe","opening_hours":null,"operator":null,"osm_id":4744222294}},{"type":"Feature","geometry":{"type":"Point","coordinates":[110.30507,-7.77021]},"properties":{"name":"SAK\u00c9CA","type":"Restaurant","category":"sosial_tugas","subcategory":"Restoran","opening_hours":null,"operator":null,"osm_id":12587004183}},{"type":"Feature","geometry":{"type":"Point","coordinates":[110.34552,-7.80068]},"properties":{"name":"Dunkin'","type":"Fast Food","category":"sosial_tugas","subcategory":"Fast Food","opening_hours":null,"operator":null,"osm_id":5905752288}},{"type":"Feature","geometry":{"type":"Point","coordinates":[110.34227,-7.77891]},"properties":{"name":"McDonald's","type":"Fast Food","category":"sosial_tugas","subcategory":"Fast Food","opening_hours":null,"operator":null,"osm_id":1358375859}},{"type":"Feature","geometry":{"type":"Point","coordinates":[110.36312,-7.80849]},"properties":{"name":"Bale Raos","type":"Restaurant","category":"sosial_tugas","subcategory":"Restoran","opening_hours":"Mo-Su 10:00-22:00","operator":null,"osm_id":12830072018}},{"type":"Feature","geometry":{"type":"Point","coordinates":[110.34995,-7.78082]},"properties":{"name":"Chatime","type":"Cafe","category":"sosial_tugas","subcategory":"Kafe","opening_hours":null,"operator":null,"osm_id":12848222396}},{"type":"Feature","geometry":{"type":"Point","coordinates":[110.36324,-7.79031]},"properties":{"name":"ge0fee","type":"Restaurant","category":"sosial_tugas","subcategory":"Restoran","opening_hours":"Mo-Su 10:00-22:00","operator":null,"osm_id":12846512154}},{"type":"Feature","geometry":{"type":"Point","coordinates":[110.36561,-7.80279]},"properties":{"name":"tengkleng bhendjoyo kraton","type":"Restaurant","category":"sosial_tugas","subcategory":"Restoran","opening_hours":"Mo-Su 10:00-22:00","operator":null,"osm_id":12840032732}},{"type":"Feature","geometry":{"type":"Point","coordinates":[110.36487,-7.8051]},"properties":{"name":"Bakmi Jowo","type":"Restaurant","category":"sosial_tugas","subcategory":"Restoran","opening_hours":null,"operator":null,"osm_id":12813488629}},{"type":"Feature","geometry":{"type":"Point","coordinates":[110.36528,-7.80527]},"properties":{"name":"Special Bakmi dan Nasi Goreng","type":"Restaurant","category":"sosial_tugas","subcategory":"Restoran","opening_hours":"17.00 - 23.00","operator":null,"osm_id":12813488630}},{"type":"Feature","geometry":{"type":"Point","coordinates":[110.3668,-7.8045]},"properties":{"name":"Gudeg Yu Djum","type":"Restaurant","category":"sosial_tugas","subcategory":"Restoran","opening_hours":null,"operator":null,"osm_id":12799739642}},{"type":"Feature","geometry":{"type":"Point","coordinates":[110.36677,-7.80453]},"properties":{"name":"Gudeg Yu Djum","type":"Restaurant","category":"sosial_tugas","subcategory":"Restoran","opening_hours":null,"operator":null,"osm_id":12811204496}},{"type":"Feature","geometry":{"type":"Point","coordinates":[110.36518,-7.79387]},"properties":{"name":"Restaurant","type":"Restaurant","category":"sosial_tugas","subcategory":"Restoran","opening_hours":null,"operator":null,"osm_id":12798085856}},{"type":"Feature","geometry":{"type":"Point","coordinates":[110.36361,-7.78196]},"properties":{"name":"Garasi 56","type":"Restaurant","category":"sosial_tugas","subcategory":"Restoran","opening_hours":null,"operator":null,"osm_id":12717787547}},{"type":"Feature","geometry":{"type":"Point","coordinates":[110.36205,-7.78092]},"properties":{"name":"Backyard Smoke and Buns","type":"Restaurant","category":"sosial_tugas","subcategory":"Restoran","opening_hours":"Mo-Su 10:00-22:00","operator":null,"osm_id":12717822277}},{"type":"Feature","geometry":{"type":"Point","coordinates":[110.48607,-7.83843]},"properties":{"name":"Lesehan Twin Bridge","type":"Restaurant","category":"sosial_tugas","subcategory":"Restoran","opening_hours":null,"operator":null,"osm_id":9751900390}},{"type":"Feature","geometry":{"type":"Point","coordinates":[110.47686,-7.83632]},"properties":{"name":"Bakso Mie Ayam","type":"Restaurant","category":"sosial_tugas","subcategory":"Restoran","opening_hours":null,"operator":null,"osm_id":9751915128}},{"type":"Feature","geometry":{"type":"Point","coordinates":[110.48097,-7.83764]},"properties":{"name":"Layana Culinary & Spice","type":"Restaurant","category":"sosial_tugas","subcategory":"Restoran","opening_hours":null,"operator":null,"osm_id":9751923159}},{"type":"Feature","geometry":{"type":"Point","coordinates":[110.48524,-7.8372]},"properties":{"name":"Restaurant","type":"Restaurant","category":"sosial_tugas","subcategory":"Restoran","opening_hours":null,"operator":null,"osm_id":9751920534}},{"type":"Feature","geometry":{"type":"Point","coordinates":[110.4855,-7.836]},"properties":{"name":"Bakmi Jawa","type":"Restaurant","category":"sosial_tugas","subcategory":"Restoran","opening_hours":null,"operator":null,"osm_id":9751906942}},{"type":"Feature","geometry":{"type":"Point","coordinates":[110.44702,-7.82813]},"properties":{"name":"Padang MM","type":"Restaurant","category":"sosial_tugas","subcategory":"Restoran","opening_hours":null,"operator":null,"osm_id":3638415612}},{"type":"Feature","geometry":{"type":"Point","coordinates":[110.32797,-7.80658]},"properties":{"name":"Sugar Boba UMY","type":"Restaurant","category":"sosial_tugas","subcategory":"Restoran","opening_hours":"Mo-Su 10:00-21:00","operator":null,"osm_id":8962881122}},{"type":"Feature","geometry":{"type":"Point","coordinates":[110.32791,-7.8066]},"properties":{"name":"Griya Bakpia","type":"Restaurant","category":"sosial_tugas","subcategory":"Restoran","opening_hours":"Mo-Th 08:00-20:00, Fr-Su 08:00-21:00","operator":null,"osm_id":8962881123}},{"type":"Feature","geometry":{"type":"Point","coordinates":[110.32802,-7.80787]},"properties":{"name":"Nasi Goreng Pak Yono","type":"Restaurant","category":"sosial_tugas","subcategory":"Restoran","opening_hours":"Mo-Su 19:30-04:00","operator":null,"osm_id":8962881126}},{"type":"Feature","geometry":{"type":"Point","coordinates":[110.32079,-7.82881]},"properties":{"name":"gudeg bu tatik","type":"Restaurant","category":"sosial_tugas","subcategory":"Restoran","opening_hours":null,"operator":null,"osm_id":4592734533}},{"type":"Feature","geometry":{"type":"Point","coordinates":[110.34216,-7.82909]},"properties":{"name":"Bakmi Jawa Sunar","type":"Restaurant","category":"sosial_tugas","subcategory":"Restoran","opening_hours":"17:00-24:00","operator":null,"osm_id":3584972496}},{"type":"Feature","geometry":{"type":"Point","coordinates":[110.33799,-7.83325]},"properties":{"name":"Bakmi Pele","type":"Restaurant","category":"sosial_tugas","subcategory":"Restoran","opening_hours":null,"operator":null,"osm_id":3612330468}},{"type":"Feature","geometry":{"type":"Point","coordinates":[110.32884,-7.84183]},"properties":{"name":"soto bu inem","type":"Restaurant","category":"sosial_tugas","subcategory":"Restoran","opening_hours":null,"operator":null,"osm_id":4590622327}},{"type":"Feature","geometry":{"type":"Point","coordinates":[110.33992,-7.83743]},"properties":{"name":"Warung Mangut Lele Bedog","type":"Restaurant","category":"sosial_tugas","subcategory":"Restoran","opening_hours":null,"operator":null,"osm_id":3612192886}},{"type":"Feature","geometry":{"type":"Point","coordinates":[110.73189,-7.8288]},"properties":{"name":"Rumah Indah","type":"Cafe","category":"sosial_tugas","subcategory":"Kafe","opening_hours":null,"operator":null,"osm_id":10198647882}},{"type":"Feature","geometry":{"type":"Point","coordinates":[110.43812,-7.82745]},"properties":{"name":"Bakso Baskom","type":"Restaurant","category":"sosial_tugas","subcategory":"Restoran","opening_hours":null,"operator":null,"osm_id":1895824892}},{"type":"Feature","geometry":{"type":"Point","coordinates":[110.43698,-7.82736]},"properties":{"name":"Rumah Kawan","type":"Restaurant","category":"sosial_tugas","subcategory":"Restoran","opening_hours":null,"operator":null,"osm_id":2712121320}},{"type":"Feature","geometry":{"type":"Point","coordinates":[110.41332,-7.82759]},"properties":{"name":"Sate Kambing Pak Gandung","type":"Restaurant","category":"sosial_tugas","subcategory":"Restoran","opening_hours":null,"operator":null,"osm_id":9811851213}},{"type":"Feature","geometry":{"type":"Point","coordinates":[110.39433,-7.82732]},"properties":{"name":"Omah Dhuwur","type":"Restaurant","category":"sosial_tugas","subcategory":"Restoran","opening_hours":null,"operator":null,"osm_id":3229588019}},{"type":"Feature","geometry":{"type":"Point","coordinates":[110.40588,-7.82751]},"properties":{"name":"Warung Bu Baha","type":"Restaurant","category":"sosial_tugas","subcategory":"Restoran","opening_hours":null,"operator":null,"osm_id":9690688578}},{"type":"Feature","geometry":{"type":"Point","coordinates":[110.41799,-7.8125]},"properties":{"name":"Pemancingan Mataram","type":"Restaurant","category":"sosial_tugas","subcategory":"Restoran","opening_hours":null,"operator":null,"osm_id":3636307401}},{"type":"Feature","geometry":{"type":"Point","coordinates":[110.41774,-7.81912]},"properties":{"name":"Rocket Chicken","type":"Fast Food","category":"sosial_tugas","subcategory":"Fast Food","opening_hours":null,"operator":null,"osm_id":9811832190}},{"type":"Feature","geometry":{"type":"Point","coordinates":[110.41551,-7.82001]},"properties":{"name":"Warung Mie Ayam & Bakso Pak Paijo","type":"Restaurant","category":"sosial_tugas","subcategory":"Restoran","opening_hours":null,"operator":null,"osm_id":9811850750}},{"type":"Feature","geometry":{"type":"Point","coordinates":[110.41903,-7.81978]},"properties":{"name":"Joglo Khasanah","type":"Restaurant","category":"sosial_tugas","subcategory":"Restoran","opening_hours":null,"operator":null,"osm_id":9811840484}},{"type":"Feature","geometry":{"type":"Point","coordinates":[110.44266,-7.81639]},"properties":{"name":"BeNaDa","type":"Restaurant","category":"sosial_tugas","subcategory":"Restoran","opening_hours":null,"operator":null,"osm_id":9811837488}},{"type":"Feature","geometry":{"type":"Point","coordinates":[110.35421,-7.82831]},"properties":{"name":"Waroeng Steak & Shake","type":"Restaurant","category":"sosial_tugas","subcategory":"Restoran","opening_hours":"Mo-Su 10:00-22:00","operator":null,"osm_id":9811870015}},{"type":"Feature","geometry":{"type":"Point","coordinates":[110.36851,-7.8141]},"properties":{"name":"Yamie Singkawang","type":"Restaurant","category":"sosial_tugas","subcategory":"Restoran","opening_hours":null,"operator":null,"osm_id":12880769774}},{"type":"Feature","geometry":{"type":"Point","coordinates":[110.36454,-7.8185]},"properties":{"name":"Mediterranea by Kamil","type":"Restaurant","category":"sosial_tugas","subcategory":"Restoran","opening_hours":"Tu-Su 11:00-23:00; Mo off","operator":null,"osm_id":3487442212}},{"type":"Feature","geometry":{"type":"Point","coordinates":[110.36479,-7.8184]},"properties":{"name":"Tujuan","type":"Restaurant","category":"sosial_tugas","subcategory":"Restoran","opening_hours":"Mo-Su 09:00-23:00","operator":null,"osm_id":5911323786}},{"type":"Feature","geometry":{"type":"Point","coordinates":[110.36819,-7.81894]},"properties":{"name":"Jawa Timur Resto","type":"Restaurant","category":"sosial_tugas","subcategory":"Restoran","opening_hours":"Mo-Su 08:00-23:00","operator":null,"osm_id":11824674203}},{"type":"Feature","geometry":{"type":"Point","coordinates":[110.368,-7.819]},"properties":{"name":"Made Cafe","type":"Bar","category":"sosial_tugas","subcategory":"Bar/Pub","opening_hours":null,"operator":null,"osm_id":12743402575}},{"type":"Feature","geometry":{"type":"Point","coordinates":[110.36817,-7.8195]},"properties":{"name":"City Grill","type":"Restaurant","category":"sosial_tugas","subcategory":"Restoran","opening_hours":null,"operator":null,"osm_id":12743402576}},{"type":"Feature","geometry":{"type":"Point","coordinates":[110.36797,-7.81928]},"properties":{"name":"Banana Bar","type":"Bar","category":"sosial_tugas","subcategory":"Bar/Pub","opening_hours":null,"operator":null,"osm_id":12743402577}},{"type":"Feature","geometry":{"type":"Point","coordinates":[110.36817,-7.81912]},"properties":{"name":"Luku Cafe","type":"Bar","category":"sosial_tugas","subcategory":"Bar/Pub","opening_hours":null,"operator":null,"osm_id":12743402578}},{"type":"Feature","geometry":{"type":"Point","coordinates":[110.36661,-7.8188]},"properties":{"name":"Sekar Pizza","type":"Restaurant","category":"sosial_tugas","subcategory":"Restoran","opening_hours":null,"operator":null,"osm_id":12743402579}},{"type":"Feature","geometry":{"type":"Point","coordinates":[110.36799,-7.81914]},"properties":{"name":"Ruis","type":"Bar","category":"sosial_tugas","subcategory":"Bar/Pub","opening_hours":null,"operator":null,"osm_id":12743402580}},{"type":"Feature","geometry":{"type":"Point","coordinates":[110.29229,-7.84029]},"properties":{"name":"Jiwajawi","type":"Restaurant","category":"sosial_tugas","subcategory":"Restoran","opening_hours":null,"operator":null,"osm_id":12630051330}},{"type":"Feature","geometry":{"type":"Point","coordinates":[110.45847,-7.74936]},"properties":{"name":"Warung Kopi Centhong Jawa","type":"Restaurant","category":"sosial_tugas","subcategory":"Restoran","opening_hours":"Mo-Su 09:00-22:00","operator":null,"osm_id":12609603197}},{"type":"Feature","geometry":{"type":"Point","coordinates":[110.36629,-7.75087]},"properties":{"name":"ARSY COFFEE","type":"Cafe","category":"sosial_tugas","subcategory":"Kafe","opening_hours":null,"operator":null,"osm_id":12357566598}},{"type":"Feature","geometry":{"type":"Point","coordinates":[110.3653,-7.75171]},"properties":{"name":"Warmindo Ngemie","type":"Restaurant","category":"sosial_tugas","subcategory":"Restoran","opening_hours":null,"operator":null,"osm_id":12357642461}},{"type":"Feature","geometry":{"type":"Point","coordinates":[110.37736,-7.75743]},"properties":{"name":"Jatinangor House","type":"Restaurant","category":"sosial_tugas","subcategory":"Restoran","opening_hours":null,"operator":null,"osm_id":12338747955}},{"type":"Feature","geometry":{"type":"Point","coordinates":[110.4231,-7.66936]},"properties":{"name":"Kedai Makan Mbak Pesta","type":"Restaurant","category":"sosial_tugas","subcategory":"Restoran","opening_hours":null,"operator":null,"osm_id":12854802428}},{"type":"Feature","geometry":{"type":"Point","coordinates":[110.38301,-7.75575]},"properties":{"name":"Holy Smokes","type":"Restaurant","category":"sosial_tugas","subcategory":"Restoran","opening_hours":null,"operator":null,"osm_id":6009268149}},{"type":"Feature","geometry":{"type":"Point","coordinates":[110.41285,-7.70219]},"properties":{"name":"Warung Pak Gandung","type":"Restaurant","category":"sosial_tugas","subcategory":"Restoran","opening_hours":"24/7","operator":null,"osm_id":12868899881}},{"type":"Feature","geometry":{"type":"Point","coordinates":[110.39899,-7.72837]},"properties":{"name":"Point Coffee","type":"Cafe","category":"sosial_tugas","subcategory":"Kafe","opening_hours":null,"operator":null,"osm_id":8377630634}},{"type":"Feature","geometry":{"type":"Point","coordinates":[110.37678,-7.82506]},"properties":{"name":"Kedai Bin Saif","type":"Restaurant","category":"sosial_tugas","subcategory":"Restoran","opening_hours":null,"operator":null,"osm_id":3487511790}},{"type":"Feature","geometry":{"type":"Point","coordinates":[110.37319,-7.82069]},"properties":{"name":"SubStansi","type":"Cafe","category":"sosial_tugas","subcategory":"Kafe","opening_hours":null,"operator":null,"osm_id":5583703622}},{"type":"Feature","geometry":{"type":"Point","coordinates":[110.37114,-7.82005]},"properties":{"name":"Lotus Garden","type":"Restaurant","category":"sosial_tugas","subcategory":"Restoran","opening_hours":null,"operator":null,"osm_id":1640337576}},{"type":"Feature","geometry":{"type":"Point","coordinates":[110.37002,-7.81904]},"properties":{"name":"Till Drop","type":"Bar","category":"sosial_tugas","subcategory":"Bar/Pub","opening_hours":null,"operator":null,"osm_id":5654309127}},{"type":"Feature","geometry":{"type":"Point","coordinates":[110.44501,-7.80286]},"properties":{"name":"Soto Bathok kebon","type":"Restaurant","category":"sosial_tugas","subcategory":"Restoran","opening_hours":"Tu, We, Su 07:00-16:00; Mo 07:30-17:00; Fr 07:00-16:00; Sa 07:00-16:00","operator":null,"osm_id":9671789128}},{"type":"Feature","geometry":{"type":"Point","coordinates":[110.40815,-7.81074]},"properties":{"name":"Goeboeg Resto","type":"Restaurant","category":"sosial_tugas","subcategory":"Restoran","opening_hours":null,"operator":null,"osm_id":7162338833}},{"type":"Feature","geometry":{"type":"Point","coordinates":[110.40327,-7.79847]},"properties":{"name":"Soto Pak Marto","type":"Restaurant","category":"sosial_tugas","subcategory":"Restoran","opening_hours":null,"operator":null,"osm_id":3345753943}},{"type":"Feature","geometry":{"type":"Point","coordinates":[110.39599,-7.80039]},"properties":{"name":"Waroeng Surya","type":"Cafe","category":"sosial_tugas","subcategory":"Kafe","opening_hours":null,"operator":null,"osm_id":4146167257}},{"type":"Feature","geometry":{"type":"Point","coordinates":[110.39494,-7.80225]},"properties":{"name":"Kupat Tahu","type":"Restaurant","category":"sosial_tugas","subcategory":"Restoran","opening_hours":null,"operator":null,"osm_id":3600099385}},{"type":"Feature","geometry":{"type":"Point","coordinates":[110.39301,-7.80217]},"properties":{"name":"Soto Lamongan Cak Mangku","type":"Restaurant","category":"sosial_tugas","subcategory":"Restoran","opening_hours":"Mo-Su 09:00-23:00","operator":null,"osm_id":4328694295}},{"type":"Feature","geometry":{"type":"Point","coordinates":[110.40242,-7.80924]},"properties":{"name":"Ayam Goreng Suharti","type":"Restaurant","category":"sosial_tugas","subcategory":"Restoran","opening_hours":null,"operator":null,"osm_id":3638503719}},{"type":"Feature","geometry":{"type":"Point","coordinates":[110.29417,-7.84165]},"properties":{"name":"Brilliant Chicken","type":"Fast Food","category":"sosial_tugas","subcategory":"Fast Food","opening_hours":null,"operator":null,"osm_id":8147526424}},{"type":"Feature","geometry":{"type":"Point","coordinates":[110.29795,-7.84062]},"properties":{"name":"Museum Coklat Monggo","type":"Cafe","category":"sosial_tugas","subcategory":"Kafe","opening_hours":null,"operator":null,"osm_id":8147526423}},{"type":"Feature","geometry":{"type":"Point","coordinates":[110.12916,-7.80734]},"properties":{"name":"Warung","type":"Restaurant","category":"sosial_tugas","subcategory":"Restoran","opening_hours":null,"operator":null,"osm_id":3359764341}},{"type":"Feature","geometry":{"type":"Point","coordinates":[110.12093,-7.81938]},"properties":{"name":"Gendhis Resto","type":"Restaurant","category":"sosial_tugas","subcategory":"Restoran","opening_hours":"Mo-Su 08:00-18:00","operator":null,"osm_id":8242311049}},{"type":"Feature","geometry":{"type":"Point","coordinates":[110.20697,-7.75288]},"properties":{"name":"Warung Makan Lesehan Bu Bono","type":"Restaurant","category":"sosial_tugas","subcategory":"Restoran","opening_hours":null,"operator":null,"osm_id":11225132822}},{"type":"Feature","geometry":{"type":"Point","coordinates":[110.11809,-7.76138]},"properties":{"name":"Kopi Mego","type":"Restaurant","category":"sosial_tugas","subcategory":"Restoran","opening_hours":null,"operator":null,"osm_id":9729524951}},{"type":"Feature","geometry":{"type":"Point","coordinates":[110.12055,-7.76204]},"properties":{"name":"Kedai Kopi Pari","type":"Restaurant","category":"sosial_tugas","subcategory":"Restoran","opening_hours":null,"operator":null,"osm_id":6342471370}},{"type":"Feature","geometry":{"type":"Point","coordinates":[110.12103,-7.76982]},"properties":{"name":"Restaurant","type":"Restaurant","category":"sosial_tugas","subcategory":"Restoran","opening_hours":null,"operator":null,"osm_id":9392036388}},{"type":"Feature","geometry":{"type":"Point","coordinates":[110.11591,-7.76657]},"properties":{"name":"Warung","type":"Restaurant","category":"sosial_tugas","subcategory":"Restoran","opening_hours":null,"operator":null,"osm_id":3623170405}},{"type":"Feature","geometry":{"type":"Point","coordinates":[110.38152,-7.79798]},"properties":{"name":"Cafe","type":"Cafe","category":"sosial_tugas","subcategory":"Kafe","opening_hours":null,"operator":null,"osm_id":1987943600}},{"type":"Feature","geometry":{"type":"Point","coordinates":[110.37995,-7.80197]},"properties":{"name":"Isvara","type":"Cafe","category":"sosial_tugas","subcategory":"Kafe","opening_hours":null,"operator":null,"osm_id":10316215606}},{"type":"Feature","geometry":{"type":"Point","coordinates":[110.37712,-7.80921]},"properties":{"name":"Cafe","type":"Cafe","category":"sosial_tugas","subcategory":"Kafe","opening_hours":null,"operator":null,"osm_id":3782252117}},{"type":"Feature","geometry":{"type":"Point","coordinates":[110.37718,-7.80936]},"properties":{"name":"Angkringan Pak Hari","type":"Cafe","category":"sosial_tugas","subcategory":"Kafe","opening_hours":null,"operator":null,"osm_id":3782252118}},{"type":"Feature","geometry":{"type":"Point","coordinates":[110.24052,-7.87704]},"properties":{"name":"Peyek Bu Triyati","type":"Fast Food","category":"sosial_tugas","subcategory":"Fast Food","opening_hours":null,"operator":null,"osm_id":12049142100}},{"type":"Feature","geometry":{"type":"Point","coordinates":[110.23973,-7.87497]},"properties":{"name":"Peyek Bu Jiyah","type":"Fast Food","category":"sosial_tugas","subcategory":"Fast Food","opening_hours":null,"operator":null,"osm_id":12051067382}},{"type":"Feature","geometry":{"type":"Point","coordinates":[110.24204,-7.87505]},"properties":{"name":"Peyek Bu Sutinah","type":"Fast Food","category":"sosial_tugas","subcategory":"Fast Food","opening_hours":null,"operator":null,"osm_id":12049142104}},{"type":"Feature","geometry":{"type":"Point","coordinates":[110.24126,-7.82029]},"properties":{"name":"La Li Sa Farmer's Village","type":"Restaurant","category":"sosial_tugas","subcategory":"Restoran","opening_hours":null,"operator":null,"osm_id":11554875567}},{"type":"Feature","geometry":{"type":"Point","coordinates":[110.05798,-7.89992]},"properties":{"name":"Starbucks","type":"Cafe","category":"sosial_tugas","subcategory":"Kafe","opening_hours":null,"operator":null,"osm_id":12078121075}},{"type":"Feature","geometry":{"type":"Point","coordinates":[110.36463,-7.7974]},"properties":{"name":"Pempek Ny. Kamto","type":"Restaurant","category":"sosial_tugas","subcategory":"Restoran","opening_hours":"Mo-Su 09:00-21:00","operator":null,"osm_id":10658075405}},{"type":"Feature","geometry":{"type":"Point","coordinates":[110.36472,-7.79744]},"properties":{"name":"Pempek Ny. Kamto","type":"Restaurant","category":"sosial_tugas","subcategory":"Restoran","opening_hours":"Mo-Su 09:00-20:45","operator":null,"osm_id":10658057606}},{"type":"Feature","geometry":{"type":"Point","coordinates":[110.37115,-7.80891]},"properties":{"name":"Bosanova Bilyard","type":"Bar","category":"sosial_tugas","subcategory":"Bar/Pub","opening_hours":null,"operator":null,"osm_id":2258149815}},{"type":"Feature","geometry":{"type":"Point","coordinates":[110.36128,-7.80781]},"properties":{"name":"Restaurant","type":"Restaurant","category":"sosial_tugas","subcategory":"Restoran","opening_hours":null,"operator":null,"osm_id":5594627621}},{"type":"Feature","geometry":{"type":"Point","coordinates":[110.36289,-7.80639]},"properties":{"name":"Gadri","type":"Restaurant","category":"sosial_tugas","subcategory":"Restoran","opening_hours":null,"operator":null,"osm_id":1366438104}},{"type":"Feature","geometry":{"type":"Point","coordinates":[110.36034,-7.80635]},"properties":{"name":"Soto Lenthok Pak Ali","type":"Restaurant","category":"sosial_tugas","subcategory":"Restoran","opening_hours":null,"operator":null,"osm_id":6678196351}},{"type":"Feature","geometry":{"type":"Point","coordinates":[110.36949,-7.80472]},"properties":{"name":"Gosambih","type":"Restaurant","category":"sosial_tugas","subcategory":"Restoran","opening_hours":null,"operator":null,"osm_id":7117206087}},{"type":"Feature","geometry":{"type":"Point","coordinates":[110.32482,-7.79782]},"properties":{"name":"Lotek & Gado-Gado Mbak Via","type":"Restaurant","category":"sosial_tugas","subcategory":"Restoran","opening_hours":"Mo-Su 06:00-19:00","operator":null,"osm_id":10134776723}},{"type":"Feature","geometry":{"type":"Point","coordinates":[110.34048,-7.81131]},"properties":{"name":"Salad Moi","type":"Restaurant","category":"sosial_tugas","subcategory":"Restoran","opening_hours":null,"operator":null,"osm_id":7097513471}},{"type":"Feature","geometry":{"type":"Point","coordinates":[110.35036,-7.80725]},"properties":{"name":"Fast Food","type":"Fast Food","category":"sosial_tugas","subcategory":"Fast Food","opening_hours":null,"operator":null,"osm_id":5017310624}},{"type":"Feature","geometry":{"type":"Point","coordinates":[110.36116,-7.79406]},"properties":{"name":"Fortunate Coffee Jogja","type":"Restaurant","category":"sosial_tugas","subcategory":"Restoran","opening_hours":"Mo-Su 10:00-21:00","operator":null,"osm_id":3872990726}},{"type":"Feature","geometry":{"type":"Point","coordinates":[110.36304,-7.79376]},"properties":{"name":"Mie goreng Minceu","type":"Restaurant","category":"sosial_tugas","subcategory":"Restoran","opening_hours":"Mo-Su 17:00-23:00","operator":null,"osm_id":5250888332}},{"type":"Feature","geometry":{"type":"Point","coordinates":[110.36105,-7.79358]},"properties":{"name":"Olive Fried Chicken","type":"Fast Food","category":"sosial_tugas","subcategory":"Fast Food","opening_hours":null,"operator":null,"osm_id":6679855842}},{"type":"Feature","geometry":{"type":"Point","coordinates":[110.36236,-7.80428]},"properties":{"name":"Perpustakaan Umum-Terpadu Masjid Gedhe Kauman Yogyakarta","type":"Library","category":"sosial_tugas","subcategory":"Perpustakaan","opening_hours":null,"operator":null,"osm_id":10173332101}},{"type":"Feature","geometry":{"type":"Point","coordinates":[110.36161,-7.80108]},"properties":{"name":"Pak Gembul","type":"Restaurant","category":"sosial_tugas","subcategory":"Restoran","opening_hours":null,"operator":null,"osm_id":4290034496}},{"type":"Feature","geometry":{"type":"Point","coordinates":[110.3629,-7.79914]},"properties":{"name":"Ajaiba","type":"Cafe","category":"sosial_tugas","subcategory":"Kafe","opening_hours":null,"operator":null,"osm_id":5909421285}},{"type":"Feature","geometry":{"type":"Point","coordinates":[110.36213,-7.79914]},"properties":{"name":"Ketoprak Jakarta","type":"Fast Food","category":"sosial_tugas","subcategory":"Fast Food","opening_hours":"Mo-Su 16:00-21:00","operator":null,"osm_id":4328777590}},{"type":"Feature","geometry":{"type":"Point","coordinates":[110.31429,-7.79465]},"properties":{"name":"Lotek \"Mbah Darso\"","type":"Fast Food","category":"sosial_tugas","subcategory":"Fast Food","opening_hours":null,"operator":null,"osm_id":3558030826}},{"type":"Feature","geometry":{"type":"Point","coordinates":[110.29522,-7.80089]},"properties":{"name":"Bakpao Mugi Lancar","type":"Fast Food","category":"sosial_tugas","subcategory":"Fast Food","opening_hours":null,"operator":null,"osm_id":10134726252}},{"type":"Feature","geometry":{"type":"Point","coordinates":[110.32165,-7.80086]},"properties":{"name":"Kedai NyonyaMuda","type":"Cafe","category":"sosial_tugas","subcategory":"Kafe","opening_hours":"Mo-Su 15:00-24:00","operator":null,"osm_id":7247145208}},{"type":"Feature","geometry":{"type":"Point","coordinates":[110.33784,-7.80059]},"properties":{"name":"Sate Klathak Pak Yakut","type":"Restaurant","category":"sosial_tugas","subcategory":"Restoran","opening_hours":null,"operator":null,"osm_id":4303544189}},{"type":"Feature","geometry":{"type":"Point","coordinates":[110.315,-7.79928]},"properties":{"name":"Angkringan RW 26","type":"Fast Food","category":"sosial_tugas","subcategory":"Fast Food","opening_hours":null,"operator":null,"osm_id":3557962662}},{"type":"Feature","geometry":{"type":"Point","coordinates":[110.44476,-7.78257]},"properties":{"name":"Restaurant","type":"Restaurant","category":"sosial_tugas","subcategory":"Restoran","opening_hours":null,"operator":null,"osm_id":9819931070}},{"type":"Feature","geometry":{"type":"Point","coordinates":[110.48292,-7.78214]},"properties":{"name":"Restaurant","type":"Restaurant","category":"sosial_tugas","subcategory":"Restoran","opening_hours":null,"operator":null,"osm_id":9748832682}},{"type":"Feature","geometry":{"type":"Point","coordinates":[110.48249,-7.78146]},"properties":{"name":"Malming","type":"Fast Food","category":"sosial_tugas","subcategory":"Fast Food","opening_hours":null,"operator":null,"osm_id":9748834209}},{"type":"Feature","geometry":{"type":"Point","coordinates":[110.49106,-7.7816]},"properties":{"name":"Soto Tebing Banyunibo","type":"Restaurant","category":"sosial_tugas","subcategory":"Restoran","opening_hours":null,"operator":null,"osm_id":9907156504}},{"type":"Feature","geometry":{"type":"Point","coordinates":[110.49107,-7.78176]},"properties":{"name":"Omah Kopi Tebing Banyunibo","type":"Restaurant","category":"sosial_tugas","subcategory":"Restoran","opening_hours":null,"operator":null,"osm_id":9907167227}},{"type":"Feature","geometry":{"type":"Point","coordinates":[110.44732,-7.78586]},"properties":{"name":"Rocket Chicken","type":"Fast Food","category":"sosial_tugas","subcategory":"Fast Food","opening_hours":null,"operator":null,"osm_id":9697473727}},{"type":"Feature","geometry":{"type":"Point","coordinates":[110.46352,-7.78689]},"properties":{"name":"Wingking Cafe","type":"Restaurant","category":"sosial_tugas","subcategory":"Restoran","opening_hours":null,"operator":null,"osm_id":9780909028}},{"type":"Feature","geometry":{"type":"Point","coordinates":[110.48277,-7.78604]},"properties":{"name":"Mie Ayam Bakso Farhan 2","type":"Restaurant","category":"sosial_tugas","subcategory":"Restoran","opening_hours":null,"operator":null,"osm_id":9748847219}},{"type":"Feature","geometry":{"type":"Point","coordinates":[110.48458,-7.78815]},"properties":{"name":"Warung PBS","type":"Restaurant","category":"sosial_tugas","subcategory":"Restoran","opening_hours":null,"operator":null,"osm_id":9748830454}},{"type":"Feature","geometry":{"type":"Point","coordinates":[110.48489,-7.78853]},"properties":{"name":"Angkringan Siji","type":"Restaurant","category":"sosial_tugas","subcategory":"Restoran","opening_hours":null,"operator":null,"osm_id":9748834957}},{"type":"Feature","geometry":{"type":"Point","coordinates":[110.36925,-7.76064]},"properties":{"name":"Point Coffee","type":"Cafe","category":"sosial_tugas","subcategory":"Kafe","opening_hours":null,"operator":null,"osm_id":8570433137}},{"type":"Feature","geometry":{"type":"Point","coordinates":[110.36624,-7.7546]},"properties":{"name":"Geprek barokah","type":"Restaurant","category":"sosial_tugas","subcategory":"Restoran","opening_hours":null,"operator":null,"osm_id":12357632962}},{"type":"Feature","geometry":{"type":"Point","coordinates":[110.36539,-7.75567]},"properties":{"name":"gudeg bu mugi","type":"Restaurant","category":"sosial_tugas","subcategory":"Restoran","opening_hours":null,"operator":null,"osm_id":12357642465}},{"type":"Feature","geometry":{"type":"Point","coordinates":[110.36474,-7.75555]},"properties":{"name":"bakso tusuk payman mas d cabang imogiri","type":"Restaurant","category":"sosial_tugas","subcategory":"Restoran","opening_hours":null,"operator":null,"osm_id":12357642485}},{"type":"Feature","geometry":{"type":"Point","coordinates":[110.36573,-7.75599]},"properties":{"name":"bakso bakar dan sempol ayam bos","type":"Restaurant","category":"sosial_tugas","subcategory":"Restoran","opening_hours":null,"operator":null,"osm_id":12357642490}},{"type":"Feature","geometry":{"type":"Point","coordinates":[110.36578,-7.75728]},"properties":{"name":"es coklat den bagus","type":"Cafe","category":"sosial_tugas","subcategory":"Kafe","opening_hours":null,"operator":null,"osm_id":12357671701}},{"type":"Feature","geometry":{"type":"Point","coordinates":[110.36521,-7.75196]},"properties":{"name":"Bakso Soto Mie Ayam Pak Nono","type":"Restaurant","category":"sosial_tugas","subcategory":"Restoran","opening_hours":null,"operator":null,"osm_id":12357578892}},{"type":"Feature","geometry":{"type":"Point","coordinates":[110.36473,-7.75556]},"properties":{"name":"Bakso Tusuk Payaman Mas D cabang Imogiri","type":"Restaurant","category":"sosial_tugas","subcategory":"Restoran","opening_hours":null,"operator":null,"osm_id":12357595300}},{"type":"Feature","geometry":{"type":"Point","coordinates":[110.36953,-7.76191]},"properties":{"name":"Cafe","type":"Cafe","category":"sosial_tugas","subcategory":"Kafe","opening_hours":null,"operator":null,"osm_id":12337486174}},{"type":"Feature","geometry":{"type":"Point","coordinates":[110.36184,-7.74964]},"properties":{"name":"restoran kelapa gading","type":"Restaurant","category":"sosial_tugas","subcategory":"Restoran","opening_hours":null,"operator":null,"osm_id":1847529931}},{"type":"Feature","geometry":{"type":"Point","coordinates":[110.36157,-7.76167]},"properties":{"name":"hartz chiken buffet","type":"Restaurant","category":"sosial_tugas","subcategory":"Restoran","opening_hours":null,"operator":null,"osm_id":1847521134}},{"type":"Feature","geometry":{"type":"Point","coordinates":[110.36392,-7.74831]},"properties":{"name":"Hooflah","type":"Restaurant","category":"sosial_tugas","subcategory":"Restoran","opening_hours":null,"operator":null,"osm_id":11403202914}},{"type":"Feature","geometry":{"type":"Point","coordinates":[110.36388,-7.74842]},"properties":{"name":"Bakmi Pur","type":"Restaurant","category":"sosial_tugas","subcategory":"Restoran","opening_hours":null,"operator":null,"osm_id":11403143691}},{"type":"Feature","geometry":{"type":"Point","coordinates":[110.22806,-7.75259]},"properties":{"name":"Bakso & Mie Ayam Pak Bagong","type":"Restaurant","category":"sosial_tugas","subcategory":"Restoran","opening_hours":"Mo-Su 10:00-20:30","operator":null,"osm_id":11228814666}},{"type":"Feature","geometry":{"type":"Point","coordinates":[110.20585,-7.74581]},"properties":{"name":"Geblek Pari","type":"Restaurant","category":"sosial_tugas","subcategory":"Restoran","opening_hours":null,"operator":null,"osm_id":11228498822}},{"type":"Feature","geometry":{"type":"Point","coordinates":[110.20601,-7.74734]},"properties":{"name":"Mahaloka Paradise","type":"Restaurant","category":"sosial_tugas","subcategory":"Restoran","opening_hours":null,"operator":null,"osm_id":11228544484}},{"type":"Feature","geometry":{"type":"Point","coordinates":[110.3621,-7.7607]},"properties":{"name":"Lazorta Durian","type":"Restaurant","category":"sosial_tugas","subcategory":"Restoran","opening_hours":null,"operator":null,"osm_id":11097142921}},{"type":"Feature","geometry":{"type":"Point","coordinates":[110.20606,-7.7496]},"properties":{"name":"Geblek Menoreh View","type":"Restaurant","category":"sosial_tugas","subcategory":"Restoran","opening_hours":"Mo-Su 07:00-19:00","operator":null,"osm_id":11010186927}},{"type":"Feature","geometry":{"type":"Point","coordinates":[110.38748,-7.87144]},"properties":{"name":"Sate Klathak Pak Pong","type":"Restaurant","category":"sosial_tugas","subcategory":"Restoran","opening_hours":null,"operator":null,"osm_id":12838647909}},{"type":"Feature","geometry":{"type":"Point","coordinates":[110.34508,-7.87391]},"properties":{"name":"Dua Tiga Cafe","type":"Cafe","category":"sosial_tugas","subcategory":"Kafe","opening_hours":null,"operator":null,"osm_id":12850023467}},{"type":"Feature","geometry":{"type":"Point","coordinates":[110.33602,-7.8628]},"properties":{"name":"Jus Al Kareem","type":"Cafe","category":"sosial_tugas","subcategory":"Kafe","opening_hours":"Mo-Fr 09:00-18:00","operator":null,"osm_id":12861793152}},{"type":"Feature","geometry":{"type":"Point","coordinates":[110.33127,-7.87882]},"properties":{"name":"Seblak PAW","type":"Restaurant","category":"sosial_tugas","subcategory":"Restoran","opening_hours":null,"operator":null,"osm_id":12854814275}},{"type":"Feature","geometry":{"type":"Point","coordinates":[110.34501,-7.8737]},"properties":{"name":"Seblak Endul","type":"Restaurant","category":"sosial_tugas","subcategory":"Restoran","opening_hours":null,"operator":null,"osm_id":12850076636}},{"type":"Feature","geometry":{"type":"Point","coordinates":[110.35666,-7.79631]},"properties":{"name":"H.Slamet","type":"Restaurant","category":"sosial_tugas","subcategory":"Restoran","opening_hours":null,"operator":null,"osm_id":10651735562}},{"type":"Feature","geometry":{"type":"Point","coordinates":[110.34413,-7.80125]},"properties":{"name":"MARKO milk & coffee","type":"Cafe","category":"sosial_tugas","subcategory":"Kafe","opening_hours":null,"operator":null,"osm_id":4754834422}},{"type":"Feature","geometry":{"type":"Point","coordinates":[110.35538,-7.80124]},"properties":{"name":"Upload","type":"Restaurant","category":"sosial_tugas","subcategory":"Restoran","opening_hours":null,"operator":null,"osm_id":7097545227}},{"type":"Feature","geometry":{"type":"Point","coordinates":[110.35177,-7.79976]},"properties":{"name":"Hoka-Hoka Bento","type":"Fast Food","category":"sosial_tugas","subcategory":"Fast Food","opening_hours":null,"operator":null,"osm_id":1848508829}},{"type":"Feature","geometry":{"type":"Point","coordinates":[110.34621,-7.80067]},"properties":{"name":"Warung Soto Kadipiro","type":"Restaurant","category":"sosial_tugas","subcategory":"Restoran","opening_hours":null,"operator":null,"osm_id":9854594672}},{"type":"Feature","geometry":{"type":"Point","coordinates":[110.43454,-7.65315]},"properties":{"name":"Gubuk Dhahar Nayla","type":"Restaurant","category":"sosial_tugas","subcategory":"Restoran","opening_hours":"Mo-Su 09:00-20:00","operator":null,"osm_id":10180149779}},{"type":"Feature","geometry":{"type":"Point","coordinates":[110.42679,-7.60066]},"properties":{"name":"Lavana","type":"Restaurant","category":"sosial_tugas","subcategory":"Restoran","opening_hours":"Mo-Th 09:00-22:00; Fr-Su 07:00-24:00","operator":null,"osm_id":9857829937}},{"type":"Feature","geometry":{"type":"Point","coordinates":[110.36561,-7.80281]},"properties":{"name":"Tengkleng Bhenjoyo","type":"Restaurant","category":"sosial_tugas","subcategory":"Restoran","opening_hours":null,"operator":null,"osm_id":10824390798}},{"type":"Feature","geometry":{"type":"Point","coordinates":[110.36912,-7.80258]},"properties":{"name":"lie djong","type":"Restaurant","category":"sosial_tugas","subcategory":"Restoran","opening_hours":null,"operator":null,"osm_id":2419661766}},{"type":"Feature","geometry":{"type":"Point","coordinates":[110.36529,-7.80164]},"properties":{"name":"Kopi Pakpos","type":"Cafe","category":"sosial_tugas","subcategory":"Kafe","opening_hours":null,"operator":null,"osm_id":7252244985}},{"type":"Feature","geometry":{"type":"Point","coordinates":[110.36263,-7.79892]},"properties":{"name":"Selarasa","type":"Restaurant","category":"sosial_tugas","subcategory":"Restoran","opening_hours":null,"operator":null,"osm_id":13159126201}},{"type":"Feature","geometry":{"type":"Point","coordinates":[110.36207,-7.79956]},"properties":{"name":"Cokelat Dalem shop","type":"Cafe","category":"sosial_tugas","subcategory":"Kafe","opening_hours":null,"operator":null,"osm_id":4830808727}},{"type":"Feature","geometry":{"type":"Point","coordinates":[110.37082,-7.79883]},"properties":{"name":"Ayam Goreng \"Mbak UUK\"","type":"Restaurant","category":"sosial_tugas","subcategory":"Restoran","opening_hours":null,"operator":null,"osm_id":5225004923}},{"type":"Feature","geometry":{"type":"Point","coordinates":[110.36117,-7.80674]},"properties":{"name":"Omah Roti Sidomukti","type":"Cafe","category":"sosial_tugas","subcategory":"Kafe","opening_hours":null,"operator":null,"osm_id":5375657524}},{"type":"Feature","geometry":{"type":"Point","coordinates":[110.36552,-7.8051]},"properties":{"name":"Kopi Aceh","type":"Cafe","category":"sosial_tugas","subcategory":"Kafe","opening_hours":null,"operator":null,"osm_id":5559372321}},{"type":"Feature","geometry":{"type":"Point","coordinates":[110.36818,-7.81903]},"properties":{"name":"Hidden Bar","type":"Bar","category":"sosial_tugas","subcategory":"Bar/Pub","opening_hours":null,"operator":null,"osm_id":6302946216}},{"type":"Feature","geometry":{"type":"Point","coordinates":[110.36618,-7.81857]},"properties":{"name":"Chicken Shack","type":"Restaurant","category":"sosial_tugas","subcategory":"Restoran","opening_hours":null,"operator":null,"osm_id":12743402582}},{"type":"Feature","geometry":{"type":"Point","coordinates":[110.36581,-7.81851]},"properties":{"name":"Atomic","type":"Cafe","category":"sosial_tugas","subcategory":"Kafe","opening_hours":null,"operator":null,"osm_id":11830254727}},{"type":"Feature","geometry":{"type":"Point","coordinates":[110.37101,-7.81912]},"properties":{"name":"Warung Heru","type":"Restaurant","category":"sosial_tugas","subcategory":"Restoran","opening_hours":"Mo-Su 09:00-23:00","operator":null,"osm_id":5836039798}},{"type":"Feature","geometry":{"type":"Point","coordinates":[110.36997,-7.81922]},"properties":{"name":"Ruang Seduh","type":"Cafe","category":"sosial_tugas","subcategory":"Kafe","opening_hours":"Mo-Su 09:00-21:00","operator":null,"osm_id":7098192760}},{"type":"Feature","geometry":{"type":"Point","coordinates":[110.36913,-7.81882]},"properties":{"name":"Boogie Down","type":"Bar","category":"sosial_tugas","subcategory":"Bar/Pub","opening_hours":null,"operator":null,"osm_id":10648615485}},{"type":"Feature","geometry":{"type":"Point","coordinates":[110.36882,-7.81884]},"properties":{"name":"Just Play On","type":"Bar","category":"sosial_tugas","subcategory":"Bar/Pub","opening_hours":null,"operator":null,"osm_id":11451288963}},{"type":"Feature","geometry":{"type":"Point","coordinates":[110.3697,-7.81914]},"properties":{"name":"Stairs","type":"Restaurant","category":"sosial_tugas","subcategory":"Restoran","opening_hours":null,"operator":null,"osm_id":11451288965}},{"type":"Feature","geometry":{"type":"Point","coordinates":[110.36422,-7.81827]},"properties":{"name":"Bu Ageng","type":"Restaurant","category":"sosial_tugas","subcategory":"Restoran","opening_hours":null,"operator":null,"osm_id":2102342687}},{"type":"Feature","geometry":{"type":"Point","coordinates":[110.36137,-7.81796]},"properties":{"name":"Easy Garden Restaurant & Cafe","type":"Restaurant","category":"sosial_tugas","subcategory":"Restoran","opening_hours":"12:00 - 01:00","operator":null,"osm_id":6267351618}},{"type":"Feature","geometry":{"type":"Point","coordinates":[110.3682,-7.81872]},"properties":{"name":"Kiosk","type":"Cafe","category":"sosial_tugas","subcategory":"Kafe","opening_hours":null,"operator":null,"osm_id":5245154022}},{"type":"Feature","geometry":{"type":"Point","coordinates":[110.36056,-7.81382]},"properties":{"name":"Angkringan Gondrong","type":"Cafe","category":"sosial_tugas","subcategory":"Kafe","opening_hours":"Mo-Su 09:00-21:00","operator":null,"osm_id":5201378808}},{"type":"Feature","geometry":{"type":"Point","coordinates":[110.37185,-7.81065]},"properties":{"name":"IVAA - Indonesian Visual Art Archives","type":"Library","category":"sosial_tugas","subcategory":"Perpustakaan","opening_hours":null,"operator":null,"osm_id":3214935611}},{"type":"Feature","geometry":{"type":"Point","coordinates":[110.36107,-7.80964]},"properties":{"name":"Heiho Loewak Coffee","type":"Cafe","category":"sosial_tugas","subcategory":"Kafe","opening_hours":null,"operator":null,"osm_id":4875778821}},{"type":"Feature","geometry":{"type":"Point","coordinates":[110.36903,-7.81241]},"properties":{"name":"Bakmi Jawa Pak Rebo","type":"Restaurant","category":"sosial_tugas","subcategory":"Restoran","opening_hours":null,"operator":null,"osm_id":5491083321}},{"type":"Feature","geometry":{"type":"Point","coordinates":[110.37302,-7.81934]},"properties":{"name":"Dropshot Espresso Bar","type":"Cafe","category":"sosial_tugas","subcategory":"Kafe","opening_hours":"Mo-Su 08:00-23:30","operator":null,"osm_id":11061460605}},{"type":"Feature","geometry":{"type":"Point","coordinates":[110.36824,-7.81941]},"properties":{"name":"Black Forest Cafe","type":"Restaurant","category":"sosial_tugas","subcategory":"Restoran","opening_hours":null,"operator":null,"osm_id":12022823569}},{"type":"Feature","geometry":{"type":"Point","coordinates":[110.32339,-7.8148]},"properties":{"name":"PREKSU UMY","type":"Restaurant","category":"sosial_tugas","subcategory":"Restoran","opening_hours":"Mo-Su 10:00-21:00","operator":null,"osm_id":12476174707}},{"type":"Feature","geometry":{"type":"Point","coordinates":[110.29571,-7.81753]},"properties":{"name":"Kandang Ingkung Resto&Kopi","type":"Restaurant","category":"sosial_tugas","subcategory":"Restoran","opening_hours":null,"operator":null,"osm_id":12292826799}},{"type":"Feature","geometry":{"type":"Point","coordinates":[110.35245,-7.786]},"properties":{"name":"Mixue","type":"Cafe","category":"sosial_tugas","subcategory":"Kafe","opening_hours":null,"operator":null,"osm_id":11554891376}},{"type":"Feature","geometry":{"type":"Point","coordinates":[110.36512,-7.74928]},"properties":{"name":"Seraia Coffe & Grilled Chicken","type":"Cafe","category":"sosial_tugas","subcategory":"Kafe","opening_hours":null,"operator":null,"osm_id":12298777166}},{"type":"Feature","geometry":{"type":"Point","coordinates":[110.36536,-7.75278]},"properties":{"name":"Warung makan bambu ibu","type":"Restaurant","category":"sosial_tugas","subcategory":"Restoran","opening_hours":null,"operator":null,"osm_id":12357612409}},{"type":"Feature","geometry":{"type":"Point","coordinates":[110.36485,-7.75397]},"properties":{"name":"Rumah Makan Bu Dhe Ning","type":"Restaurant","category":"sosial_tugas","subcategory":"Restoran","opening_hours":null,"operator":null,"osm_id":12357632944}},{"type":"Feature","geometry":{"type":"Point","coordinates":[110.36471,-7.7545]},"properties":{"name":"Kedai Makan Edelweyz","type":"Restaurant","category":"sosial_tugas","subcategory":"Restoran","opening_hours":null,"operator":null,"osm_id":12357632950}},{"type":"Feature","geometry":{"type":"Point","coordinates":[110.36599,-7.75812]},"properties":{"name":"angkringan bu tari","type":"Restaurant","category":"sosial_tugas","subcategory":"Restoran","opening_hours":null,"operator":null,"osm_id":12357642471}},{"type":"Feature","geometry":{"type":"Point","coordinates":[110.36446,-7.7553]},"properties":{"name":"warung laris","type":"Restaurant","category":"sosial_tugas","subcategory":"Restoran","opening_hours":null,"operator":null,"osm_id":12357642474}},{"type":"Feature","geometry":{"type":"Point","coordinates":[110.36537,-7.75668]},"properties":{"name":"ayam kremes & penyetan arjuna","type":"Restaurant","category":"sosial_tugas","subcategory":"Restoran","opening_hours":null,"operator":null,"osm_id":12357642495}},{"type":"Feature","geometry":{"type":"Point","coordinates":[110.3666,-7.75309]},"properties":{"name":"Bakwan kawi bu jarwani, sinduadi","type":"Restaurant","category":"sosial_tugas","subcategory":"Restoran","opening_hours":null,"operator":null,"osm_id":12357606614}},{"type":"Feature","geometry":{"type":"Point","coordinates":[110.36331,-7.76142]},"properties":{"name":"Bakso","type":"Restaurant","category":"sosial_tugas","subcategory":"Restoran","opening_hours":null,"operator":null,"osm_id":12357538046}},{"type":"Feature","geometry":{"type":"Point","coordinates":[110.36407,-7.75961]},"properties":{"name":"Warung Makan","type":"Restaurant","category":"sosial_tugas","subcategory":"Restoran","opening_hours":null,"operator":null,"osm_id":12357538052}},{"type":"Feature","geometry":{"type":"Point","coordinates":[110.3653,-7.7517]},"properties":{"name":"Warmindo Ngemie","type":"Restaurant","category":"sosial_tugas","subcategory":"Restoran","opening_hours":null,"operator":null,"osm_id":12357573603}},{"type":"Feature","geometry":{"type":"Point","coordinates":[110.36559,-7.75059]},"properties":{"name":"Bebek Goreng H. Slamet Jombor Jogja","type":"Restaurant","category":"sosial_tugas","subcategory":"Restoran","opening_hours":null,"operator":null,"osm_id":12357566599}},{"type":"Feature","geometry":{"type":"Point","coordinates":[110.34905,-7.74396]},"properties":{"name":"Rumah Makan Padang Pandega","type":"Restaurant","category":"sosial_tugas","subcategory":"Restoran","opening_hours":null,"operator":null,"osm_id":11383565855}},{"type":"Feature","geometry":{"type":"Point","coordinates":[110.35901,-7.76101]},"properties":{"name":"Teh Tarik Space","type":"Cafe","category":"sosial_tugas","subcategory":"Kafe","opening_hours":null,"operator":null,"osm_id":11327486323}},{"type":"Feature","geometry":{"type":"Point","coordinates":[110.20458,-7.75199]},"properties":{"name":"Kedai Kuliner Kembang Langit","type":"Restaurant","category":"sosial_tugas","subcategory":"Restoran","opening_hours":null,"operator":null,"osm_id":11245420374}},{"type":"Feature","geometry":{"type":"Point","coordinates":[110.35787,-7.71223]},"properties":{"name":"Soto17","type":"Restaurant","category":"sosial_tugas","subcategory":"Restoran","opening_hours":null,"operator":null,"osm_id":10991304907}},{"type":"Feature","geometry":{"type":"Point","coordinates":[110.42306,-7.60117]},"properties":{"name":"Restaurant","type":"Restaurant","category":"sosial_tugas","subcategory":"Restoran","opening_hours":null,"operator":null,"osm_id":3143838049}},{"type":"Feature","geometry":{"type":"Point","coordinates":[110.4261,-7.599]},"properties":{"name":"Kedai Jons","type":"Restaurant","category":"sosial_tugas","subcategory":"Restoran","opening_hours":null,"operator":null,"osm_id":3661146423}},{"type":"Feature","geometry":{"type":"Point","coordinates":[110.43233,-7.59282]},"properties":{"name":"Jada Tempeh","type":"Restaurant","category":"sosial_tugas","subcategory":"Restoran","opening_hours":null,"operator":null,"osm_id":3661199917}},{"type":"Feature","geometry":{"type":"Point","coordinates":[110.43241,-7.59284]},"properties":{"name":"Restaurant","type":"Restaurant","category":"sosial_tugas","subcategory":"Restoran","opening_hours":null,"operator":null,"osm_id":3661199918}},{"type":"Feature","geometry":{"type":"Point","coordinates":[110.43272,-7.59291]},"properties":{"name":"Restaurant","type":"Restaurant","category":"sosial_tugas","subcategory":"Restoran","opening_hours":null,"operator":null,"osm_id":3661203026}},{"type":"Feature","geometry":{"type":"Point","coordinates":[110.4329,-7.59309]},"properties":{"name":"Restaurant","type":"Restaurant","category":"sosial_tugas","subcategory":"Restoran","opening_hours":null,"operator":null,"osm_id":3661203037}},{"type":"Feature","geometry":{"type":"Point","coordinates":[110.43237,-7.59313]},"properties":{"name":"Restaurant","type":"Restaurant","category":"sosial_tugas","subcategory":"Restoran","opening_hours":null,"operator":null,"osm_id":3661203040}},{"type":"Feature","geometry":{"type":"Point","coordinates":[110.43258,-7.59313]},"properties":{"name":"Restaurant","type":"Restaurant","category":"sosial_tugas","subcategory":"Restoran","opening_hours":null,"operator":null,"osm_id":3661203039}},{"type":"Feature","geometry":{"type":"Point","coordinates":[110.43223,-7.59312]},"properties":{"name":"Restaurant","type":"Restaurant","category":"sosial_tugas","subcategory":"Restoran","opening_hours":null,"operator":null,"osm_id":3661203038}},{"type":"Feature","geometry":{"type":"Point","coordinates":[110.36466,-7.8133]},"properties":{"name":"KUNCI Cultural Studies Center","type":"Library","category":"sosial_tugas","subcategory":"Perpustakaan","opening_hours":"Mo-Fr 12:00-19:00","operator":null,"osm_id":2000854487}},{"type":"Feature","geometry":{"type":"Point","coordinates":[110.38128,-7.7982]},"properties":{"name":"Fast Food","type":"Fast Food","category":"sosial_tugas","subcategory":"Fast Food","opening_hours":null,"operator":null,"osm_id":1987943599}},{"type":"Feature","geometry":{"type":"Point","coordinates":[110.43057,-7.93007]},"properties":{"name":"Restaurant","type":"Restaurant","category":"sosial_tugas","subcategory":"Restoran","opening_hours":null,"operator":null,"osm_id":8070548536}},{"type":"Feature","geometry":{"type":"Point","coordinates":[110.44599,-7.60261]},"properties":{"name":"Kopi Merapi","type":"Cafe","category":"sosial_tugas","subcategory":"Kafe","opening_hours":null,"operator":null,"osm_id":4631498689}},{"type":"Feature","geometry":{"type":"Point","coordinates":[110.37942,-7.78283]},"properties":{"name":"Nasi Goreng TBK","type":"Restaurant","category":"sosial_tugas","subcategory":"Restoran","opening_hours":"Mo-Su 14:00-22:30","operator":null,"osm_id":12114570211}},{"type":"Feature","geometry":{"type":"Point","coordinates":[110.38005,-7.75499]},"properties":{"name":"Lotek Pandega Putri","type":"Restaurant","category":"sosial_tugas","subcategory":"Restoran","opening_hours":null,"operator":null,"osm_id":4164237790}},{"type":"Feature","geometry":{"type":"Point","coordinates":[110.37856,-7.75527]},"properties":{"name":"Restaurant","type":"Restaurant","category":"sosial_tugas","subcategory":"Restoran","opening_hours":null,"operator":null,"osm_id":12338747993}},{"type":"Feature","geometry":{"type":"Point","coordinates":[110.41253,-7.70274]},"properties":{"name":"Mie Ayam Jolali wonogiri","type":"Restaurant","category":"sosial_tugas","subcategory":"Restoran","opening_hours":null,"operator":null,"osm_id":12869164328}},{"type":"Feature","geometry":{"type":"Point","coordinates":[110.43943,-7.73294]},"properties":{"name":"Warmindo Argani","type":"Cafe","category":"sosial_tugas","subcategory":"Kafe","opening_hours":null,"operator":null,"osm_id":12870617381}},{"type":"Feature","geometry":{"type":"Point","coordinates":[110.42257,-7.75012]},"properties":{"name":"Bakmi Jowo Mas Joyo","type":"Restaurant","category":"sosial_tugas","subcategory":"Restoran","opening_hours":null,"operator":null,"osm_id":12865947382}},{"type":"Feature","geometry":{"type":"Point","coordinates":[110.42343,-7.75032]},"properties":{"name":"Restaurant","type":"Restaurant","category":"sosial_tugas","subcategory":"Restoran","opening_hours":null,"operator":null,"osm_id":12865957949}},{"type":"Feature","geometry":{"type":"Point","coordinates":[110.42342,-7.75031]},"properties":{"name":"Warung sate kambing jaya rasa seger","type":"Restaurant","category":"sosial_tugas","subcategory":"Restoran","opening_hours":null,"operator":null,"osm_id":12865957950}},{"type":"Feature","geometry":{"type":"Point","coordinates":[110.38687,-7.76324]},"properties":{"name":"Soto Sapi Pak Ngadiran","type":"Restaurant","category":"sosial_tugas","subcategory":"Restoran","opening_hours":null,"operator":null,"osm_id":10972450717}},{"type":"Feature","geometry":{"type":"Point","coordinates":[110.36865,-7.74112]},"properties":{"name":"Tulip Living","type":"Restaurant","category":"sosial_tugas","subcategory":"Restoran","opening_hours":"Tu-Su 09:00-17:00","operator":null,"osm_id":6294913227}},{"type":"Feature","geometry":{"type":"Point","coordinates":[110.39948,-7.74541]},"properties":{"name":"Jatinangor House","type":"Fast Food","category":"sosial_tugas","subcategory":"Fast Food","opening_hours":"Mo-Su 08:00-23:30","operator":null,"osm_id":12597678050}},{"type":"Feature","geometry":{"type":"Point","coordinates":[110.38054,-7.76152]},"properties":{"name":"Yoshinoya","type":"Fast Food","category":"sosial_tugas","subcategory":"Fast Food","opening_hours":null,"operator":null,"osm_id":6009377624}},{"type":"Feature","geometry":{"type":"Point","coordinates":[110.47156,-7.74398]},"properties":{"name":"Warung Siomay Kang Yuda","type":"Restaurant","category":"sosial_tugas","subcategory":"Restoran","opening_hours":null,"operator":null,"osm_id":12480021219}},{"type":"Feature","geometry":{"type":"Point","coordinates":[110.47066,-7.76738]},"properties":{"name":"K\u00e1m-si\u0101","type":"Cafe","category":"sosial_tugas","subcategory":"Kafe","opening_hours":"Mo-Su 09:00-21:00","operator":null,"osm_id":12099972306}},{"type":"Feature","geometry":{"type":"Point","coordinates":[110.36007,-7.80868]},"properties":{"name":"Water Castle Cafe","type":"Restaurant","category":"sosial_tugas","subcategory":"Restoran","opening_hours":null,"operator":null,"osm_id":4761109923}},{"type":"Feature","geometry":{"type":"Point","coordinates":[110.4098,-7.77321]},"properties":{"name":"Indochine Bistro","type":"Restaurant","category":"sosial_tugas","subcategory":"Restoran","opening_hours":null,"operator":null,"osm_id":3832156436}},{"type":"Feature","geometry":{"type":"Point","coordinates":[110.39932,-7.77067]},"properties":{"name":"Veganissimo (Pringwulung)","type":"Restaurant","category":"sosial_tugas","subcategory":"Restoran","opening_hours":"Mo-Su 08:00-22:00","operator":null,"osm_id":3876392454}},{"type":"Feature","geometry":{"type":"Point","coordinates":[110.35544,-7.78208]},"properties":{"name":"Waroeng SS Kyai Mojo","type":"Restaurant","category":"sosial_tugas","subcategory":"Restoran","opening_hours":null,"operator":null,"osm_id":6332540361}},{"type":"Feature","geometry":{"type":"Point","coordinates":[110.38172,-7.7612]},"properties":{"name":"Dalem Djojodiningrat","type":"Cafe","category":"sosial_tugas","subcategory":"Kafe","opening_hours":null,"operator":null,"osm_id":6009377626}},{"type":"Feature","geometry":{"type":"Point","coordinates":[110.37914,-7.76419]},"properties":{"name":"Kedai Kopi Paste","type":"Cafe","category":"sosial_tugas","subcategory":"Kafe","opening_hours":null,"operator":null,"osm_id":6009402149}},{"type":"Feature","geometry":{"type":"Point","coordinates":[110.37893,-7.76425]},"properties":{"name":"Warung Makan Bu Wid","type":"Restaurant","category":"sosial_tugas","subcategory":"Restoran","opening_hours":null,"operator":null,"osm_id":6009402150}},{"type":"Feature","geometry":{"type":"Point","coordinates":[110.22934,-7.82497]},"properties":{"name":"burjo","type":"Restaurant","category":"sosial_tugas","subcategory":"Restoran","opening_hours":"Mo-Su 09:00-21:00","operator":null,"osm_id":6009277234}},{"type":"Feature","geometry":{"type":"Point","coordinates":[110.39367,-7.77348]},"properties":{"name":"Burlo Gaguh Rasa 03","type":"Cafe","category":"sosial_tugas","subcategory":"Kafe","opening_hours":null,"operator":null,"osm_id":12106329801}},{"type":"Feature","geometry":{"type":"Point","coordinates":[110.39178,-7.77601]},"properties":{"name":"Burger Hunter","type":"Restaurant","category":"sosial_tugas","subcategory":"Restoran","opening_hours":"Mo-Su 10:00-22:00","operator":null,"osm_id":12107822901}},{"type":"Feature","geometry":{"type":"Point","coordinates":[110.37876,-7.73077]},"properties":{"name":"Mezzanine","type":"Restaurant","category":"sosial_tugas","subcategory":"Restoran","opening_hours":null,"operator":null,"osm_id":6276510830}},{"type":"Feature","geometry":{"type":"Point","coordinates":[110.38087,-7.76083]},"properties":{"name":"De Kendhil Resto","type":"Restaurant","category":"sosial_tugas","subcategory":"Restoran","opening_hours":null,"operator":null,"osm_id":6009341762}},{"type":"Feature","geometry":{"type":"Point","coordinates":[110.38343,-7.76118]},"properties":{"name":"Soto Ayam Seger","type":"Restaurant","category":"sosial_tugas","subcategory":"Restoran","opening_hours":null,"operator":null,"osm_id":6009385281}},{"type":"Feature","geometry":{"type":"Point","coordinates":[110.37976,-7.76029]},"properties":{"name":"Seven stones Coffe Specially","type":"Cafe","category":"sosial_tugas","subcategory":"Kafe","opening_hours":null,"operator":null,"osm_id":6009413368}},{"type":"Feature","geometry":{"type":"Point","coordinates":[110.38258,-7.75553]},"properties":{"name":"Refresh Cafe","type":"Cafe","category":"sosial_tugas","subcategory":"Kafe","opening_hours":null,"operator":null,"osm_id":6009265067}},{"type":"Feature","geometry":{"type":"Point","coordinates":[110.38766,-7.76435]},"properties":{"name":"Lumpia BOOM","type":"Restaurant","category":"sosial_tugas","subcategory":"Restoran","opening_hours":null,"operator":null,"osm_id":4998878471}},{"type":"Feature","geometry":{"type":"Point","coordinates":[110.39523,-7.73419]},"properties":{"name":"Siomay Kang Cepot","type":"Fast Food","category":"sosial_tugas","subcategory":"Fast Food","opening_hours":null,"operator":null,"osm_id":1769352229}},{"type":"Feature","geometry":{"type":"Point","coordinates":[110.39481,-7.7568]},"properties":{"name":"Ketoprak Sedap Malam","type":"Restaurant","category":"sosial_tugas","subcategory":"Restoran","opening_hours":"Mo-Su 10:00-23:00","operator":null,"osm_id":12206924926}},{"type":"Feature","geometry":{"type":"Point","coordinates":[110.36444,-7.77801]},"properties":{"name":"Bungong Jeumpa","type":"Restaurant","category":"sosial_tugas","subcategory":"Restoran","opening_hours":null,"operator":null,"osm_id":6327275159}},{"type":"Feature","geometry":{"type":"Point","coordinates":[110.48139,-7.74671]},"properties":{"name":"Angkringan Anker","type":"Restaurant","category":"sosial_tugas","subcategory":"Restoran","opening_hours":null,"operator":null,"osm_id":12201934278}},{"type":"Feature","geometry":{"type":"Point","coordinates":[110.46527,-7.79635]},"properties":{"name":"Pawon Semar","type":"Restaurant","category":"sosial_tugas","subcategory":"Restoran","opening_hours":null,"operator":null,"osm_id":12357438858}},{"type":"Feature","geometry":{"type":"Point","coordinates":[110.38748,-7.87142]},"properties":{"name":"Sate Klathak Pak Pong","type":"Restaurant","category":"sosial_tugas","subcategory":"Restoran","opening_hours":null,"operator":null,"osm_id":4472559791}},{"type":"Feature","geometry":{"type":"Point","coordinates":[110.41466,-7.81455]},"properties":{"name":"Kopi Inah","type":"Cafe","category":"sosial_tugas","subcategory":"Kafe","opening_hours":null,"operator":null,"osm_id":12866147178}},{"type":"Feature","geometry":{"type":"Point","coordinates":[110.45782,-7.79065]},"properties":{"name":"Warung Soto Mbah Darmi","type":"Restaurant","category":"sosial_tugas","subcategory":"Restoran","opening_hours":null,"operator":null,"osm_id":12062415968}},{"type":"Feature","geometry":{"type":"Point","coordinates":[110.41609,-7.81157]},"properties":{"name":"Omah Mie Miyada","type":"Fast Food","category":"sosial_tugas","subcategory":"Fast Food","opening_hours":"Mo-Su 10:00-15:15","operator":null,"osm_id":12866195057}},{"type":"Feature","geometry":{"type":"Point","coordinates":[110.37249,-7.8193]},"properties":{"name":"Easy Groovy","type":"Restaurant","category":"sosial_tugas","subcategory":"Restoran","opening_hours":"Mo-Su 11:00-01:00","operator":null,"osm_id":11323123168}},{"type":"Feature","geometry":{"type":"Point","coordinates":[110.38019,-7.82949]},"properties":{"name":"Nasi Kuning Kanda","type":"Restaurant","category":"sosial_tugas","subcategory":"Restoran","opening_hours":null,"operator":null,"osm_id":12583035075}},{"type":"Feature","geometry":{"type":"Point","coordinates":[110.38028,-7.82992]},"properties":{"name":"Manoban","type":"Restaurant","category":"sosial_tugas","subcategory":"Restoran","opening_hours":null,"operator":null,"osm_id":12583035097}},{"type":"Feature","geometry":{"type":"Point","coordinates":[110.38034,-7.83028]},"properties":{"name":"Seblak Prasmanan Bariklana","type":"Restaurant","category":"sosial_tugas","subcategory":"Restoran","opening_hours":null,"operator":null,"osm_id":12583035098}},{"type":"Feature","geometry":{"type":"Point","coordinates":[110.38037,-7.83042]},"properties":{"name":"Sate Ayam Madura Cak","type":"Restaurant","category":"sosial_tugas","subcategory":"Restoran","opening_hours":null,"operator":null,"osm_id":12583035099}},{"type":"Feature","geometry":{"type":"Point","coordinates":[110.38016,-7.83019]},"properties":{"name":"Om Joy","type":"Restaurant","category":"sosial_tugas","subcategory":"Restoran","opening_hours":null,"operator":null,"osm_id":12583035100}},{"type":"Feature","geometry":{"type":"Point","coordinates":[110.37969,-7.80192]},"properties":{"name":"Pizza Hut","type":"Restaurant","category":"sosial_tugas","subcategory":"Restoran","opening_hours":null,"operator":null,"osm_id":10316227334}},{"type":"Feature","geometry":{"type":"Point","coordinates":[110.36435,-7.81848]},"properties":{"name":"Asmara","type":"Bar","category":"sosial_tugas","subcategory":"Bar/Pub","opening_hours":null,"operator":null,"osm_id":3487442206}},{"type":"Feature","geometry":{"type":"Point","coordinates":[110.36824,-7.81855]},"properties":{"name":"Warung Lotek","type":"Restaurant","category":"sosial_tugas","subcategory":"Restoran","opening_hours":null,"operator":null,"osm_id":3636373134}},{"type":"Feature","geometry":{"type":"Point","coordinates":[110.36735,-7.81859]},"properties":{"name":"Saion & Spa","type":"Restaurant","category":"sosial_tugas","subcategory":"Restoran","opening_hours":null,"operator":null,"osm_id":3495284327}},{"type":"Feature","geometry":{"type":"Point","coordinates":[110.36829,-7.81832]},"properties":{"name":"Depot Veggie","type":"Restaurant","category":"sosial_tugas","subcategory":"Restoran","opening_hours":"Mo, We-Sa 09:00-21:00; Su 11:00-21:00","operator":null,"osm_id":6276124286}},{"type":"Feature","geometry":{"type":"Point","coordinates":[110.36442,-7.81829]},"properties":{"name":"Rapoppo","type":"Restaurant","category":"sosial_tugas","subcategory":"Restoran","opening_hours":null,"operator":null,"osm_id":3495293515}},{"type":"Feature","geometry":{"type":"Point","coordinates":[110.36336,-7.81835]},"properties":{"name":"Lotus Mio","type":"Restaurant","category":"sosial_tugas","subcategory":"Restoran","opening_hours":"Mo-Su 09:00-22:00","operator":null,"osm_id":5836038317}},{"type":"Feature","geometry":{"type":"Point","coordinates":[110.36313,-7.81834]},"properties":{"name":"Sub Thrift","type":"Bar","category":"sosial_tugas","subcategory":"Bar/Pub","opening_hours":null,"operator":null,"osm_id":10665024605}},{"type":"Feature","geometry":{"type":"Point","coordinates":[110.36196,-7.81827]},"properties":{"name":"bika ambon larizo","type":"Restaurant","category":"sosial_tugas","subcategory":"Restoran","opening_hours":null,"operator":null,"osm_id":4590940932}},{"type":"Feature","geometry":{"type":"Point","coordinates":[110.36273,-7.81815]},"properties":{"name":"Kedai Kebun","type":"Restaurant","category":"sosial_tugas","subcategory":"Restoran","opening_hours":"Mo-Su 11:00-23:00","operator":null,"osm_id":1640337574}},{"type":"Feature","geometry":{"type":"Point","coordinates":[110.36249,-7.81802]},"properties":{"name":"Nanamia Pizzeria","type":"Restaurant","category":"sosial_tugas","subcategory":"Restoran","opening_hours":"PH,Mo-Su 10:00-22:00","operator":null,"osm_id":3630326713}},{"type":"Feature","geometry":{"type":"Point","coordinates":[110.36244,-7.81748]},"properties":{"name":"Six Senses Restaurant","type":"Restaurant","category":"sosial_tugas","subcategory":"Restoran","opening_hours":null,"operator":null,"osm_id":3736898545}},{"type":"Feature","geometry":{"type":"Point","coordinates":[110.3679,-7.81709]},"properties":{"name":"Richeese Factory","type":"Fast Food","category":"sosial_tugas","subcategory":"Fast Food","opening_hours":null,"operator":null,"osm_id":9855658389}},{"type":"Feature","geometry":{"type":"Point","coordinates":[110.35991,-7.81553]},"properties":{"name":"Bakpia Gito","type":"Restaurant","category":"sosial_tugas","subcategory":"Restoran","opening_hours":null,"operator":null,"osm_id":3585153778}},{"type":"Feature","geometry":{"type":"Point","coordinates":[110.36233,-7.81638]},"properties":{"name":"Kedai Kanjeng Mami","type":"Cafe","category":"sosial_tugas","subcategory":"Kafe","opening_hours":null,"operator":null,"osm_id":4146167265}},{"type":"Feature","geometry":{"type":"Point","coordinates":[110.36262,-7.81627]},"properties":{"name":"Restaurant","type":"Restaurant","category":"sosial_tugas","subcategory":"Restoran","opening_hours":null,"operator":null,"osm_id":4757712523}},{"type":"Feature","geometry":{"type":"Point","coordinates":[110.36604,-7.81458]},"properties":{"name":"SS (Spesial Sambal) Waroeng","type":"Restaurant","category":"sosial_tugas","subcategory":"Restoran","opening_hours":null,"operator":null,"osm_id":3256672772}},{"type":"Feature","geometry":{"type":"Point","coordinates":[110.36627,-7.81462]},"properties":{"name":"Tojoyo 3 Ayam Goreng dan Bebek Goreng","type":"Restaurant","category":"sosial_tugas","subcategory":"Restoran","opening_hours":null,"operator":null,"osm_id":3256672773}},{"type":"Feature","geometry":{"type":"Point","coordinates":[110.36053,-7.81358]},"properties":{"name":"Soto Lenthok","type":"Restaurant","category":"sosial_tugas","subcategory":"Restoran","opening_hours":null,"operator":null,"osm_id":5202387410}},{"type":"Feature","geometry":{"type":"Point","coordinates":[110.36871,-7.81259]},"properties":{"name":"Terang Mulyo","type":"Restaurant","category":"sosial_tugas","subcategory":"Restoran","opening_hours":null,"operator":null,"osm_id":2419653114}},{"type":"Feature","geometry":{"type":"Point","coordinates":[110.36747,-7.82791]},"properties":{"name":"Tongseng Dan Daging Gongso Bu Amirah","type":"Restaurant","category":"sosial_tugas","subcategory":"Restoran","opening_hours":null,"operator":null,"osm_id":9980287986}},{"type":"Feature","geometry":{"type":"Point","coordinates":[110.36787,-7.82339]},"properties":{"name":"Cold'n Brew","type":"Cafe","category":"sosial_tugas","subcategory":"Kafe","opening_hours":null,"operator":null,"osm_id":10648458109}},{"type":"Feature","geometry":{"type":"Point","coordinates":[110.36154,-7.82237]},"properties":{"name":"Internet cafe","type":"Cafe","category":"sosial_tugas","subcategory":"Kafe","opening_hours":null,"operator":null,"osm_id":4063417061}},{"type":"Feature","geometry":{"type":"Point","coordinates":[110.36679,-7.82074]},"properties":{"name":"Michaela's Kitchen","type":"Restaurant","category":"sosial_tugas","subcategory":"Restoran","opening_hours":null,"operator":null,"osm_id":3487503077}},{"type":"Feature","geometry":{"type":"Point","coordinates":[110.36811,-7.81984]},"properties":{"name":"Bakmi Jawa Harjo Geno","type":"Restaurant","category":"sosial_tugas","subcategory":"Restoran","opening_hours":null,"operator":null,"osm_id":3662449263}},{"type":"Feature","geometry":{"type":"Point","coordinates":[110.36889,-7.81988]},"properties":{"name":"Bamboo House","type":"Restaurant","category":"sosial_tugas","subcategory":"Restoran","opening_hours":null,"operator":null,"osm_id":4063417064}},{"type":"Feature","geometry":{"type":"Point","coordinates":[110.35516,-7.8226]},"properties":{"name":"Gado2 Bu Barinah","type":"Restaurant","category":"sosial_tugas","subcategory":"Restoran","opening_hours":null,"operator":null,"osm_id":3630332092}},{"type":"Feature","geometry":{"type":"Point","coordinates":[110.34688,-7.82365]},"properties":{"name":"Yanti Restaurant","type":"Restaurant","category":"sosial_tugas","subcategory":"Restoran","opening_hours":null,"operator":null,"osm_id":3630324585}},{"type":"Feature","geometry":{"type":"Point","coordinates":[110.35534,-7.82167]},"properties":{"name":"Bakmi Shi Bhi Su","type":"Restaurant","category":"sosial_tugas","subcategory":"Restoran","opening_hours":"Mo-Su 18:00-01:00","operator":null,"osm_id":7014275485}},{"type":"Feature","geometry":{"type":"Point","coordinates":[110.35567,-7.82004]},"properties":{"name":"Popeye Chicken Express","type":"Restaurant","category":"sosial_tugas","subcategory":"Restoran","opening_hours":null,"operator":null,"osm_id":5855070049}},{"type":"Feature","geometry":{"type":"Point","coordinates":[110.34804,-7.82009]},"properties":{"name":"Soto Lenthok","type":"Restaurant","category":"sosial_tugas","subcategory":"Restoran","opening_hours":null,"operator":null,"osm_id":3630321046}},{"type":"Feature","geometry":{"type":"Point","coordinates":[110.35565,-7.81887]},"properties":{"name":"Tiga Saudara","type":"Restaurant","category":"sosial_tugas","subcategory":"Restoran","opening_hours":null,"operator":null,"osm_id":5823422753}},{"type":"Feature","geometry":{"type":"Point","coordinates":[110.34809,-7.81893]},"properties":{"name":"Soto Pagi","type":"Restaurant","category":"sosial_tugas","subcategory":"Restoran","opening_hours":null,"operator":null,"osm_id":3630321047}},{"type":"Feature","geometry":{"type":"Point","coordinates":[110.34703,-7.81703]},"properties":{"name":"Pelataran Puan Kopi & Tumbuh","type":"Restaurant","category":"sosial_tugas","subcategory":"Restoran","opening_hours":"Su 13:00-00:00; Mo-Th, Sa 12:00-00:00; Fr 13:30-00:00","operator":null,"osm_id":6984552213}},{"type":"Feature","geometry":{"type":"Point","coordinates":[110.35107,-7.81723]},"properties":{"name":"Angkringan Lik Min","type":"Restaurant","category":"sosial_tugas","subcategory":"Restoran","opening_hours":null,"operator":null,"osm_id":2564024188}},{"type":"Feature","geometry":{"type":"Point","coordinates":[110.35746,-7.81775]},"properties":{"name":"Tirana art house & kitchen","type":"Cafe","category":"sosial_tugas","subcategory":"Kafe","opening_hours":"Mo-Su 09:00-00:00","operator":null,"osm_id":7097841488}},{"type":"Feature","geometry":{"type":"Point","coordinates":[110.34835,-7.81809]},"properties":{"name":"warung bakmi jawa enak","type":"Restaurant","category":"sosial_tugas","subcategory":"Restoran","opening_hours":null,"operator":null,"osm_id":4590920996}},{"type":"Feature","geometry":{"type":"Point","coordinates":[110.34372,-7.81647]},"properties":{"name":"Angkringan Wongso","type":"Cafe","category":"sosial_tugas","subcategory":"Kafe","opening_hours":null,"operator":null,"osm_id":2564051181}},{"type":"Feature","geometry":{"type":"Point","coordinates":[110.3432,-7.81968]},"properties":{"name":"Saorsa Selatan","type":"Cafe","category":"sosial_tugas","subcategory":"Kafe","opening_hours":"Mo-Su 14:00-02:00","operator":null,"osm_id":6984812085}},{"type":"Feature","geometry":{"type":"Point","coordinates":[110.33365,-7.82407]},"properties":{"name":"Restaurant","type":"Restaurant","category":"sosial_tugas","subcategory":"Restoran","opening_hours":null,"operator":null,"osm_id":3616855011}},{"type":"Feature","geometry":{"type":"Point","coordinates":[110.33739,-7.93106]},"properties":{"name":"Angkring Padu","type":"Fast Food","category":"sosial_tugas","subcategory":"Fast Food","opening_hours":null,"operator":null,"osm_id":3439142041}},{"type":"Feature","geometry":{"type":"Point","coordinates":[110.35731,-7.79122]},"properties":{"name":"Tahu Tek Jumbo","type":"Restaurant","category":"sosial_tugas","subcategory":"Restoran","opening_hours":"Mo-Su 17:00-22:00","operator":null,"osm_id":4331953297}},{"type":"Feature","geometry":{"type":"Point","coordinates":[110.36523,-7.79177]},"properties":{"name":"Warung Nguri Uri","type":"Restaurant","category":"sosial_tugas","subcategory":"Restoran","opening_hours":null,"operator":null,"osm_id":10660958205}},{"type":"Feature","geometry":{"type":"Point","coordinates":[110.3653,-7.79171]},"properties":{"name":"Mie Goreng","type":"Fast Food","category":"sosial_tugas","subcategory":"Fast Food","opening_hours":"Mo-Su 17:00-00:00","operator":null,"osm_id":5157320326}},{"type":"Feature","geometry":{"type":"Point","coordinates":[110.36505,-7.79166]},"properties":{"name":"Batik","type":"Restaurant","category":"sosial_tugas","subcategory":"Restoran","opening_hours":null,"operator":null,"osm_id":4424590790}},{"type":"Feature","geometry":{"type":"Point","coordinates":[110.36549,-7.79159]},"properties":{"name":"Oxen Free","type":"Bar","category":"sosial_tugas","subcategory":"Bar/Pub","opening_hours":"Mo-Su 11:30-02:00","operator":null,"osm_id":4767366622}},{"type":"Feature","geometry":{"type":"Point","coordinates":[110.36396,-7.79087]},"properties":{"name":"Bedhots Resto","type":"Restaurant","category":"sosial_tugas","subcategory":"Restoran","opening_hours":"08:00-23:00","operator":null,"osm_id":5468132497}},{"type":"Feature","geometry":{"type":"Point","coordinates":[110.37018,-7.78955]},"properties":{"name":"Zona Seafood","type":"Restaurant","category":"sosial_tugas","subcategory":"Restoran","opening_hours":"Mo-Su 15:30-23:00","operator":null,"osm_id":10302309215}},{"type":"Feature","geometry":{"type":"Point","coordinates":[110.37006,-7.78946]},"properties":{"name":"Angkringan Semar Jogja","type":"Restaurant","category":"sosial_tugas","subcategory":"Restoran","opening_hours":null,"operator":null,"osm_id":7811256799}},{"type":"Feature","geometry":{"type":"Point","coordinates":[110.36469,-7.79002]},"properties":{"name":"Skylounge","type":"Bar","category":"sosial_tugas","subcategory":"Bar/Pub","opening_hours":null,"operator":null,"osm_id":6698893894}},{"type":"Feature","geometry":{"type":"Point","coordinates":[110.55442,-7.91045]},"properties":{"name":"Yu Djum Pusat","type":"Restaurant","category":"sosial_tugas","subcategory":"Restoran","opening_hours":null,"operator":null,"osm_id":9751905444}},{"type":"Feature","geometry":{"type":"Point","coordinates":[110.56698,-7.92864]},"properties":{"name":"Lek Dar","type":"Restaurant","category":"sosial_tugas","subcategory":"Restoran","opening_hours":null,"operator":null,"osm_id":9751928748}},{"type":"Feature","geometry":{"type":"Point","coordinates":[110.54572,-7.88819]},"properties":{"name":"Warung Makan Trimo Mie Ayam Bakso","type":"Restaurant","category":"sosial_tugas","subcategory":"Restoran","opening_hours":null,"operator":null,"osm_id":9751934017}},{"type":"Feature","geometry":{"type":"Point","coordinates":[110.36671,-7.79329]},"properties":{"name":"Padang Vegan Damai","type":"Restaurant","category":"sosial_tugas","subcategory":"Restoran","opening_hours":null,"operator":null,"osm_id":6359777566}},{"type":"Feature","geometry":{"type":"Point","coordinates":[110.36801,-7.80342]},"properties":{"name":"Rumah mama de","type":"Fast Food","category":"sosial_tugas","subcategory":"Fast Food","opening_hours":"Mo-Su 09:00-18:00","operator":null,"osm_id":8663089617}},{"type":"Feature","geometry":{"type":"Point","coordinates":[110.36632,-7.80318]},"properties":{"name":"Dapur Sambal","type":"Restaurant","category":"sosial_tugas","subcategory":"Restoran","opening_hours":null,"operator":null,"osm_id":3630420120}},{"type":"Feature","geometry":{"type":"Point","coordinates":[110.36577,-7.80281]},"properties":{"name":"Pendopo Malioboro","type":"Cafe","category":"sosial_tugas","subcategory":"Kafe","opening_hours":null,"operator":null,"osm_id":10824388113}},{"type":"Feature","geometry":{"type":"Point","coordinates":[110.3648,-7.79915]},"properties":{"name":"Raminten 3","type":"Restaurant","category":"sosial_tugas","subcategory":"Restoran","opening_hours":null,"operator":null,"osm_id":10651660277}},{"type":"Feature","geometry":{"type":"Point","coordinates":[110.41637,-7.77241]},"properties":{"name":"Warmindo Hidayah","type":"Restaurant","category":"sosial_tugas","subcategory":"Restoran","opening_hours":null,"operator":null,"osm_id":364058271}},{"type":"Feature","geometry":{"type":"Point","coordinates":[110.41607,-7.77195]},"properties":{"name":"Snack Bar Warung Gherobak","type":"Restaurant","category":"sosial_tugas","subcategory":"Restoran","opening_hours":null,"operator":null,"osm_id":530763477}},{"type":"Feature","geometry":{"type":"Point","coordinates":[110.38985,-7.76607]},"properties":{"name":"Flamboyan","type":"Restaurant","category":"sosial_tugas","subcategory":"Restoran","opening_hours":"Mo-Fr 08:30-20:00, Tu-Su 08:00-15:00; Sa 08:00-12:00","operator":null,"osm_id":290090165}},{"type":"Feature","geometry":{"type":"Point","coordinates":[110.4007,-7.77598]},"properties":{"name":"Laris","type":"Restaurant","category":"sosial_tugas","subcategory":"Restoran","opening_hours":null,"operator":null,"osm_id":270034918}},{"type":"Feature","geometry":{"type":"Point","coordinates":[110.40994,-7.77531]},"properties":{"name":"Carney.co","type":"Cafe","category":"sosial_tugas","subcategory":"Kafe","opening_hours":null,"operator":null,"osm_id":902190722}},{"type":"Feature","geometry":{"type":"Point","coordinates":[110.37714,-7.78019]},"properties":{"name":"Bumbu Desa","type":"Restaurant","category":"sosial_tugas","subcategory":"Restoran","opening_hours":null,"operator":null,"osm_id":319259489}},{"type":"Feature","geometry":{"type":"Point","coordinates":[110.37857,-7.78038]},"properties":{"name":"Gado Gado dan Lotek Bu Bagyo","type":"Restaurant","category":"sosial_tugas","subcategory":"Restoran","opening_hours":null,"operator":null,"osm_id":319259491}},{"type":"Feature","geometry":{"type":"Point","coordinates":[110.37711,-7.78041]},"properties":{"name":"BellyWise","type":"Restaurant","category":"sosial_tugas","subcategory":"Restoran","opening_hours":null,"operator":null,"osm_id":319259536}},{"type":"Feature","geometry":{"type":"Point","coordinates":[110.39579,-7.77783]},"properties":{"name":"Warung Makan Indomie","type":"Restaurant","category":"sosial_tugas","subcategory":"Restoran","opening_hours":null,"operator":null,"osm_id":362353561}},{"type":"Feature","geometry":{"type":"Point","coordinates":[110.39979,-7.77842]},"properties":{"name":"Bento Nologaten","type":"Cafe","category":"sosial_tugas","subcategory":"Kafe","opening_hours":null,"operator":null,"osm_id":1016776293}},{"type":"Feature","geometry":{"type":"Point","coordinates":[110.47858,-7.84848]},"properties":{"name":"Resto HeHa sky view","type":"Restaurant","category":"sosial_tugas","subcategory":"Restoran","opening_hours":null,"operator":null,"osm_id":951717293}},{"type":"Feature","geometry":{"type":"Point","coordinates":[110.47237,-7.79019]},"properties":{"name":"Warung Bu Ismi","type":"Restaurant","category":"sosial_tugas","subcategory":"Restoran","opening_hours":null,"operator":null,"osm_id":530949205}},{"type":"Feature","geometry":{"type":"Point","coordinates":[110.39074,-7.7799]},"properties":{"name":"Cafe","type":"Cafe","category":"sosial_tugas","subcategory":"Kafe","opening_hours":null,"operator":null,"osm_id":1003011472}},{"type":"Feature","geometry":{"type":"Point","coordinates":[110.45482,-7.77912]},"properties":{"name":"Bakso Super Jepang","type":"Restaurant","category":"sosial_tugas","subcategory":"Restoran","opening_hours":null,"operator":null,"osm_id":613716748}},{"type":"Feature","geometry":{"type":"Point","coordinates":[110.45513,-7.77851]},"properties":{"name":"Angkringan Pamungkas","type":"Restaurant","category":"sosial_tugas","subcategory":"Restoran","opening_hours":null,"operator":null,"osm_id":1058125494}},{"type":"Feature","geometry":{"type":"Point","coordinates":[110.45521,-7.77888]},"properties":{"name":"Soto dan Ayam Goreng Mekar Jaya","type":"Restaurant","category":"sosial_tugas","subcategory":"Restoran","opening_hours":null,"operator":null,"osm_id":613716759}},{"type":"Feature","geometry":{"type":"Point","coordinates":[110.42386,-7.76967]},"properties":{"name":"Lesehan Pak Isnen","type":"Restaurant","category":"sosial_tugas","subcategory":"Restoran","opening_hours":"10:30-22:30","operator":null,"osm_id":282647336}},{"type":"Feature","geometry":{"type":"Point","coordinates":[110.3699,-7.7897]},"properties":{"name":"Warung Kopi Semesta","type":"Cafe","category":"sosial_tugas","subcategory":"Kafe","opening_hours":null,"operator":null,"osm_id":994927501}},{"type":"Feature","geometry":{"type":"Point","coordinates":[110.42102,-7.83262]},"properties":{"name":"rinjani coffee time","type":"Cafe","category":"sosial_tugas","subcategory":"Kafe","opening_hours":"07:00-00:00","operator":null,"osm_id":536012599}},{"type":"Feature","geometry":{"type":"Point","coordinates":[110.4776,-7.78207]},"properties":{"name":"Dabin Bratwurst","type":"Cafe","category":"sosial_tugas","subcategory":"Kafe","opening_hours":null,"operator":null,"osm_id":530793442}},{"type":"Feature","geometry":{"type":"Point","coordinates":[110.38156,-7.79437]},"properties":{"name":"Omah Baciro","type":"Restaurant","category":"sosial_tugas","subcategory":"Restoran","opening_hours":null,"operator":null,"osm_id":249655479}},{"type":"Feature","geometry":{"type":"Point","coordinates":[110.37217,-7.79187]},"properties":{"name":"Cafe Manuk Londho","type":"Cafe","category":"sosial_tugas","subcategory":"Kafe","opening_hours":"00:00-24:00","operator":null,"osm_id":444852667}},{"type":"Feature","geometry":{"type":"Point","coordinates":[110.40232,-7.80367]},"properties":{"name":"Gudeg Djoyo","type":"Restaurant","category":"sosial_tugas","subcategory":"Restoran","opening_hours":"24/7","operator":null,"osm_id":610478083}},{"type":"Feature","geometry":{"type":"Point","coordinates":[110.47453,-7.77795]},"properties":{"name":"Soto Batok Mbah Wiro","type":"Restaurant","category":"sosial_tugas","subcategory":"Restoran","opening_hours":null,"operator":null,"osm_id":530793786}},{"type":"Feature","geometry":{"type":"Point","coordinates":[110.47593,-7.78032]},"properties":{"name":"Soto Babat & Bakso Bu Pri","type":"Restaurant","category":"sosial_tugas","subcategory":"Restoran","opening_hours":null,"operator":null,"osm_id":530793558}},{"type":"Feature","geometry":{"type":"Point","coordinates":[110.39711,-7.81325]},"properties":{"name":"Bakmi Mbah Gito","type":"Restaurant","category":"sosial_tugas","subcategory":"Restoran","opening_hours":"Mo-Su 11:00-22:00","operator":null,"osm_id":1022814412}},{"type":"Feature","geometry":{"type":"Point","coordinates":[110.42274,-7.77927]},"properties":{"name":"Restaurant","type":"Restaurant","category":"sosial_tugas","subcategory":"Restoran","opening_hours":null,"operator":null,"osm_id":311513952}},{"type":"Feature","geometry":{"type":"Point","coordinates":[110.41883,-7.84275]},"properties":{"name":"Barama Market","type":"Restaurant","category":"sosial_tugas","subcategory":"Restoran","opening_hours":null,"operator":null,"osm_id":1023095826}},{"type":"Feature","geometry":{"type":"Point","coordinates":[110.40313,-7.79319]},"properties":{"name":"Nasi Bali Bimakroda","type":"Restaurant","category":"sosial_tugas","subcategory":"Restoran","opening_hours":null,"operator":null,"osm_id":668606146}},{"type":"Feature","geometry":{"type":"Point","coordinates":[110.46791,-7.7715]},"properties":{"name":"Rocket Chicken","type":"Restaurant","category":"sosial_tugas","subcategory":"Restoran","opening_hours":null,"operator":null,"osm_id":613603900}},{"type":"Feature","geometry":{"type":"Point","coordinates":[110.41938,-7.7687]},"properties":{"name":"Moro Kangen","type":"Restaurant","category":"sosial_tugas","subcategory":"Restoran","opening_hours":null,"operator":null,"osm_id":530763490}},{"type":"Feature","geometry":{"type":"Point","coordinates":[110.40042,-7.77828]},"properties":{"name":"Pem Pek Palembang","type":"Restaurant","category":"sosial_tugas","subcategory":"Restoran","opening_hours":null,"operator":null,"osm_id":123631187}},{"type":"Feature","geometry":{"type":"Point","coordinates":[110.39938,-7.77826]},"properties":{"name":"Basabasi Nologaten","type":"Cafe","category":"sosial_tugas","subcategory":"Kafe","opening_hours":null,"operator":null,"osm_id":1016776292}},{"type":"Feature","geometry":{"type":"Point","coordinates":[110.38211,-7.78237]},"properties":{"name":"Barley & Barrel","type":"Pub","category":"sosial_tugas","subcategory":"Bar/Pub","opening_hours":null,"operator":null,"osm_id":1152847328}},{"type":"Feature","geometry":{"type":"Point","coordinates":[110.39374,-7.77832]},"properties":{"name":"TIPS","type":"Restaurant","category":"sosial_tugas","subcategory":"Restoran","opening_hours":null,"operator":null,"osm_id":338261229}},{"type":"Feature","geometry":{"type":"Point","coordinates":[110.39264,-7.77805]},"properties":{"name":"Hakata Ikkousha","type":"Restaurant","category":"sosial_tugas","subcategory":"Restoran","opening_hours":"Mo-Su 11:00-22:00","operator":null,"osm_id":767678136}},{"type":"Feature","geometry":{"type":"Point","coordinates":[110.39265,-7.77801]},"properties":{"name":"Loving Hut","type":"Restaurant","category":"sosial_tugas","subcategory":"Restoran","opening_hours":null,"operator":null,"osm_id":767678137}},{"type":"Feature","geometry":{"type":"Point","coordinates":[110.39262,-7.77811]},"properties":{"name":"Capitea","type":"Restaurant","category":"sosial_tugas","subcategory":"Restoran","opening_hours":null,"operator":null,"osm_id":767678135}},{"type":"Feature","geometry":{"type":"Point","coordinates":[110.39229,-7.77919]},"properties":{"name":"Phuket","type":"Restaurant","category":"sosial_tugas","subcategory":"Restoran","opening_hours":"11:00-22:00","operator":null,"osm_id":346290143}},{"type":"Feature","geometry":{"type":"Point","coordinates":[110.47902,-7.78937]},"properties":{"name":"Sate Biawak Pak Tembong","type":"Restaurant","category":"sosial_tugas","subcategory":"Restoran","opening_hours":null,"operator":null,"osm_id":531011703}},{"type":"Feature","geometry":{"type":"Point","coordinates":[110.48239,-7.78886]},"properties":{"name":"Lesehan PBS Penyet Belut Surabaya","type":"Restaurant","category":"sosial_tugas","subcategory":"Restoran","opening_hours":null,"operator":null,"osm_id":531005392}},{"type":"Feature","geometry":{"type":"Point","coordinates":[110.48282,-7.78726]},"properties":{"name":"Dapur Zuzzan Kepiting Tampah","type":"Restaurant","category":"sosial_tugas","subcategory":"Restoran","opening_hours":null,"operator":null,"osm_id":531005412}},{"type":"Feature","geometry":{"type":"Point","coordinates":[110.37442,-7.78405]},"properties":{"name":"Perpustakaan Kota Yogyakarta","type":"Library","category":"sosial_tugas","subcategory":"Perpustakaan","opening_hours":null,"operator":null,"osm_id":362024576}},{"type":"Feature","geometry":{"type":"Point","coordinates":[110.37581,-7.78099]},"properties":{"name":"Jeyahara","type":"Cafe","category":"sosial_tugas","subcategory":"Kafe","opening_hours":null,"operator":null,"osm_id":319259493}},{"type":"Feature","geometry":{"type":"Point","coordinates":[110.47616,-7.78027]},"properties":{"name":"Moro Seneng","type":"Restaurant","category":"sosial_tugas","subcategory":"Restoran","opening_hours":null,"operator":null,"osm_id":530793557}},{"type":"Feature","geometry":{"type":"Point","coordinates":[110.47205,-7.78112]},"properties":{"name":"Warung Soto Ayam Bang Trio","type":"Restaurant","category":"sosial_tugas","subcategory":"Restoran","opening_hours":null,"operator":null,"osm_id":530793376}},{"type":"Feature","geometry":{"type":"Point","coordinates":[110.39381,-7.76769]},"properties":{"name":"Burjo pamungkas","type":"Restaurant","category":"sosial_tugas","subcategory":"Restoran","opening_hours":null,"operator":"burjo","osm_id":362491333}},{"type":"Feature","geometry":{"type":"Point","coordinates":[110.3847,-7.76797]},"properties":{"name":"Canteen","type":"Restaurant","category":"sosial_tugas","subcategory":"Restoran","opening_hours":null,"operator":null,"osm_id":406707325}},{"type":"Feature","geometry":{"type":"Point","coordinates":[110.37241,-7.76591]},"properties":{"name":"Perpustakaan Fakultas Teknik UGM","type":"Library","category":"sosial_tugas","subcategory":"Perpustakaan","opening_hours":null,"operator":null,"osm_id":121883365}},{"type":"Feature","geometry":{"type":"Point","coordinates":[110.39323,-7.77479]},"properties":{"name":"Paperplane Coffee","type":"Cafe","category":"sosial_tugas","subcategory":"Kafe","opening_hours":null,"operator":null,"osm_id":362495130}},{"type":"Feature","geometry":{"type":"Point","coordinates":[110.39321,-7.77489]},"properties":{"name":"Paperplane Coffee","type":"Cafe","category":"sosial_tugas","subcategory":"Kafe","opening_hours":null,"operator":null,"osm_id":362495082}},{"type":"Feature","geometry":{"type":"Point","coordinates":[110.40521,-7.76838]},"properties":{"name":"Chikenpedia","type":"Restaurant","category":"sosial_tugas","subcategory":"Restoran","opening_hours":null,"operator":null,"osm_id":463880274}},{"type":"Feature","geometry":{"type":"Point","coordinates":[110.3754,-7.7698]},"properties":{"name":"Perpustakaan FK UGM","type":"Library","category":"sosial_tugas","subcategory":"Perpustakaan","opening_hours":"Mo-Fr 08:00-17:00","operator":"Fakultas Kedokteran UGM","osm_id":120379115}},{"type":"Feature","geometry":{"type":"Point","coordinates":[110.40951,-7.77015]},"properties":{"name":"Martabak Casablanca","type":"Restaurant","category":"sosial_tugas","subcategory":"Restoran","opening_hours":null,"operator":null,"osm_id":362337665}},{"type":"Feature","geometry":{"type":"Point","coordinates":[110.38491,-7.76671]},"properties":{"name":"SGPC Bu wiryo","type":"Restaurant","category":"sosial_tugas","subcategory":"Restoran","opening_hours":null,"operator":null,"osm_id":124066899}},{"type":"Feature","geometry":{"type":"Point","coordinates":[110.41638,-7.77482]},"properties":{"name":"ARCAF Arts & Cafe","type":"Cafe","category":"sosial_tugas","subcategory":"Kafe","opening_hours":null,"operator":null,"osm_id":530763472}},{"type":"Feature","geometry":{"type":"Point","coordinates":[110.41462,-7.77405]},"properties":{"name":"Top Sea Food","type":"Restaurant","category":"sosial_tugas","subcategory":"Restoran","opening_hours":null,"operator":null,"osm_id":364059439}},{"type":"Feature","geometry":{"type":"Point","coordinates":[110.39383,-7.77563]},"properties":{"name":"Resto PKL Mrican","type":"Restaurant","category":"sosial_tugas","subcategory":"Restoran","opening_hours":null,"operator":null,"osm_id":612896197}},{"type":"Feature","geometry":{"type":"Point","coordinates":[110.35197,-7.78012]},"properties":{"name":"Burjo Kidul","type":"Restaurant","category":"sosial_tugas","subcategory":"Restoran","opening_hours":null,"operator":null,"osm_id":537307595}},{"type":"Feature","geometry":{"type":"Point","coordinates":[110.47138,-7.74417]},"properties":{"name":"Gorengan Jeng Wida","type":"Fast Food","category":"sosial_tugas","subcategory":"Fast Food","opening_hours":null,"operator":null,"osm_id":1055869339}},{"type":"Feature","geometry":{"type":"Point","coordinates":[110.48381,-7.79324]},"properties":{"name":"Bakmi Tan Grejo","type":"Restaurant","category":"sosial_tugas","subcategory":"Restoran","opening_hours":null,"operator":null,"osm_id":531005509}},{"type":"Feature","geometry":{"type":"Point","coordinates":[110.48565,-7.7892]},"properties":{"name":"Bakso Solo","type":"Restaurant","category":"sosial_tugas","subcategory":"Restoran","opening_hours":null,"operator":null,"osm_id":530986894}},{"type":"Feature","geometry":{"type":"Point","coordinates":[110.37251,-7.81928]},"properties":{"name":"Easy Groovy","type":"Bar","category":"sosial_tugas","subcategory":"Bar/Pub","opening_hours":"Mo-Su 11:00-01:00","operator":null,"osm_id":630832456}},{"type":"Feature","geometry":{"type":"Point","coordinates":[110.38024,-7.72829]},"properties":{"name":"Little Goo Eatery & Playzone","type":"Restaurant","category":"sosial_tugas","subcategory":"Restoran","opening_hours":null,"operator":null,"osm_id":552836447}},{"type":"Feature","geometry":{"type":"Point","coordinates":[110.36501,-7.79159]},"properties":{"name":"Volcano","type":"Restaurant","category":"sosial_tugas","subcategory":"Restoran","opening_hours":null,"operator":null,"osm_id":611054366}},{"type":"Feature","geometry":{"type":"Point","coordinates":[110.41531,-7.68835]},"properties":{"name":"Perpustakaan Pusat Moh. Hatta","type":"Library","category":"sosial_tugas","subcategory":"Perpustakaan","opening_hours":null,"operator":null,"osm_id":264737733}},{"type":"Feature","geometry":{"type":"Point","coordinates":[110.4156,-7.69841]},"properties":{"name":"Warmindo El","type":"Restaurant","category":"sosial_tugas","subcategory":"Restoran","opening_hours":"24/7","operator":null,"osm_id":362689148}},{"type":"Feature","geometry":{"type":"Point","coordinates":[110.34835,-7.88758]},"properties":{"name":"Bakmi Mbah Mo","type":"Restaurant","category":"sosial_tugas","subcategory":"Restoran","opening_hours":null,"operator":null,"osm_id":347405076}},{"type":"Feature","geometry":{"type":"Point","coordinates":[110.30711,-7.80366]},"properties":{"name":"Soto Ayam Depok","type":"Restaurant","category":"sosial_tugas","subcategory":"Restoran","opening_hours":null,"operator":null,"osm_id":1098705863}},{"type":"Feature","geometry":{"type":"Point","coordinates":[110.34317,-7.81384]},"properties":{"name":"Bakpia Patuk 453","type":"Restaurant","category":"sosial_tugas","subcategory":"Restoran","opening_hours":null,"operator":null,"osm_id":529865168}},{"type":"Feature","geometry":{"type":"Point","coordinates":[110.33326,-7.8026]},"properties":{"name":"Bakmi Jawa Kembang Kluwih","type":"Restaurant","category":"sosial_tugas","subcategory":"Restoran","opening_hours":null,"operator":null,"osm_id":1124980367}},{"type":"Feature","geometry":{"type":"Point","coordinates":[110.31428,-7.80281]},"properties":{"name":"Paradise Resto","type":"Restaurant","category":"sosial_tugas","subcategory":"Restoran","opening_hours":"24/7","operator":null,"osm_id":321229427}},{"type":"Feature","geometry":{"type":"Point","coordinates":[110.28763,-7.82989]},"properties":{"name":"Rajaklana Resto","type":"Restaurant","category":"sosial_tugas","subcategory":"Restoran","opening_hours":null,"operator":null,"osm_id":943501570}},{"type":"Feature","geometry":{"type":"Point","coordinates":[110.34641,-7.78043]},"properties":{"name":"Sate Padang Mak Ngah Malam","type":"Restaurant","category":"sosial_tugas","subcategory":"Restoran","opening_hours":null,"operator":null,"osm_id":530742328}},{"type":"Feature","geometry":{"type":"Point","coordinates":[110.3666,-7.78429]},"properties":{"name":"Rumah Makan Adem Ayem","type":"Restaurant","category":"sosial_tugas","subcategory":"Restoran","opening_hours":null,"operator":null,"osm_id":121364647}},{"type":"Feature","geometry":{"type":"Point","coordinates":[110.38765,-7.70879]},"properties":{"name":"El Primo Sausage","type":"Restaurant","category":"sosial_tugas","subcategory":"Restoran","opening_hours":null,"operator":null,"osm_id":363088364}},{"type":"Feature","geometry":{"type":"Point","coordinates":[110.3306,-7.88586]},"properties":{"name":"Dinas Perpustakaan dan Kearsipan Kabupaten Bantul","type":"Library","category":"sosial_tugas","subcategory":"Perpustakaan","opening_hours":"Mo-Fr 08:00-04:00","operator":null,"osm_id":1110948512}},{"type":"Feature","geometry":{"type":"Point","coordinates":[110.06126,-7.88606]},"properties":{"name":"Rumah Makan Pandansari","type":"Restaurant","category":"sosial_tugas","subcategory":"Restoran","opening_hours":null,"operator":null,"osm_id":866190899}},{"type":"Feature","geometry":{"type":"Point","coordinates":[110.38006,-7.766]},"properties":{"name":"i love nasigoreng","type":"Restaurant","category":"sosial_tugas","subcategory":"Restoran","opening_hours":null,"operator":null,"osm_id":270849928}},{"type":"Feature","geometry":{"type":"Point","coordinates":[110.37945,-7.76534]},"properties":{"name":"Kedai Domore","type":"Cafe","category":"sosial_tugas","subcategory":"Kafe","opening_hours":"16:00-22:00","operator":null,"osm_id":491024456}},{"type":"Feature","geometry":{"type":"Point","coordinates":[110.37932,-7.76572]},"properties":{"name":"Gudeg Hj. Amad (Gudeg Mbarek)","type":"Restaurant","category":"sosial_tugas","subcategory":"Restoran","opening_hours":null,"operator":null,"osm_id":491024455}},{"type":"Feature","geometry":{"type":"Point","coordinates":[110.40029,-7.77519]},"properties":{"name":"L'Cost","type":"Restaurant","category":"sosial_tugas","subcategory":"Restoran","opening_hours":null,"operator":null,"osm_id":270037373}},{"type":"Feature","geometry":{"type":"Point","coordinates":[110.40979,-7.77602]},"properties":{"name":"Cafe","type":"Cafe","category":"sosial_tugas","subcategory":"Kafe","opening_hours":null,"operator":null,"osm_id":902226918}},{"type":"Feature","geometry":{"type":"Point","coordinates":[110.41128,-7.77652]},"properties":{"name":"Gilemno","type":"Restaurant","category":"sosial_tugas","subcategory":"Restoran","opening_hours":null,"operator":null,"osm_id":290091012}},{"type":"Feature","geometry":{"type":"Point","coordinates":[110.40901,-7.77543]},"properties":{"name":"Somayoga","type":"Restaurant","category":"sosial_tugas","subcategory":"Restoran","opening_hours":"Mo-Su 09:00-22:00","operator":null,"osm_id":290091058}},{"type":"Feature","geometry":{"type":"Point","coordinates":[110.63235,-7.83217]},"properties":{"name":"Restaurant","type":"Restaurant","category":"sosial_tugas","subcategory":"Restoran","opening_hours":null,"operator":null,"osm_id":1153694065}},{"type":"Feature","geometry":{"type":"Point","coordinates":[110.41843,-7.76829]},"properties":{"name":"Warung Makan Barokah","type":"Restaurant","category":"sosial_tugas","subcategory":"Restoran","opening_hours":null,"operator":null,"osm_id":530763487}},{"type":"Feature","geometry":{"type":"Point","coordinates":[110.42425,-7.63224]},"properties":{"name":"Gubug Lor Ndeso","type":"Restaurant","category":"sosial_tugas","subcategory":"Restoran","opening_hours":"Mo-Sa 08:00-20:00","operator":null,"osm_id":1024494506}},{"type":"Feature","geometry":{"type":"Point","coordinates":[110.32427,-7.64592]},"properties":{"name":"Restaurant","type":"Restaurant","category":"sosial_tugas","subcategory":"Restoran","opening_hours":null,"operator":null,"osm_id":369095969}},{"type":"Feature","geometry":{"type":"Point","coordinates":[110.3242,-7.64546]},"properties":{"name":"Warung Makan","type":"Restaurant","category":"sosial_tugas","subcategory":"Restoran","opening_hours":null,"operator":null,"osm_id":366415919}},{"type":"Feature","geometry":{"type":"Point","coordinates":[110.38226,-7.65449]},"properties":{"name":"Warung Sate Kambing Muda Sedan","type":"Restaurant","category":"sosial_tugas","subcategory":"Restoran","opening_hours":"Mo-Su 09:00-20:30","operator":null,"osm_id":1174219833}},{"type":"Feature","geometry":{"type":"Point","coordinates":[110.45491,-7.57729]},"properties":{"name":"Restaurant","type":"Restaurant","category":"sosial_tugas","subcategory":"Restoran","opening_hours":null,"operator":null,"osm_id":967193403}},{"type":"Feature","geometry":{"type":"Point","coordinates":[110.32309,-7.64639]},"properties":{"name":"Warung Makan Mbak Elly","type":"Restaurant","category":"sosial_tugas","subcategory":"Restoran","opening_hours":null,"operator":null,"osm_id":613242678}},{"type":"Feature","geometry":{"type":"Point","coordinates":[110.32318,-7.64658]},"properties":{"name":"Warung Makan","type":"Restaurant","category":"sosial_tugas","subcategory":"Restoran","opening_hours":null,"operator":null,"osm_id":1315457706}},{"type":"Feature","geometry":{"type":"Point","coordinates":[110.3407,-7.63049]},"properties":{"name":"Restaurant","type":"Restaurant","category":"sosial_tugas","subcategory":"Restoran","opening_hours":null,"operator":null,"osm_id":914330486}},{"type":"Feature","geometry":{"type":"Point","coordinates":[110.34065,-7.63055]},"properties":{"name":"Restaurant","type":"Restaurant","category":"sosial_tugas","subcategory":"Restoran","opening_hours":null,"operator":null,"osm_id":914330485}},{"type":"Feature","geometry":{"type":"Point","coordinates":[110.42659,-7.61665]},"properties":{"name":"Yaaang Ti","type":"Restaurant","category":"sosial_tugas","subcategory":"Restoran","opening_hours":null,"operator":null,"osm_id":553202697}},{"type":"Feature","geometry":{"type":"Point","coordinates":[110.16265,-7.86235]},"properties":{"name":"Angkringan Gaul","type":"Restaurant","category":"sosial_tugas","subcategory":"Restoran","opening_hours":null,"operator":null,"osm_id":530472221}},{"type":"Feature","geometry":{"type":"Point","coordinates":[110.16318,-7.86235]},"properties":{"name":"Mie Ayam Baso @Kriyanan","type":"Restaurant","category":"sosial_tugas","subcategory":"Restoran","opening_hours":null,"operator":null,"osm_id":530472127}},{"type":"Feature","geometry":{"type":"Point","coordinates":[110.16432,-7.86079]},"properties":{"name":"Mie Ayam Baso Ceker Miri","type":"Restaurant","category":"sosial_tugas","subcategory":"Restoran","opening_hours":null,"operator":null,"osm_id":530460865}},{"type":"Feature","geometry":{"type":"Point","coordinates":[110.15868,-7.85824]},"properties":{"name":"D'Srupat Sruput","type":"Cafe","category":"sosial_tugas","subcategory":"Kafe","opening_hours":"Mo-Sa 11:00-24:00","operator":null,"osm_id":886386388}},{"type":"Feature","geometry":{"type":"Point","coordinates":[110.29264,-7.78]},"properties":{"name":"Angkringan Bimo","type":"Cafe","category":"sosial_tugas","subcategory":"Kafe","opening_hours":"24/7","operator":null,"osm_id":1094489138}},{"type":"Feature","geometry":{"type":"Point","coordinates":[110.23111,-7.8242]},"properties":{"name":"rumah makan bu darmi","type":"Restaurant","category":"sosial_tugas","subcategory":"Restoran","opening_hours":"Mo-Sa 08:00-20:00","operator":null,"osm_id":637400994}},{"type":"Feature","geometry":{"type":"Point","coordinates":[110.41314,-7.70301]},"properties":{"name":"Warung Pandan Wangi","type":"Fast Food","category":"sosial_tugas","subcategory":"Fast Food","opening_hours":null,"operator":null,"osm_id":362165280}},{"type":"Feature","geometry":{"type":"Point","coordinates":[110.41242,-7.70442]},"properties":{"name":"Ayam Geprek Pak Gembus","type":"Restaurant","category":"sosial_tugas","subcategory":"Restoran","opening_hours":null,"operator":null,"osm_id":530982794}},{"type":"Feature","geometry":{"type":"Point","coordinates":[110.4782,-7.75882]},"properties":{"name":"Destiny Resto Plus Coffee","type":"Restaurant","category":"sosial_tugas","subcategory":"Restoran","opening_hours":"Mo-Su 10:00-21:00","operator":null,"osm_id":1066882359}},{"type":"Feature","geometry":{"type":"Point","coordinates":[110.41798,-7.69537]},"properties":{"name":"Fast Food","type":"Fast Food","category":"sosial_tugas","subcategory":"Fast Food","opening_hours":null,"operator":null,"osm_id":362688848}},{"type":"Feature","geometry":{"type":"Point","coordinates":[110.41845,-7.69393]},"properties":{"name":"Restaurant","type":"Restaurant","category":"sosial_tugas","subcategory":"Restoran","opening_hours":null,"operator":null,"osm_id":362691241}},{"type":"Feature","geometry":{"type":"Point","coordinates":[110.40621,-7.71647]},"properties":{"name":"Mas Pee","type":"Restaurant","category":"sosial_tugas","subcategory":"Restoran","opening_hours":null,"operator":null,"osm_id":362388665}},{"type":"Feature","geometry":{"type":"Point","coordinates":[110.4153,-7.70063]},"properties":{"name":"Lesehan Aldan","type":"Restaurant","category":"sosial_tugas","subcategory":"Restoran","opening_hours":"Mo-Fr 08:30-20:00; Sa,Su 08:00-15:00; PH off","operator":null,"osm_id":530239187}},{"type":"Feature","geometry":{"type":"Point","coordinates":[110.41491,-7.70138]},"properties":{"name":"Hallo Caffe","type":"Cafe","category":"sosial_tugas","subcategory":"Kafe","opening_hours":"Mo-Fr 08:30-20:00; Sa,Su 08:00-15:00; PH off","operator":null,"osm_id":362165296}},{"type":"Feature","geometry":{"type":"Point","coordinates":[110.41724,-7.69674]},"properties":{"name":"mama's Kitchen","type":"Fast Food","category":"sosial_tugas","subcategory":"Fast Food","opening_hours":null,"operator":null,"osm_id":530613991}},{"type":"Feature","geometry":{"type":"Point","coordinates":[110.41648,-7.69808]},"properties":{"name":"Ayam Saos Pedas","type":"Fast Food","category":"sosial_tugas","subcategory":"Fast Food","opening_hours":null,"operator":null,"osm_id":362688987}},{"type":"Feature","geometry":{"type":"Point","coordinates":[110.40315,-7.72056]},"properties":{"name":"PHD Delivery","type":"Fast Food","category":"sosial_tugas","subcategory":"Fast Food","opening_hours":null,"operator":null,"osm_id":362369099}},{"type":"Feature","geometry":{"type":"Point","coordinates":[110.237,-7.80679]},"properties":{"name":"Restaurant","type":"Restaurant","category":"sosial_tugas","subcategory":"Restoran","opening_hours":null,"operator":null,"osm_id":943499951}},{"type":"Feature","geometry":{"type":"Point","coordinates":[110.42824,-7.75725]},"properties":{"name":"Redwood Coffee House","type":"Cafe","category":"sosial_tugas","subcategory":"Kafe","opening_hours":null,"operator":null,"osm_id":917426573}},{"type":"Feature","geometry":{"type":"Point","coordinates":[110.36472,-7.75557]},"properties":{"name":"bakso tusuk payaman mas d cabang imogiri","type":"Restaurant","category":"sosial_tugas","subcategory":"Restoran","opening_hours":null,"operator":null,"osm_id":362016393}},{"type":"Feature","geometry":{"type":"Point","coordinates":[110.36572,-7.75603]},"properties":{"name":"bakso bakar dan sempol ayam bos","type":"Restaurant","category":"sosial_tugas","subcategory":"Restoran","opening_hours":null,"operator":null,"osm_id":362019946}},{"type":"Feature","geometry":{"type":"Point","coordinates":[110.36534,-7.75669]},"properties":{"name":"ayam kremes & penyetan arjuna","type":"Restaurant","category":"sosial_tugas","subcategory":"Restoran","opening_hours":null,"operator":null,"osm_id":362020113}},{"type":"Feature","geometry":{"type":"Point","coordinates":[110.36091,-7.77731]},"properties":{"name":"Sei Sapi Bone","type":"Restaurant","category":"sosial_tugas","subcategory":"Restoran","opening_hours":null,"operator":null,"osm_id":1053532737}},{"type":"Feature","geometry":{"type":"Point","coordinates":[110.35558,-7.75085]},"properties":{"name":"Restaurant","type":"Restaurant","category":"sosial_tugas","subcategory":"Restoran","opening_hours":null,"operator":null,"osm_id":363835489}},{"type":"Feature","geometry":{"type":"Point","coordinates":[110.36383,-7.72815]},"properties":{"name":"Restaurant","type":"Restaurant","category":"sosial_tugas","subcategory":"Restoran","opening_hours":null,"operator":null,"osm_id":363427103}},{"type":"Feature","geometry":{"type":"Point","coordinates":[110.36397,-7.72839]},"properties":{"name":"Rumah Makan Pring Sewu","type":"Restaurant","category":"sosial_tugas","subcategory":"Restoran","opening_hours":null,"operator":null,"osm_id":363427060}},{"type":"Feature","geometry":{"type":"Point","coordinates":[110.36392,-7.72803]},"properties":{"name":"Restaurant","type":"Restaurant","category":"sosial_tugas","subcategory":"Restoran","opening_hours":null,"operator":null,"osm_id":363427034}},{"type":"Feature","geometry":{"type":"Point","coordinates":[110.36185,-7.74862]},"properties":{"name":"McDonald's","type":"Fast Food","category":"sosial_tugas","subcategory":"Fast Food","opening_hours":"24/7","operator":null,"osm_id":506341010}},{"type":"Feature","geometry":{"type":"Point","coordinates":[110.18989,-7.79899]},"properties":{"name":"Warung Gepuro","type":"Restaurant","category":"sosial_tugas","subcategory":"Restoran","opening_hours":null,"operator":null,"osm_id":530767280}},{"type":"Feature","geometry":{"type":"Point","coordinates":[110.24059,-7.81605]},"properties":{"name":"Bar","type":"Bar","category":"sosial_tugas","subcategory":"Bar/Pub","opening_hours":null,"operator":null,"osm_id":637429651}},{"type":"Feature","geometry":{"type":"Point","coordinates":[110.33098,-7.73132]},"properties":{"name":"Dirty Chicks","type":"Fast Food","category":"sosial_tugas","subcategory":"Fast Food","opening_hours":null,"operator":null,"osm_id":550374397}},{"type":"Feature","geometry":{"type":"Point","coordinates":[110.22717,-7.82624]},"properties":{"name":"burjo","type":"Restaurant","category":"sosial_tugas","subcategory":"Restoran","opening_hours":"24/7","operator":null,"osm_id":637408447}},{"type":"Feature","geometry":{"type":"Point","coordinates":[110.6054,-8.14579]},"properties":{"name":"South Shore","type":"Cafe","category":"sosial_tugas","subcategory":"Kafe","opening_hours":null,"operator":null,"osm_id":923589306}},{"type":"Feature","geometry":{"type":"Point","coordinates":[110.11632,-7.81245]},"properties":{"name":"Restaurant","type":"Restaurant","category":"sosial_tugas","subcategory":"Restoran","opening_hours":null,"operator":null,"osm_id":874096406}},{"type":"Feature","geometry":{"type":"Point","coordinates":[110.1164,-7.81244]},"properties":{"name":"Mie Ayam Ceker dan Bakso Mr. Kiting","type":"Restaurant","category":"sosial_tugas","subcategory":"Restoran","opening_hours":"Mo-Su 10:00-18:00","operator":null,"osm_id":874096407}},{"type":"Feature","geometry":{"type":"Point","coordinates":[110.33801,-7.74717]},"properties":{"name":"The Westlake Resto","type":"Restaurant","category":"sosial_tugas","subcategory":"Restoran","opening_hours":null,"operator":null,"osm_id":363459646}},{"type":"Feature","geometry":{"type":"Point","coordinates":[110.36529,-7.75171]},"properties":{"name":"Warmindo Ngemie","type":"Restaurant","category":"sosial_tugas","subcategory":"Restoran","opening_hours":null,"operator":null,"osm_id":1329301671}},{"type":"Feature","geometry":{"type":"Point","coordinates":[110.41733,-7.66981]},"properties":{"name":"Ninaka Bakery & Catering","type":"Fast Food","category":"sosial_tugas","subcategory":"Fast Food","opening_hours":null,"operator":null,"osm_id":362882054}},{"type":"Feature","geometry":{"type":"Point","coordinates":[110.36259,-7.7582]},"properties":{"name":"kenes","type":"Restaurant","category":"sosial_tugas","subcategory":"Restoran","opening_hours":null,"operator":null,"osm_id":1007121015}},{"type":"Feature","geometry":{"type":"Point","coordinates":[110.417,-7.66702]},"properties":{"name":"Pondok Raza","type":"Restaurant","category":"sosial_tugas","subcategory":"Restoran","opening_hours":null,"operator":null,"osm_id":319060480}},{"type":"Feature","geometry":{"type":"Point","coordinates":[110.41441,-7.82353]},"properties":{"name":"Queen Juice","type":"Fast Food","category":"sosial_tugas","subcategory":"Fast Food","opening_hours":null,"operator":null,"osm_id":797060959}},{"type":"Feature","geometry":{"type":"Point","coordinates":[110.41472,-7.82262]},"properties":{"name":"Chi-Wa","type":"Fast Food","category":"sosial_tugas","subcategory":"Fast Food","opening_hours":null,"operator":null,"osm_id":797060951}},{"type":"Feature","geometry":{"type":"Point","coordinates":[110.37144,-7.81938]},"properties":{"name":"ViaVia","type":"Restaurant","category":"sosial_tugas","subcategory":"Restoran","opening_hours":"Mo-Su 08:00-23:00","operator":null,"osm_id":459579197}},{"type":"Feature","geometry":{"type":"Point","coordinates":[110.41501,-7.82158]},"properties":{"name":"Warmindo Putra Pamulihan","type":"Fast Food","category":"sosial_tugas","subcategory":"Fast Food","opening_hours":null,"operator":null,"osm_id":613644480}},{"type":"Feature","geometry":{"type":"Point","coordinates":[110.3901,-7.82977]},"properties":{"name":"Pondok Bakaran - Giwangan","type":"Restaurant","category":"sosial_tugas","subcategory":"Restoran","opening_hours":null,"operator":null,"osm_id":536690271}},{"type":"Feature","geometry":{"type":"Point","coordinates":[110.66084,-7.95706]},"properties":{"name":"Omah Godhong Kelor","type":"Restaurant","category":"sosial_tugas","subcategory":"Restoran","opening_hours":null,"operator":null,"osm_id":1390009547}},{"type":"Feature","geometry":{"type":"Point","coordinates":[110.37663,-7.78881]},"properties":{"name":"Mie Ayam Grabyas","type":"Restaurant","category":"sosial_tugas","subcategory":"Restoran","opening_hours":"Mo-Sa 09:00-21:00; PH closed","operator":null,"osm_id":270034533}},{"type":"Feature","geometry":{"type":"Point","coordinates":[110.41499,-7.78242]},"properties":{"name":"Kantin Mawar","type":"Restaurant","category":"sosial_tugas","subcategory":"Restoran","opening_hours":null,"operator":null,"osm_id":363117691}},{"type":"Feature","geometry":{"type":"Point","coordinates":[110.39988,-7.83399]},"properties":{"name":"Lokanusa Kotagede","type":"Cafe","category":"sosial_tugas","subcategory":"Kafe","opening_hours":"Mo-Su 14:00-23:00","operator":null,"osm_id":536437635}},{"type":"Feature","geometry":{"type":"Point","coordinates":[110.38647,-7.79041]},"properties":{"name":"Warmindo Ardhana","type":"Restaurant","category":"sosial_tugas","subcategory":"Restoran","opening_hours":"Mo-Su 09:00-22:00","operator":null,"osm_id":610097690}},{"type":"Feature","geometry":{"type":"Point","coordinates":[110.38483,-7.79126]},"properties":{"name":"Dapur Manado","type":"Restaurant","category":"sosial_tugas","subcategory":"Restoran","opening_hours":null,"operator":null,"osm_id":251106367}},{"type":"Feature","geometry":{"type":"Point","coordinates":[110.57016,-7.91404]},"properties":{"name":"Cafe","type":"Cafe","category":"sosial_tugas","subcategory":"Kafe","opening_hours":null,"operator":null,"osm_id":875379448}},{"type":"Feature","geometry":{"type":"Point","coordinates":[110.3658,-7.75729]},"properties":{"name":"es coklat den bagus","type":"Cafe","category":"sosial_tugas","subcategory":"Kafe","opening_hours":null,"operator":null,"osm_id":362020071}},{"type":"Feature","geometry":{"type":"Point","coordinates":[110.36575,-7.79075]},"properties":{"name":"Jogja Library Center","type":"Library","category":"sosial_tugas","subcategory":"Perpustakaan","opening_hours":null,"operator":null,"osm_id":270029106}},{"type":"Feature","geometry":{"type":"Point","coordinates":[110.36503,-7.79121]},"properties":{"name":"Superman","type":"Restaurant","category":"sosial_tugas","subcategory":"Restoran","opening_hours":null,"operator":null,"osm_id":283537859}},{"type":"Feature","geometry":{"type":"Point","coordinates":[110.4101,-7.68723]},"properties":{"name":"Dapur FIAI","type":"Cafe","category":"sosial_tugas","subcategory":"Kafe","opening_hours":"sunrise-sunset","operator":null,"osm_id":952726468}},{"type":"Feature","geometry":{"type":"Point","coordinates":[110.40305,-7.81082]},"properties":{"name":"Lotek / Kupat Tahu Bu Giyanti","type":"Restaurant","category":"sosial_tugas","subcategory":"Restoran","opening_hours":null,"operator":null,"osm_id":530064196}},{"type":"Feature","geometry":{"type":"Point","coordinates":[110.40302,-7.81082]},"properties":{"name":"Tetep Demen","type":"Restaurant","category":"sosial_tugas","subcategory":"Restoran","opening_hours":null,"operator":null,"osm_id":530064193}},{"type":"Feature","geometry":{"type":"Point","coordinates":[110.40533,-7.81095]},"properties":{"name":"Sate Kambing Pak Tomek","type":"Restaurant","category":"sosial_tugas","subcategory":"Restoran","opening_hours":null,"operator":null,"osm_id":240361025}},{"type":"Feature","geometry":{"type":"Point","coordinates":[110.38106,-7.80619]},"properties":{"name":"Perpustakaan UST","type":"Library","category":"sosial_tugas","subcategory":"Perpustakaan","opening_hours":null,"operator":null,"osm_id":594852445}},{"type":"Feature","geometry":{"type":"Point","coordinates":[110.37827,-7.80195]},"properties":{"name":"Depot Dahar \"Bu Tuk\"","type":"Restaurant","category":"sosial_tugas","subcategory":"Restoran","opening_hours":null,"operator":null,"osm_id":535309935}},{"type":"Feature","geometry":{"type":"Point","coordinates":[110.38252,-7.8039]},"properties":{"name":"Kantin Polbangtan","type":"Restaurant","category":"sosial_tugas","subcategory":"Restoran","opening_hours":null,"operator":null,"osm_id":660453556}},{"type":"Feature","geometry":{"type":"Point","coordinates":[110.38945,-7.80581]},"properties":{"name":"Perpustakaan Kampus 2 UTY","type":"Library","category":"sosial_tugas","subcategory":"Perpustakaan","opening_hours":null,"operator":null,"osm_id":594553003}},{"type":"Feature","geometry":{"type":"Point","coordinates":[110.39323,-7.7856]},"properties":{"name":"Cafe","type":"Cafe","category":"sosial_tugas","subcategory":"Kafe","opening_hours":null,"operator":null,"osm_id":767463979}},{"type":"Feature","geometry":{"type":"Point","coordinates":[110.36969,-7.74702]},"properties":{"name":"Mie Ayam dan Bakso","type":"Restaurant","category":"sosial_tugas","subcategory":"Restoran","opening_hours":null,"operator":null,"osm_id":362864723}},{"type":"Feature","geometry":{"type":"Point","coordinates":[110.41777,-7.6767]},"properties":{"name":"Pondok Makan Pinggir Sawah","type":"Restaurant","category":"sosial_tugas","subcategory":"Restoran","opening_hours":null,"operator":null,"osm_id":362838012}},{"type":"Feature","geometry":{"type":"Point","coordinates":[110.41836,-7.67043]},"properties":{"name":"Ayam Panggang Magetan \"Mbah Mo\"","type":"Restaurant","category":"sosial_tugas","subcategory":"Restoran","opening_hours":null,"operator":null,"osm_id":1086125906}},{"type":"Feature","geometry":{"type":"Point","coordinates":[110.29219,-7.99784]},"properties":{"name":"angkringan mas kipli","type":"Restaurant","category":"sosial_tugas","subcategory":"Restoran","opening_hours":null,"operator":null,"osm_id":530651272}},{"type":"Feature","geometry":{"type":"Point","coordinates":[110.2969,-7.99202]},"properties":{"name":"Mi ayam Bedes","type":"Restaurant","category":"sosial_tugas","subcategory":"Restoran","opening_hours":null,"operator":null,"osm_id":530810337}},{"type":"Feature","geometry":{"type":"Point","coordinates":[110.29992,-7.99193]},"properties":{"name":"Angkringan Nur Jithenx","type":"Restaurant","category":"sosial_tugas","subcategory":"Restoran","opening_hours":null,"operator":null,"osm_id":530773665}},{"type":"Feature","geometry":{"type":"Point","coordinates":[110.27366,-7.96896]},"properties":{"name":"Mi Ayam \"Tan Genggong\"","type":"Restaurant","category":"sosial_tugas","subcategory":"Restoran","opening_hours":null,"operator":null,"osm_id":530659526}},{"type":"Feature","geometry":{"type":"Point","coordinates":[110.29989,-7.99175]},"properties":{"name":"Merapi Bakso dan Mi ayam","type":"Restaurant","category":"sosial_tugas","subcategory":"Restoran","opening_hours":null,"operator":null,"osm_id":530773637}},{"type":"Feature","geometry":{"type":"Point","coordinates":[110.29555,-7.99565]},"properties":{"name":"angkringan siBaxpo","type":"Restaurant","category":"sosial_tugas","subcategory":"Restoran","opening_hours":null,"operator":null,"osm_id":530651266}},{"type":"Feature","geometry":{"type":"Point","coordinates":[110.2986,-7.99203]},"properties":{"name":"Mie Ayam Reza Basser","type":"Restaurant","category":"sosial_tugas","subcategory":"Restoran","opening_hours":null,"operator":null,"osm_id":530773844}},{"type":"Feature","geometry":{"type":"Point","coordinates":[110.31683,-7.97989]},"properties":{"name":"Sate Kambing Yu Yah","type":"Restaurant","category":"sosial_tugas","subcategory":"Restoran","opening_hours":null,"operator":null,"osm_id":614626831}},{"type":"Feature","geometry":{"type":"Point","coordinates":[110.29739,-7.992]},"properties":{"name":"Warung Makan Prapatan Buruhan","type":"Restaurant","category":"sosial_tugas","subcategory":"Restoran","opening_hours":null,"operator":null,"osm_id":530810496}},{"type":"Feature","geometry":{"type":"Point","coordinates":[110.27153,-7.9675]},"properties":{"name":"Nata De Coco Bp.Sudjadjo","type":"Restaurant","category":"sosial_tugas","subcategory":"Restoran","opening_hours":null,"operator":null,"osm_id":530659363}},{"type":"Feature","geometry":{"type":"Point","coordinates":[110.41701,-7.69772]},"properties":{"name":"Restaurant","type":"Restaurant","category":"sosial_tugas","subcategory":"Restoran","opening_hours":null,"operator":null,"osm_id":362686190}},{"type":"Feature","geometry":{"type":"Point","coordinates":[110.41739,-7.69696]},"properties":{"name":"Warmindo Putra Jabar","type":"Fast Food","category":"sosial_tugas","subcategory":"Fast Food","opening_hours":null,"operator":null,"osm_id":362686383}},{"type":"Feature","geometry":{"type":"Point","coordinates":[110.41772,-7.69648]},"properties":{"name":"Ayam Geprek Eskom","type":"Restaurant","category":"sosial_tugas","subcategory":"Restoran","opening_hours":null,"operator":null,"osm_id":321115392}},{"type":"Feature","geometry":{"type":"Point","coordinates":[110.41788,-7.69604]},"properties":{"name":"Warung Makan Cak Nur","type":"Fast Food","category":"sosial_tugas","subcategory":"Fast Food","opening_hours":null,"operator":null,"osm_id":362683927}},{"type":"Feature","geometry":{"type":"Point","coordinates":[110.41817,-7.69492]},"properties":{"name":"D'Ayam Crispy","type":"Fast Food","category":"sosial_tugas","subcategory":"Fast Food","opening_hours":"08:30-12:30,15:30-20:00","operator":null,"osm_id":522418103}},{"type":"Feature","geometry":{"type":"Point","coordinates":[110.41818,-7.69487]},"properties":{"name":"Yamie Panda","type":"Fast Food","category":"sosial_tugas","subcategory":"Fast Food","opening_hours":"09:00-22:00","operator":null,"osm_id":522418102}},{"type":"Feature","geometry":{"type":"Point","coordinates":[110.41794,-7.69522]},"properties":{"name":"Restaurant","type":"Restaurant","category":"sosial_tugas","subcategory":"Restoran","opening_hours":null,"operator":null,"osm_id":362688891}},{"type":"Feature","geometry":{"type":"Point","coordinates":[110.41839,-7.69469]},"properties":{"name":"Milkshake Juice/Smoothies","type":"Cafe","category":"sosial_tugas","subcategory":"Kafe","opening_hours":null,"operator":null,"osm_id":362691190}},{"type":"Feature","geometry":{"type":"Point","coordinates":[110.41886,-7.69428]},"properties":{"name":"Restaurant","type":"Restaurant","category":"sosial_tugas","subcategory":"Restoran","opening_hours":null,"operator":null,"osm_id":362684216}},{"type":"Feature","geometry":{"type":"Point","coordinates":[110.41834,-7.69359]},"properties":{"name":"Restaurant","type":"Restaurant","category":"sosial_tugas","subcategory":"Restoran","opening_hours":null,"operator":null,"osm_id":362691062}},{"type":"Feature","geometry":{"type":"Point","coordinates":[110.41305,-7.70279]},"properties":{"name":"Sorgapuro","type":"Fast Food","category":"sosial_tugas","subcategory":"Fast Food","opening_hours":null,"operator":null,"osm_id":362165181}},{"type":"Feature","geometry":{"type":"Point","coordinates":[110.41288,-7.70292]},"properties":{"name":"Spesial Bubur Ayam Bandung","type":"Fast Food","category":"sosial_tugas","subcategory":"Fast Food","opening_hours":null,"operator":null,"osm_id":362165258}},{"type":"Feature","geometry":{"type":"Point","coordinates":[110.40977,-7.68715]},"properties":{"name":"Kantin FIAI","type":"Restaurant","category":"sosial_tugas","subcategory":"Restoran","opening_hours":null,"operator":null,"osm_id":952726464}},{"type":"Feature","geometry":{"type":"Point","coordinates":[110.41497,-7.70042]},"properties":{"name":"Dicky's Coffe","type":"Cafe","category":"sosial_tugas","subcategory":"Kafe","opening_hours":"Mo-Fr 08:30-20:00; Sa,Su 08:00-15:00; PH off","operator":null,"osm_id":530239188}},{"type":"Feature","geometry":{"type":"Point","coordinates":[110.41526,-7.70009]},"properties":{"name":"Ayam Saos Pedas","type":"Restaurant","category":"sosial_tugas","subcategory":"Restoran","opening_hours":"Mo-Fr 08:30-20:00; Sa,Su 08:00-15:00; PH off","operator":null,"osm_id":362165173}},{"type":"Feature","geometry":{"type":"Point","coordinates":[110.37361,-7.78827]},"properties":{"name":"Restaurant","type":"Restaurant","category":"sosial_tugas","subcategory":"Restoran","opening_hours":null,"operator":null,"osm_id":481306401}},{"type":"Feature","geometry":{"type":"Point","coordinates":[110.37356,-7.78809]},"properties":{"name":"Restaurant","type":"Restaurant","category":"sosial_tugas","subcategory":"Restoran","opening_hours":null,"operator":null,"osm_id":481306399}},{"type":"Feature","geometry":{"type":"Point","coordinates":[110.37332,-7.78789]},"properties":{"name":"Soto Pak Sholeh","type":"Restaurant","category":"sosial_tugas","subcategory":"Restoran","opening_hours":null,"operator":null,"osm_id":481306403}},{"type":"Feature","geometry":{"type":"Point","coordinates":[110.28488,-7.774]},"properties":{"name":"Cafe","type":"Cafe","category":"sosial_tugas","subcategory":"Kafe","opening_hours":null,"operator":null,"osm_id":1112829567}},{"type":"Feature","geometry":{"type":"Point","coordinates":[110.42603,-7.70569]},"properties":{"name":"Pizza Sawah","type":"Restaurant","category":"sosial_tugas","subcategory":"Restoran","opening_hours":null,"operator":null,"osm_id":363793965}},{"type":"Feature","geometry":{"type":"Point","coordinates":[110.38681,-7.72208]},"properties":{"name":"Soto & Tongseng Pak Nawi","type":"Restaurant","category":"sosial_tugas","subcategory":"Restoran","opening_hours":"07:00-22:00","operator":null,"osm_id":364830238}},{"type":"Feature","geometry":{"type":"Point","coordinates":[110.37368,-7.76375]},"properties":{"name":"Ngudi Rejeki","type":"Restaurant","category":"sosial_tugas","subcategory":"Restoran","opening_hours":null,"operator":null,"osm_id":529979694}},{"type":"Feature","geometry":{"type":"Point","coordinates":[110.38776,-7.72258]},"properties":{"name":"Muara Kapuas","type":"Restaurant","category":"sosial_tugas","subcategory":"Restoran","opening_hours":"10:00-22:00","operator":null,"osm_id":364830502}},{"type":"Feature","geometry":{"type":"Point","coordinates":[110.38824,-7.72239]},"properties":{"name":"Bakso Mie Cakar","type":"Restaurant","category":"sosial_tugas","subcategory":"Restoran","opening_hours":"10:00-17:00","operator":null,"osm_id":364830589}},{"type":"Feature","geometry":{"type":"Point","coordinates":[110.42209,-7.70825]},"properties":{"name":"Dappoermu","type":"Restaurant","category":"sosial_tugas","subcategory":"Restoran","opening_hours":null,"operator":null,"osm_id":362180673}},{"type":"Feature","geometry":{"type":"Point","coordinates":[110.40469,-7.71909]},"properties":{"name":"Warung Makan Nayla","type":"Restaurant","category":"sosial_tugas","subcategory":"Restoran","opening_hours":null,"operator":null,"osm_id":362373705}},{"type":"Feature","geometry":{"type":"Point","coordinates":[110.40559,-7.7169]},"properties":{"name":"Susu Lovers","type":"Cafe","category":"sosial_tugas","subcategory":"Kafe","opening_hours":null,"operator":null,"osm_id":362388406}},{"type":"Feature","geometry":{"type":"Point","coordinates":[110.41216,-7.70495]},"properties":{"name":"Sambal 55","type":"Restaurant","category":"sosial_tugas","subcategory":"Restoran","opening_hours":null,"operator":null,"osm_id":362498805}},{"type":"Feature","geometry":{"type":"Point","coordinates":[110.41252,-7.70495]},"properties":{"name":"Fine Coffee","type":"Cafe","category":"sosial_tugas","subcategory":"Kafe","opening_hours":null,"operator":null,"osm_id":362500101}},{"type":"Feature","geometry":{"type":"Point","coordinates":[110.40256,-7.72154]},"properties":{"name":"Bakmi Jowo Handayani","type":"Restaurant","category":"sosial_tugas","subcategory":"Restoran","opening_hours":null,"operator":null,"osm_id":362369238}},{"type":"Feature","geometry":{"type":"Point","coordinates":[110.40283,-7.72102]},"properties":{"name":"Selat Solo","type":"Restaurant","category":"sosial_tugas","subcategory":"Restoran","opening_hours":null,"operator":null,"osm_id":362369025}},{"type":"Feature","geometry":{"type":"Point","coordinates":[110.43685,-7.70648]},"properties":{"name":"Gudeg Bu Tangguh","type":"Restaurant","category":"sosial_tugas","subcategory":"Restoran","opening_hours":"Mo-Su 06:00-16:00","operator":null,"osm_id":1086572133}},{"type":"Feature","geometry":{"type":"Point","coordinates":[110.41322,-7.7031]},"properties":{"name":"Andalas Prasmanan","type":"Fast Food","category":"sosial_tugas","subcategory":"Fast Food","opening_hours":null,"operator":null,"osm_id":362165095}},{"type":"Feature","geometry":{"type":"Point","coordinates":[110.43335,-7.70462]},"properties":{"name":"Warung Nyi Nyimut","type":"Restaurant","category":"sosial_tugas","subcategory":"Restoran","opening_hours":null,"operator":null,"osm_id":363793806}},{"type":"Feature","geometry":{"type":"Point","coordinates":[110.40656,-7.71614]},"properties":{"name":"Bilik Kopi","type":"Cafe","category":"sosial_tugas","subcategory":"Kafe","opening_hours":null,"operator":null,"osm_id":362388248}},{"type":"Feature","geometry":{"type":"Point","coordinates":[110.40645,-7.71441]},"properties":{"name":"Baleroso Sinduharjo","type":"Restaurant","category":"sosial_tugas","subcategory":"Restoran","opening_hours":null,"operator":null,"osm_id":362392249}},{"type":"Feature","geometry":{"type":"Point","coordinates":[110.40072,-7.72467]},"properties":{"name":"Doa Ibu Coffee","type":"Cafe","category":"sosial_tugas","subcategory":"Kafe","opening_hours":null,"operator":null,"osm_id":758145541}},{"type":"Feature","geometry":{"type":"Point","coordinates":[110.41223,-7.74894]},"properties":{"name":"fd","type":"Restaurant","category":"sosial_tugas","subcategory":"Restoran","opening_hours":null,"operator":null,"osm_id":463874632}},{"type":"Feature","geometry":{"type":"Point","coordinates":[110.41226,-7.74927]},"properties":{"name":"ra","type":"Restaurant","category":"sosial_tugas","subcategory":"Restoran","opening_hours":null,"operator":null,"osm_id":463873960}},{"type":"Feature","geometry":{"type":"Point","coordinates":[110.43449,-7.7443]},"properties":{"name":"Angon (Angkringan Kebon)","type":"Cafe","category":"sosial_tugas","subcategory":"Kafe","opening_hours":null,"operator":null,"osm_id":676054056}},{"type":"Feature","geometry":{"type":"Point","coordinates":[110.45488,-7.57755]},"properties":{"name":"Restaurant","type":"Restaurant","category":"sosial_tugas","subcategory":"Restoran","opening_hours":null,"operator":null,"osm_id":967193405}},{"type":"Feature","geometry":{"type":"Point","coordinates":[110.37646,-7.75903]},"properties":{"name":"ToeToeng","type":"Restaurant","category":"sosial_tugas","subcategory":"Restoran","opening_hours":null,"operator":null,"osm_id":332633997}},{"type":"Feature","geometry":{"type":"Point","coordinates":[110.48175,-7.74275]},"properties":{"name":"Satria Resto Prambanan","type":"Restaurant","category":"sosial_tugas","subcategory":"Restoran","opening_hours":"Mo-Su 08:00-20:00","operator":null,"osm_id":1056663932}},{"type":"Feature","geometry":{"type":"Point","coordinates":[110.47168,-7.74297]},"properties":{"name":"Family Bakso","type":"Restaurant","category":"sosial_tugas","subcategory":"Restoran","opening_hours":null,"operator":null,"osm_id":365030080}},{"type":"Feature","geometry":{"type":"Point","coordinates":[110.36711,-7.77968]},"properties":{"name":"Papa Rons Pizza","type":"Restaurant","category":"sosial_tugas","subcategory":"Restoran","opening_hours":null,"operator":null,"osm_id":121373703}},{"type":"Feature","geometry":{"type":"Point","coordinates":[110.37578,-7.77924]},"properties":{"name":"Lekker Je","type":"Cafe","category":"sosial_tugas","subcategory":"Kafe","opening_hours":null,"operator":null,"osm_id":362134342}},{"type":"Feature","geometry":{"type":"Point","coordinates":[110.4451,-7.73719]},"properties":{"name":"Sate Kambing Mbah Giran","type":"Restaurant","category":"sosial_tugas","subcategory":"Restoran","opening_hours":null,"operator":null,"osm_id":1055868345}},{"type":"Feature","geometry":{"type":"Point","coordinates":[110.37013,-7.78879]},"properties":{"name":"PUSKAT / Kolese St. Ignatius","type":"Library","category":"sosial_tugas","subcategory":"Perpustakaan","opening_hours":null,"operator":null,"osm_id":122890640}},{"type":"Feature","geometry":{"type":"Point","coordinates":[110.37533,-7.7623]},"properties":{"name":"Padang Murah Meriah","type":"Restaurant","category":"sosial_tugas","subcategory":"Restoran","opening_hours":null,"operator":null,"osm_id":551790462}},{"type":"Feature","geometry":{"type":"Point","coordinates":[110.51866,-7.79121]},"properties":{"name":"Watu Langit","type":"Restaurant","category":"sosial_tugas","subcategory":"Restoran","opening_hours":null,"operator":null,"osm_id":901039211}},{"type":"Feature","geometry":{"type":"Point","coordinates":[110.3531,-7.74916]},"properties":{"name":"Restaurant","type":"Restaurant","category":"sosial_tugas","subcategory":"Restoran","opening_hours":null,"operator":null,"osm_id":363834729}},{"type":"Feature","geometry":{"type":"Point","coordinates":[110.41017,-7.7673]},"properties":{"name":"Markobar","type":"Cafe","category":"sosial_tugas","subcategory":"Kafe","opening_hours":null,"operator":null,"osm_id":362337554}},{"type":"Feature","geometry":{"type":"Point","coordinates":[110.40979,-7.76804]},"properties":{"name":"Parsley","type":"Restaurant","category":"sosial_tugas","subcategory":"Restoran","opening_hours":null,"operator":null,"osm_id":530575904}},{"type":"Feature","geometry":{"type":"Point","coordinates":[110.42106,-7.73814]},"properties":{"name":"Warung Iyup","type":"Restaurant","category":"sosial_tugas","subcategory":"Restoran","opening_hours":"Tu-Su 15:00-22:00","operator":null,"osm_id":1059995680}},{"type":"Feature","geometry":{"type":"Point","coordinates":[110.41428,-7.82475]},"properties":{"name":"Gubug Bakmi Pendowo","type":"Restaurant","category":"sosial_tugas","subcategory":"Restoran","opening_hours":null,"operator":null,"osm_id":797060987}},{"type":"Feature","geometry":{"type":"Point","coordinates":[110.39364,-7.83039]},"properties":{"name":"Kuliner Dermaga Cinta","type":"Cafe","category":"sosial_tugas","subcategory":"Kafe","opening_hours":null,"operator":null,"osm_id":1225238914}},{"type":"Feature","geometry":{"type":"Point","coordinates":[110.38946,-7.81761]},"properties":{"name":"Grobbak Korea Jogja","type":"Restaurant","category":"sosial_tugas","subcategory":"Restoran","opening_hours":null,"operator":null,"osm_id":632172352}},{"type":"Feature","geometry":{"type":"Point","coordinates":[110.40817,-7.78286]},"properties":{"name":"Kopi Kenangan","type":"Cafe","category":"sosial_tugas","subcategory":"Kafe","opening_hours":null,"operator":null,"osm_id":1066386413}},{"type":"Feature","geometry":{"type":"Point","coordinates":[110.49369,-7.78357]},"properties":{"name":"Library","type":"Library","category":"sosial_tugas","subcategory":"Perpustakaan","opening_hours":null,"operator":null,"osm_id":1265441334}},{"type":"Feature","geometry":{"type":"Point","coordinates":[110.38018,-7.76555]},"properties":{"name":"Gudeg Yu Djum","type":"Restaurant","category":"sosial_tugas","subcategory":"Restoran","opening_hours":null,"operator":null,"osm_id":122889730}},{"type":"Feature","geometry":{"type":"Point","coordinates":[110.37793,-7.76369]},"properties":{"name":"Mie Ayam Afui","type":"Restaurant","category":"sosial_tugas","subcategory":"Restoran","opening_hours":null,"operator":null,"osm_id":721516474}},{"type":"Feature","geometry":{"type":"Point","coordinates":[110.38278,-7.75551]},"properties":{"name":"Refresh Cafe","type":"Cafe","category":"sosial_tugas","subcategory":"Kafe","opening_hours":null,"operator":null,"osm_id":633581887}},{"type":"Feature","geometry":{"type":"Point","coordinates":[110.34436,-7.81377]},"properties":{"name":"Warung Makan Bu Sarinem","type":"Restaurant","category":"sosial_tugas","subcategory":"Restoran","opening_hours":null,"operator":null,"osm_id":529884136}},{"type":"Feature","geometry":{"type":"Point","coordinates":[110.38574,-7.75117]},"properties":{"name":"Xtra Hot","type":"Restaurant","category":"sosial_tugas","subcategory":"Restoran","opening_hours":"10:00-23:00","operator":null,"osm_id":259544619}},{"type":"Feature","geometry":{"type":"Point","coordinates":[110.38564,-7.75114]},"properties":{"name":"Xtra Hot","type":"Restaurant","category":"sosial_tugas","subcategory":"Restoran","opening_hours":"10:00-23:00","operator":null,"osm_id":363411500}},{"type":"Feature","geometry":{"type":"Point","coordinates":[110.38516,-7.75151]},"properties":{"name":"Popeye","type":"Fast Food","category":"sosial_tugas","subcategory":"Fast Food","opening_hours":null,"operator":null,"osm_id":530949794}},{"type":"Feature","geometry":{"type":"Point","coordinates":[110.38461,-7.75226]},"properties":{"name":"Katsu - Katsu Jakal","type":"Restaurant","category":"sosial_tugas","subcategory":"Restoran","opening_hours":"10:00-22:00","operator":null,"osm_id":259544601}},{"type":"Feature","geometry":{"type":"Point","coordinates":[110.38471,-7.7523]},"properties":{"name":"Katsu - Katsu Jakal","type":"Restaurant","category":"sosial_tugas","subcategory":"Restoran","opening_hours":"10:00-22:00","operator":null,"osm_id":362972305}},{"type":"Feature","geometry":{"type":"Point","coordinates":[110.40005,-7.76098]},"properties":{"name":"Angkringan Wedang Wibu","type":"Cafe","category":"sosial_tugas","subcategory":"Kafe","opening_hours":"Mo-Sa 18:00 - 24:00","operator":null,"osm_id":363103662}},{"type":"Feature","geometry":{"type":"Point","coordinates":[110.41769,-7.76274]},"properties":{"name":"Yellow River Bar & Spa","type":"Bar","category":"sosial_tugas","subcategory":"Bar/Pub","opening_hours":null,"operator":null,"osm_id":530492263}},{"type":"Feature","geometry":{"type":"Point","coordinates":[110.38299,-7.7569]},"properties":{"name":"Warunk Upnormal","type":"Restaurant","category":"sosial_tugas","subcategory":"Restoran","opening_hours":null,"operator":null,"osm_id":362680413}},{"type":"Feature","geometry":{"type":"Point","coordinates":[110.38691,-7.74947]},"properties":{"name":"Kedai Kopi Espresso Bar","type":"Cafe","category":"sosial_tugas","subcategory":"Kafe","opening_hours":"11:00-01:00","operator":null,"osm_id":509816897}},{"type":"Feature","geometry":{"type":"Point","coordinates":[110.37627,-7.76003]},"properties":{"name":"Classic","type":"Restaurant","category":"sosial_tugas","subcategory":"Restoran","opening_hours":"11:00-22:00","operator":null,"osm_id":332634007}},{"type":"Feature","geometry":{"type":"Point","coordinates":[110.3736,-7.76341]},"properties":{"name":"Kedaiku","type":"Restaurant","category":"sosial_tugas","subcategory":"Restoran","opening_hours":null,"operator":null,"osm_id":850127171}},{"type":"Feature","geometry":{"type":"Point","coordinates":[110.41188,-7.76267]},"properties":{"name":"Bubur Ayam Pasadena","type":"Restaurant","category":"sosial_tugas","subcategory":"Restoran","opening_hours":null,"operator":null,"osm_id":363095983}},{"type":"Feature","geometry":{"type":"Point","coordinates":[110.3841,-7.7634]},"properties":{"name":"RM Padang Pergaulan","type":"Restaurant","category":"sosial_tugas","subcategory":"Restoran","opening_hours":null,"operator":null,"osm_id":122903135}},{"type":"Feature","geometry":{"type":"Point","coordinates":[110.36235,-7.81257]},"properties":{"name":"Indonesia Buku","type":"Library","category":"sosial_tugas","subcategory":"Perpustakaan","opening_hours":"Tu-Su 13:00-21:00;Mo off","operator":"Yayasan Indonesia Buku","osm_id":209936857}},{"type":"Feature","geometry":{"type":"Point","coordinates":[110.3881,-7.76289]},"properties":{"name":"Sambel Cowek","type":"Restaurant","category":"sosial_tugas","subcategory":"Restoran","opening_hours":null,"operator":null,"osm_id":1017794385}},{"type":"Feature","geometry":{"type":"Point","coordinates":[110.3828,-7.76329]},"properties":{"name":"UD Gudeg Kendhil","type":"Restaurant","category":"sosial_tugas","subcategory":"Restoran","opening_hours":"05:00-20:00","operator":null,"osm_id":362528501}},{"type":"Feature","geometry":{"type":"Point","coordinates":[110.37563,-7.7635]},"properties":{"name":"Cafeteria Dhewe","type":"Cafe","category":"sosial_tugas","subcategory":"Kafe","opening_hours":null,"operator":null,"osm_id":120390115}},{"type":"Feature","geometry":{"type":"Point","coordinates":[110.37936,-7.76367]},"properties":{"name":"Sate Maranggi","type":"Restaurant","category":"sosial_tugas","subcategory":"Restoran","opening_hours":null,"operator":null,"osm_id":352269156}},{"type":"Feature","geometry":{"type":"Point","coordinates":[110.37959,-7.76247]},"properties":{"name":"McDonald's","type":"Fast Food","category":"sosial_tugas","subcategory":"Fast Food","opening_hours":null,"operator":null,"osm_id":259530778}},{"type":"Feature","geometry":{"type":"Point","coordinates":[110.37992,-7.76294]},"properties":{"name":"Kalimilk","type":"Cafe","category":"sosial_tugas","subcategory":"Kafe","opening_hours":"Mo-Su 10:00-22:00","operator":null,"osm_id":637397667}},{"type":"Feature","geometry":{"type":"Point","coordinates":[110.37499,-7.76258]},"properties":{"name":"Nasi Goreng Bu Minah","type":"Restaurant","category":"sosial_tugas","subcategory":"Restoran","opening_hours":null,"operator":null,"osm_id":721516479}},{"type":"Feature","geometry":{"type":"Point","coordinates":[110.40564,-7.76304]},"properties":{"name":"Meetup Cafe","type":"Restaurant","category":"sosial_tugas","subcategory":"Restoran","opening_hours":null,"operator":null,"osm_id":463865023}},{"type":"Feature","geometry":{"type":"Point","coordinates":[110.40356,-7.76281]},"properties":{"name":"Lesehan Devina","type":"Restaurant","category":"sosial_tugas","subcategory":"Restoran","opening_hours":null,"operator":null,"osm_id":463865885}},{"type":"Feature","geometry":{"type":"Point","coordinates":[110.40464,-7.76305]},"properties":{"name":"Warung Makan Anggrek","type":"Restaurant","category":"sosial_tugas","subcategory":"Restoran","opening_hours":null,"operator":null,"osm_id":463864575}},{"type":"Feature","geometry":{"type":"Point","coordinates":[110.39414,-7.76247]},"properties":{"name":"Gadjah Wong","type":"Restaurant","category":"sosial_tugas","subcategory":"Restoran","opening_hours":null,"operator":null,"osm_id":259560083}},{"type":"Feature","geometry":{"type":"Point","coordinates":[110.38961,-7.86103]},"properties":{"name":"Warung Soto Gumyak","type":"Restaurant","category":"sosial_tugas","subcategory":"Restoran","opening_hours":null,"operator":null,"osm_id":1018172847}},{"type":"Feature","geometry":{"type":"Point","coordinates":[110.37817,-7.76082]},"properties":{"name":"Palm Kuning","type":"Restaurant","category":"sosial_tugas","subcategory":"Restoran","opening_hours":null,"operator":null,"osm_id":332501414}},{"type":"Feature","geometry":{"type":"Point","coordinates":[110.36202,-7.82063]},"properties":{"name":"Ketemu Kopi & Roastery","type":"Cafe","category":"sosial_tugas","subcategory":"Kafe","opening_hours":null,"operator":null,"osm_id":610172625}},{"type":"Feature","geometry":{"type":"Point","coordinates":[110.35135,-7.81667]},"properties":{"name":"Arum Mina","type":"Restaurant","category":"sosial_tugas","subcategory":"Restoran","opening_hours":null,"operator":null,"osm_id":249850669}},{"type":"Feature","geometry":{"type":"Point","coordinates":[110.39628,-7.76507]},"properties":{"name":"Kindai","type":"Restaurant","category":"sosial_tugas","subcategory":"Restoran","opening_hours":null,"operator":null,"osm_id":259560084}},{"type":"Feature","geometry":{"type":"Point","coordinates":[110.2232,-7.69461]},"properties":{"name":"Skiph","type":"Restaurant","category":"sosial_tugas","subcategory":"Restoran","opening_hours":null,"operator":null,"osm_id":587103182}},{"type":"Feature","geometry":{"type":"Point","coordinates":[110.4115,-7.76447]},"properties":{"name":"Pak Leman","type":"Restaurant","category":"sosial_tugas","subcategory":"Restoran","opening_hours":"10:00-23:00","operator":null,"osm_id":363095955}},{"type":"Feature","geometry":{"type":"Point","coordinates":[110.4105,-7.7655]},"properties":{"name":"Warunk Upnormal Yogyakarta","type":"Cafe","category":"sosial_tugas","subcategory":"Kafe","opening_hours":null,"operator":null,"osm_id":362337629}},{"type":"Feature","geometry":{"type":"Point","coordinates":[110.41153,-7.76439]},"properties":{"name":"Lotek & Gado-gado Colombo","type":"Restaurant","category":"sosial_tugas","subcategory":"Restoran","opening_hours":null,"operator":null,"osm_id":459581788}},{"type":"Feature","geometry":{"type":"Point","coordinates":[110.38488,-7.75754]},"properties":{"name":"Waroeng Steak and Shake","type":"Restaurant","category":"sosial_tugas","subcategory":"Restoran","opening_hours":null,"operator":null,"osm_id":362679957}},{"type":"Feature","geometry":{"type":"Point","coordinates":[110.39814,-7.84899]},"properties":{"name":"Mie Filfil Pusat Sawo","type":"Fast Food","category":"sosial_tugas","subcategory":"Fast Food","opening_hours":null,"operator":null,"osm_id":535276294}},{"type":"Feature","geometry":{"type":"Point","coordinates":[110.37661,-7.75912]},"properties":{"name":"Mie Godiok","type":"Restaurant","category":"sosial_tugas","subcategory":"Restoran","opening_hours":null,"operator":null,"osm_id":332633996}},{"type":"Feature","geometry":{"type":"Point","coordinates":[110.39668,-7.7581]},"properties":{"name":"SS - Spesial Sambal","type":"Restaurant","category":"sosial_tugas","subcategory":"Restoran","opening_hours":null,"operator":null,"osm_id":290090375}},{"type":"Feature","geometry":{"type":"Point","coordinates":[110.39797,-7.7579]},"properties":{"name":"Papiti Milk & Foods","type":"Cafe","category":"sosial_tugas","subcategory":"Kafe","opening_hours":null,"operator":null,"osm_id":362955975}},{"type":"Feature","geometry":{"type":"Point","coordinates":[110.39376,-7.76356]},"properties":{"name":"Waroeng Penyet","type":"Restaurant","category":"sosial_tugas","subcategory":"Restoran","opening_hours":null,"operator":null,"osm_id":259567256}},{"type":"Feature","geometry":{"type":"Point","coordinates":[110.39387,-7.76322]},"properties":{"name":"Bakso Temanggung","type":"Restaurant","category":"sosial_tugas","subcategory":"Restoran","opening_hours":null,"operator":null,"osm_id":259567255}},{"type":"Feature","geometry":{"type":"Point","coordinates":[110.39141,-7.75578]},"properties":{"name":"The Icon Steak and Grill","type":"Restaurant","category":"sosial_tugas","subcategory":"Restoran","opening_hours":null,"operator":null,"osm_id":414808500}},{"type":"Feature","geometry":{"type":"Point","coordinates":[110.37659,-7.75598]},"properties":{"name":"SS Special Sambal Pandega","type":"Restaurant","category":"sosial_tugas","subcategory":"Restoran","opening_hours":null,"operator":null,"osm_id":259534283}},{"type":"Feature","geometry":{"type":"Point","coordinates":[110.37627,-7.75602]},"properties":{"name":"Warung Maharasa 12","type":"Restaurant","category":"sosial_tugas","subcategory":"Restoran","opening_hours":null,"operator":null,"osm_id":341994080}},{"type":"Feature","geometry":{"type":"Point","coordinates":[110.37224,-7.75952]},"properties":{"name":"Warung Makan Nggir Lepen Ibu Sri","type":"Restaurant","category":"sosial_tugas","subcategory":"Restoran","opening_hours":"Mo-Su 10:00-21:00","operator":null,"osm_id":416291597}},{"type":"Feature","geometry":{"type":"Point","coordinates":[110.37489,-7.75653]},"properties":{"name":"Burjo Hejo","type":"Restaurant","category":"sosial_tugas","subcategory":"Restoran","opening_hours":null,"operator":null,"osm_id":362683021}},{"type":"Feature","geometry":{"type":"Point","coordinates":[110.4098,-7.76085]},"properties":{"name":"Supernova Cybercafe","type":"Cafe","category":"sosial_tugas","subcategory":"Kafe","opening_hours":null,"operator":null,"osm_id":530299313}},{"type":"Feature","geometry":{"type":"Point","coordinates":[110.38239,-7.75725]},"properties":{"name":"RM Padang Sederhana","type":"Restaurant","category":"sosial_tugas","subcategory":"Restoran","opening_hours":null,"operator":null,"osm_id":352253873}},{"type":"Feature","geometry":{"type":"Point","coordinates":[110.38332,-7.75711]},"properties":{"name":"Dapur Syurga","type":"Restaurant","category":"sosial_tugas","subcategory":"Restoran","opening_hours":null,"operator":null,"osm_id":362679931}},{"type":"Feature","geometry":{"type":"Point","coordinates":[110.37301,-7.81935]},"properties":{"name":"Cafe","type":"Cafe","category":"sosial_tugas","subcategory":"Kafe","opening_hours":null,"operator":null,"osm_id":459579198}},{"type":"Feature","geometry":{"type":"Point","coordinates":[110.32146,-7.71893]},"properties":{"name":"Cafe Iqball Auliya Akbar","type":"Cafe","category":"sosial_tugas","subcategory":"Kafe","opening_hours":null,"operator":null,"osm_id":458174919}},{"type":"Feature","geometry":{"type":"Point","coordinates":[110.36304,-7.8085]},"properties":{"name":"Bale Raos","type":"Restaurant","category":"sosial_tugas","subcategory":"Restoran","opening_hours":null,"operator":null,"osm_id":394294124}},{"type":"Feature","geometry":{"type":"Point","coordinates":[110.37422,-7.77678]},"properties":{"name":"XTra Hot","type":"Restaurant","category":"sosial_tugas","subcategory":"Restoran","opening_hours":null,"operator":null,"osm_id":122833288}},{"type":"Feature","geometry":{"type":"Point","coordinates":[110.38159,-7.7664]},"properties":{"name":"Sabana Murah 09 UGM","type":"Restaurant","category":"sosial_tugas","subcategory":"Restoran","opening_hours":"Mo-Su 08:00-23:00","operator":null,"osm_id":1109980330}},{"type":"Feature","geometry":{"type":"Point","coordinates":[110.44724,-7.70088]},"properties":{"name":"Mixue","type":"Cafe","category":"sosial_tugas","subcategory":"Kafe","opening_hours":null,"operator":null,"osm_id":362930807}},{"type":"Feature","geometry":{"type":"Point","coordinates":[110.11512,-7.80582]},"properties":{"name":"Tahuleg Bu Setun Sudi Mampir","type":"Restaurant","category":"sosial_tugas","subcategory":"Restoran","opening_hours":"Mo-Su 09:00-04:00","operator":null,"osm_id":822256614}},{"type":"Feature","geometry":{"type":"Point","coordinates":[110.38123,-7.79113]},"properties":{"name":"Taru Martani 1918 Coffee & Resto","type":"Restaurant","category":"sosial_tugas","subcategory":"Restoran","opening_hours":null,"operator":null,"osm_id":249520399}},{"type":"Feature","geometry":{"type":"Point","coordinates":[110.37858,-7.7886]},"properties":{"name":"Cafe","type":"Cafe","category":"sosial_tugas","subcategory":"Kafe","opening_hours":null,"operator":null,"osm_id":928766305}},{"type":"Feature","geometry":{"type":"Point","coordinates":[110.38193,-7.79071]},"properties":{"name":"Taru Martani 1918 Coffee & Resto","type":"Restaurant","category":"sosial_tugas","subcategory":"Restoran","opening_hours":null,"operator":null,"osm_id":1470906240}},{"type":"Feature","geometry":{"type":"Point","coordinates":[110.37328,-7.78967]},"properties":{"name":"Mie Pelangi","type":"Restaurant","category":"sosial_tugas","subcategory":"Restoran","opening_hours":null,"operator":null,"osm_id":481284955}},{"type":"Feature","geometry":{"type":"Point","coordinates":[110.37389,-7.78934]},"properties":{"name":"Angkringan Edylova","type":"Restaurant","category":"sosial_tugas","subcategory":"Restoran","opening_hours":"Mo-Su 11:00-23:00; PH unknown","operator":null,"osm_id":481284974}},{"type":"Feature","geometry":{"type":"Point","coordinates":[110.37311,-7.78908]},"properties":{"name":"Sabana Fried Chicken","type":"Restaurant","category":"sosial_tugas","subcategory":"Restoran","opening_hours":null,"operator":null,"osm_id":481468643}},{"type":"Feature","geometry":{"type":"Point","coordinates":[110.38697,-7.77536]},"properties":{"name":"Digital Library","type":"Library","category":"sosial_tugas","subcategory":"Perpustakaan","opening_hours":null,"operator":null,"osm_id":340169834}},{"type":"Feature","geometry":{"type":"Point","coordinates":[110.38759,-7.77133]},"properties":{"name":"Kantin Dharma","type":"Cafe","category":"sosial_tugas","subcategory":"Kafe","opening_hours":null,"operator":null,"osm_id":488139045}},{"type":"Feature","geometry":{"type":"Point","coordinates":[110.378,-7.76933]},"properties":{"name":"Perpustakaan Universitas Gadjah Mada","type":"Library","category":"sosial_tugas","subcategory":"Perpustakaan","opening_hours":null,"operator":null,"osm_id":120383036}},{"type":"Feature","geometry":{"type":"Point","coordinates":[110.19705,-7.75049]},"properties":{"name":"Kopi Klotok Menoreh","type":"Restaurant","category":"sosial_tugas","subcategory":"Restoran","opening_hours":null,"operator":null,"osm_id":901998672}},{"type":"Feature","geometry":{"type":"Point","coordinates":[110.3194,-7.9265]},"properties":{"name":"Pasturan","type":"Library","category":"sosial_tugas","subcategory":"Perpustakaan","opening_hours":null,"operator":null,"osm_id":428734784}},{"type":"Feature","geometry":{"type":"Point","coordinates":[110.3785,-7.76913]},"properties":{"name":"Perpustakaan Universitas Gadjah Mada","type":"Library","category":"sosial_tugas","subcategory":"Perpustakaan","opening_hours":null,"operator":null,"osm_id":1423902581}},{"type":"Feature","geometry":{"type":"Point","coordinates":[110.41299,-7.62024]},"properties":{"name":"Kalura Secret Garden","type":"Restaurant","category":"sosial_tugas","subcategory":"Restoran","opening_hours":null,"operator":null,"osm_id":553215204}},{"type":"Feature","geometry":{"type":"Point","coordinates":[110.46423,-7.77434]},"properties":{"name":"Super Chicken","type":"Restaurant","category":"sosial_tugas","subcategory":"Restoran","opening_hours":"Mo-Su 09:00-21:00","operator":null,"osm_id":1227928771}},{"type":"Feature","geometry":{"type":"Point","coordinates":[110.40698,-7.79944]},"properties":{"name":"Grhatama Pustaka","type":"Library","category":"sosial_tugas","subcategory":"Perpustakaan","opening_hours":null,"operator":null,"osm_id":507865769}},{"type":"Feature","geometry":{"type":"Point","coordinates":[110.32338,-7.8148]},"properties":{"name":"Preksu UMY","type":"Restaurant","category":"sosial_tugas","subcategory":"Restoran","opening_hours":null,"operator":null,"osm_id":1167898064}},{"type":"Feature","geometry":{"type":"Point","coordinates":[110.31265,-7.80292]},"properties":{"name":"Rumah Makan Ambarketawang","type":"Restaurant","category":"sosial_tugas","subcategory":"Restoran","opening_hours":"24/7","operator":null,"osm_id":321229429}},{"type":"Feature","geometry":{"type":"Point","coordinates":[110.39881,-7.72626]},"properties":{"name":"Jual Lele Bakar","type":"Restaurant","category":"sosial_tugas","subcategory":"Restoran","opening_hours":null,"operator":null,"osm_id":1493049712}},{"type":"Feature","geometry":{"type":"Point","coordinates":[110.43102,-7.7833]},"properties":{"name":"Mie Ayam Bandung 59","type":"Restaurant","category":"sosial_tugas","subcategory":"Restoran","opening_hours":null,"operator":null,"osm_id":367220763}},{"type":"Feature","geometry":{"type":"Point","coordinates":[110.40706,-7.78296]},"properties":{"name":"McDonald's","type":"Fast Food","category":"sosial_tugas","subcategory":"Fast Food","opening_hours":"24/7","operator":null,"osm_id":1016758583}},{"type":"Feature","geometry":{"type":"Point","coordinates":[110.40738,-7.78295]},"properties":{"name":"Pizza Hut","type":"Restaurant","category":"sosial_tugas","subcategory":"Restoran","opening_hours":null,"operator":null,"osm_id":1016758585}},{"type":"Feature","geometry":{"type":"Point","coordinates":[110.38809,-7.76959]},"properties":{"name":"Kantin KPLT","type":"Cafe","category":"sosial_tugas","subcategory":"Kafe","opening_hours":null,"operator":null,"osm_id":488139039}},{"type":"Feature","geometry":{"type":"Point","coordinates":[110.41268,-7.78984]},"properties":{"name":"Fast Food","type":"Fast Food","category":"sosial_tugas","subcategory":"Fast Food","opening_hours":null,"operator":null,"osm_id":614376638}},{"type":"Feature","geometry":{"type":"Point","coordinates":[110.37762,-7.72796]},"properties":{"name":"Michael Kreme Gelato - Palagan","type":"Cafe","category":"sosial_tugas","subcategory":"Kafe","opening_hours":"24/7","operator":null,"osm_id":1416508621}},{"type":"Feature","geometry":{"type":"Point","coordinates":[110.40312,-7.72136]},"properties":{"name":"Lesehan Ayam Sore","type":"Restaurant","category":"sosial_tugas","subcategory":"Restoran","opening_hours":null,"operator":null,"osm_id":362373728}},{"type":"Feature","geometry":{"type":"Point","coordinates":[110.40575,-7.71445]},"properties":{"name":"Kedai Original","type":"Cafe","category":"sosial_tugas","subcategory":"Kafe","opening_hours":null,"operator":null,"osm_id":362392497}},{"type":"Feature","geometry":{"type":"Point","coordinates":[110.41243,-7.68357]},"properties":{"name":"Mie Ayam Bakso Semangat","type":"Restaurant","category":"sosial_tugas","subcategory":"Restoran","opening_hours":null,"operator":null,"osm_id":362837140}},{"type":"Feature","geometry":{"type":"Point","coordinates":[110.40449,-7.81067]},"properties":{"name":"Burjo Kenangan","type":"Restaurant","category":"sosial_tugas","subcategory":"Restoran","opening_hours":null,"operator":null,"osm_id":530309305}},{"type":"Feature","geometry":{"type":"Point","coordinates":[110.40203,-7.80769]},"properties":{"name":"Zona Fried Chicken","type":"Restaurant","category":"sosial_tugas","subcategory":"Restoran","opening_hours":null,"operator":null,"osm_id":530313714}},{"type":"Feature","geometry":{"type":"Point","coordinates":[110.36667,-7.78385]},"properties":{"name":"Rumah Makan Bebek Goreng H.Slamet","type":"Restaurant","category":"sosial_tugas","subcategory":"Restoran","opening_hours":null,"operator":null,"osm_id":121367484}},{"type":"Feature","geometry":{"type":"Point","coordinates":[110.41263,-7.70481]},"properties":{"name":"Rumah Makan Bu Mondro","type":"Restaurant","category":"sosial_tugas","subcategory":"Restoran","opening_hours":null,"operator":null,"osm_id":362167659}},{"type":"Feature","geometry":{"type":"Point","coordinates":[110.41618,-7.69855]},"properties":{"name":"Dic's Caffe","type":"Cafe","category":"sosial_tugas","subcategory":"Kafe","opening_hours":null,"operator":null,"osm_id":362688873}},{"type":"Feature","geometry":{"type":"Point","coordinates":[110.42613,-7.83167]},"properties":{"name":"Restaurant","type":"Restaurant","category":"sosial_tugas","subcategory":"Restoran","opening_hours":null,"operator":null,"osm_id":463891687}},{"type":"Feature","geometry":{"type":"Point","coordinates":[110.41737,-7.67016]},"properties":{"name":"Warmindo Bang Ucok","type":"Fast Food","category":"sosial_tugas","subcategory":"Fast Food","opening_hours":null,"operator":null,"osm_id":531072560}},{"type":"Feature","geometry":{"type":"Point","coordinates":[110.41637,-7.69883]},"properties":{"name":"Rumah Makan LS","type":"Restaurant","category":"sosial_tugas","subcategory":"Restoran","opening_hours":null,"operator":null,"osm_id":362686288}},{"type":"Feature","geometry":{"type":"Point","coordinates":[110.41623,-7.69846]},"properties":{"name":"Lesehan dan Pecel kang Bejo","type":"Fast Food","category":"sosial_tugas","subcategory":"Fast Food","opening_hours":null,"operator":null,"osm_id":362689010}},{"type":"Feature","geometry":{"type":"Point","coordinates":[110.38248,-7.73135]},"properties":{"name":"Pempek & Siomay","type":"Restaurant","category":"sosial_tugas","subcategory":"Restoran","opening_hours":null,"operator":null,"osm_id":510478164}},{"type":"Feature","geometry":{"type":"Point","coordinates":[110.36401,-7.7282]},"properties":{"name":"Restaurant","type":"Restaurant","category":"sosial_tugas","subcategory":"Restoran","opening_hours":null,"operator":null,"osm_id":363426990}},{"type":"Feature","geometry":{"type":"Point","coordinates":[110.36359,-7.72819]},"properties":{"name":"Restaurant","type":"Restaurant","category":"sosial_tugas","subcategory":"Restoran","opening_hours":null,"operator":null,"osm_id":363427299}},{"type":"Feature","geometry":{"type":"Point","coordinates":[110.36379,-7.72827]},"properties":{"name":"Restaurant","type":"Restaurant","category":"sosial_tugas","subcategory":"Restoran","opening_hours":null,"operator":null,"osm_id":363427407}},{"type":"Feature","geometry":{"type":"Point","coordinates":[110.40599,-7.71648]},"properties":{"name":"Kebun Buah Naga","type":"Cafe","category":"sosial_tugas","subcategory":"Kafe","opening_hours":null,"operator":null,"osm_id":362388538}},{"type":"Feature","geometry":{"type":"Point","coordinates":[110.40578,-7.71605]},"properties":{"name":"Bakmi Jawa Pak Yono","type":"Restaurant","category":"sosial_tugas","subcategory":"Restoran","opening_hours":null,"operator":null,"osm_id":362388644}},{"type":"Feature","geometry":{"type":"Point","coordinates":[110.38679,-7.72997]},"properties":{"name":"Taman Bacaan Natsuko Shioya","type":"Library","category":"sosial_tugas","subcategory":"Perpustakaan","opening_hours":null,"operator":null,"osm_id":364629412}},{"type":"Feature","geometry":{"type":"Point","coordinates":[110.39346,-7.73731]},"properties":{"name":"Soto Kudus","type":"Restaurant","category":"sosial_tugas","subcategory":"Restoran","opening_hours":null,"operator":null,"osm_id":363665872}},{"type":"Feature","geometry":{"type":"Point","coordinates":[110.3368,-7.77836]},"properties":{"name":"Spesial Sambal","type":"Restaurant","category":"sosial_tugas","subcategory":"Restoran","opening_hours":null,"operator":null,"osm_id":530742292}},{"type":"Feature","geometry":{"type":"Point","coordinates":[110.47611,-7.77979]},"properties":{"name":"Gorengan Qsra Cirebon","type":"Restaurant","category":"sosial_tugas","subcategory":"Restoran","opening_hours":null,"operator":null,"osm_id":530793559}},{"type":"Feature","geometry":{"type":"Point","coordinates":[110.27453,-7.96892]},"properties":{"name":"Warung Makan Mba Sari","type":"Restaurant","category":"sosial_tugas","subcategory":"Restoran","opening_hours":null,"operator":null,"osm_id":530659498}},{"type":"Feature","geometry":{"type":"Point","coordinates":[110.27116,-7.96767]},"properties":{"name":"Win Win","type":"Cafe","category":"sosial_tugas","subcategory":"Kafe","opening_hours":null,"operator":null,"osm_id":530659573}},{"type":"Feature","geometry":{"type":"Point","coordinates":[110.2715,-7.97138]},"properties":{"name":"Baksi Mini Mansuri","type":"Restaurant","category":"sosial_tugas","subcategory":"Restoran","opening_hours":null,"operator":null,"osm_id":530659695}},{"type":"Feature","geometry":{"type":"Point","coordinates":[110.27613,-7.97021]},"properties":{"name":"Restoran Amnas Wedding","type":"Restaurant","category":"sosial_tugas","subcategory":"Restoran","opening_hours":null,"operator":null,"osm_id":530659798}},{"type":"Feature","geometry":{"type":"Point","coordinates":[110.33262,-7.94274]},"properties":{"name":"Rumah Makan Pavajo","type":"Restaurant","category":"sosial_tugas","subcategory":"Restoran","opening_hours":null,"operator":null,"osm_id":530961956}},{"type":"Feature","geometry":{"type":"Point","coordinates":[110.33295,-7.94242]},"properties":{"name":"Rumah Makan Pavajo","type":"Restaurant","category":"sosial_tugas","subcategory":"Restoran","opening_hours":null,"operator":null,"osm_id":530961961}},{"type":"Feature","geometry":{"type":"Point","coordinates":[110.16196,-7.86185]},"properties":{"name":"Warung Afif","type":"Restaurant","category":"sosial_tugas","subcategory":"Restoran","opening_hours":null,"operator":null,"osm_id":530472223}},{"type":"Feature","geometry":{"type":"Point","coordinates":[110.39409,-7.73673]},"properties":{"name":"Ayam Taliwang Pak Wono","type":"Restaurant","category":"sosial_tugas","subcategory":"Restoran","opening_hours":"Mo-Fr 10:30-21:00, Tu-Su 10:30-21:00; Sa 10:30-21:00","operator":null,"osm_id":363665935}},{"type":"Feature","geometry":{"type":"Point","coordinates":[110.44506,-7.74045]},"properties":{"name":"Jiwangga","type":"Restaurant","category":"sosial_tugas","subcategory":"Restoran","opening_hours":null,"operator":null,"osm_id":520699575}},{"type":"Feature","geometry":{"type":"Point","coordinates":[110.42327,-7.77552]},"properties":{"name":"Warung Makan Sego Pecel & Soto Jawa \"Alaz\" Bu Endang","type":"Restaurant","category":"sosial_tugas","subcategory":"Restoran","opening_hours":null,"operator":null,"osm_id":364058871}},{"type":"Feature","geometry":{"type":"Point","coordinates":[110.42948,-7.68613]},"properties":{"name":"Pawon Omah Mbesi","type":"Restaurant","category":"sosial_tugas","subcategory":"Restoran","opening_hours":null,"operator":null,"osm_id":1443474618}},{"type":"Feature","geometry":{"type":"Point","coordinates":[110.38697,-7.77585]},"properties":{"name":"Perpustakaan Universitas Negeri Yogyakarta","type":"Library","category":"sosial_tugas","subcategory":"Perpustakaan","opening_hours":null,"operator":null,"osm_id":189197218}},{"type":"Feature","geometry":{"type":"Point","coordinates":[110.36515,-7.79689]},"properties":{"name":"Dunkin'","type":"Fast Food","category":"sosial_tugas","subcategory":"Fast Food","opening_hours":null,"operator":null,"osm_id":292824809}},{"type":"Feature","geometry":{"type":"Point","coordinates":[110.36578,-7.79209]},"properties":{"name":"KFC","type":"Fast Food","category":"sosial_tugas","subcategory":"Fast Food","opening_hours":"Mo-Su 10:00-22:00","operator":null,"osm_id":532455029}},{"type":"Feature","geometry":{"type":"Point","coordinates":[110.3803,-7.77003]},"properties":{"name":"Perpustakaan Fakultas Hukum","type":"Library","category":"sosial_tugas","subcategory":"Perpustakaan","opening_hours":"Mo-Fr 07:30-20:00; Sa 08:00-13:00; Su off","operator":"Universitas Gadjah Mada","osm_id":384008370}},{"type":"Feature","geometry":{"type":"Point","coordinates":[110.32323,-7.81053]},"properties":{"name":"Cafe 1912","type":"Cafe","category":"sosial_tugas","subcategory":"Kafe","opening_hours":null,"operator":null,"osm_id":1167898072}},{"type":"Feature","geometry":{"type":"Point","coordinates":[110.40953,-7.77304]},"properties":{"name":"CW Coffee","type":"Cafe","category":"sosial_tugas","subcategory":"Kafe","opening_hours":null,"operator":null,"osm_id":362361289}},{"type":"Feature","geometry":{"type":"Point","coordinates":[110.38126,-7.79085]},"properties":{"name":"Taru Martani 1918 Coffee & Resto","type":"Restaurant","category":"sosial_tugas","subcategory":"Restoran","opening_hours":null,"operator":null,"osm_id":1152304552}},{"type":"Feature","geometry":{"type":"Point","coordinates":[110.31388,-7.80212]},"properties":{"name":"Gudeng Yu Djum","type":"Restaurant","category":"sosial_tugas","subcategory":"Restoran","opening_hours":null,"operator":null,"osm_id":321229423}},{"type":"Feature","geometry":{"type":"Point","coordinates":[110.31645,-7.80184]},"properties":{"name":"RM. Padang Murah Meriah","type":"Restaurant","category":"sosial_tugas","subcategory":"Restoran","opening_hours":"24/7","operator":null,"osm_id":1420324961}},{"type":"Feature","geometry":{"type":"Point","coordinates":[110.3785,-7.76122]},"properties":{"name":"LEIDEN Coffee & Work","type":"Cafe","category":"sosial_tugas","subcategory":"Kafe","opening_hours":"Mo-Su 08:00-23:00","operator":null,"osm_id":332633991}},{"type":"Feature","geometry":{"type":"Point","coordinates":[110.35417,-7.80025]},"properties":{"name":"Secret Garden Jogja","type":"Restaurant","category":"sosial_tugas","subcategory":"Restoran","opening_hours":null,"operator":null,"osm_id":914191428}},{"type":"Feature","geometry":{"type":"Point","coordinates":[110.49368,-7.78362]},"properties":{"name":"Library","type":"Library","category":"sosial_tugas","subcategory":"Perpustakaan","opening_hours":null,"operator":null,"osm_id":1265441335}},{"type":"Feature","geometry":{"type":"Point","coordinates":[110.48371,-7.77651]},"properties":{"name":"Restaurant","type":"Restaurant","category":"sosial_tugas","subcategory":"Restoran","opening_hours":null,"operator":null,"osm_id":1424527877}},{"type":"Feature","geometry":{"type":"Point","coordinates":[110.41141,-7.76424]},"properties":{"name":"Vito Cafe","type":"Cafe","category":"sosial_tugas","subcategory":"Kafe","opening_hours":null,"operator":null,"osm_id":363095979}},{"type":"Feature","geometry":{"type":"Point","coordinates":[110.39856,-7.75835]},"properties":{"name":"Restaurant","type":"Restaurant","category":"sosial_tugas","subcategory":"Restoran","opening_hours":null,"operator":null,"osm_id":1426677960}},{"type":"Feature","geometry":{"type":"Point","coordinates":[110.41388,-7.78305]},"properties":{"name":"Duta Minang","type":"Restaurant","category":"sosial_tugas","subcategory":"Restoran","opening_hours":null,"operator":null,"osm_id":1012999299}},{"type":"Feature","geometry":{"type":"Point","coordinates":[110.37368,-7.77706]},"properties":{"name":"Pondok Cabe","type":"Restaurant","category":"sosial_tugas","subcategory":"Restoran","opening_hours":null,"operator":null,"osm_id":120516284}},{"type":"Feature","geometry":{"type":"Point","coordinates":[110.37411,-7.77698]},"properties":{"name":"Soto Kudus Pak Dewo","type":"Restaurant","category":"sosial_tugas","subcategory":"Restoran","opening_hours":null,"operator":null,"osm_id":120516398}},{"type":"Feature","geometry":{"type":"Point","coordinates":[110.37168,-7.78331]},"properties":{"name":"McDonald's","type":"Fast Food","category":"sosial_tugas","subcategory":"Fast Food","opening_hours":null,"operator":null,"osm_id":121674611}},{"type":"Feature","geometry":{"type":"Point","coordinates":[110.38705,-7.78346]},"properties":{"name":"Starbucks","type":"Cafe","category":"sosial_tugas","subcategory":"Kafe","opening_hours":null,"operator":null,"osm_id":1066402028}},{"type":"Feature","geometry":{"type":"Point","coordinates":[110.43367,-7.75555]},"properties":{"name":"Restaurant","type":"Restaurant","category":"sosial_tugas","subcategory":"Restoran","opening_hours":null,"operator":null,"osm_id":1469728486}},{"type":"Feature","geometry":{"type":"Point","coordinates":[110.4151,-7.77953]},"properties":{"name":"Mie Gacoan","type":"Restaurant","category":"sosial_tugas","subcategory":"Restoran","opening_hours":null,"operator":null,"osm_id":1424024482}},{"type":"Feature","geometry":{"type":"Point","coordinates":[110.4057,-7.7981]},"properties":{"name":"Rekaya Artisan Coffee & Eatery","type":"Cafe","category":"sosial_tugas","subcategory":"Kafe","opening_hours":null,"operator":null,"osm_id":610105574}},{"type":"Feature","geometry":{"type":"Point","coordinates":[110.40462,-7.78179]},"properties":{"name":"Rumah Makan Lestari","type":"Restaurant","category":"sosial_tugas","subcategory":"Restoran","opening_hours":null,"operator":null,"osm_id":613196349}},{"type":"Feature","geometry":{"type":"Point","coordinates":[110.40997,-7.76783]},"properties":{"name":"Sate Seturan","type":"Restaurant","category":"sosial_tugas","subcategory":"Restoran","opening_hours":null,"operator":null,"osm_id":362337502}},{"type":"Feature","geometry":{"type":"Point","coordinates":[110.40884,-7.77535]},"properties":{"name":"Tom's Milk","type":"Cafe","category":"sosial_tugas","subcategory":"Kafe","opening_hours":"Mo-Su 16:00-23:00","operator":null,"osm_id":356733258}},{"type":"Feature","geometry":{"type":"Point","coordinates":[110.38607,-7.69054]},"properties":{"name":"Anargya Koffie","type":"Cafe","category":"sosial_tugas","subcategory":"Kafe","opening_hours":"Mo-Su 11:00-22:00","operator":null,"osm_id":1365294278}},{"type":"Feature","geometry":{"type":"Point","coordinates":[110.41827,-7.69885]},"properties":{"name":"Ayam Geprek Mas Kobis","type":"Restaurant","category":"sosial_tugas","subcategory":"Restoran","opening_hours":null,"operator":null,"osm_id":362686392}},{"type":"Feature","geometry":{"type":"Point","coordinates":[110.37171,-7.74299]},"properties":{"name":"Burjo Barokah","type":"Cafe","category":"sosial_tugas","subcategory":"Kafe","opening_hours":null,"operator":null,"osm_id":542391670}},{"type":"Feature","geometry":{"type":"Point","coordinates":[110.36387,-7.72831]},"properties":{"name":"Restaurant","type":"Restaurant","category":"sosial_tugas","subcategory":"Restoran","opening_hours":null,"operator":null,"osm_id":363427344}},{"type":"Feature","geometry":{"type":"Point","coordinates":[110.36351,-7.7203]},"properties":{"name":"Restaurant","type":"Restaurant","category":"sosial_tugas","subcategory":"Restoran","opening_hours":null,"operator":null,"osm_id":517891486}},{"type":"Feature","geometry":{"type":"Point","coordinates":[110.25774,-7.79321]},"properties":{"name":"Bendosari Kopi","type":"Cafe","category":"sosial_tugas","subcategory":"Kafe","opening_hours":null,"operator":null,"osm_id":1094675437}},{"type":"Feature","geometry":{"type":"Point","coordinates":[110.48287,-7.79005]},"properties":{"name":"Mie Ayam dan Bakso Pak Dul","type":"Restaurant","category":"sosial_tugas","subcategory":"Restoran","opening_hours":null,"operator":null,"osm_id":531005437}},{"type":"Feature","geometry":{"type":"Point","coordinates":[110.47271,-7.79106]},"properties":{"name":"Angkringan Cak Agus","type":"Restaurant","category":"sosial_tugas","subcategory":"Restoran","opening_hours":null,"operator":null,"osm_id":530949200}},{"type":"Feature","geometry":{"type":"Point","coordinates":[110.47702,-7.77844]},"properties":{"name":"Mie Ayam dan Bakso Ceria 2","type":"Restaurant","category":"sosial_tugas","subcategory":"Restoran","opening_hours":null,"operator":null,"osm_id":530793395}},{"type":"Feature","geometry":{"type":"Point","coordinates":[110.34422,-7.81374]},"properties":{"name":"warung makan bu Sarinem","type":"Restaurant","category":"sosial_tugas","subcategory":"Restoran","opening_hours":null,"operator":null,"osm_id":531013684}},{"type":"Feature","geometry":{"type":"Point","coordinates":[110.36224,-7.84441]},"properties":{"name":"Piramida","type":"Restaurant","category":"sosial_tugas","subcategory":"Restoran","opening_hours":null,"operator":null,"osm_id":520699366}},{"type":"Feature","geometry":{"type":"Point","coordinates":[110.37114,-7.80881]},"properties":{"name":"Bosanova Bilyard","type":"Restaurant","category":"sosial_tugas","subcategory":"Restoran","opening_hours":"10:00-22:00","operator":null,"osm_id":216476297}},{"type":"Feature","geometry":{"type":"Point","coordinates":[110.36208,-7.81017]},"properties":{"name":"Ndalem Ngabean Resto","type":"Restaurant","category":"sosial_tugas","subcategory":"Restoran","opening_hours":null,"operator":null,"osm_id":372827589}},{"type":"Feature","geometry":{"type":"Point","coordinates":[110.34318,-7.8126]},"properties":{"name":"Pondok Lesehan Bu Wiyogno","type":"Restaurant","category":"sosial_tugas","subcategory":"Restoran","opening_hours":null,"operator":null,"osm_id":529884133}},{"type":"Feature","geometry":{"type":"Point","coordinates":[110.47817,-7.84947]},"properties":{"name":"Resto HeHa sky view","type":"Restaurant","category":"sosial_tugas","subcategory":"Restoran","opening_hours":null,"operator":null,"osm_id":1095304135}},{"type":"Feature","geometry":{"type":"Point","coordinates":[110.47944,-7.84643]},"properties":{"name":"Cafe","type":"Cafe","category":"sosial_tugas","subcategory":"Kafe","opening_hours":null,"operator":null,"osm_id":431339869}},{"type":"Feature","geometry":{"type":"Point","coordinates":[110.59214,-7.84311]},"properties":{"name":"Mie Ayam Bakso","type":"Restaurant","category":"sosial_tugas","subcategory":"Restoran","opening_hours":null,"operator":null,"osm_id":660415660}},{"type":"Feature","geometry":{"type":"Point","coordinates":[110.47305,-7.78981]},"properties":{"name":"Warung Soto Ayam Bu Darmi","type":"Restaurant","category":"sosial_tugas","subcategory":"Restoran","opening_hours":null,"operator":null,"osm_id":530819614}},{"type":"Feature","geometry":{"type":"Point","coordinates":[110.46985,-7.77754]},"properties":{"name":"Warung Makan Bu Kris","type":"Restaurant","category":"sosial_tugas","subcategory":"Restoran","opening_hours":null,"operator":null,"osm_id":530793703}},{"type":"Feature","geometry":{"type":"Point","coordinates":[110.48516,-7.78848]},"properties":{"name":"Lotek Mbah Bu","type":"Restaurant","category":"sosial_tugas","subcategory":"Restoran","opening_hours":null,"operator":null,"osm_id":530986944}},{"type":"Feature","geometry":{"type":"Point","coordinates":[110.39892,-7.82695]},"properties":{"name":"Warung Djawi","type":"Cafe","category":"sosial_tugas","subcategory":"Kafe","opening_hours":null,"operator":null,"osm_id":610506233}},{"type":"Feature","geometry":{"type":"Point","coordinates":[110.3992,-7.82235]},"properties":{"name":"Perpustakaan SMA N 5 Yogyakarta","type":"Library","category":"sosial_tugas","subcategory":"Perpustakaan","opening_hours":null,"operator":null,"osm_id":363861399}},{"type":"Feature","geometry":{"type":"Point","coordinates":[110.35144,-7.80327]},"properties":{"name":"Tuan Muda Kafe","type":"Cafe","category":"sosial_tugas","subcategory":"Kafe","opening_hours":null,"operator":null,"osm_id":319248179}},{"type":"Feature","geometry":{"type":"Point","coordinates":[110.37305,-7.78909]},"properties":{"name":"Soyo Ayam Gamalama","type":"Restaurant","category":"sosial_tugas","subcategory":"Restoran","opening_hours":null,"operator":null,"osm_id":481468641}},{"type":"Feature","geometry":{"type":"Point","coordinates":[110.41447,-7.7811]},"properties":{"name":"Kedai Mie Ayam","type":"Restaurant","category":"sosial_tugas","subcategory":"Restoran","opening_hours":null,"operator":null,"osm_id":363134864}},{"type":"Feature","geometry":{"type":"Point","coordinates":[110.38008,-7.76254]},"properties":{"name":"Rumah Makan Duta Minang","type":"Restaurant","category":"sosial_tugas","subcategory":"Restoran","opening_hours":null,"operator":null,"osm_id":352253872}},{"type":"Feature","geometry":{"type":"Point","coordinates":[110.37854,-7.7624]},"properties":{"name":"Tahu Go","type":"Restaurant","category":"sosial_tugas","subcategory":"Restoran","opening_hours":"Mo-Su 08:00-22:00","operator":null,"osm_id":848251039}},{"type":"Feature","geometry":{"type":"Point","coordinates":[110.37854,-7.76233]},"properties":{"name":"Bungong Jeumpa","type":"Restaurant","category":"sosial_tugas","subcategory":"Restoran","opening_hours":"Mo-Fr 09:00-17:00","operator":null,"osm_id":848251040}},{"type":"Feature","geometry":{"type":"Point","coordinates":[110.4007,-7.8212]},"properties":{"name":"Rocket Chicken","type":"Restaurant","category":"sosial_tugas","subcategory":"Restoran","opening_hours":null,"operator":null,"osm_id":611099719}},{"type":"Feature","geometry":{"type":"Point","coordinates":[110.38589,-7.75024]},"properties":{"name":"Bakso Pak Narto","type":"Restaurant","category":"sosial_tugas","subcategory":"Restoran","opening_hours":"10:00-23:00","operator":null,"osm_id":363411570}},{"type":"Feature","geometry":{"type":"Point","coordinates":[110.37658,-7.75509]},"properties":{"name":"Warung Makan Sederhana","type":"Restaurant","category":"sosial_tugas","subcategory":"Restoran","opening_hours":null,"operator":null,"osm_id":259549745}},{"type":"Feature","geometry":{"type":"Point","coordinates":[110.38176,-7.76465]},"properties":{"name":"Restaurant","type":"Restaurant","category":"sosial_tugas","subcategory":"Restoran","opening_hours":"Mo-Su 08:00-20:00","operator":null,"osm_id":122954977}},{"type":"Feature","geometry":{"type":"Point","coordinates":[110.37379,-7.75618]},"properties":{"name":"Bento Kopi Reserve","type":"Cafe","category":"sosial_tugas","subcategory":"Kafe","opening_hours":null,"operator":null,"osm_id":362687911}},{"type":"Feature","geometry":{"type":"Point","coordinates":[110.39563,-7.78379]},"properties":{"name":"Perpustakaan UIN Sunan Kalijaga","type":"Library","category":"sosial_tugas","subcategory":"Perpustakaan","opening_hours":null,"operator":null,"osm_id":767446285}},{"type":"Feature","geometry":{"type":"Point","coordinates":[110.37463,-7.77595]},"properties":{"name":"KFC","type":"Fast Food","category":"sosial_tugas","subcategory":"Fast Food","opening_hours":"24/7","operator":"KFC","osm_id":122890089}},{"type":"Feature","geometry":{"type":"Point","coordinates":[110.27149,-7.96938]},"properties":{"name":"kafe angringan","type":"Cafe","category":"sosial_tugas","subcategory":"Kafe","opening_hours":null,"operator":null,"osm_id":530659618}},{"type":"Feature","geometry":{"type":"Point","coordinates":[110.27476,-7.96889]},"properties":{"name":"Omah Adem Mbak Tini","type":"Restaurant","category":"sosial_tugas","subcategory":"Restoran","opening_hours":null,"operator":null,"osm_id":530659400}},{"type":"Feature","geometry":{"type":"Point","coordinates":[110.27199,-7.96374]},"properties":{"name":"Bakmi Jawa Pak Ribut","type":"Restaurant","category":"sosial_tugas","subcategory":"Restoran","opening_hours":null,"operator":null,"osm_id":530659047}},{"type":"Feature","geometry":{"type":"Point","coordinates":[110.34332,-7.81358]},"properties":{"name":"Warung Bakmi Jawa Mbak Indri","type":"Restaurant","category":"sosial_tugas","subcategory":"Restoran","opening_hours":null,"operator":null,"osm_id":529865160}},{"type":"Feature","geometry":{"type":"Point","coordinates":[110.34315,-7.81441]},"properties":{"name":"Warung Kita","type":"Restaurant","category":"sosial_tugas","subcategory":"Restoran","opening_hours":null,"operator":null,"osm_id":529865164}},{"type":"Feature","geometry":{"type":"Point","coordinates":[110.31704,-7.90135]},"properties":{"name":"Perpuskecilku_pinjambukufree","type":"Library","category":"sosial_tugas","subcategory":"Perpustakaan","opening_hours":"Mo-Fr 24 Hours","operator":null,"osm_id":1110949747}},{"type":"Feature","geometry":{"type":"Point","coordinates":[110.3328,-7.90447]},"properties":{"name":"Warung Bakmi Pak Kentung","type":"Restaurant","category":"sosial_tugas","subcategory":"Restoran","opening_hours":null,"operator":null,"osm_id":1114537501}},{"type":"Feature","geometry":{"type":"Point","coordinates":[110.33289,-7.90505]},"properties":{"name":"Mie Ayam Dunia","type":"Restaurant","category":"sosial_tugas","subcategory":"Restoran","opening_hours":null,"operator":null,"osm_id":535235592}},{"type":"Feature","geometry":{"type":"Point","coordinates":[110.3328,-7.94255]},"properties":{"name":"Rumah Makan Pavajo","type":"Restaurant","category":"sosial_tugas","subcategory":"Restoran","opening_hours":null,"operator":null,"osm_id":530961958}},{"type":"Feature","geometry":{"type":"Point","coordinates":[110.42309,-7.75635]},"properties":{"name":"Olive Fried Chicken","type":"Restaurant","category":"sosial_tugas","subcategory":"Restoran","opening_hours":"Mo-Su 08:00-22:00","operator":null,"osm_id":363942989}},{"type":"Feature","geometry":{"type":"Point","coordinates":[110.47799,-7.78488]},"properties":{"name":"Bakmi & Nais Goreng","type":"Restaurant","category":"sosial_tugas","subcategory":"Restoran","opening_hours":null,"operator":null,"osm_id":530793539}},{"type":"Feature","geometry":{"type":"Point","coordinates":[110.33248,-7.88037]},"properties":{"name":"Kantor Perpustakaan Umum Kabupaten Bantul","type":"Library","category":"sosial_tugas","subcategory":"Perpustakaan","opening_hours":"Mo-Fr 07:30-14:30","operator":null,"osm_id":613603718}},{"type":"Feature","geometry":{"type":"Point","coordinates":[110.16545,-7.85529]},"properties":{"name":"Dinas Perpustakaan dan Kearsipan Kabupaten Kulon Progo","type":"Library","category":"sosial_tugas","subcategory":"Perpustakaan","opening_hours":null,"operator":null,"osm_id":862401143}},{"type":"Feature","geometry":{"type":"Point","coordinates":[110.39207,-7.76286]},"properties":{"name":"Borjo Pojox","type":"Cafe","category":"sosial_tugas","subcategory":"Kafe","opening_hours":null,"operator":null,"osm_id":362918053}},{"type":"Feature","geometry":{"type":"Point","coordinates":[110.39913,-7.74536]},"properties":{"name":"Gepreki Ayam Geprek Indonesia","type":"Restaurant","category":"sosial_tugas","subcategory":"Restoran","opening_hours":"Mo-Sa 09:00-23:00","operator":null,"osm_id":363059040}},{"type":"Feature","geometry":{"type":"Point","coordinates":[110.32757,-7.89123]},"properties":{"name":"Perpustakaan SMA Muhammadiyah Bantul","type":"Library","category":"sosial_tugas","subcategory":"Perpustakaan","opening_hours":"Mo-Fr 08:00-14:00","operator":null,"osm_id":637423417}},{"type":"Feature","geometry":{"type":"Point","coordinates":[110.31383,-7.80093]},"properties":{"name":"Warung Soto","type":"Restaurant","category":"sosial_tugas","subcategory":"Restoran","opening_hours":null,"operator":null,"osm_id":349749453}},{"type":"Feature","geometry":{"type":"Point","coordinates":[110.32498,-7.80441]},"properties":{"name":"Dixen Lounge and Cafe","type":"Cafe","category":"sosial_tugas","subcategory":"Kafe","opening_hours":null,"operator":null,"osm_id":667614134}},{"type":"Feature","geometry":{"type":"Point","coordinates":[110.45528,-7.80513]},"properties":{"name":"Kopi Pojok Omah Nongkrong Berbah","type":"Restaurant","category":"sosial_tugas","subcategory":"Restoran","opening_hours":"Tu-Fr 10:00-17:00, Sa-Su 10:00-21:00","operator":null,"osm_id":1077681030}},{"type":"Feature","geometry":{"type":"Point","coordinates":[110.04037,-7.88508]},"properties":{"name":"Restaurant","type":"Restaurant","category":"sosial_tugas","subcategory":"Restoran","opening_hours":null,"operator":null,"osm_id":352582334}},{"type":"Feature","geometry":{"type":"Point","coordinates":[110.31603,-7.79961]},"properties":{"name":"Soto Sokaraja","type":"Restaurant","category":"sosial_tugas","subcategory":"Restoran","opening_hours":null,"operator":null,"osm_id":350204645}},{"type":"Feature","geometry":{"type":"Point","coordinates":[110.48597,-7.78962]},"properties":{"name":"Bakso Kojek Demit","type":"Restaurant","category":"sosial_tugas","subcategory":"Restoran","opening_hours":null,"operator":null,"osm_id":530986870}},{"type":"Feature","geometry":{"type":"Point","coordinates":[110.41479,-7.8231]},"properties":{"name":"Warmindo Babaturan","type":"Fast Food","category":"sosial_tugas","subcategory":"Fast Food","opening_hours":null,"operator":null,"osm_id":351193447}},{"type":"Feature","geometry":{"type":"Point","coordinates":[110.34449,-7.81126]},"properties":{"name":"Kedai Angkringan Tata Kahuripan","type":"Cafe","category":"sosial_tugas","subcategory":"Kafe","opening_hours":null,"operator":null,"osm_id":529884126}},{"type":"Feature","geometry":{"type":"Point","coordinates":[110.34342,-7.81206]},"properties":{"name":"Soto Sapi Pak Pur","type":"Restaurant","category":"sosial_tugas","subcategory":"Restoran","opening_hours":null,"operator":null,"osm_id":529884134}},{"type":"Feature","geometry":{"type":"Point","coordinates":[110.34341,-7.81292]},"properties":{"name":"Warung Bu Pon","type":"Restaurant","category":"sosial_tugas","subcategory":"Restoran","opening_hours":null,"operator":null,"osm_id":610474009}},{"type":"Feature","geometry":{"type":"Point","coordinates":[110.34315,-7.81271]},"properties":{"name":"Warung Kebon Nitiprayan","type":"Restaurant","category":"sosial_tugas","subcategory":"Restoran","opening_hours":null,"operator":null,"osm_id":529884135}},{"type":"Feature","geometry":{"type":"Point","coordinates":[110.3642,-7.79635]},"properties":{"name":"Mahkota","type":"Restaurant","category":"sosial_tugas","subcategory":"Restoran","opening_hours":null,"operator":null,"osm_id":292822745}},{"type":"Feature","geometry":{"type":"Point","coordinates":[110.39928,-7.73319]},"properties":{"name":"Marisini Coffee","type":"Cafe","category":"sosial_tugas","subcategory":"Kafe","opening_hours":null,"operator":null,"osm_id":899216503}},{"type":"Feature","geometry":{"type":"Point","coordinates":[110.41523,-7.82156]},"properties":{"name":"Kitakita","type":"Restaurant","category":"sosial_tugas","subcategory":"Restoran","opening_hours":null,"operator":null,"osm_id":790463733}},{"type":"Feature","geometry":{"type":"Point","coordinates":[110.41489,-7.82276]},"properties":{"name":"Lotek Kupat Tahu","type":"Fast Food","category":"sosial_tugas","subcategory":"Fast Food","opening_hours":null,"operator":null,"osm_id":351193434}},{"type":"Feature","geometry":{"type":"Point","coordinates":[110.47002,-7.79366]},"properties":{"name":"M. Arifin","type":"Restaurant","category":"sosial_tugas","subcategory":"Restoran","opening_hours":null,"operator":null,"osm_id":530959222}},{"type":"Feature","geometry":{"type":"Point","coordinates":[110.38335,-7.7313]},"properties":{"name":"Cafe Kopi Sedaya","type":"Cafe","category":"sosial_tugas","subcategory":"Kafe","opening_hours":"16:00-24:00","operator":null,"osm_id":510477802}},{"type":"Feature","geometry":{"type":"Point","coordinates":[110.38345,-7.73171]},"properties":{"name":"Napoli","type":"Restaurant","category":"sosial_tugas","subcategory":"Restoran","opening_hours":"10:00-17:00","operator":null,"osm_id":510478136}},{"type":"Feature","geometry":{"type":"Point","coordinates":[110.3826,-7.73138]},"properties":{"name":"Gado-Gado & Lotek","type":"Restaurant","category":"sosial_tugas","subcategory":"Restoran","opening_hours":"08:00-16:00","operator":null,"osm_id":510478163}},{"type":"Feature","geometry":{"type":"Point","coordinates":[110.38282,-7.73117]},"properties":{"name":"Sate Kambing Ponorgo","type":"Restaurant","category":"sosial_tugas","subcategory":"Restoran","opening_hours":"10:00-21:00","operator":null,"osm_id":510477808}},{"type":"Feature","geometry":{"type":"Point","coordinates":[110.38402,-7.73156]},"properties":{"name":"Pondok Patin Bakar","type":"Restaurant","category":"sosial_tugas","subcategory":"Restoran","opening_hours":"11:00-22:00","operator":null,"osm_id":530874181}},{"type":"Feature","geometry":{"type":"Point","coordinates":[110.39362,-7.73457]},"properties":{"name":"Caf\u00e9 Brick","type":"Cafe","category":"sosial_tugas","subcategory":"Kafe","opening_hours":null,"operator":null,"osm_id":363665705}},{"type":"Feature","geometry":{"type":"Point","coordinates":[110.3813,-7.7318]},"properties":{"name":"Lidah Jawa","type":"Restaurant","category":"sosial_tugas","subcategory":"Restoran","opening_hours":"15:00-22:00","operator":null,"osm_id":530874180}},{"type":"Feature","geometry":{"type":"Point","coordinates":[110.38169,-7.73213]},"properties":{"name":"Ayam Betutu Khas Gilimanuk Bali","type":"Restaurant","category":"sosial_tugas","subcategory":"Restoran","opening_hours":"11:30-22:00","operator":null,"osm_id":510478174}},{"type":"Feature","geometry":{"type":"Point","coordinates":[110.38084,-7.73092]},"properties":{"name":"KOPILOG","type":"Cafe","category":"sosial_tugas","subcategory":"Kafe","opening_hours":"16:00-24:00","operator":null,"osm_id":510478187}},{"type":"Feature","geometry":{"type":"Point","coordinates":[110.38179,-7.73202]},"properties":{"name":"Pasta Banget Signature","type":"Restaurant","category":"sosial_tugas","subcategory":"Restoran","opening_hours":"11:00-23:00","operator":null,"osm_id":510478173}},{"type":"Feature","geometry":{"type":"Point","coordinates":[110.38007,-7.73087]},"properties":{"name":"DC Cafe Milk and Bar","type":"Cafe","category":"sosial_tugas","subcategory":"Kafe","opening_hours":"17:00-24:00","operator":null,"osm_id":366420700}},{"type":"Feature","geometry":{"type":"Point","coordinates":[110.38198,-7.73122]},"properties":{"name":"Mie Ayam & Bakso","type":"Restaurant","category":"sosial_tugas","subcategory":"Restoran","opening_hours":"12:00-21:00","operator":null,"osm_id":510478168}},{"type":"Feature","geometry":{"type":"Point","coordinates":[110.38768,-7.74824]},"properties":{"name":"Olive Fried Chicken","type":"Fast Food","category":"sosial_tugas","subcategory":"Fast Food","opening_hours":"08:00-22:00","operator":null,"osm_id":509816806}},{"type":"Feature","geometry":{"type":"Point","coordinates":[110.37281,-7.74677]},"properties":{"name":"Gudeg Yu Narni Palagan","type":"Restaurant","category":"sosial_tugas","subcategory":"Restoran","opening_hours":"05:00-20:00","operator":null,"osm_id":362864934}},{"type":"Feature","geometry":{"type":"Point","coordinates":[110.38832,-7.7265]},"properties":{"name":"Lotek Bu Nanik","type":"Restaurant","category":"sosial_tugas","subcategory":"Restoran","opening_hours":"08:00-16:00","operator":null,"osm_id":364830467}},{"type":"Feature","geometry":{"type":"Point","coordinates":[110.38729,-7.72983]},"properties":{"name":"Cengkir Heritage Resto And Coffee","type":"Cafe","category":"sosial_tugas","subcategory":"Kafe","opening_hours":"08:00-00:00","operator":null,"osm_id":530874186}},{"type":"Feature","geometry":{"type":"Point","coordinates":[110.3873,-7.72969]},"properties":{"name":"Cengkir Heritage Resto And Coffee","type":"Cafe","category":"sosial_tugas","subcategory":"Kafe","opening_hours":"08:00-00:00","operator":null,"osm_id":530874185}},{"type":"Feature","geometry":{"type":"Point","coordinates":[110.38914,-7.73396]},"properties":{"name":"Kring Krong Foodcourt","type":"Restaurant","category":"sosial_tugas","subcategory":"Restoran","opening_hours":null,"operator":null,"osm_id":316824147}},{"type":"Feature","geometry":{"type":"Point","coordinates":[110.3798,-7.73102]},"properties":{"name":"Rumah Makan 99","type":"Restaurant","category":"sosial_tugas","subcategory":"Restoran","opening_hours":"10:00-22:00","operator":null,"osm_id":530874189}},{"type":"Feature","geometry":{"type":"Point","coordinates":[110.38009,-7.73083]},"properties":{"name":"DC Cafe Milk and Bar","type":"Cafe","category":"sosial_tugas","subcategory":"Kafe","opening_hours":"17:00-24:00","operator":null,"osm_id":366420708}},{"type":"Feature","geometry":{"type":"Point","coordinates":[110.38127,-7.73114]},"properties":{"name":"Tengkleng","type":"Restaurant","category":"sosial_tugas","subcategory":"Restoran","opening_hours":"10:00-21:00","operator":null,"osm_id":510478184}},{"type":"Feature","geometry":{"type":"Point","coordinates":[110.38776,-7.74844]},"properties":{"name":"Rica Rica Kalkun","type":"Restaurant","category":"sosial_tugas","subcategory":"Restoran","opening_hours":null,"operator":null,"osm_id":509816809}},{"type":"Feature","geometry":{"type":"Point","coordinates":[110.38715,-7.72895]},"properties":{"name":"Rumah Mertamu Rumah Makan, Offroad","type":"Restaurant","category":"sosial_tugas","subcategory":"Restoran","opening_hours":"08:00-21:00","operator":null,"osm_id":364629813}},{"type":"Feature","geometry":{"type":"Point","coordinates":[110.47212,-7.79237]},"properties":{"name":"Angkringan Janto","type":"Restaurant","category":"sosial_tugas","subcategory":"Restoran","opening_hours":null,"operator":null,"osm_id":530949189}},{"type":"Feature","geometry":{"type":"Point","coordinates":[110.3944,-7.73638]},"properties":{"name":"Fla - fla Milkshake","type":"Cafe","category":"sosial_tugas","subcategory":"Kafe","opening_hours":"10:00-21:00","operator":null,"osm_id":314367295}},{"type":"Feature","geometry":{"type":"Point","coordinates":[110.39916,-7.73363]},"properties":{"name":"Tepi Sawah","type":"Cafe","category":"sosial_tugas","subcategory":"Kafe","opening_hours":null,"operator":null,"osm_id":901992359}},{"type":"Feature","geometry":{"type":"Point","coordinates":[110.3822,-7.75634]},"properties":{"name":"Pizza Hut","type":"Restaurant","category":"sosial_tugas","subcategory":"Restoran","opening_hours":null,"operator":null,"osm_id":10129979}}]}