{"type": "FeatureCollection", "features": [{"type": "Feature", "geometry": {"type": "Point", "coordinates": [110.711372, -8.189794]}, "properties": {"name": "Joglo Wediombo", "type": "Hotel", "category": "tempat_tinggal", "subcategory": "Hotel", "opening_hours": null, "operator": null, "osm_id": 6865613385}}, {"type": "Feature", "geometry": {"type": "Point", "coordinates": [110.33764, -8.027203]}, "properties": {"name": "Cafe de Paris", "type": "Restaurant", "category": "tempat_tinggal", "subcategory": "Guest House", "opening_hours": null, "operator": null, "osm_id": 6259023999}}, {"type": "Feature", "geometry": {"type": "Point", "coordinates": [110.405259, -7.753273]}, "properties": {"name": "Mounty-land home", "type": "Hotel", "category": "tempat_tinggal", "subcategory": "Hotel", "opening_hours": null, "operator": null, "osm_id": 12902907860}}, {"type": "Feature", "geometry": {"type": "Point", "coordinates": [110.391921, -7.766048]}, "properties": {"name": "La Casa Jogja", "type": "Hotel", "category": "tempat_tinggal", "subcategory": "Hotel", "opening_hours": null, "operator": null, "osm_id": 6685767286}}, {"type": "Feature", "geometry": {"type": "Point", "coordinates": [110.365709, -7.754512]}, "properties": {"name": "Kos Putra Ceria", "type": "Guest House", "category": "tempat_tinggal", "subcategory": "Guest House", "opening_hours": null, "operator": null, "osm_id": 12357632957}}, {"type": "Feature", "geometry": {"type": "Point", "coordinates": [110.365648, -7.75477]}, "properties": {"name": "Kost Rahayu (khusus Putri)", "type": "Guest House", "category": "tempat_tinggal", "subcategory": "Guest House", "opening_hours": null, "operator": null, "osm_id": 12357632966}}, {"type": "Feature", "geometry": {"type": "Point", "coordinates": [110.365679, -7.75521]}, "properties": {"name": "Kost Putri Eksklusif LA MAISON", "type": "Guest House", "category": "tempat_tinggal", "subcategory": "Guest House", "opening_hours": null, "operator": null, "osm_id": 12357632977}}, {"type": "Feature", "geometry": {"type": "Point", "coordinates": [110.366147, -7.755306]}, "properties": {"name": "Kost Putri Eksklusif Griya Anggrek 27", "type": "Guest House", "category": "tempat_tinggal", "subcategory": "Guest House", "opening_hours": null, "operator": null, "osm_id": 12357632979}}, {"type": "Feature", "geometry": {"type": "Point", "coordinates": [110.365617, -7.755797]}, "properties": {"name": "puri nastiti", "type": "Guest House", "category": "tempat_tinggal", "subcategory": "Guest House", "opening_hours": null, "operator": null, "osm_id": 12357642472}}, {"type": "Feature", "geometry": {"type": "Point", "coordinates": [110.365421, -7.757364]}, "properties": {"name": "kost pak suwardi", "type": "Guest House", "category": "tempat_tinggal", "subcategory": "Guest House", "opening_hours": null, "operator": null, "osm_id": 12357642498}}, {"type": "Feature", "geometry": {"type": "Point", "coordinates": [110.366358, -7.752257]}, "properties": {"name": "Wisma Haniyah", "type": "Guest House", "category": "tempat_tinggal", "subcategory": "Guest House", "opening_hours": null, "operator": null, "osm_id": 12357578900}}, {"type": "Feature", "geometry": {"type": "Point", "coordinates": [110.366334, -7.752485]}, "properties": {"name": "Kost Muslimah Rafania", "type": "Guest House", "category": "tempat_tinggal", "subcategory": "Guest House", "opening_hours": null, "operator": null, "osm_id": 12357612402}}, {"type": "Feature", "geometry": {"type": "Point", "coordinates": [110.366295, -7.75277]}, "properties": {"name": "Kos Mranggen", "type": "Guest House", "category": "tempat_tinggal", "subcategory": "Guest House", "opening_hours": null, "operator": null, "osm_id": 12357612404}}, {"type": "Feature", "geometry": {"type": "Point", "coordinates": [110.365315, -7.753459]}, "properties": {"name": "Kost Putra Arjuna Sinduadi", "type": "Guest House", "category": "tempat_tinggal", "subcategory": "Guest House", "opening_hours": null, "operator": null, "osm_id": 12357606618}}, {"type": "Feature", "geometry": {"type": "Point", "coordinates": [110.363196, -7.759782]}, "properties": {"name": "Red Doorz Near Jogja City Mall 4", "type": "Guest House", "category": "tempat_tinggal", "subcategory": "Guest House", "opening_hours": null, "operator": null, "osm_id": 12357538040}}, {"type": "Feature", "geometry": {"type": "Point", "coordinates": [110.364626, -7.761051]}, "properties": {"name": "Ayla Homestay", "type": "Guest House", "category": "tempat_tinggal", "subcategory": "Guest House", "opening_hours": null, "operator": null, "osm_id": 12357538049}}, {"type": "Feature", "geometry": {"type": "Point", "coordinates": [110.366263, -7.757523]}, "properties": {"name": "Kos Putra Dinke Jogja", "type": "Guest House", "category": "tempat_tinggal", "subcategory": "Guest House", "opening_hours": null, "operator": null, "osm_id": 12357538068}}, {"type": "Feature", "geometry": {"type": "Point", "coordinates": [110.362261, -7.759357]}, "properties": {"name": "Crystal Lotus", "type": "Hotel", "category": "tempat_tinggal", "subcategory": "Hotel", "opening_hours": null, "operator": "Prabu Management", "osm_id": 4851278881}}, {"type": "Feature", "geometry": {"type": "Point", "coordinates": [110.392547, -7.819889]}, "properties": {"name": "Kos Putri Amanah", "type": "Guest House", "category": "tempat_tinggal", "subcategory": "Guest House", "opening_hours": null, "operator": null, "osm_id": 12353735009}}, {"type": "Feature", "geometry": {"type": "Point", "coordinates": [110.661259, -8.166409]}, "properties": {"name": "Omah Sundak Homestay is NOT here", "type": "Guest House", "category": "tempat_tinggal", "subcategory": "Guest House", "opening_hours": null, "operator": null, "osm_id": 6031280885}}, {"type": "Feature", "geometry": {"type": "Point", "coordinates": [110.36758, -7.793799]}, "properties": {"name": "Gaotama Hotel", "type": "Hotel", "category": "tempat_tinggal", "subcategory": "Hotel", "opening_hours": null, "operator": null, "osm_id": 4698269491}}, {"type": "Feature", "geometry": {"type": "Point", "coordinates": [110.363928, -7.791165]}, "properties": {"name": "Losmen Rizki", "type": "Guest House", "category": "tempat_tinggal", "subcategory": "Guest House", "opening_hours": null, "operator": null, "osm_id": 4794827154}}, {"type": "Feature", "geometry": {"type": "Point", "coordinates": [110.351716, -7.787356]}, "properties": {"name": "Pak Bambang", "type": "Guest House", "category": "tempat_tinggal", "subcategory": "Guest House", "opening_hours": null, "operator": null, "osm_id": 4799168327}}, {"type": "Feature", "geometry": {"type": "Point", "coordinates": [110.392756, -7.778891]}, "properties": {"name": "ALLOTA HOUSE", "type": "Hostel", "category": "tempat_tinggal", "subcategory": "Guest House", "opening_hours": "24/7", "operator": null, "osm_id": 4809077022}}, {"type": "Feature", "geometry": {"type": "Point", "coordinates": [110.36404, -7.79092]}, "properties": {"name": "Losmen Red Palm", "type": "Guest House", "category": "tempat_tinggal", "subcategory": "Guest House", "opening_hours": null, "operator": null, "osm_id": 4830808726}}, {"type": "Feature", "geometry": {"type": "Point", "coordinates": [110.360999, -7.791079]}, "properties": {"name": "Pego Homestay", "type": "Guest House", "category": "tempat_tinggal", "subcategory": "Guest House", "opening_hours": null, "operator": null, "osm_id": 4959456824}}, {"type": "Feature", "geometry": {"type": "Point", "coordinates": [110.362371, -7.793741]}, "properties": {"name": "Penginapan Kunthi", "type": "Guest House", "category": "tempat_tinggal", "subcategory": "Guest House", "opening_hours": null, "operator": null, "osm_id": 6065814387}}, {"type": "Feature", "geometry": {"type": "Point", "coordinates": [110.372042, -7.819091]}, "properties": {"name": "Eclipse hotel", "type": "Hotel", "category": "tempat_tinggal", "subcategory": "Hotel", "opening_hours": null, "operator": null, "osm_id": 4782416223}}, {"type": "Feature", "geometry": {"type": "Point", "coordinates": [110.349124, -7.805398]}, "properties": {"name": "Boma House", "type": "Guest House", "category": "tempat_tinggal", "subcategory": "Guest House", "opening_hours": null, "operator": null, "osm_id": 4819918121}}, {"type": "Feature", "geometry": {"type": "Point", "coordinates": [110.389876, -7.828371]}, "properties": {"name": "Dewaruci 2 hotel", "type": "Hotel", "category": "tempat_tinggal", "subcategory": "Hotel", "opening_hours": null, "operator": null, "osm_id": 4936351521}}, {"type": "Feature", "geometry": {"type": "Point", "coordinates": [110.366278, -7.820717]}, "properties": {"name": "Cs", "type": "Hotel", "category": "tempat_tinggal", "subcategory": "Hotel", "opening_hours": null, "operator": null, "osm_id": 4940665021}}, {"type": "Feature", "geometry": {"type": "Point", "coordinates": [110.364188, -7.819998]}, "properties": {"name": "3DI Backpacker Guesthouse", "type": "Guest House", "category": "tempat_tinggal", "subcategory": "Guest House", "opening_hours": null, "operator": "Dhika Surapati", "osm_id": 4975341823}}, {"type": "Feature", "geometry": {"type": "Point", "coordinates": [110.366479, -7.821876]}, "properties": {"name": "Arjuna Homestay", "type": "Hostel", "category": "tempat_tinggal", "subcategory": "Guest House", "opening_hours": null, "operator": null, "osm_id": 5249041422}}, {"type": "Feature", "geometry": {"type": "Point", "coordinates": [110.371549, -7.819379]}, "properties": {"name": "Agung Inn", "type": "Hotel", "category": "tempat_tinggal", "subcategory": "Hotel", "opening_hours": null, "operator": null, "osm_id": 5315171725}}, {"type": "Feature", "geometry": {"type": "Point", "coordinates": [110.365511, -7.817115]}, "properties": {"name": "Villa Pondok Terra", "type": "Hotel", "category": "tempat_tinggal", "subcategory": "Hotel", "opening_hours": null, "operator": null, "osm_id": 5325463323}}, {"type": "Feature", "geometry": {"type": "Point", "coordinates": [110.36467, -7.812393]}, "properties": {"name": "cozy nest hostel", "type": "Hostel", "category": "tempat_tinggal", "subcategory": "Guest House", "opening_hours": "24/7", "operator": "Ades", "osm_id": 5369895821}}, {"type": "Feature", "geometry": {"type": "Point", "coordinates": [110.364669, -7.812477]}, "properties": {"name": "Cozy Nest Hostel Yogyakarta", "type": "Hostel", "category": "tempat_tinggal", "subcategory": "Guest House", "opening_hours": "24/7", "operator": "Ades", "osm_id": 5374661825}}, {"type": "Feature", "geometry": {"type": "Point", "coordinates": [110.367547, -7.819788]}, "properties": {"name": "Hotel Pulung", "type": "Hotel", "category": "tempat_tinggal", "subcategory": "Hotel", "opening_hours": null, "operator": null, "osm_id": 5595942622}}, {"type": "Feature", "geometry": {"type": "Point", "coordinates": [110.353534, -7.87204]}, "properties": {"name": "D\u2019Omah Hotel", "type": "Hotel", "category": "tempat_tinggal", "subcategory": "Hotel", "opening_hours": null, "operator": null, "osm_id": 5809818555}}, {"type": "Feature", "geometry": {"type": "Point", "coordinates": [110.366448, -7.810135]}, "properties": {"name": "nDalem Gamelan", "type": "Guest House", "category": "tempat_tinggal", "subcategory": "Guest House", "opening_hours": null, "operator": null, "osm_id": 5838319686}}, {"type": "Feature", "geometry": {"type": "Point", "coordinates": [110.355195, -7.815845]}, "properties": {"name": "Hoz Bed and breakfast", "type": "Hostel", "category": "tempat_tinggal", "subcategory": "Guest House", "opening_hours": null, "operator": null, "osm_id": 5893704695}}, {"type": "Feature", "geometry": {"type": "Point", "coordinates": [110.345015, -7.802575]}, "properties": {"name": "Grapyak Homestay Syariah", "type": "Guest House", "category": "tempat_tinggal", "subcategory": "Guest House", "opening_hours": null, "operator": null, "osm_id": 5905752289}}, {"type": "Feature", "geometry": {"type": "Point", "coordinates": [110.363859, -7.815941]}, "properties": {"name": "Reddoorz@Mantrijeron 2", "type": "Hotel", "category": "tempat_tinggal", "subcategory": "Hotel", "opening_hours": null, "operator": null, "osm_id": 5927919186}}, {"type": "Feature", "geometry": {"type": "Point", "coordinates": [110.366379, -7.808175]}, "properties": {"name": "Home@Ifa\u2019s - Kitten", "type": "Guest House", "category": "tempat_tinggal", "subcategory": "Guest House", "opening_hours": null, "operator": null, "osm_id": 6596234985}}, {"type": "Feature", "geometry": {"type": "Point", "coordinates": [110.371874, -7.818501]}, "properties": {"name": "Oke Baik Hostel", "type": "Hostel", "category": "tempat_tinggal", "subcategory": "Guest House", "opening_hours": null, "operator": null, "osm_id": 6777660886}}, {"type": "Feature", "geometry": {"type": "Point", "coordinates": [110.371854, -7.818534]}, "properties": {"name": "OK baik real location", "type": "Hostel", "category": "tempat_tinggal", "subcategory": "Guest House", "opening_hours": null, "operator": null, "osm_id": 6813348885}}, {"type": "Feature", "geometry": {"type": "Point", "coordinates": [110.36202, -7.817706]}, "properties": {"name": "The Kresna Hotel", "type": "Hotel", "category": "tempat_tinggal", "subcategory": "Hotel", "opening_hours": null, "operator": null, "osm_id": 7034780385}}, {"type": "Feature", "geometry": {"type": "Point", "coordinates": [110.372173, -7.818783]}, "properties": {"name": "Aloha Hotel", "type": "Hotel", "category": "tempat_tinggal", "subcategory": "Hotel", "opening_hours": null, "operator": null, "osm_id": 9914468817}}, {"type": "Feature", "geometry": {"type": "Point", "coordinates": [110.377756, -7.810601]}, "properties": {"name": "Cailendra Hotel", "type": "Hotel", "category": "tempat_tinggal", "subcategory": "Hotel", "opening_hours": null, "operator": null, "osm_id": 11379083770}}, {"type": "Feature", "geometry": {"type": "Point", "coordinates": [110.37751, -7.805471]}, "properties": {"name": "Villa Dora Jogja", "type": "Hotel", "category": "tempat_tinggal", "subcategory": "Hotel", "opening_hours": null, "operator": null, "osm_id": 11795374269}}, {"type": "Feature", "geometry": {"type": "Point", "coordinates": [110.327583, -7.93148]}, "properties": {"name": "Rumah Antonius Wijaya", "type": "Guest House", "category": "tempat_tinggal", "subcategory": "Guest House", "opening_hours": null, "operator": null, "osm_id": 4496371191}}, {"type": "Feature", "geometry": {"type": "Point", "coordinates": [110.503261, -7.780412]}, "properties": {"name": "Hotel Ayaskara", "type": "Hotel", "category": "tempat_tinggal", "subcategory": "Hotel", "opening_hours": null, "operator": null, "osm_id": 11781137576}}, {"type": "Feature", "geometry": {"type": "Point", "coordinates": [110.455903, -7.777401]}, "properties": {"name": "Wisma Yosoputro OYO 405", "type": "Hotel", "category": "tempat_tinggal", "subcategory": "Hotel", "opening_hours": null, "operator": null, "osm_id": 11304573466}}, {"type": "Feature", "geometry": {"type": "Point", "coordinates": [110.445529, -7.783018]}, "properties": {"name": "Penginapan BeOne House", "type": "Guest House", "category": "tempat_tinggal", "subcategory": "Guest House", "opening_hours": null, "operator": null, "osm_id": 4637978542}}, {"type": "Feature", "geometry": {"type": "Point", "coordinates": [110.445516, -7.783349]}, "properties": {"name": "Kalasan Inn", "type": "Guest House", "category": "tempat_tinggal", "subcategory": "Guest House", "opening_hours": null, "operator": null, "osm_id": 2037736373}}, {"type": "Feature", "geometry": {"type": "Point", "coordinates": [110.469865, -7.7683]}, "properties": {"name": "VRATA Hotel Yogyakarta", "type": "Hotel", "category": "tempat_tinggal", "subcategory": "Hotel", "opening_hours": null, "operator": null, "osm_id": 13045160352}}, {"type": "Feature", "geometry": {"type": "Point", "coordinates": [110.416728, -7.713705]}, "properties": {"name": "Masjid As Sunnah", "type": "Guest House", "category": "tempat_tinggal", "subcategory": "Guest House", "opening_hours": null, "operator": null, "osm_id": 11262662737}}, {"type": "Feature", "geometry": {"type": "Point", "coordinates": [110.395278, -7.728713]}, "properties": {"name": "PK-B4", "type": "Guest House", "category": "tempat_tinggal", "subcategory": "Guest House", "opening_hours": null, "operator": null, "osm_id": 11079716670}}, {"type": "Feature", "geometry": {"type": "Point", "coordinates": [110.48128, -7.750904]}, "properties": {"name": "Manda Homestay", "type": "Guest House", "category": "tempat_tinggal", "subcategory": "Guest House", "opening_hours": null, "operator": null, "osm_id": 12073067859}}, {"type": "Feature", "geometry": {"type": "Point", "coordinates": [110.451369, -7.739982]}, "properties": {"name": "Kos Abu Abu", "type": "Hostel", "category": "tempat_tinggal", "subcategory": "Guest House", "opening_hours": null, "operator": null, "osm_id": 7528388785}}, {"type": "Feature", "geometry": {"type": "Point", "coordinates": [110.345169, -7.802576]}, "properties": {"name": "Grapyak Homestay", "type": "Guest House", "category": "tempat_tinggal", "subcategory": "Guest House", "opening_hours": "24/7", "operator": "M.haryo hutomo", "osm_id": 4369642900}}, {"type": "Feature", "geometry": {"type": "Point", "coordinates": [110.340811, -7.808019]}, "properties": {"name": "The Edwin Syariah (OYO 611)", "type": "Hotel", "category": "tempat_tinggal", "subcategory": "Hotel", "opening_hours": null, "operator": null, "osm_id": 7097566670}}, {"type": "Feature", "geometry": {"type": "Point", "coordinates": [110.313137, -7.807487]}, "properties": {"name": "Kost Bu Yeti", "type": "Guest House", "category": "tempat_tinggal", "subcategory": "Guest House", "opening_hours": null, "operator": null, "osm_id": 13610868365}}, {"type": "Feature", "geometry": {"type": "Point", "coordinates": [110.342991, -7.814821]}, "properties": {"name": "Alamo Homestay Limasan", "type": "Guest House", "category": "tempat_tinggal", "subcategory": "Guest House", "opening_hours": null, "operator": "Tuti", "osm_id": 4590099295}}, {"type": "Feature", "geometry": {"type": "Point", "coordinates": [110.35327, -7.795256]}, "properties": {"name": "Forriz", "type": "Hotel", "category": "tempat_tinggal", "subcategory": "Hotel", "opening_hours": null, "operator": null, "osm_id": 6367176147}}, {"type": "Feature", "geometry": {"type": "Point", "coordinates": [110.361249, -7.782178]}, "properties": {"name": "Hotel Citra Kita Yogyakarta", "type": "Hotel", "category": "tempat_tinggal", "subcategory": "Hotel", "opening_hours": null, "operator": null, "osm_id": 9821757956}}, {"type": "Feature", "geometry": {"type": "Point", "coordinates": [110.363891, -7.790095]}, "properties": {"name": "Asia Afrika", "type": "Hotel", "category": "tempat_tinggal", "subcategory": "Hotel", "opening_hours": null, "operator": null, "osm_id": 1640508693}}, {"type": "Feature", "geometry": {"type": "Point", "coordinates": [110.361892, -7.761218]}, "properties": {"name": "kos", "type": "Hostel", "category": "tempat_tinggal", "subcategory": "Guest House", "opening_hours": null, "operator": null, "osm_id": 3422669469}}, {"type": "Feature", "geometry": {"type": "Point", "coordinates": [110.35116, -7.788782]}, "properties": {"name": "Pak Heru", "type": "Guest House", "category": "tempat_tinggal", "subcategory": "Guest House", "opening_hours": null, "operator": null, "osm_id": 4799118030}}, {"type": "Feature", "geometry": {"type": "Point", "coordinates": [110.333128, -8.024448]}, "properties": {"name": "Raharjo Penginapan & Rumah Makan", "type": "Guest House", "category": "tempat_tinggal", "subcategory": "Guest House", "opening_hours": null, "operator": null, "osm_id": 6259024279}}, {"type": "Feature", "geometry": {"type": "Point", "coordinates": [110.330184, -8.021562]}, "properties": {"name": "Losmen Widya", "type": "Hostel", "category": "tempat_tinggal", "subcategory": "Guest House", "opening_hours": null, "operator": null, "osm_id": 4843543524}}, {"type": "Feature", "geometry": {"type": "Point", "coordinates": [110.469789, -7.773502]}, "properties": {"name": "Booboo Homestay Yogyakarta", "type": "Hotel", "category": "tempat_tinggal", "subcategory": "Hotel", "opening_hours": null, "operator": null, "osm_id": 12257325159}}, {"type": "Feature", "geometry": {"type": "Point", "coordinates": [110.415889, -7.778821]}, "properties": {"name": "Hotel", "type": "Hotel", "category": "tempat_tinggal", "subcategory": "Hotel", "opening_hours": null, "operator": null, "osm_id": 4585536372}}, {"type": "Feature", "geometry": {"type": "Point", "coordinates": [110.414312, -7.780025]}, "properties": {"name": "Hotel Sahid Raya Yogyakarta", "type": "Hotel", "category": "tempat_tinggal", "subcategory": "Hotel", "opening_hours": null, "operator": null, "osm_id": 9863810827}}, {"type": "Feature", "geometry": {"type": "Point", "coordinates": [110.392624, -7.778629]}, "properties": {"name": "LPP Convention Hotel", "type": "Hotel", "category": "tempat_tinggal", "subcategory": "Hotel", "opening_hours": null, "operator": null, "osm_id": 3557508870}}, {"type": "Feature", "geometry": {"type": "Point", "coordinates": [110.385734, -7.773615]}, "properties": {"name": "UNY Hotel", "type": "Hotel", "category": "tempat_tinggal", "subcategory": "Hotel", "opening_hours": null, "operator": null, "osm_id": 3473955070}}, {"type": "Feature", "geometry": {"type": "Point", "coordinates": [110.388895, -7.774413]}, "properties": {"name": "The Manohara Hotel", "type": "Hotel", "category": "tempat_tinggal", "subcategory": "Hotel", "opening_hours": null, "operator": null, "osm_id": 9816754607}}, {"type": "Feature", "geometry": {"type": "Point", "coordinates": [110.391168, -7.779547]}, "properties": {"name": "Homestay Ndalem Mbak Charly", "type": "Guest House", "category": "tempat_tinggal", "subcategory": "Guest House", "opening_hours": null, "operator": null, "osm_id": 3473031880}}, {"type": "Feature", "geometry": {"type": "Point", "coordinates": [110.394573, -7.782853]}, "properties": {"name": "Wisma Pu", "type": "Hotel", "category": "tempat_tinggal", "subcategory": "Hotel", "opening_hours": null, "operator": null, "osm_id": 3473035399}}, {"type": "Feature", "geometry": {"type": "Point", "coordinates": [110.398721, -7.781321]}, "properties": {"name": "Students Dormitory", "type": "Hostel", "category": "tempat_tinggal", "subcategory": "Guest House", "opening_hours": null, "operator": null, "osm_id": 4547470989}}, {"type": "Feature", "geometry": {"type": "Point", "coordinates": [110.425611, -7.783604]}, "properties": {"name": "D'Salvatore Art & Boutique Hotel 4,1", "type": "Hotel", "category": "tempat_tinggal", "subcategory": "Hotel", "opening_hours": null, "operator": null, "osm_id": 4590677771}}, {"type": "Feature", "geometry": {"type": "Point", "coordinates": [110.417045, -7.685965]}, "properties": {"name": "Kos Pak Basuki", "type": "Guest House", "category": "tempat_tinggal", "subcategory": "Guest House", "opening_hours": null, "operator": null, "osm_id": 13012960801}}, {"type": "Feature", "geometry": {"type": "Point", "coordinates": [110.427366, -7.659445]}, "properties": {"name": "Erista Garden", "type": "Guest House", "category": "tempat_tinggal", "subcategory": "Guest House", "opening_hours": null, "operator": null, "osm_id": 4605820496}}, {"type": "Feature", "geometry": {"type": "Point", "coordinates": [110.428832, -7.667774]}, "properties": {"name": "griyakoe pakem", "type": "Hotel", "category": "tempat_tinggal", "subcategory": "Hotel", "opening_hours": "24/7", "operator": null, "osm_id": 4847813021}}, {"type": "Feature", "geometry": {"type": "Point", "coordinates": [110.34243, -7.735691]}, "properties": {"name": "WaitHozz", "type": "Hostel", "category": "tempat_tinggal", "subcategory": "Guest House", "opening_hours": null, "operator": null, "osm_id": 11290306669}}, {"type": "Feature", "geometry": {"type": "Point", "coordinates": [110.358536, -7.792489]}, "properties": {"name": "Royal Darmo Malioboro Hotel Yogyakarta", "type": "Hotel", "category": "tempat_tinggal", "subcategory": "Hotel", "opening_hours": null, "operator": null, "osm_id": 9824029773}}, {"type": "Feature", "geometry": {"type": "Point", "coordinates": [110.251572, -7.814945]}, "properties": {"name": "Joglo Abiproyo", "type": "Hostel", "category": "tempat_tinggal", "subcategory": "Guest House", "opening_hours": null, "operator": null, "osm_id": 4576325298}}, {"type": "Feature", "geometry": {"type": "Point", "coordinates": [110.287033, -7.840009]}, "properties": {"name": "Rajaklana Resort and Spa", "type": "Hotel", "category": "tempat_tinggal", "subcategory": "Hotel", "opening_hours": null, "operator": null, "osm_id": 11055547205}}, {"type": "Feature", "geometry": {"type": "Point", "coordinates": [110.232198, -7.751468]}, "properties": {"name": "Gado gado BNB", "type": "Hostel", "category": "tempat_tinggal", "subcategory": "Guest House", "opening_hours": "24/7", "operator": null, "osm_id": 5232757821}}, {"type": "Feature", "geometry": {"type": "Point", "coordinates": [110.382711, -7.777962]}, "properties": {"name": "Pondok Abimanyu", "type": "Hostel", "category": "tempat_tinggal", "subcategory": "Guest House", "opening_hours": null, "operator": null, "osm_id": 13185592901}}, {"type": "Feature", "geometry": {"type": "Point", "coordinates": [110.379324, -7.761783]}, "properties": {"name": "Vidi Hotel 2", "type": "Hotel", "category": "tempat_tinggal", "subcategory": "Hotel", "opening_hours": null, "operator": null, "osm_id": 4693248299}}, {"type": "Feature", "geometry": {"type": "Point", "coordinates": [110.379241, -7.813559]}, "properties": {"name": "Rumah Dody", "type": "Guest House", "category": "tempat_tinggal", "subcategory": "Guest House", "opening_hours": null, "operator": "-", "osm_id": 12064977602}}, {"type": "Feature", "geometry": {"type": "Point", "coordinates": [110.376661, -7.808151]}, "properties": {"name": "Rumah Jawa Guesthouse", "type": "Hostel", "category": "tempat_tinggal", "subcategory": "Guest House", "opening_hours": null, "operator": null, "osm_id": 12917225001}}, {"type": "Feature", "geometry": {"type": "Point", "coordinates": [110.377067, -7.81355]}, "properties": {"name": "Omah Manis", "type": "Guest House", "category": "tempat_tinggal", "subcategory": "Guest House", "opening_hours": "Mo-Su 05:00-22:00", "operator": null, "osm_id": 7099223696}}, {"type": "Feature", "geometry": {"type": "Point", "coordinates": [110.377524, -7.811341]}, "properties": {"name": "Oyo Art Guesthouse Syariah", "type": "Guest House", "category": "tempat_tinggal", "subcategory": "Guest House", "opening_hours": null, "operator": null, "osm_id": 11379083769}}, {"type": "Feature", "geometry": {"type": "Point", "coordinates": [110.382235, -7.756573]}, "properties": {"name": "Hotel", "type": "Hotel", "category": "tempat_tinggal", "subcategory": "Hotel", "opening_hours": null, "operator": null, "osm_id": 12338747935}}, {"type": "Feature", "geometry": {"type": "Point", "coordinates": [110.381405, -7.756411]}, "properties": {"name": "Hotel", "type": "Hotel", "category": "tempat_tinggal", "subcategory": "Hotel", "opening_hours": null, "operator": null, "osm_id": 12338747988}}, {"type": "Feature", "geometry": {"type": "Point", "coordinates": [110.383222, -7.732059]}, "properties": {"name": "Rumah Palagan", "type": "Hotel", "category": "tempat_tinggal", "subcategory": "Hotel", "opening_hours": null, "operator": null, "osm_id": 1769538027}}, {"type": "Feature", "geometry": {"type": "Point", "coordinates": [110.379266, -7.760149]}, "properties": {"name": "Kosan Putri Fauzia", "type": "Hostel", "category": "tempat_tinggal", "subcategory": "Guest House", "opening_hours": null, "operator": null, "osm_id": 5652796465}}, {"type": "Feature", "geometry": {"type": "Point", "coordinates": [110.381479, -7.762074]}, "properties": {"name": "Onze de Lokaindo", "type": "Hotel", "category": "tempat_tinggal", "subcategory": "Hotel", "opening_hours": "24/7", "operator": null, "osm_id": 6039050685}}, {"type": "Feature", "geometry": {"type": "Point", "coordinates": [110.365733, -7.814557]}, "properties": {"name": "Hotel", "type": "Hotel", "category": "tempat_tinggal", "subcategory": "Hotel", "opening_hours": null, "operator": null, "osm_id": 3256672763}}, {"type": "Feature", "geometry": {"type": "Point", "coordinates": [110.364498, -7.790026]}, "properties": {"name": "Royal Malioboro", "type": "Hotel", "category": "tempat_tinggal", "subcategory": "Hotel", "opening_hours": null, "operator": null, "osm_id": 9118787717}}, {"type": "Feature", "geometry": {"type": "Point", "coordinates": [110.377856, -7.796998]}, "properties": {"name": "The Cabin Hotel Sutomo", "type": "Hotel", "category": "tempat_tinggal", "subcategory": "Hotel", "opening_hours": null, "operator": null, "osm_id": 9819405184}}, {"type": "Feature", "geometry": {"type": "Point", "coordinates": [110.368979, -7.796906]}, "properties": {"name": "Hotel Melia Purosani", "type": "Hotel", "category": "tempat_tinggal", "subcategory": "Hotel", "opening_hours": null, "operator": null, "osm_id": 9763771868}}, {"type": "Feature", "geometry": {"type": "Point", "coordinates": [110.363056, -7.791677]}, "properties": {"name": "Selaras Inn Hotel Yogyakarta", "type": "Hotel", "category": "tempat_tinggal", "subcategory": "Hotel", "opening_hours": null, "operator": null, "osm_id": 9831975705}}, {"type": "Feature", "geometry": {"type": "Point", "coordinates": [110.370941, -7.788969]}, "properties": {"name": "Hotel Sekar Ayu", "type": "Guest House", "category": "tempat_tinggal", "subcategory": "Guest House", "opening_hours": null, "operator": null, "osm_id": 4438722097}}, {"type": "Feature", "geometry": {"type": "Point", "coordinates": [110.444665, -7.661877]}, "properties": {"name": "Omah Cangkringan", "type": "Guest House", "category": "tempat_tinggal", "subcategory": "Guest House", "opening_hours": null, "operator": null, "osm_id": 12090413130}}, {"type": "Feature", "geometry": {"type": "Point", "coordinates": [110.427525, -7.608624]}, "properties": {"name": "Gading", "type": "Guest House", "category": "tempat_tinggal", "subcategory": "Guest House", "opening_hours": null, "operator": null, "osm_id": 3661146409}}, {"type": "Feature", "geometry": {"type": "Point", "coordinates": [110.424564, -7.630272]}, "properties": {"name": "Disaster Oasis", "type": "Hotel", "category": "tempat_tinggal", "subcategory": "Hotel", "opening_hours": null, "operator": null, "osm_id": 3765105783}}, {"type": "Feature", "geometry": {"type": "Point", "coordinates": [110.429601, -7.595319]}, "properties": {"name": "Madukoro", "type": "Guest House", "category": "tempat_tinggal", "subcategory": "Guest House", "opening_hours": null, "operator": null, "osm_id": 3661199896}}, {"type": "Feature", "geometry": {"type": "Point", "coordinates": [110.43034, -7.59818]}, "properties": {"name": "Nirwana 2", "type": "Guest House", "category": "tempat_tinggal", "subcategory": "Guest House", "opening_hours": null, "operator": null, "osm_id": 3661199898}}, {"type": "Feature", "geometry": {"type": "Point", "coordinates": [110.430223, -7.596874]}, "properties": {"name": "Yoga Mandiri 3", "type": "Guest House", "category": "tempat_tinggal", "subcategory": "Guest House", "opening_hours": null, "operator": null, "osm_id": 3661199914}}, {"type": "Feature", "geometry": {"type": "Point", "coordinates": [110.430118, -7.595244]}, "properties": {"name": "Villa Hanna", "type": "Guest House", "category": "tempat_tinggal", "subcategory": "Guest House", "opening_hours": null, "operator": null, "osm_id": 3661199908}}, {"type": "Feature", "geometry": {"type": "Point", "coordinates": [110.424568, -7.600284]}, "properties": {"name": "Andhika", "type": "Guest House", "category": "tempat_tinggal", "subcategory": "Guest House", "opening_hours": null, "operator": null, "osm_id": 3661146385}}, {"type": "Feature", "geometry": {"type": "Point", "coordinates": [110.424636, -7.600142]}, "properties": {"name": "Kinanti", "type": "Guest House", "category": "tempat_tinggal", "subcategory": "Guest House", "opening_hours": null, "operator": null, "osm_id": 3661146424}}, {"type": "Feature", "geometry": {"type": "Point", "coordinates": [110.427353, -7.598502]}, "properties": {"name": "Hotel Muria", "type": "Guest House", "category": "tempat_tinggal", "subcategory": "Guest House", "opening_hours": null, "operator": null, "osm_id": 3661146415}}, {"type": "Feature", "geometry": {"type": "Point", "coordinates": [110.424418, -7.599455]}, "properties": {"name": "Mitra 2", "type": "Guest House", "category": "tempat_tinggal", "subcategory": "Guest House", "opening_hours": null, "operator": null, "osm_id": 3661147637}}, {"type": "Feature", "geometry": {"type": "Point", "coordinates": [110.428111, -7.598799]}, "properties": {"name": "Murah", "type": "Guest House", "category": "tempat_tinggal", "subcategory": "Guest House", "opening_hours": null, "operator": null, "osm_id": 3661147639}}, {"type": "Feature", "geometry": {"type": "Point", "coordinates": [110.42882, -7.599005]}, "properties": {"name": "Sedyo Rahayu", "type": "Guest House", "category": "tempat_tinggal", "subcategory": "Guest House", "opening_hours": null, "operator": null, "osm_id": 3661147648}}, {"type": "Feature", "geometry": {"type": "Point", "coordinates": [110.424748, -7.600136]}, "properties": {"name": "Vijaya 3 Hotel", "type": "Guest House", "category": "tempat_tinggal", "subcategory": "Guest House", "opening_hours": null, "operator": null, "osm_id": 3661147659}}, {"type": "Feature", "geometry": {"type": "Point", "coordinates": [110.424763, -7.599293]}, "properties": {"name": "Villa Cemara", "type": "Guest House", "category": "tempat_tinggal", "subcategory": "Guest House", "opening_hours": null, "operator": null, "osm_id": 3661147661}}, {"type": "Feature", "geometry": {"type": "Point", "coordinates": [110.424448, -7.599339]}, "properties": {"name": "Wisma Citra", "type": "Guest House", "category": "tempat_tinggal", "subcategory": "Guest House", "opening_hours": null, "operator": null, "osm_id": 3661147672}}, {"type": "Feature", "geometry": {"type": "Point", "coordinates": [110.426868, -7.598869]}, "properties": {"name": "Vogels Hostel", "type": "Guest House", "category": "tempat_tinggal", "subcategory": "Guest House", "opening_hours": null, "operator": null, "osm_id": 3661147666}}, {"type": "Feature", "geometry": {"type": "Point", "coordinates": [110.428312, -7.598899]}, "properties": {"name": "Villa Millennium", "type": "Guest House", "category": "tempat_tinggal", "subcategory": "Guest House", "opening_hours": null, "operator": null, "osm_id": 3661147664}}, {"type": "Feature", "geometry": {"type": "Point", "coordinates": [110.289055, -7.714622]}, "properties": {"name": "Alfath's Hillside House", "type": "Guest House", "category": "tempat_tinggal", "subcategory": "Guest House", "opening_hours": null, "operator": null, "osm_id": 13495600114}}, {"type": "Feature", "geometry": {"type": "Point", "coordinates": [110.4, -7.724136]}, "properties": {"name": "Kost Putri Salsabila", "type": "Hotel", "category": "tempat_tinggal", "subcategory": "Hotel", "opening_hours": null, "operator": null, "osm_id": 13685665029}}, {"type": "Feature", "geometry": {"type": "Point", "coordinates": [110.398151, -7.724999]}, "properties": {"name": "Kos Putri", "type": "Hotel", "category": "tempat_tinggal", "subcategory": "Hotel", "opening_hours": null, "operator": null, "osm_id": 13685698805}}, {"type": "Feature", "geometry": {"type": "Point", "coordinates": [110.404919, -7.779738]}, "properties": {"name": "Tjiptorini Jaya Hotel", "type": "Hotel", "category": "tempat_tinggal", "subcategory": "Hotel", "opening_hours": null, "operator": null, "osm_id": 4040128043}}, {"type": "Feature", "geometry": {"type": "Point", "coordinates": [110.405566, -7.782403]}, "properties": {"name": "LPP Garden Hotel", "type": "Hotel", "category": "tempat_tinggal", "subcategory": "Hotel", "opening_hours": null, "operator": null, "osm_id": 3530590737}}, {"type": "Feature", "geometry": {"type": "Point", "coordinates": [110.40437, -7.78352]}, "properties": {"name": "Sriwedari Hotel and Cottage", "type": "Hotel", "category": "tempat_tinggal", "subcategory": "Hotel", "opening_hours": null, "operator": null, "osm_id": 3530590735}}, {"type": "Feature", "geometry": {"type": "Point", "coordinates": [110.341172, -7.699536]}, "properties": {"name": "Stasiun Radio Amatir YD2XDT", "type": "Community Centre", "category": "tempat_tinggal", "subcategory": "Guest House", "opening_hours": "24/7", "operator": "Ibnu Saleh Riyanto", "osm_id": 4968603621}}, {"type": "Feature", "geometry": {"type": "Point", "coordinates": [110.606936, -8.146553]}, "properties": {"name": "Omah Sundak Homestay (Real one)", "type": "Guest House", "category": "tempat_tinggal", "subcategory": "Guest House", "opening_hours": null, "operator": null, "osm_id": 6031280785}}, {"type": "Feature", "geometry": {"type": "Point", "coordinates": [110.603799, -8.144722]}, "properties": {"name": "Bob Home Homestay", "type": "Hostel", "category": "tempat_tinggal", "subcategory": "Guest House", "opening_hours": null, "operator": null, "osm_id": 6170852486}}, {"type": "Feature", "geometry": {"type": "Point", "coordinates": [110.511946, -7.885323]}, "properties": {"name": "Wulenpari", "type": "Hotel", "category": "tempat_tinggal", "subcategory": "Hotel", "opening_hours": null, "operator": null, "osm_id": 12976432462}}, {"type": "Feature", "geometry": {"type": "Point", "coordinates": [110.421038, -7.765345]}, "properties": {"name": "Kos Putra \"Hikmah\"", "type": "Hostel", "category": "tempat_tinggal", "subcategory": "Guest House", "opening_hours": null, "operator": null, "osm_id": 11202312537}}, {"type": "Feature", "geometry": {"type": "Point", "coordinates": [110.419554, -7.78362]}, "properties": {"name": "Hotel Jayakarta", "type": "Hotel", "category": "tempat_tinggal", "subcategory": "Hotel", "opening_hours": null, "operator": null, "osm_id": 3557508872}}, {"type": "Feature", "geometry": {"type": "Point", "coordinates": [110.428408, -7.779878]}, "properties": {"name": "Sheraton Mustika Yogyakarta Resort & Spa", "type": "Hotel", "category": "tempat_tinggal", "subcategory": "Hotel", "opening_hours": null, "operator": null, "osm_id": 2024675832}}, {"type": "Feature", "geometry": {"type": "Point", "coordinates": [110.392209, -7.783382]}, "properties": {"name": "Grand Mercure", "type": "Hotel", "category": "tempat_tinggal", "subcategory": "Hotel", "opening_hours": null, "operator": null, "osm_id": 9725892668}}, {"type": "Feature", "geometry": {"type": "Point", "coordinates": [110.387128, -7.783025]}, "properties": {"name": "De Laxston Hotel by Quinn's", "type": "Hotel", "category": "tempat_tinggal", "subcategory": "Hotel", "opening_hours": null, "operator": null, "osm_id": 4292814790}}, {"type": "Feature", "geometry": {"type": "Point", "coordinates": [110.394225, -7.787634]}, "properties": {"name": "Langkanae", "type": "Guest House", "category": "tempat_tinggal", "subcategory": "Guest House", "opening_hours": "24/7", "operator": null, "osm_id": 4706061490}}, {"type": "Feature", "geometry": {"type": "Point", "coordinates": [110.356981, -7.824121]}, "properties": {"name": "Casa de Vicky Nono", "type": "Hostel", "category": "tempat_tinggal", "subcategory": "Guest House", "opening_hours": null, "operator": null, "osm_id": 4437071889}}, {"type": "Feature", "geometry": {"type": "Point", "coordinates": [110.33942, -7.835438]}, "properties": {"name": "Rumah Senjakala", "type": "Guest House", "category": "tempat_tinggal", "subcategory": "Guest House", "opening_hours": null, "operator": "Andy Zulfan (Memet)", "osm_id": 5056528162}}, {"type": "Feature", "geometry": {"type": "Point", "coordinates": [110.346529, -7.827675]}, "properties": {"name": "Kost Dumess Exclusive", "type": "Guest House", "category": "tempat_tinggal", "subcategory": "Guest House", "opening_hours": null, "operator": "Dumess", "osm_id": 13742021412}}, {"type": "Feature", "geometry": {"type": "Point", "coordinates": [110.416948, -7.785108]}, "properties": {"name": "Arga Hotel actual location", "type": "Hotel", "category": "tempat_tinggal", "subcategory": "Hotel", "opening_hours": null, "operator": null, "osm_id": 5551609423}}, {"type": "Feature", "geometry": {"type": "Point", "coordinates": [110.416883, -7.786]}, "properties": {"name": "Habibi Homestay", "type": "Guest House", "category": "tempat_tinggal", "subcategory": "Guest House", "opening_hours": null, "operator": null, "osm_id": 5915697985}}, {"type": "Feature", "geometry": {"type": "Point", "coordinates": [110.331071, -7.849836]}, "properties": {"name": "Filistay Homestay", "type": "Guest House", "category": "tempat_tinggal", "subcategory": "Guest House", "opening_hours": "Mo-Su 08:00-20:00", "operator": null, "osm_id": 7063226686}}, {"type": "Feature", "geometry": {"type": "Point", "coordinates": [110.318327, -7.840785]}, "properties": {"name": "Blue Steps", "type": "Hotel", "category": "tempat_tinggal", "subcategory": "Hotel", "opening_hours": null, "operator": null, "osm_id": 5418151543}}, {"type": "Feature", "geometry": {"type": "Point", "coordinates": [110.333326, -7.824151]}, "properties": {"name": "Pondok Gajah", "type": "Hotel", "category": "tempat_tinggal", "subcategory": "Hotel", "opening_hours": null, "operator": null, "osm_id": 3616855006}}, {"type": "Feature", "geometry": {"type": "Point", "coordinates": [110.333369, -7.827143]}, "properties": {"name": "Hostel", "type": "Hostel", "category": "tempat_tinggal", "subcategory": "Guest House", "opening_hours": null, "operator": null, "osm_id": 13185591204}}, {"type": "Feature", "geometry": {"type": "Point", "coordinates": [110.333367, -7.827137]}, "properties": {"name": "Kos Putra Sofya", "type": "Hostel", "category": "tempat_tinggal", "subcategory": "Guest House", "opening_hours": null, "operator": null, "osm_id": 13200453901}}, {"type": "Feature", "geometry": {"type": "Point", "coordinates": [110.424102, -7.756268]}, "properties": {"name": "Samanta Pura", "type": "Guest House", "category": "tempat_tinggal", "subcategory": "Guest House", "opening_hours": null, "operator": null, "osm_id": 6811218788}}, {"type": "Feature", "geometry": {"type": "Point", "coordinates": [110.372691, -7.819291]}, "properties": {"name": "Kirana Hotel", "type": "Hotel", "category": "tempat_tinggal", "subcategory": "Hotel", "opening_hours": null, "operator": null, "osm_id": 11323130269}}, {"type": "Feature", "geometry": {"type": "Point", "coordinates": [110.371217, -7.820265]}, "properties": {"name": "Gallery Prawirotaman Hotel", "type": "Hotel", "category": "tempat_tinggal", "subcategory": "Hotel", "opening_hours": null, "operator": null, "osm_id": 9824010696}}, {"type": "Feature", "geometry": {"type": "Point", "coordinates": [110.369418, -7.819688]}, "properties": {"name": "Delta Homestay", "type": "Guest House", "category": "tempat_tinggal", "subcategory": "Guest House", "opening_hours": null, "operator": null, "osm_id": 1640323394}}, {"type": "Feature", "geometry": {"type": "Point", "coordinates": [110.358282, -7.820524]}, "properties": {"name": "Jempol Homestay", "type": "Guest House", "category": "tempat_tinggal", "subcategory": "Guest House", "opening_hours": null, "operator": null, "osm_id": 5596159182}}, {"type": "Feature", "geometry": {"type": "Point", "coordinates": [110.367855, -7.821681]}, "properties": {"name": "Candra Kirana", "type": "Hotel", "category": "tempat_tinggal", "subcategory": "Hotel", "opening_hours": null, "operator": null, "osm_id": 3487503061}}, {"type": "Feature", "geometry": {"type": "Point", "coordinates": [110.367954, -7.821479]}, "properties": {"name": "Dhina Finny Graha", "type": "Hotel", "category": "tempat_tinggal", "subcategory": "Hotel", "opening_hours": null, "operator": null, "osm_id": 3487503064}}, {"type": "Feature", "geometry": {"type": "Point", "coordinates": [110.365936, -7.820624]}, "properties": {"name": "Homestay Ndalem MJ", "type": "Cafe", "category": "tempat_tinggal", "subcategory": "Guest House", "opening_hours": null, "operator": null, "osm_id": 3487503066}}, {"type": "Feature", "geometry": {"type": "Point", "coordinates": [110.367366, -7.821934]}, "properties": {"name": "Hotel Dewi Sri", "type": "Hotel", "category": "tempat_tinggal", "subcategory": "Hotel", "opening_hours": null, "operator": null, "osm_id": 3487503068}}, {"type": "Feature", "geometry": {"type": "Point", "coordinates": [110.366336, -7.821832]}, "properties": {"name": "Hotel Puri Ganesha", "type": "Hotel", "category": "tempat_tinggal", "subcategory": "Hotel", "opening_hours": null, "operator": null, "osm_id": 3487503069}}, {"type": "Feature", "geometry": {"type": "Point", "coordinates": [110.367301, -7.821891]}, "properties": {"name": "Nidia", "type": "Hotel", "category": "tempat_tinggal", "subcategory": "Hotel", "opening_hours": null, "operator": null, "osm_id": 3487503080}}, {"type": "Feature", "geometry": {"type": "Point", "coordinates": [110.36539, -7.821649]}, "properties": {"name": "Pramesthi Hotel", "type": "Restaurant", "category": "tempat_tinggal", "subcategory": "Hotel", "opening_hours": null, "operator": null, "osm_id": 3487503084}}, {"type": "Feature", "geometry": {"type": "Point", "coordinates": [110.367865, -7.821422]}, "properties": {"name": "Yogyakarta Homestay", "type": "Guest House", "category": "tempat_tinggal", "subcategory": "Guest House", "opening_hours": null, "operator": null, "osm_id": 3487503294}}, {"type": "Feature", "geometry": {"type": "Point", "coordinates": [110.367695, -7.835052]}, "properties": {"name": "Sleepy Raccoon Hostel", "type": "Hotel", "category": "tempat_tinggal", "subcategory": "Hotel", "opening_hours": null, "operator": null, "osm_id": 11032099970}}, {"type": "Feature", "geometry": {"type": "Point", "coordinates": [110.357988, -7.837978]}, "properties": {"name": "Giyatna", "type": "Guest House", "category": "tempat_tinggal", "subcategory": "Guest House", "opening_hours": null, "operator": "Giyatna", "osm_id": 4815329721}}, {"type": "Feature", "geometry": {"type": "Point", "coordinates": [110.440179, -7.895593]}, "properties": {"name": "Little Tokyo", "type": "Hotel", "category": "tempat_tinggal", "subcategory": "Hotel", "opening_hours": null, "operator": null, "osm_id": 13666989770}}, {"type": "Feature", "geometry": {"type": "Point", "coordinates": [110.387716, -7.767799]}, "properties": {"name": "Campus Inn Hotel", "type": "Hostel", "category": "tempat_tinggal", "subcategory": "Guest House", "opening_hours": null, "operator": null, "osm_id": 2386022747}}, {"type": "Feature", "geometry": {"type": "Point", "coordinates": [110.391019, -7.780092]}, "properties": {"name": "Midtown Xpress", "type": "Hotel", "category": "tempat_tinggal", "subcategory": "Hotel", "opening_hours": null, "operator": null, "osm_id": 3473031886}}, {"type": "Feature", "geometry": {"type": "Point", "coordinates": [110.396159, -7.745064]}, "properties": {"name": "Kos Putri 74", "type": "Hostel", "category": "tempat_tinggal", "subcategory": "Guest House", "opening_hours": null, "operator": "Adhipa", "osm_id": 13563337459}}, {"type": "Feature", "geometry": {"type": "Point", "coordinates": [110.40613, -7.753475]}, "properties": {"name": "Cornel Homestay", "type": "Hotel", "category": "tempat_tinggal", "subcategory": "Hotel", "opening_hours": null, "operator": null, "osm_id": 5492419722}}, {"type": "Feature", "geometry": {"type": "Point", "coordinates": [110.398455, -7.723345]}, "properties": {"name": "Shayana Villa", "type": "Hotel", "category": "tempat_tinggal", "subcategory": "Hotel", "opening_hours": null, "operator": null, "osm_id": 13681519317}}, {"type": "Feature", "geometry": {"type": "Point", "coordinates": [110.399254, -7.724658]}, "properties": {"name": "Pintu Barat Kos Griya Putri Nareswari (Kos Muslimah Exclusive)", "type": "Hotel", "category": "tempat_tinggal", "subcategory": "Hotel", "opening_hours": null, "operator": null, "osm_id": 13685665031}}, {"type": "Feature", "geometry": {"type": "Point", "coordinates": [110.37006, -7.81805]}, "properties": {"name": "Omah Salam", "type": "Hotel", "category": "tempat_tinggal", "subcategory": "Hotel", "opening_hours": null, "operator": null, "osm_id": 4685626989}}, {"type": "Feature", "geometry": {"type": "Point", "coordinates": [110.36998, -7.818114]}, "properties": {"name": "Limasan 514", "type": "Hotel", "category": "tempat_tinggal", "subcategory": "Hotel", "opening_hours": null, "operator": null, "osm_id": 12468745199}}, {"type": "Feature", "geometry": {"type": "Point", "coordinates": [110.369322, -7.816887]}, "properties": {"name": "Good Karma", "type": "Hostel", "category": "tempat_tinggal", "subcategory": "Guest House", "opening_hours": null, "operator": null, "osm_id": 11413923975}}, {"type": "Feature", "geometry": {"type": "Point", "coordinates": [110.370356, -7.814108]}, "properties": {"name": "Santai Sini", "type": "Hostel", "category": "tempat_tinggal", "subcategory": "Guest House", "opening_hours": null, "operator": null, "osm_id": 7117071984}}, {"type": "Feature", "geometry": {"type": "Point", "coordinates": [110.363949, -7.81644]}, "properties": {"name": "Wood Stone", "type": "Hostel", "category": "tempat_tinggal", "subcategory": "Guest House", "opening_hours": null, "operator": null, "osm_id": 5068219322}}, {"type": "Feature", "geometry": {"type": "Point", "coordinates": [110.369977, -7.818297]}, "properties": {"name": "ViaVia", "type": "Guest House", "category": "tempat_tinggal", "subcategory": "Guest House", "opening_hours": null, "operator": null, "osm_id": 3921534721}}, {"type": "Feature", "geometry": {"type": "Point", "coordinates": [110.36224, -7.816929]}, "properties": {"name": "Rumah Panjaitan Homestay", "type": "Guest House", "category": "tempat_tinggal", "subcategory": "Guest House", "opening_hours": null, "operator": null, "osm_id": 5835687804}}, {"type": "Feature", "geometry": {"type": "Point", "coordinates": [110.367913, -7.80468]}, "properties": {"name": "Snooze", "type": "Hotel", "category": "tempat_tinggal", "subcategory": "Hotel", "opening_hours": null, "operator": null, "osm_id": 10094819117}}, {"type": "Feature", "geometry": {"type": "Point", "coordinates": [110.36191, -7.800286]}, "properties": {"name": "Arrayan", "type": "Hotel", "category": "tempat_tinggal", "subcategory": "Hotel", "opening_hours": null, "operator": null, "osm_id": 12919668663}}, {"type": "Feature", "geometry": {"type": "Point", "coordinates": [110.364002, -7.816351]}, "properties": {"name": "Wood Stone Hostel", "type": "Hostel", "category": "tempat_tinggal", "subcategory": "Guest House", "opening_hours": "24/7", "operator": "Mateus Bayu Laksana Jaya", "osm_id": 5010530221}}, {"type": "Feature", "geometry": {"type": "Point", "coordinates": [110.364007, -7.815977]}, "properties": {"name": "Wood Stone Hostel", "type": "Hostel", "category": "tempat_tinggal", "subcategory": "Guest House", "opening_hours": null, "operator": null, "osm_id": 5261287923}}, {"type": "Feature", "geometry": {"type": "Point", "coordinates": [110.365749, -7.817056]}, "properties": {"name": "Lia Homestay", "type": "Guest House", "category": "tempat_tinggal", "subcategory": "Guest House", "opening_hours": null, "operator": null, "osm_id": 7114012187}}, {"type": "Feature", "geometry": {"type": "Point", "coordinates": [110.356545, -7.813827]}, "properties": {"name": "Rumah Yogya", "type": "Guest House", "category": "tempat_tinggal", "subcategory": "Guest House", "opening_hours": null, "operator": "Delia and Connor", "osm_id": 4955111621}}, {"type": "Feature", "geometry": {"type": "Point", "coordinates": [110.348149, -7.814]}, "properties": {"name": "House Of Nasi Bungkus", "type": "Guest House", "category": "tempat_tinggal", "subcategory": "Guest House", "opening_hours": null, "operator": null, "osm_id": 3504109242}}, {"type": "Feature", "geometry": {"type": "Point", "coordinates": [110.348414, -7.815278]}, "properties": {"name": "Omah Guyub", "type": "Hotel", "category": "tempat_tinggal", "subcategory": "Hotel", "opening_hours": null, "operator": null, "osm_id": 4271041096}}, {"type": "Feature", "geometry": {"type": "Point", "coordinates": [110.351488, -7.80196]}, "properties": {"name": "Andika Putera", "type": "Hotel", "category": "tempat_tinggal", "subcategory": "Hotel", "opening_hours": null, "operator": null, "osm_id": 7097544036}}, {"type": "Feature", "geometry": {"type": "Point", "coordinates": [110.370716, -7.792579]}, "properties": {"name": "SekawanStay Guest House Malioboro", "type": "Guest House", "category": "tempat_tinggal", "subcategory": "Guest House", "opening_hours": null, "operator": "SekawanStay", "osm_id": 12165236716}}, {"type": "Feature", "geometry": {"type": "Point", "coordinates": [110.371975, -7.79216]}, "properties": {"name": "RedDoorz Plus near Lempuyangan Station 3", "type": "Hotel", "category": "tempat_tinggal", "subcategory": "Hotel", "opening_hours": null, "operator": null, "osm_id": 5833614473}}, {"type": "Feature", "geometry": {"type": "Point", "coordinates": [110.367466, -7.793871]}, "properties": {"name": "Hotel Gaotama", "type": "Hotel", "category": "tempat_tinggal", "subcategory": "Hotel", "opening_hours": null, "operator": null, "osm_id": 4692238589}}, {"type": "Feature", "geometry": {"type": "Point", "coordinates": [110.362985, -7.79662]}, "properties": {"name": "Yogyakarta BnB", "type": "Guest House", "category": "tempat_tinggal", "subcategory": "Guest House", "opening_hours": "Mo-Su 07:00-19:00", "operator": "YogyakartaBnB", "osm_id": 4168500297}}, {"type": "Feature", "geometry": {"type": "Point", "coordinates": [110.364421, -7.787482]}, "properties": {"name": "Riss Hotel Malioboro", "type": "Hotel", "category": "tempat_tinggal", "subcategory": "Hotel", "opening_hours": null, "operator": null, "osm_id": 11674437504}}, {"type": "Feature", "geometry": {"type": "Point", "coordinates": [110.364036, -7.790417]}, "properties": {"name": "Andrea hotel", "type": "Hotel", "category": "tempat_tinggal", "subcategory": "Hotel", "opening_hours": null, "operator": null, "osm_id": 4562432090}}, {"type": "Feature", "geometry": {"type": "Point", "coordinates": [110.367111, -7.783876]}, "properties": {"name": "Hotel Kombokarno Utama", "type": "Hotel", "category": "tempat_tinggal", "subcategory": "Hotel", "opening_hours": null, "operator": null, "osm_id": 3557258188}}, {"type": "Feature", "geometry": {"type": "Point", "coordinates": [110.365171, -7.783087]}, "properties": {"name": "Hostel White Paal", "type": "Hotel", "category": "tempat_tinggal", "subcategory": "Hotel", "opening_hours": null, "operator": null, "osm_id": 7178810187}}, {"type": "Feature", "geometry": {"type": "Point", "coordinates": [110.361096, -7.780301]}, "properties": {"name": "Laxston Hotel", "type": "Hotel", "category": "tempat_tinggal", "subcategory": "Hotel", "opening_hours": null, "operator": null, "osm_id": 3557258296}}, {"type": "Feature", "geometry": {"type": "Point", "coordinates": [110.369682, -7.782513]}, "properties": {"name": "Hotel Santika Premiere Jogja", "type": "Hotel", "category": "tempat_tinggal", "subcategory": "Hotel", "opening_hours": null, "operator": null, "osm_id": 3557258294}}, {"type": "Feature", "geometry": {"type": "Point", "coordinates": [110.362682, -7.793816]}, "properties": {"name": "Kristina", "type": "Hotel", "category": "tempat_tinggal", "subcategory": "Hotel", "opening_hours": null, "operator": null, "osm_id": 7100528075}}, {"type": "Feature", "geometry": {"type": "Point", "coordinates": [110.361529, -7.793282]}, "properties": {"name": "The Cabin", "type": "Hotel", "category": "tempat_tinggal", "subcategory": "Hotel", "opening_hours": null, "operator": null, "osm_id": 5468132496}}, {"type": "Feature", "geometry": {"type": "Point", "coordinates": [110.363611, -7.791025]}, "properties": {"name": "Losmen Utar", "type": "Guest House", "category": "tempat_tinggal", "subcategory": "Guest House", "opening_hours": null, "operator": null, "osm_id": 6679872558}}, {"type": "Feature", "geometry": {"type": "Point", "coordinates": [110.358032, -7.789473]}, "properties": {"name": "Ismoyo", "type": "Hotel", "category": "tempat_tinggal", "subcategory": "Hotel", "opening_hours": null, "operator": null, "osm_id": 4957171921}}, {"type": "Feature", "geometry": {"type": "Point", "coordinates": [110.368893, -7.795947]}, "properties": {"name": "Nueve Malioboro Hotel Yogyakarta", "type": "Guest House", "category": "tempat_tinggal", "subcategory": "Guest House", "opening_hours": null, "operator": null, "osm_id": 7097539047}}, {"type": "Feature", "geometry": {"type": "Point", "coordinates": [110.373183, -7.788263]}, "properties": {"name": "Ndalem Kotabaru", "type": "Guest House", "category": "tempat_tinggal", "subcategory": "Guest House", "opening_hours": null, "operator": null, "osm_id": 7811256796}}, {"type": "Feature", "geometry": {"type": "Point", "coordinates": [110.402942, -7.782443]}, "properties": {"name": "Hotel Royal Ambarrukmo", "type": "Hotel", "category": "tempat_tinggal", "subcategory": "Hotel", "opening_hours": null, "operator": null, "osm_id": 3557508871}}, {"type": "Feature", "geometry": {"type": "Point", "coordinates": [110.405137, -7.798293]}, "properties": {"name": "Grand Rohan Jogja", "type": "Hotel", "category": "tempat_tinggal", "subcategory": "Hotel", "opening_hours": null, "operator": null, "osm_id": 9187445817}}, {"type": "Feature", "geometry": {"type": "Point", "coordinates": [110.426977, -7.596142]}, "properties": {"name": "Le Jardin", "type": "Hotel", "category": "tempat_tinggal", "subcategory": "Hotel", "opening_hours": null, "operator": null, "osm_id": 3661199894}}, {"type": "Feature", "geometry": {"type": "Point", "coordinates": [110.430367, -7.598075]}, "properties": {"name": "Dewi Kunti", "type": "Guest House", "category": "tempat_tinggal", "subcategory": "Guest House", "opening_hours": null, "operator": null, "osm_id": 3661199889}}, {"type": "Feature", "geometry": {"type": "Point", "coordinates": [110.430217, -7.596856]}, "properties": {"name": "Widuri", "type": "Guest House", "category": "tempat_tinggal", "subcategory": "Guest House", "opening_hours": null, "operator": null, "osm_id": 3661199909}}, {"type": "Feature", "geometry": {"type": "Point", "coordinates": [110.430207, -7.595035]}, "properties": {"name": "Wisma Erlanga", "type": "Guest House", "category": "tempat_tinggal", "subcategory": "Guest House", "opening_hours": null, "operator": null, "osm_id": 3661199911}}, {"type": "Feature", "geometry": {"type": "Point", "coordinates": [110.42342, -7.599107]}, "properties": {"name": "Graha Kinasih", "type": "Guest House", "category": "tempat_tinggal", "subcategory": "Guest House", "opening_hours": null, "operator": null, "osm_id": 3661146411}}, {"type": "Feature", "geometry": {"type": "Point", "coordinates": [110.429061, -7.600612]}, "properties": {"name": "Hotel Eden 1", "type": "Guest House", "category": "tempat_tinggal", "subcategory": "Guest House", "opening_hours": null, "operator": null, "osm_id": 3661146412}}, {"type": "Feature", "geometry": {"type": "Point", "coordinates": [110.425678, -7.621455]}, "properties": {"name": "Hotel Taman Eden 2", "type": "Hotel", "category": "tempat_tinggal", "subcategory": "Hotel", "opening_hours": null, "operator": null, "osm_id": 3661146417}}, {"type": "Feature", "geometry": {"type": "Point", "coordinates": [110.425494, -7.600358]}, "properties": {"name": "Karya Mulia", "type": "Guest House", "category": "tempat_tinggal", "subcategory": "Guest House", "opening_hours": null, "operator": null, "osm_id": 3661146422}}, {"type": "Feature", "geometry": {"type": "Point", "coordinates": [110.426072, -7.618236]}, "properties": {"name": "Mayoni", "type": "Guest House", "category": "tempat_tinggal", "subcategory": "Guest House", "opening_hours": null, "operator": null, "osm_id": 3661147632}}, {"type": "Feature", "geometry": {"type": "Point", "coordinates": [110.428762, -7.599123]}, "properties": {"name": "Giriharjo", "type": "Guest House", "category": "tempat_tinggal", "subcategory": "Guest House", "opening_hours": null, "operator": null, "osm_id": 3661146410}}, {"type": "Feature", "geometry": {"type": "Point", "coordinates": [110.424517, -7.600456]}, "properties": {"name": "Hotel Kana", "type": "Guest House", "category": "tempat_tinggal", "subcategory": "Guest House", "opening_hours": null, "operator": null, "osm_id": 3661146414}}, {"type": "Feature", "geometry": {"type": "Point", "coordinates": [110.424769, -7.59995]}, "properties": {"name": "Merpati", "type": "Guest House", "category": "tempat_tinggal", "subcategory": "Guest House", "opening_hours": null, "operator": null, "osm_id": 3661147636}}, {"type": "Feature", "geometry": {"type": "Point", "coordinates": [110.425803, -7.618192]}, "properties": {"name": "Oplosh", "type": "Restaurant", "category": "tempat_tinggal", "subcategory": "Guest House", "opening_hours": null, "operator": null, "osm_id": 3661147640}}, {"type": "Feature", "geometry": {"type": "Point", "coordinates": [110.426097, -7.618362]}, "properties": {"name": "Putra Jaya", "type": "Guest House", "category": "tempat_tinggal", "subcategory": "Guest House", "opening_hours": null, "operator": null, "osm_id": 3661147645}}, {"type": "Feature", "geometry": {"type": "Point", "coordinates": [110.429921, -7.599441]}, "properties": {"name": "Sri Mulyo", "type": "Guest House", "category": "tempat_tinggal", "subcategory": "Guest House", "opening_hours": null, "operator": null, "osm_id": 3661147654}}, {"type": "Feature", "geometry": {"type": "Point", "coordinates": [110.428943, -7.600804]}, "properties": {"name": "Tanjung Anom", "type": "Guest House", "category": "tempat_tinggal", "subcategory": "Guest House", "opening_hours": null, "operator": null, "osm_id": 3661147656}}, {"type": "Feature", "geometry": {"type": "Point", "coordinates": [110.430188, -7.599423]}, "properties": {"name": "Restu Ibu", "type": "Guest House", "category": "tempat_tinggal", "subcategory": "Guest House", "opening_hours": null, "operator": null, "osm_id": 3661147646}}, {"type": "Feature", "geometry": {"type": "Point", "coordinates": [110.425627, -7.600412]}, "properties": {"name": "Simponi", "type": "Guest House", "category": "tempat_tinggal", "subcategory": "Guest House", "opening_hours": null, "operator": null, "osm_id": 3661147653}}, {"type": "Feature", "geometry": {"type": "Point", "coordinates": [110.423858, -7.599309]}, "properties": {"name": "Pav Bougenvile", "type": "Guest House", "category": "tempat_tinggal", "subcategory": "Guest House", "opening_hours": null, "operator": null, "osm_id": 3661147642}}, {"type": "Feature", "geometry": {"type": "Point", "coordinates": [110.424739, -7.599448]}, "properties": {"name": "Villa Gosyen", "type": "Guest House", "category": "tempat_tinggal", "subcategory": "Guest House", "opening_hours": null, "operator": null, "osm_id": 3661147663}}, {"type": "Feature", "geometry": {"type": "Point", "coordinates": [110.424722, -7.599673]}, "properties": {"name": "Wijaya 2 Hotel", "type": "Guest House", "category": "tempat_tinggal", "subcategory": "Guest House", "opening_hours": null, "operator": null, "osm_id": 3661147669}}, {"type": "Feature", "geometry": {"type": "Point", "coordinates": [110.428281, -7.598973]}, "properties": {"name": "Wisma Brotoseno", "type": "Guest House", "category": "tempat_tinggal", "subcategory": "Guest House", "opening_hours": null, "operator": null, "osm_id": 3661147671}}, {"type": "Feature", "geometry": {"type": "Point", "coordinates": [110.427634, -7.602915]}, "properties": {"name": "Villa Alma", "type": "Guest House", "category": "tempat_tinggal", "subcategory": "Guest House", "opening_hours": null, "operator": null, "osm_id": 3661147660}}, {"type": "Feature", "geometry": {"type": "Point", "coordinates": [110.424014, -7.599332]}, "properties": {"name": "Wisma Kamboja", "type": "Guest House", "category": "tempat_tinggal", "subcategory": "Guest House", "opening_hours": null, "operator": null, "osm_id": 3661147674}}, {"type": "Feature", "geometry": {"type": "Point", "coordinates": [110.427369, -7.598386]}, "properties": {"name": "Wijaya Hotel", "type": "Guest House", "category": "tempat_tinggal", "subcategory": "Guest House", "opening_hours": null, "operator": null, "osm_id": 3661147670}}, {"type": "Feature", "geometry": {"type": "Point", "coordinates": [110.426878, -7.698269]}, "properties": {"name": "Asrama B BBPPMPV Seni dan Budaya", "type": "Guest House", "category": "tempat_tinggal", "subcategory": "Guest House", "opening_hours": null, "operator": null, "osm_id": 11565843174}}, {"type": "Feature", "geometry": {"type": "Point", "coordinates": [110.427214, -7.69835]}, "properties": {"name": "Asrama A BBPPMPV Seni dan Budaya", "type": "Guest House", "category": "tempat_tinggal", "subcategory": "Guest House", "opening_hours": null, "operator": null, "osm_id": 11549921761}}, {"type": "Feature", "geometry": {"type": "Point", "coordinates": [110.426976, -7.69849]}, "properties": {"name": "Asrama C BBPPMPV Seni dan Budaya", "type": "Guest House", "category": "tempat_tinggal", "subcategory": "Guest House", "opening_hours": null, "operator": null, "osm_id": 11549944472}}, {"type": "Feature", "geometry": {"type": "Point", "coordinates": [110.574543, -8.135996]}, "properties": {"name": "Pondok jiwa", "type": "Guest House", "category": "tempat_tinggal", "subcategory": "Guest House", "opening_hours": "Mo-Su 09:00-18:00", "operator": null, "osm_id": 5248591934}}, {"type": "Feature", "geometry": {"type": "Point", "coordinates": [110.369867, -7.790401]}, "properties": {"name": "Homey Home", "type": "Guest House", "category": "tempat_tinggal", "subcategory": "Guest House", "opening_hours": "24/7", "operator": null, "osm_id": 5098735021}}, {"type": "Feature", "geometry": {"type": "Point", "coordinates": [110.377835, -7.789246]}, "properties": {"name": "Asrama Balai Pelatihan Teknik Traksi", "type": "Hostel", "category": "tempat_tinggal", "subcategory": "Guest House", "opening_hours": null, "operator": "PT Kereta Api Indonesia", "osm_id": 7871339677}}, {"type": "Feature", "geometry": {"type": "Point", "coordinates": [110.393899, -7.818538]}, "properties": {"name": "Hotel BIFA (Bintang Fajar)", "type": "Hotel", "category": "tempat_tinggal", "subcategory": "Hotel", "opening_hours": null, "operator": null, "osm_id": 4293952752}}, {"type": "Feature", "geometry": {"type": "Point", "coordinates": [110.451974, -7.737042]}, "properties": {"name": "Clarista Homestay", "type": "Guest House", "category": "tempat_tinggal", "subcategory": "Guest House", "opening_hours": null, "operator": null, "osm_id": 9740803879}}, {"type": "Feature", "geometry": {"type": "Point", "coordinates": [110.39199, -7.814382]}, "properties": {"name": "Hotel Brawijaya", "type": "Hotel", "category": "tempat_tinggal", "subcategory": "Hotel", "opening_hours": null, "operator": null, "osm_id": 4590940458}}, {"type": "Feature", "geometry": {"type": "Point", "coordinates": [110.426069, -7.618118]}, "properties": {"name": "Adi Pangestu 2", "type": "Guest House", "category": "tempat_tinggal", "subcategory": "Guest House", "opening_hours": null, "operator": null, "osm_id": 3661146383}}, {"type": "Feature", "geometry": {"type": "Point", "coordinates": [110.428043, -7.602103]}, "properties": {"name": "Anugeah Wisata 2", "type": "Guest House", "category": "tempat_tinggal", "subcategory": "Guest House", "opening_hours": null, "operator": null, "osm_id": 3661146386}}, {"type": "Feature", "geometry": {"type": "Point", "coordinates": [110.428313, -7.601848]}, "properties": {"name": "Bintaran", "type": "Guest House", "category": "tempat_tinggal", "subcategory": "Guest House", "opening_hours": null, "operator": null, "osm_id": 3661146399}}, {"type": "Feature", "geometry": {"type": "Point", "coordinates": [110.42506, -7.621909]}, "properties": {"name": "Borneo Homestay", "type": "Guest House", "category": "tempat_tinggal", "subcategory": "Guest House", "opening_hours": null, "operator": null, "osm_id": 3661146400}}, {"type": "Feature", "geometry": {"type": "Point", "coordinates": [110.428098, -7.602571]}, "properties": {"name": "Cendani", "type": "Guest House", "category": "tempat_tinggal", "subcategory": "Guest House", "opening_hours": null, "operator": null, "osm_id": 3661146403}}, {"type": "Feature", "geometry": {"type": "Point", "coordinates": [110.318557, -7.924167]}, "properties": {"name": "Puri Ganjuran", "type": "Hotel", "category": "tempat_tinggal", "subcategory": "Hotel", "opening_hours": null, "operator": null, "osm_id": 10310697741}}, {"type": "Feature", "geometry": {"type": "Point", "coordinates": [110.3643, -7.70887]}, "properties": {"name": "Garrya Bianti Yogyakarta", "type": "Hotel", "category": "tempat_tinggal", "subcategory": "Hotel", "opening_hours": null, "operator": null, "osm_id": 11329164925}}, {"type": "Feature", "geometry": {"type": "Point", "coordinates": [110.419235, -7.681415]}, "properties": {"name": "Popi Hotel & Homestay", "type": "Hotel", "category": "tempat_tinggal", "subcategory": "Hotel", "opening_hours": "24/7", "operator": null, "osm_id": 10033064161}}, {"type": "Feature", "geometry": {"type": "Point", "coordinates": [110.392693, -7.798976]}, "properties": {"name": "Gaia Cosmo Hotel", "type": "Hotel", "category": "tempat_tinggal", "subcategory": "Hotel", "opening_hours": null, "operator": null, "osm_id": 5970560685}}, {"type": "Feature", "geometry": {"type": "Point", "coordinates": [110.480995, -7.743831]}, "properties": {"name": "Puri Cempaka Guest House", "type": "Guest House", "category": "tempat_tinggal", "subcategory": "Guest House", "opening_hours": null, "operator": null, "osm_id": 9679002748}}, {"type": "Feature", "geometry": {"type": "Point", "coordinates": [110.395983, -7.733019]}, "properties": {"name": "Dom", "type": "Hotel", "category": "tempat_tinggal", "subcategory": "Hotel", "opening_hours": null, "operator": null, "osm_id": 4851279316}}, {"type": "Feature", "geometry": {"type": "Point", "coordinates": [110.372736, -7.7369]}, "properties": {"name": "OYO 1829 Zaira House", "type": "Hotel", "category": "tempat_tinggal", "subcategory": "Hotel", "opening_hours": null, "operator": null, "osm_id": 9818970770}}, {"type": "Feature", "geometry": {"type": "Point", "coordinates": [110.368712, -7.740827]}, "properties": {"name": "Rumah Mertua", "type": "Hotel", "category": "tempat_tinggal", "subcategory": "Hotel", "opening_hours": null, "operator": null, "osm_id": 1654208565}}, {"type": "Feature", "geometry": {"type": "Point", "coordinates": [110.373429, -7.740959]}, "properties": {"name": "Hyatt Regency", "type": "Hotel", "category": "tempat_tinggal", "subcategory": "Hotel", "opening_hours": null, "operator": null, "osm_id": 3557508868}}, {"type": "Feature", "geometry": {"type": "Point", "coordinates": [110.371657, -7.742782]}, "properties": {"name": "Omah Kaleva Syariah", "type": "Guest House", "category": "tempat_tinggal", "subcategory": "Guest House", "opening_hours": null, "operator": null, "osm_id": 5243957704}}, {"type": "Feature", "geometry": {"type": "Point", "coordinates": [110.371079, -7.74272]}, "properties": {"name": "Ndalem Prataman", "type": "Guest House", "category": "tempat_tinggal", "subcategory": "Guest House", "opening_hours": null, "operator": null, "osm_id": 10261917733}}, {"type": "Feature", "geometry": {"type": "Point", "coordinates": [110.377156, -7.732715]}, "properties": {"name": "Villa Hanis", "type": "Hotel", "category": "tempat_tinggal", "subcategory": "Hotel", "opening_hours": null, "operator": null, "osm_id": 1652969654}}, {"type": "Feature", "geometry": {"type": "Point", "coordinates": [110.333112, -7.733036]}, "properties": {"name": "Rumah Popuri", "type": "Guest House", "category": "tempat_tinggal", "subcategory": "Guest House", "opening_hours": null, "operator": null, "osm_id": 10225661691}}, {"type": "Feature", "geometry": {"type": "Point", "coordinates": [110.424938, -7.623145]}, "properties": {"name": "Sato Loka", "type": "Guest House", "category": "tempat_tinggal", "subcategory": "Guest House", "opening_hours": null, "operator": null, "osm_id": 9857813359}}, {"type": "Feature", "geometry": {"type": "Point", "coordinates": [110.427156, -7.646276]}, "properties": {"name": "Rumah Pak Dukuh Sambi", "type": "Guest House", "category": "tempat_tinggal", "subcategory": "Guest House", "opening_hours": null, "operator": null, "osm_id": 8333040371}}, {"type": "Feature", "geometry": {"type": "Point", "coordinates": [110.429172, -7.740508]}, "properties": {"name": "Banyu Jiwo Guest House", "type": "Guest House", "category": "tempat_tinggal", "subcategory": "Guest House", "opening_hours": null, "operator": null, "osm_id": 9742575759}}, {"type": "Feature", "geometry": {"type": "Point", "coordinates": [110.362258, -7.743653]}, "properties": {"name": "Hotel Graha Buana", "type": "Hotel", "category": "tempat_tinggal", "subcategory": "Hotel", "opening_hours": null, "operator": null, "osm_id": 1847978909}}, {"type": "Feature", "geometry": {"type": "Point", "coordinates": [110.484887, -7.790102]}, "properties": {"name": "Nabila Home Stay", "type": "Guest House", "category": "tempat_tinggal", "subcategory": "Guest House", "opening_hours": null, "operator": null, "osm_id": 9748837975}}, {"type": "Feature", "geometry": {"type": "Point", "coordinates": [110.365102, -7.818124]}, "properties": {"name": "Zen Moon Hostel", "type": "Hostel", "category": "tempat_tinggal", "subcategory": "Guest House", "opening_hours": null, "operator": null, "osm_id": 11877675871}}, {"type": "Feature", "geometry": {"type": "Point", "coordinates": [110.422053, -7.783903]}, "properties": {"name": "Satoria", "type": "Hotel", "category": "tempat_tinggal", "subcategory": "Hotel", "opening_hours": null, "operator": null, "osm_id": 9697463558}}, {"type": "Feature", "geometry": {"type": "Point", "coordinates": [110.423493, -7.782535]}, "properties": {"name": "Grand Diamond Hotel Yogyakarta", "type": "Hotel", "category": "tempat_tinggal", "subcategory": "Hotel", "opening_hours": null, "operator": null, "osm_id": 1652912717}}, {"type": "Feature", "geometry": {"type": "Point", "coordinates": [110.424327, -7.782474]}, "properties": {"name": "Grand Orchid Hotel", "type": "Hotel", "category": "tempat_tinggal", "subcategory": "Hotel", "opening_hours": null, "operator": null, "osm_id": 9697446968}}, {"type": "Feature", "geometry": {"type": "Point", "coordinates": [110.427206, -7.785281]}, "properties": {"name": "Hotel Omahkoe", "type": "Hotel", "category": "tempat_tinggal", "subcategory": "Hotel", "opening_hours": null, "operator": null, "osm_id": 4590677769}}, {"type": "Feature", "geometry": {"type": "Point", "coordinates": [110.402795, -7.783485]}, "properties": {"name": "Hotel Paku Mas", "type": "Hotel", "category": "tempat_tinggal", "subcategory": "Hotel", "opening_hours": null, "operator": null, "osm_id": 3530590736}}, {"type": "Feature", "geometry": {"type": "Point", "coordinates": [110.43036, -7.769944]}, "properties": {"name": "D'HELOMI", "type": "Guest House", "category": "tempat_tinggal", "subcategory": "Guest House", "opening_hours": null, "operator": null, "osm_id": 7140531832}}, {"type": "Feature", "geometry": {"type": "Point", "coordinates": [110.469869, -7.768561]}, "properties": {"name": "Hotel Srikandi", "type": "Hotel", "category": "tempat_tinggal", "subcategory": "Hotel", "opening_hours": null, "operator": null, "osm_id": 9725632642}}, {"type": "Feature", "geometry": {"type": "Point", "coordinates": [110.417224, -7.767621]}, "properties": {"name": "Villa Alicia", "type": "Guest House", "category": "tempat_tinggal", "subcategory": "Guest House", "opening_hours": null, "operator": null, "osm_id": 3679274915}}, {"type": "Feature", "geometry": {"type": "Point", "coordinates": [110.409937, -7.771526]}, "properties": {"name": "Merapi Merbabu Hotels", "type": "Hotel", "category": "tempat_tinggal", "subcategory": "Hotel", "opening_hours": null, "operator": null, "osm_id": 3530590738}}, {"type": "Feature", "geometry": {"type": "Point", "coordinates": [110.411038, -7.765244]}, "properties": {"name": "Hotel Dafam Fortuna", "type": "Hotel", "category": "tempat_tinggal", "subcategory": "Hotel", "opening_hours": null, "operator": null, "osm_id": 4590296614}}, {"type": "Feature", "geometry": {"type": "Point", "coordinates": [110.455925, -7.779986]}, "properties": {"name": "Hostel", "type": "Hostel", "category": "tempat_tinggal", "subcategory": "Guest House", "opening_hours": null, "operator": null, "osm_id": 9824249716}}, {"type": "Feature", "geometry": {"type": "Point", "coordinates": [110.452178, -7.773826]}, "properties": {"name": "Ndalem Jogja Cupuwatu", "type": "Hotel", "category": "tempat_tinggal", "subcategory": "Hotel", "opening_hours": null, "operator": null, "osm_id": 9671827938}}, {"type": "Feature", "geometry": {"type": "Point", "coordinates": [110.368038, -7.835619]}, "properties": {"name": "Ros In Hotel", "type": "Hotel", "category": "tempat_tinggal", "subcategory": "Hotel", "opening_hours": null, "operator": null, "osm_id": 1370749559}}, {"type": "Feature", "geometry": {"type": "Point", "coordinates": [110.357804, -7.770467]}, "properties": {"name": "Acacia Guest House", "type": "Guest House", "category": "tempat_tinggal", "subcategory": "Guest House", "opening_hours": null, "operator": null, "osm_id": 3557258298}}, {"type": "Feature", "geometry": {"type": "Point", "coordinates": [110.361232, -7.786304]}, "properties": {"name": "Hotel", "type": "Hotel", "category": "tempat_tinggal", "subcategory": "Hotel", "opening_hours": null, "operator": null, "osm_id": 10198975863}}, {"type": "Feature", "geometry": {"type": "Point", "coordinates": [110.363624, -7.785353]}, "properties": {"name": "Griya Sentana", "type": "Hotel", "category": "tempat_tinggal", "subcategory": "Hotel", "opening_hours": null, "operator": null, "osm_id": 492167658}}, {"type": "Feature", "geometry": {"type": "Point", "coordinates": [110.365325, -7.783137]}, "properties": {"name": "Grand Senyum Hotel", "type": "Hotel", "category": "tempat_tinggal", "subcategory": "Hotel", "opening_hours": null, "operator": null, "osm_id": 9821664235}}, {"type": "Feature", "geometry": {"type": "Point", "coordinates": [110.373949, -7.793766]}, "properties": {"name": "Trans Yogya", "type": "Hotel", "category": "tempat_tinggal", "subcategory": "Hotel", "opening_hours": null, "operator": null, "osm_id": 3305628217}}, {"type": "Feature", "geometry": {"type": "Point", "coordinates": [110.374086, -7.793543]}, "properties": {"name": "Metro LMalioboro Living", "type": "Hotel", "category": "tempat_tinggal", "subcategory": "Hotel", "opening_hours": null, "operator": null, "osm_id": 6939520399}}, {"type": "Feature", "geometry": {"type": "Point", "coordinates": [110.37448, -7.800664]}, "properties": {"name": "Puri Pangeran Hotel", "type": "Hotel", "category": "tempat_tinggal", "subcategory": "Hotel", "opening_hours": null, "operator": null, "osm_id": 3732339032}}, {"type": "Feature", "geometry": {"type": "Point", "coordinates": [110.415192, -7.778614]}, "properties": {"name": "Hotel", "type": "Hotel", "category": "tempat_tinggal", "subcategory": "Hotel", "opening_hours": null, "operator": null, "osm_id": 4585536359}}, {"type": "Feature", "geometry": {"type": "Point", "coordinates": [110.407983, -7.779447]}, "properties": {"name": "Zen Rooms Depok Sleman Syariha", "type": "Hotel", "category": "tempat_tinggal", "subcategory": "Hotel", "opening_hours": null, "operator": null, "osm_id": 6320266616}}, {"type": "Feature", "geometry": {"type": "Point", "coordinates": [110.381908, -7.773899]}, "properties": {"name": "Rumah Kost Putri", "type": "Guest House", "category": "tempat_tinggal", "subcategory": "Guest House", "opening_hours": null, "operator": null, "osm_id": 9622538149}}, {"type": "Feature", "geometry": {"type": "Point", "coordinates": [110.381828, -7.776802]}, "properties": {"name": "Hotel Asih", "type": "Hotel", "category": "tempat_tinggal", "subcategory": "Hotel", "opening_hours": null, "operator": null, "osm_id": 3884620633}}, {"type": "Feature", "geometry": {"type": "Point", "coordinates": [110.379242, -7.779345]}, "properties": {"name": "Kost Orange", "type": "Guest House", "category": "tempat_tinggal", "subcategory": "Guest House", "opening_hours": null, "operator": null, "osm_id": 4431678389}}, {"type": "Feature", "geometry": {"type": "Point", "coordinates": [110.37522, -7.77954]}, "properties": {"name": "Indraloka", "type": "Hotel", "category": "tempat_tinggal", "subcategory": "Hotel", "opening_hours": null, "operator": null, "osm_id": 1640515471}}, {"type": "Feature", "geometry": {"type": "Point", "coordinates": [110.367038, -7.780456]}, "properties": {"name": "Hotel Trim Tiga", "type": "Hotel", "category": "tempat_tinggal", "subcategory": "Hotel", "opening_hours": null, "operator": null, "osm_id": 1359116507}}, {"type": "Feature", "geometry": {"type": "Point", "coordinates": [110.367624, -7.780212]}, "properties": {"name": "Hotel Citradream Yogyakarta", "type": "Hotel", "category": "tempat_tinggal", "subcategory": "Hotel", "opening_hours": null, "operator": null, "osm_id": 3557258192}}, {"type": "Feature", "geometry": {"type": "Point", "coordinates": [110.365908, -7.778073]}, "properties": {"name": "Monginsidi Guest House", "type": "Hotel", "category": "tempat_tinggal", "subcategory": "Hotel", "opening_hours": null, "operator": null, "osm_id": 3557258293}}, {"type": "Feature", "geometry": {"type": "Point", "coordinates": [110.34822, -7.781985]}, "properties": {"name": "Ndalem Suryo Saptono Guest House", "type": "Guest House", "category": "tempat_tinggal", "subcategory": "Guest House", "opening_hours": null, "operator": null, "osm_id": 9819610150}}, {"type": "Feature", "geometry": {"type": "Point", "coordinates": [110.355002, -7.871054]}, "properties": {"name": "Yabbiekayu", "type": "Hotel", "category": "tempat_tinggal", "subcategory": "Hotel", "opening_hours": null, "operator": null, "osm_id": 4330798191}}, {"type": "Feature", "geometry": {"type": "Point", "coordinates": [110.402924, -7.870808]}, "properties": {"name": "Ada Waktu B&B", "type": "Hotel", "category": "tempat_tinggal", "subcategory": "Hotel", "opening_hours": null, "operator": null, "osm_id": 7082264285}}, {"type": "Feature", "geometry": {"type": "Point", "coordinates": [110.424145, -7.754467]}, "properties": {"name": "Guest House", "type": "Guest House", "category": "tempat_tinggal", "subcategory": "Guest House", "opening_hours": null, "operator": null, "osm_id": 4505436489}}, {"type": "Feature", "geometry": {"type": "Point", "coordinates": [110.411497, -7.761294]}, "properties": {"name": "Hotel Pondok Anggun", "type": "Hotel", "category": "tempat_tinggal", "subcategory": "Hotel", "opening_hours": null, "operator": null, "osm_id": 9784588913}}, {"type": "Feature", "geometry": {"type": "Point", "coordinates": [110.41188, -7.753833]}, "properties": {"name": "Kosan Mbah Mulyoharjo", "type": "Hotel", "category": "tempat_tinggal", "subcategory": "Hotel", "opening_hours": null, "operator": null, "osm_id": 4588967021}}, {"type": "Feature", "geometry": {"type": "Point", "coordinates": [110.408647, -7.754236]}, "properties": {"name": "Hotel Kusuma Condong Wisma Tamu", "type": "Hotel", "category": "tempat_tinggal", "subcategory": "Hotel", "opening_hours": null, "operator": null, "osm_id": 4590296603}}, {"type": "Feature", "geometry": {"type": "Point", "coordinates": [110.375065, -7.784013]}, "properties": {"name": "Kutus-Kutus", "type": "Guest House", "category": "tempat_tinggal", "subcategory": "Guest House", "opening_hours": null, "operator": null, "osm_id": 9175232116}}, {"type": "Feature", "geometry": {"type": "Point", "coordinates": [110.370637, -7.787257]}, "properties": {"name": "Hotel Graha Kinasih", "type": "Hotel", "category": "tempat_tinggal", "subcategory": "Hotel", "opening_hours": null, "operator": null, "osm_id": 7846239505}}, {"type": "Feature", "geometry": {"type": "Point", "coordinates": [110.369962, -7.785539]}, "properties": {"name": "Fave Hotel", "type": "Hotel", "category": "tempat_tinggal", "subcategory": "Hotel", "opening_hours": null, "operator": null, "osm_id": 7846239503}}, {"type": "Feature", "geometry": {"type": "Point", "coordinates": [110.366576, -7.784354]}, "properties": {"name": "The 101", "type": "Hotel", "category": "tempat_tinggal", "subcategory": "Hotel", "opening_hours": null, "operator": null, "osm_id": 3557258190}}, {"type": "Feature", "geometry": {"type": "Point", "coordinates": [110.414096, -7.756765]}, "properties": {"name": "Omahe Winahyu Homestay", "type": "Hotel", "category": "tempat_tinggal", "subcategory": "Hotel", "opening_hours": null, "operator": null, "osm_id": 4590881638}}, {"type": "Feature", "geometry": {"type": "Point", "coordinates": [110.401781, -7.755993]}, "properties": {"name": "Embe Joglo", "type": "Guest House", "category": "tempat_tinggal", "subcategory": "Guest House", "opening_hours": null, "operator": null, "osm_id": 6732315339}}, {"type": "Feature", "geometry": {"type": "Point", "coordinates": [110.381853, -7.815137]}, "properties": {"name": "Seroja Kostel Golo", "type": "Hotel", "category": "tempat_tinggal", "subcategory": "Hotel", "opening_hours": null, "operator": null, "osm_id": 9824258186}}, {"type": "Feature", "geometry": {"type": "Point", "coordinates": [110.380563, -7.816736]}, "properties": {"name": "Tjokro Style Yogyakarta", "type": "Hotel", "category": "tempat_tinggal", "subcategory": "Hotel", "opening_hours": null, "operator": null, "osm_id": 9824224841}}, {"type": "Feature", "geometry": {"type": "Point", "coordinates": [110.410324, -7.689504]}, "properties": {"name": "Kost Putra Adhiwangsa", "type": "Hostel", "category": "tempat_tinggal", "subcategory": "Guest House", "opening_hours": null, "operator": null, "osm_id": 9189185619}}, {"type": "Feature", "geometry": {"type": "Point", "coordinates": [110.361924, -7.753663]}, "properties": {"name": "Kangen Hotel", "type": "Hotel", "category": "tempat_tinggal", "subcategory": "Hotel", "opening_hours": null, "operator": null, "osm_id": 3492884193}}, {"type": "Feature", "geometry": {"type": "Point", "coordinates": [110.361166, -7.752429]}, "properties": {"name": "Sahid Rich Jogja Hotel", "type": "Hotel", "category": "tempat_tinggal", "subcategory": "Hotel", "opening_hours": null, "operator": null, "osm_id": 1848000010}}, {"type": "Feature", "geometry": {"type": "Point", "coordinates": [110.362548, -7.750204]}, "properties": {"name": "Hotel Melati", "type": "Hotel", "category": "tempat_tinggal", "subcategory": "Hotel", "opening_hours": null, "operator": null, "osm_id": 1847997726}}, {"type": "Feature", "geometry": {"type": "Point", "coordinates": [110.360653, -7.760189]}, "properties": {"name": "Griya Kalimantan", "type": "Guest House", "category": "tempat_tinggal", "subcategory": "Guest House", "opening_hours": null, "operator": null, "osm_id": 3557258300}}, {"type": "Feature", "geometry": {"type": "Point", "coordinates": [110.361996, -7.760788]}, "properties": {"name": "Crystal Lotus Hotel Yogyakarta Managed by Prabu", "type": "Hotel", "category": "tempat_tinggal", "subcategory": "Hotel", "opening_hours": null, "operator": null, "osm_id": 3557258299}}, {"type": "Feature", "geometry": {"type": "Point", "coordinates": [110.380346, -7.763903]}, "properties": {"name": "Hotel Ishiro Kencana", "type": "Hotel", "category": "tempat_tinggal", "subcategory": "Hotel", "opening_hours": null, "operator": null, "osm_id": 2564076662}}, {"type": "Feature", "geometry": {"type": "Point", "coordinates": [110.313297, -7.846035]}, "properties": {"name": "Blue Garden", "type": "Hotel", "category": "tempat_tinggal", "subcategory": "Hotel", "opening_hours": null, "operator": null, "osm_id": 5418151583}}, {"type": "Feature", "geometry": {"type": "Point", "coordinates": [110.394319, -7.774153]}, "properties": {"name": "Grand Omah Sastro", "type": "Hotel", "category": "tempat_tinggal", "subcategory": "Hotel", "opening_hours": null, "operator": null, "osm_id": 3765156964}}, {"type": "Feature", "geometry": {"type": "Point", "coordinates": [110.391411, -7.776294]}, "properties": {"name": "Embe Pitoe", "type": "Guest House", "category": "tempat_tinggal", "subcategory": "Guest House", "opening_hours": null, "operator": null, "osm_id": 6732248551}}, {"type": "Feature", "geometry": {"type": "Point", "coordinates": [110.391572, -7.776258]}, "properties": {"name": "Embe Enem", "type": "Guest House", "category": "tempat_tinggal", "subcategory": "Guest House", "opening_hours": null, "operator": null, "osm_id": 6730652819}}, {"type": "Feature", "geometry": {"type": "Point", "coordinates": [110.392484, -7.777042]}, "properties": {"name": "Amelia Hotel", "type": "Hotel", "category": "tempat_tinggal", "subcategory": "Hotel", "opening_hours": null, "operator": null, "osm_id": 3621485952}}, {"type": "Feature", "geometry": {"type": "Point", "coordinates": [110.396653, -7.779278]}, "properties": {"name": "Airy Eco Papringan Ambarrukmo", "type": "Hotel", "category": "tempat_tinggal", "subcategory": "Hotel", "opening_hours": null, "operator": null, "osm_id": 9835310919}}, {"type": "Feature", "geometry": {"type": "Point", "coordinates": [110.391256, -7.779991]}, "properties": {"name": "Puri Artha Hotel", "type": "Hotel", "category": "tempat_tinggal", "subcategory": "Hotel", "opening_hours": null, "operator": null, "osm_id": 3473031889}}, {"type": "Feature", "geometry": {"type": "Point", "coordinates": [110.387092, -7.780184]}, "properties": {"name": "Tiga Lima Homestay", "type": "Hotel", "category": "tempat_tinggal", "subcategory": "Hotel", "opening_hours": null, "operator": null, "osm_id": 3120386138}}, {"type": "Feature", "geometry": {"type": "Point", "coordinates": [110.39483, -7.75913]}, "properties": {"name": "Citihub Hotel Gejayan", "type": "Hotel", "category": "tempat_tinggal", "subcategory": "Hotel", "opening_hours": null, "operator": null, "osm_id": 3530581765}}, {"type": "Feature", "geometry": {"type": "Point", "coordinates": [110.392672, -7.75934]}, "properties": {"name": "Sunrise", "type": "Hotel", "category": "tempat_tinggal", "subcategory": "Hotel", "opening_hours": null, "operator": null, "osm_id": 4851279649}}, {"type": "Feature", "geometry": {"type": "Point", "coordinates": [110.376694, -7.762592]}, "properties": {"name": "Didik Kost", "type": "Hostel", "category": "tempat_tinggal", "subcategory": "Guest House", "opening_hours": null, "operator": null, "osm_id": 9811956672}}, {"type": "Feature", "geometry": {"type": "Point", "coordinates": [110.38026, -7.76133]}, "properties": {"name": "VIDI.net", "type": "Hostel", "category": "tempat_tinggal", "subcategory": "Guest House", "opening_hours": null, "operator": null, "osm_id": 3176297864}}, {"type": "Feature", "geometry": {"type": "Point", "coordinates": [110.380821, -7.760087]}, "properties": {"name": "Cakra Kusuma Hotel", "type": "Hotel", "category": "tempat_tinggal", "subcategory": "Hotel", "opening_hours": null, "operator": null, "osm_id": 3557380296}}, {"type": "Feature", "geometry": {"type": "Point", "coordinates": [110.381749, -7.75923]}, "properties": {"name": "Wisma Anugrah Wisata", "type": "Hotel", "category": "tempat_tinggal", "subcategory": "Hotel", "opening_hours": null, "operator": null, "osm_id": 3557348913}}, {"type": "Feature", "geometry": {"type": "Point", "coordinates": [110.38741, -7.759224]}, "properties": {"name": "Hotel Lafayette", "type": "Hotel", "category": "tempat_tinggal", "subcategory": "Hotel", "opening_hours": null, "operator": null, "osm_id": 7152724240}}, {"type": "Feature", "geometry": {"type": "Point", "coordinates": [110.375911, -7.942004]}, "properties": {"name": "Guest House", "type": "Guest House", "category": "tempat_tinggal", "subcategory": "Guest House", "opening_hours": null, "operator": null, "osm_id": 4893549821}}, {"type": "Feature", "geometry": {"type": "Point", "coordinates": [110.392053, -7.783916]}, "properties": {"name": "ibis Hotels", "type": "Hotel", "category": "tempat_tinggal", "subcategory": "Hotel", "opening_hours": null, "operator": null, "osm_id": 9725910131}}, {"type": "Feature", "geometry": {"type": "Point", "coordinates": [110.385279, -7.781846]}, "properties": {"name": "Sabana Homestay", "type": "Hotel", "category": "tempat_tinggal", "subcategory": "Hotel", "opening_hours": null, "operator": null, "osm_id": 4113534818}}, {"type": "Feature", "geometry": {"type": "Point", "coordinates": [110.385439, -7.782772]}, "properties": {"name": "Tickle Hotel", "type": "Hotel", "category": "tempat_tinggal", "subcategory": "Hotel", "opening_hours": null, "operator": null, "osm_id": 9725905457}}, {"type": "Feature", "geometry": {"type": "Point", "coordinates": [110.388387, -7.783467]}, "properties": {"name": "Duta Wisata 2 Hotel", "type": "Hotel", "category": "tempat_tinggal", "subcategory": "Hotel", "opening_hours": null, "operator": null, "osm_id": 9725917694}}, {"type": "Feature", "geometry": {"type": "Point", "coordinates": [110.365188, -7.791647]}, "properties": {"name": "Kartika Hotel", "type": "Hotel", "category": "tempat_tinggal", "subcategory": "Hotel", "opening_hours": null, "operator": null, "osm_id": 12644670787}}, {"type": "Feature", "geometry": {"type": "Point", "coordinates": [110.364912, -7.815088]}, "properties": {"name": "Trava House", "type": "Hotel", "category": "tempat_tinggal", "subcategory": "Hotel", "opening_hours": "Mo-Su 11:00-15:00", "operator": null, "osm_id": 5738157722}}, {"type": "Feature", "geometry": {"type": "Point", "coordinates": [110.364123, -7.791551]}, "properties": {"name": "Aura Hotel", "type": "Hotel", "category": "tempat_tinggal", "subcategory": "Hotel", "opening_hours": null, "operator": null, "osm_id": 12644702569}}, {"type": "Feature", "geometry": {"type": "Point", "coordinates": [110.365301, -7.791805]}, "properties": {"name": "Indonesia Hotel", "type": "Hotel", "category": "tempat_tinggal", "subcategory": "Hotel", "opening_hours": null, "operator": null, "osm_id": 12644696325}}, {"type": "Feature", "geometry": {"type": "Point", "coordinates": [110.360255, -7.768649]}, "properties": {"name": "Reddoorz Near Jogja City Mall 3", "type": "Hotel", "category": "tempat_tinggal", "subcategory": "Hotel", "opening_hours": null, "operator": null, "osm_id": 9835462835}}, {"type": "Feature", "geometry": {"type": "Point", "coordinates": [110.356333, -7.798675]}, "properties": {"name": "Sans Nagari", "type": "Hotel", "category": "tempat_tinggal", "subcategory": "Hotel", "opening_hours": null, "operator": null, "osm_id": 12648754858}}, {"type": "Feature", "geometry": {"type": "Point", "coordinates": [110.348992, -7.801133]}, "properties": {"name": "The Cabin Hotel", "type": "Hotel", "category": "tempat_tinggal", "subcategory": "Hotel", "opening_hours": null, "operator": null, "osm_id": 12648754859}}, {"type": "Feature", "geometry": {"type": "Point", "coordinates": [110.364819, -7.791459]}, "properties": {"name": "The Capsule", "type": "Cafe", "category": "tempat_tinggal", "subcategory": "Hotel", "opening_hours": null, "operator": null, "osm_id": 12644647518}}, {"type": "Feature", "geometry": {"type": "Point", "coordinates": [110.362184, -7.791468]}, "properties": {"name": "Omah Watu Homestay", "type": "Guest House", "category": "tempat_tinggal", "subcategory": "Guest House", "opening_hours": null, "operator": null, "osm_id": 12643728879}}, {"type": "Feature", "geometry": {"type": "Point", "coordinates": [110.363202, -7.791698]}, "properties": {"name": "Selarus Inn", "type": "Guest House", "category": "tempat_tinggal", "subcategory": "Guest House", "opening_hours": null, "operator": null, "osm_id": 12643740057}}, {"type": "Feature", "geometry": {"type": "Point", "coordinates": [110.363742, -7.791702]}, "properties": {"name": "Patra Malioboro", "type": "Hotel", "category": "tempat_tinggal", "subcategory": "Hotel", "opening_hours": null, "operator": null, "osm_id": 4562510389}}, {"type": "Feature", "geometry": {"type": "Point", "coordinates": [110.364178, -7.779253]}, "properties": {"name": "RedDoorz Plus Adya Nalendra", "type": "Hotel", "category": "tempat_tinggal", "subcategory": "Hotel", "opening_hours": null, "operator": null, "osm_id": 6327278157}}, {"type": "Feature", "geometry": {"type": "Point", "coordinates": [110.356284, -7.805242]}, "properties": {"name": "Hotel Novatel", "type": "Hotel", "category": "tempat_tinggal", "subcategory": "Hotel", "opening_hours": null, "operator": null, "osm_id": 9835473201}}, {"type": "Feature", "geometry": {"type": "Point", "coordinates": [110.357337, -7.828606]}, "properties": {"name": "J-Ruby Guesthouse", "type": "Hotel", "category": "tempat_tinggal", "subcategory": "Hotel", "opening_hours": null, "operator": null, "osm_id": 9811855301}}, {"type": "Feature", "geometry": {"type": "Point", "coordinates": [110.338372, -7.831571]}, "properties": {"name": "Joglo Mandapa Boutique Hotel & Resto", "type": "Hotel", "category": "tempat_tinggal", "subcategory": "Hotel", "opening_hours": null, "operator": null, "osm_id": 9025585287}}, {"type": "Feature", "geometry": {"type": "Point", "coordinates": [110.338249, -7.835826]}, "properties": {"name": "Omah Sembungan", "type": "Guest House", "category": "tempat_tinggal", "subcategory": "Guest House", "opening_hours": null, "operator": null, "osm_id": 5566324706}}, {"type": "Feature", "geometry": {"type": "Point", "coordinates": [110.320521, -7.841029]}, "properties": {"name": "Villa Tropicana", "type": "Guest House", "category": "tempat_tinggal", "subcategory": "Guest House", "opening_hours": null, "operator": null, "osm_id": 5566207901}}, {"type": "Feature", "geometry": {"type": "Point", "coordinates": [110.323926, -7.841802]}, "properties": {"name": "The Sawah", "type": "Hotel", "category": "tempat_tinggal", "subcategory": "Hotel", "opening_hours": null, "operator": null, "osm_id": 5418151537}}, {"type": "Feature", "geometry": {"type": "Point", "coordinates": [110.366341, -7.752548]}, "properties": {"name": "Kost Bu Ndari", "type": "Guest House", "category": "tempat_tinggal", "subcategory": "Guest House", "opening_hours": null, "operator": null, "osm_id": 12357612403}}, {"type": "Feature", "geometry": {"type": "Point", "coordinates": [110.365999, -7.752506]}, "properties": {"name": "Kostan Bu Sugeng", "type": "Guest House", "category": "tempat_tinggal", "subcategory": "Guest House", "opening_hours": null, "operator": null, "osm_id": 12357612406}}, {"type": "Feature", "geometry": {"type": "Point", "coordinates": [110.364977, -7.753076]}, "properties": {"name": "RUMAH KOST PUTRI MELATI", "type": "Guest House", "category": "tempat_tinggal", "subcategory": "Guest House", "opening_hours": null, "operator": null, "osm_id": 12357612413}}, {"type": "Feature", "geometry": {"type": "Point", "coordinates": [110.366027, -7.752924]}, "properties": {"name": "Mess JCM", "type": "Guest House", "category": "tempat_tinggal", "subcategory": "Guest House", "opening_hours": null, "operator": null, "osm_id": 12357612417}}, {"type": "Feature", "geometry": {"type": "Point", "coordinates": [110.373559, -7.822233]}, "properties": {"name": "Cantya Hotel", "type": "Hotel", "category": "tempat_tinggal", "subcategory": "Hotel", "opening_hours": null, "operator": null, "osm_id": 9002853901}}, {"type": "Feature", "geometry": {"type": "Point", "coordinates": [110.37365, -7.822041]}, "properties": {"name": "Hotel Olympic", "type": "Hotel", "category": "tempat_tinggal", "subcategory": "Hotel", "opening_hours": null, "operator": null, "osm_id": 9002853900}}, {"type": "Feature", "geometry": {"type": "Point", "coordinates": [110.370847, -7.820179]}, "properties": {"name": "OYO 524 Makuta Hotel", "type": "Hotel", "category": "tempat_tinggal", "subcategory": "Hotel", "opening_hours": null, "operator": null, "osm_id": 9823993300}}, {"type": "Feature", "geometry": {"type": "Point", "coordinates": [110.370827, -7.819927]}, "properties": {"name": "Metro", "type": "Hotel", "category": "tempat_tinggal", "subcategory": "Hotel", "opening_hours": null, "operator": null, "osm_id": 448834564}}, {"type": "Feature", "geometry": {"type": "Point", "coordinates": [110.371978, -7.819933]}, "properties": {"name": "Agung", "type": "Hotel", "category": "tempat_tinggal", "subcategory": "Hotel", "opening_hours": null, "operator": null, "osm_id": 2524302492}}, {"type": "Feature", "geometry": {"type": "Point", "coordinates": [110.369357, -7.819522]}, "properties": {"name": "Ki Agung Prestis", "type": "Hotel", "category": "tempat_tinggal", "subcategory": "Hotel", "opening_hours": null, "operator": null, "osm_id": 3585118451}}, {"type": "Feature", "geometry": {"type": "Point", "coordinates": [110.371547, -7.818948]}, "properties": {"name": "Perwita Sari", "type": "Hotel", "category": "tempat_tinggal", "subcategory": "Hotel", "opening_hours": null, "operator": null, "osm_id": 1366438107}}, {"type": "Feature", "geometry": {"type": "Point", "coordinates": [110.371659, -7.81873]}, "properties": {"name": "Hotel", "type": "Hotel", "category": "tempat_tinggal", "subcategory": "Hotel", "opening_hours": null, "operator": null, "osm_id": 719147415}}, {"type": "Feature", "geometry": {"type": "Point", "coordinates": [110.371004, -7.818684]}, "properties": {"name": "Happy Buddha", "type": "Hostel", "category": "tempat_tinggal", "subcategory": "Guest House", "opening_hours": null, "operator": null, "osm_id": 6300830626}}, {"type": "Feature", "geometry": {"type": "Point", "coordinates": [110.371855, -7.813209]}, "properties": {"name": "Puri Ageng", "type": "Hotel", "category": "tempat_tinggal", "subcategory": "Hotel", "opening_hours": null, "operator": null, "osm_id": 4177878362}}, {"type": "Feature", "geometry": {"type": "Point", "coordinates": [110.378771, -7.802028]}, "properties": {"name": "Hotel Panorama", "type": "Hotel", "category": "tempat_tinggal", "subcategory": "Hotel", "opening_hours": null, "operator": null, "osm_id": 4278281582}}, {"type": "Feature", "geometry": {"type": "Point", "coordinates": [110.377183, -7.81039]}, "properties": {"name": "Hotel Prime Syailendra", "type": "Hotel", "category": "tempat_tinggal", "subcategory": "Hotel", "opening_hours": null, "operator": null, "osm_id": 3782251857}}, {"type": "Feature", "geometry": {"type": "Point", "coordinates": [110.377945, -7.810673]}, "properties": {"name": "Omah Permadi", "type": "Hotel", "category": "tempat_tinggal", "subcategory": "Hotel", "opening_hours": null, "operator": null, "osm_id": 9835611291}}, {"type": "Feature", "geometry": {"type": "Point", "coordinates": [110.169498, -7.86265]}, "properties": {"name": "Rumah Bu Siwi", "type": "Guest House", "category": "tempat_tinggal", "subcategory": "Guest House", "opening_hours": null, "operator": null, "osm_id": 11084765924}}, {"type": "Feature", "geometry": {"type": "Point", "coordinates": [110.367518, -7.811921]}, "properties": {"name": "Ndalem Diajeng", "type": "Guest House", "category": "tempat_tinggal", "subcategory": "Guest House", "opening_hours": null, "operator": null, "osm_id": 7117199310}}, {"type": "Feature", "geometry": {"type": "Point", "coordinates": [110.359528, -7.80924]}, "properties": {"name": "Hostel", "type": "Hostel", "category": "tempat_tinggal", "subcategory": "Guest House", "opening_hours": null, "operator": null, "osm_id": 4564998322}}, {"type": "Feature", "geometry": {"type": "Point", "coordinates": [110.362674, -7.80885]}, "properties": {"name": "Omah Konco Homestay", "type": "Guest House", "category": "tempat_tinggal", "subcategory": "Guest House", "opening_hours": null, "operator": null, "osm_id": 7117116848}}, {"type": "Feature", "geometry": {"type": "Point", "coordinates": [110.330282, -7.798077]}, "properties": {"name": "The Amartya Hotel Yogyakarta", "type": "Hotel", "category": "tempat_tinggal", "subcategory": "Hotel", "opening_hours": null, "operator": null, "osm_id": 9835194948}}, {"type": "Feature", "geometry": {"type": "Point", "coordinates": [110.351573, -7.811993]}, "properties": {"name": "Bugisan", "type": "Hotel", "category": "tempat_tinggal", "subcategory": "Hotel", "opening_hours": null, "operator": null, "osm_id": 3600247125}}, {"type": "Feature", "geometry": {"type": "Point", "coordinates": [110.358281, -7.793045]}, "properties": {"name": "OYO 1626 Alena Residence", "type": "Hotel", "category": "tempat_tinggal", "subcategory": "Hotel", "opening_hours": null, "operator": null, "osm_id": 9824030311}}, {"type": "Feature", "geometry": {"type": "Point", "coordinates": [110.357759, -7.800651]}, "properties": {"name": "Yogyakarta Backpacker - Casa Raffles", "type": "Hostel", "category": "tempat_tinggal", "subcategory": "Guest House", "opening_hours": null, "operator": null, "osm_id": 5303125639}}, {"type": "Feature", "geometry": {"type": "Point", "coordinates": [110.437282, -7.782898]}, "properties": {"name": "Platinum", "type": "Hotel", "category": "tempat_tinggal", "subcategory": "Hotel", "opening_hours": null, "operator": null, "osm_id": 9725891946}}, {"type": "Feature", "geometry": {"type": "Point", "coordinates": [110.449594, -7.782567]}, "properties": {"name": "Hotel Srikandi Bandara", "type": "Hotel", "category": "tempat_tinggal", "subcategory": "Hotel", "opening_hours": null, "operator": null, "osm_id": 9843367883}}, {"type": "Feature", "geometry": {"type": "Point", "coordinates": [110.446172, -7.783985]}, "properties": {"name": "Hotel Wijaya", "type": "Hotel", "category": "tempat_tinggal", "subcategory": "Hotel", "opening_hours": null, "operator": null, "osm_id": 9859649452}}, {"type": "Feature", "geometry": {"type": "Point", "coordinates": [110.364991, -7.754296]}, "properties": {"name": "Kos Pak Sambudi", "type": "Guest House", "category": "tempat_tinggal", "subcategory": "Guest House", "opening_hours": null, "operator": null, "osm_id": 12357632947}}, {"type": "Feature", "geometry": {"type": "Point", "coordinates": [110.364893, -7.754453]}, "properties": {"name": "Kedai Makan Edelweyz", "type": "Guest House", "category": "tempat_tinggal", "subcategory": "Guest House", "opening_hours": null, "operator": null, "osm_id": 12357632952}}, {"type": "Feature", "geometry": {"type": "Point", "coordinates": [110.365165, -7.754377]}, "properties": {"name": "KOS WIJAYA", "type": "Guest House", "category": "tempat_tinggal", "subcategory": "Guest House", "opening_hours": null, "operator": null, "osm_id": 12357632953}}, {"type": "Feature", "geometry": {"type": "Point", "coordinates": [110.365653, -7.754199]}, "properties": {"name": "Kos Pak Roso", "type": "Guest House", "category": "tempat_tinggal", "subcategory": "Guest House", "opening_hours": null, "operator": null, "osm_id": 12357632958}}, {"type": "Feature", "geometry": {"type": "Point", "coordinates": [110.365024, -7.754855]}, "properties": {"name": "Kost Muslimah A3 Perum Mranggen Lama", "type": "Guest House", "category": "tempat_tinggal", "subcategory": "Guest House", "opening_hours": null, "operator": null, "osm_id": 12357632970}}, {"type": "Feature", "geometry": {"type": "Point", "coordinates": [110.365177, -7.754873]}, "properties": {"name": "Kost Yoyafir", "type": "Guest House", "category": "tempat_tinggal", "subcategory": "Guest House", "opening_hours": null, "operator": null, "osm_id": 12357632971}}, {"type": "Feature", "geometry": {"type": "Point", "coordinates": [110.3656, -7.755196]}, "properties": {"name": "Mranggen Mansion", "type": "Guest House", "category": "tempat_tinggal", "subcategory": "Guest House", "opening_hours": null, "operator": null, "osm_id": 12357632976}}, {"type": "Feature", "geometry": {"type": "Point", "coordinates": [110.366175, -7.756842]}, "properties": {"name": "paviliun laris mulya", "type": "Guest House", "category": "tempat_tinggal", "subcategory": "Guest House", "opening_hours": null, "operator": null, "osm_id": 12357671704}}, {"type": "Feature", "geometry": {"type": "Point", "coordinates": [110.365778, -7.755399]}, "properties": {"name": "penginapan dgs suplier", "type": "Guest House", "category": "tempat_tinggal", "subcategory": "Guest House", "opening_hours": null, "operator": null, "osm_id": 12357642464}}, {"type": "Feature", "geometry": {"type": "Point", "coordinates": [110.366104, -7.757505]}, "properties": {"name": "kontrakan bulu bulu", "type": "Guest House", "category": "tempat_tinggal", "subcategory": "Guest House", "opening_hours": null, "operator": null, "osm_id": 12357642467}}, {"type": "Feature", "geometry": {"type": "Point", "coordinates": [110.366124, -7.757383]}, "properties": {"name": "kontrakan mbak pur", "type": "Guest House", "category": "tempat_tinggal", "subcategory": "Guest House", "opening_hours": null, "operator": null, "osm_id": 12357642468}}, {"type": "Feature", "geometry": {"type": "Point", "coordinates": [110.36488, -7.755208]}, "properties": {"name": "ndalem susilo", "type": "Guest House", "category": "tempat_tinggal", "subcategory": "Guest House", "opening_hours": null, "operator": null, "osm_id": 12357642477}}, {"type": "Feature", "geometry": {"type": "Point", "coordinates": [110.366229, -7.756172]}, "properties": {"name": "athome kost", "type": "Guest House", "category": "tempat_tinggal", "subcategory": "Guest House", "opening_hours": null, "operator": null, "osm_id": 12357642493}}, {"type": "Feature", "geometry": {"type": "Point", "coordinates": [110.365822, -7.757204]}, "properties": {"name": "homee 3p", "type": "Guest House", "category": "tempat_tinggal", "subcategory": "Guest House", "opening_hours": null, "operator": null, "osm_id": 12357671702}}, {"type": "Feature", "geometry": {"type": "Point", "coordinates": [110.366085, -7.751209]}, "properties": {"name": "Kost war Wur", "type": "Guest House", "category": "tempat_tinggal", "subcategory": "Guest House", "opening_hours": null, "operator": null, "osm_id": 12357578898}}, {"type": "Feature", "geometry": {"type": "Point", "coordinates": [110.366331, -7.752339]}, "properties": {"name": "Qos-ku 146", "type": "Guest House", "category": "tempat_tinggal", "subcategory": "Guest House", "opening_hours": null, "operator": null, "osm_id": 12357612401}}, {"type": "Feature", "geometry": {"type": "Point", "coordinates": [110.365283, -7.753125]}, "properties": {"name": "Kos Lingga Luvi", "type": "Guest House", "category": "tempat_tinggal", "subcategory": "Guest House", "opening_hours": null, "operator": null, "osm_id": 12357612414}}, {"type": "Feature", "geometry": {"type": "Point", "coordinates": [110.366019, -7.753144]}, "properties": {"name": "SUKA KOST", "type": "Guest House", "category": "tempat_tinggal", "subcategory": "Guest House", "opening_hours": null, "operator": null, "osm_id": 12357612415}}, {"type": "Feature", "geometry": {"type": "Point", "coordinates": [110.363188, -7.758662]}, "properties": {"name": "Guest House Aster", "type": "Guest House", "category": "tempat_tinggal", "subcategory": "Guest House", "opening_hours": null, "operator": null, "osm_id": 12357538041}}, {"type": "Feature", "geometry": {"type": "Point", "coordinates": [110.364116, -7.760896]}, "properties": {"name": "Kost Kataji", "type": "Guest House", "category": "tempat_tinggal", "subcategory": "Guest House", "opening_hours": null, "operator": null, "osm_id": 12357538043}}, {"type": "Feature", "geometry": {"type": "Point", "coordinates": [110.363785, -7.760384]}, "properties": {"name": "Kos Putra", "type": "Guest House", "category": "tempat_tinggal", "subcategory": "Guest House", "opening_hours": null, "operator": null, "osm_id": 12357538051}}, {"type": "Feature", "geometry": {"type": "Point", "coordinates": [110.364334, -7.758915]}, "properties": {"name": "Kos Alfariz Megamnedung", "type": "Guest House", "category": "tempat_tinggal", "subcategory": "Guest House", "opening_hours": null, "operator": null, "osm_id": 12357538055}}, {"type": "Feature", "geometry": {"type": "Point", "coordinates": [110.364614, -7.758873]}, "properties": {"name": "Kos Putra ar-Razzan", "type": "Guest House", "category": "tempat_tinggal", "subcategory": "Guest House", "opening_hours": null, "operator": null, "osm_id": 12357538056}}, {"type": "Feature", "geometry": {"type": "Point", "coordinates": [110.365673, -7.759346]}, "properties": {"name": "Kos Putra Jaya Laza", "type": "Guest House", "category": "tempat_tinggal", "subcategory": "Guest House", "opening_hours": null, "operator": null, "osm_id": 12357538057}}, {"type": "Feature", "geometry": {"type": "Point", "coordinates": [110.365295, -7.758151]}, "properties": {"name": "Homestay Podhomor", "type": "Guest House", "category": "tempat_tinggal", "subcategory": "Guest House", "opening_hours": null, "operator": null, "osm_id": 12357538061}}, {"type": "Feature", "geometry": {"type": "Point", "coordinates": [110.364063, -7.757706]}, "properties": {"name": "Griya Garfita Mranggen", "type": "Guest House", "category": "tempat_tinggal", "subcategory": "Guest House", "opening_hours": null, "operator": null, "osm_id": 12357628724}}, {"type": "Feature", "geometry": {"type": "Point", "coordinates": [110.36437, -7.755836]}, "properties": {"name": "Bale Tradian Homestay", "type": "Guest House", "category": "tempat_tinggal", "subcategory": "Guest House", "opening_hours": null, "operator": null, "osm_id": 12357595298}}, {"type": "Feature", "geometry": {"type": "Point", "coordinates": [110.365186, -7.756272]}, "properties": {"name": "Kos Putra & Paviliun Oma", "type": "Guest House", "category": "tempat_tinggal", "subcategory": "Guest House", "opening_hours": null, "operator": null, "osm_id": 12357647002}}, {"type": "Feature", "geometry": {"type": "Point", "coordinates": [110.36618, -7.750842]}, "properties": {"name": "TAJUGLORO.", "type": "Guest House", "category": "tempat_tinggal", "subcategory": "Guest House", "opening_hours": null, "operator": null, "osm_id": 12357566596}}, {"type": "Feature", "geometry": {"type": "Point", "coordinates": [110.369107, -7.757031]}, "properties": {"name": "Hotel", "type": "Hotel", "category": "tempat_tinggal", "subcategory": "Hotel", "opening_hours": null, "operator": null, "osm_id": 12298770182}}, {"type": "Feature", "geometry": {"type": "Point", "coordinates": [110.356272, -7.799349]}, "properties": {"name": "EDU", "type": "Hostel", "category": "tempat_tinggal", "subcategory": "Guest House", "opening_hours": null, "operator": null, "osm_id": 4212103389}}, {"type": "Feature", "geometry": {"type": "Point", "coordinates": [110.360952, -7.802107]}, "properties": {"name": "Sante Commune Hostel Yogyakarta", "type": "Hostel", "category": "tempat_tinggal", "subcategory": "Guest House", "opening_hours": "Mo-Su 07:00-23:00", "operator": null, "osm_id": 6426324790}}, {"type": "Feature", "geometry": {"type": "Point", "coordinates": [110.371101, -7.798663]}, "properties": {"name": "Hostel", "type": "Hostel", "category": "tempat_tinggal", "subcategory": "Guest House", "opening_hours": null, "operator": null, "osm_id": 5225015121}}, {"type": "Feature", "geometry": {"type": "Point", "coordinates": [110.369736, -7.80729]}, "properties": {"name": "KPY Creativ Space", "type": "Hostel", "category": "tempat_tinggal", "subcategory": "Guest House", "opening_hours": "24/7", "operator": null, "osm_id": 5894541992}}, {"type": "Feature", "geometry": {"type": "Point", "coordinates": [110.360983, -7.802598]}, "properties": {"name": "omah gerjen", "type": "Hostel", "category": "tempat_tinggal", "subcategory": "Guest House", "opening_hours": null, "operator": null, "osm_id": 5977677785}}, {"type": "Feature", "geometry": {"type": "Point", "coordinates": [110.360799, -7.806806]}, "properties": {"name": "BSH (Bu Sud's House)", "type": "Hotel", "category": "tempat_tinggal", "subcategory": "Hotel", "opening_hours": null, "operator": null, "osm_id": 11791998169}}, {"type": "Feature", "geometry": {"type": "Point", "coordinates": [110.368051, -7.810596]}, "properties": {"name": "Ndalem Sarengat", "type": "Guest House", "category": "tempat_tinggal", "subcategory": "Guest House", "opening_hours": null, "operator": null, "osm_id": 12727127901}}, {"type": "Feature", "geometry": {"type": "Point", "coordinates": [110.371084, -7.816077]}, "properties": {"name": "Renjana Bed & Breakfast", "type": "Guest House", "category": "tempat_tinggal", "subcategory": "Guest House", "opening_hours": null, "operator": null, "osm_id": 12473282634}}, {"type": "Feature", "geometry": {"type": "Point", "coordinates": [110.365904, -7.817864]}, "properties": {"name": "The Backyard Hostel", "type": "Hostel", "category": "tempat_tinggal", "subcategory": "Guest House", "opening_hours": null, "operator": null, "osm_id": 12468697905}}, {"type": "Feature", "geometry": {"type": "Point", "coordinates": [110.369487, -7.818879]}, "properties": {"name": "Tropis Homestay", "type": "Guest House", "category": "tempat_tinggal", "subcategory": "Guest House", "opening_hours": null, "operator": null, "osm_id": 3377547360}}, {"type": "Feature", "geometry": {"type": "Point", "coordinates": [110.372381, -7.819487]}, "properties": {"name": "Pandanaran", "type": "Hotel", "category": "tempat_tinggal", "subcategory": "Hotel", "opening_hours": null, "operator": null, "osm_id": 5318487964}}, {"type": "Feature", "geometry": {"type": "Point", "coordinates": [110.37277, -7.819547]}, "properties": {"name": "Sartika Hotel", "type": "Hotel", "category": "tempat_tinggal", "subcategory": "Hotel", "opening_hours": null, "operator": null, "osm_id": 11451288964}}, {"type": "Feature", "geometry": {"type": "Point", "coordinates": [110.364842, -7.816866]}, "properties": {"name": "Pondok Ijo", "type": "Guest House", "category": "tempat_tinggal", "subcategory": "Guest House", "opening_hours": null, "operator": "Villa Bougenville", "osm_id": 5432547502}}, {"type": "Feature", "geometry": {"type": "Point", "coordinates": [110.369091, -7.817]}, "properties": {"name": "Nextdoor Homestay", "type": "Guest House", "category": "tempat_tinggal", "subcategory": "Guest House", "opening_hours": null, "operator": null, "osm_id": 6855834428}}, {"type": "Feature", "geometry": {"type": "Point", "coordinates": [110.372494, -7.818316]}, "properties": {"name": "Indah Palace", "type": "Hotel", "category": "tempat_tinggal", "subcategory": "Hotel", "opening_hours": null, "operator": null, "osm_id": 2257634218}}, {"type": "Feature", "geometry": {"type": "Point", "coordinates": [110.364229, -7.81725]}, "properties": {"name": "Pondok terra", "type": "Hotel", "category": "tempat_tinggal", "subcategory": "Hotel", "opening_hours": null, "operator": null, "osm_id": 1652990181}}, {"type": "Feature", "geometry": {"type": "Point", "coordinates": [110.368534, -7.817516]}, "properties": {"name": "Rumah Kalpataru", "type": "Guest House", "category": "tempat_tinggal", "subcategory": "Guest House", "opening_hours": null, "operator": null, "osm_id": 13355366602}}, {"type": "Feature", "geometry": {"type": "Point", "coordinates": [110.366182, -7.813238]}, "properties": {"name": "Omah Siliran Heritage", "type": "Hotel", "category": "tempat_tinggal", "subcategory": "Hotel", "opening_hours": null, "operator": null, "osm_id": 13373480001}}, {"type": "Feature", "geometry": {"type": "Point", "coordinates": [110.360939, -7.811761]}, "properties": {"name": "ichan house", "type": "Guest House", "category": "tempat_tinggal", "subcategory": "Guest House", "opening_hours": null, "operator": null, "osm_id": 4441696190}}, {"type": "Feature", "geometry": {"type": "Point", "coordinates": [110.365137, -7.81253]}, "properties": {"name": "The Cozy Nest", "type": "Hostel", "category": "tempat_tinggal", "subcategory": "Guest House", "opening_hours": null, "operator": null, "osm_id": 5372687423}}, {"type": "Feature", "geometry": {"type": "Point", "coordinates": [110.364721, -7.812378]}, "properties": {"name": "Cozy Nest Hostel Yogyakarta", "type": "Hostel", "category": "tempat_tinggal", "subcategory": "Guest House", "opening_hours": "24/7", "operator": "Ades", "osm_id": 5374694121}}, {"type": "Feature", "geometry": {"type": "Point", "coordinates": [110.364834, -7.813111]}, "properties": {"name": "Griya Asih", "type": "Guest House", "category": "tempat_tinggal", "subcategory": "Guest House", "opening_hours": null, "operator": null, "osm_id": 5903606985}}, {"type": "Feature", "geometry": {"type": "Point", "coordinates": [110.371957, -7.818538]}, "properties": {"name": "Gorga Hostel", "type": "Hostel", "category": "tempat_tinggal", "subcategory": "Guest House", "opening_hours": null, "operator": null, "osm_id": 11061583707}}, {"type": "Feature", "geometry": {"type": "Point", "coordinates": [110.361768, -7.817421]}, "properties": {"name": "Ranasa Hostel Yogyakarta", "type": "Hostel", "category": "tempat_tinggal", "subcategory": "Guest House", "opening_hours": null, "operator": null, "osm_id": 11876212070}}, {"type": "Feature", "geometry": {"type": "Point", "coordinates": [110.366071, -7.752226]}, "properties": {"name": "Kost Bu Parni", "type": "Guest House", "category": "tempat_tinggal", "subcategory": "Guest House", "opening_hours": null, "operator": null, "osm_id": 12357578893}}, {"type": "Feature", "geometry": {"type": "Point", "coordinates": [110.36487, -7.755626]}, "properties": {"name": "Kos Pak Ngadirin", "type": "Guest House", "category": "tempat_tinggal", "subcategory": "Guest House", "opening_hours": null, "operator": null, "osm_id": 12357647001}}, {"type": "Feature", "geometry": {"type": "Point", "coordinates": [110.365399, -7.754257]}, "properties": {"name": "Kost Pak Rodjikin", "type": "Guest House", "category": "tempat_tinggal", "subcategory": "Guest House", "opening_hours": null, "operator": null, "osm_id": 12357632954}}, {"type": "Feature", "geometry": {"type": "Point", "coordinates": [110.366127, -7.754667]}, "properties": {"name": "JOS Bale", "type": "Guest House", "category": "tempat_tinggal", "subcategory": "Guest House", "opening_hours": null, "operator": null, "osm_id": 12357632963}}, {"type": "Feature", "geometry": {"type": "Point", "coordinates": [110.364529, -7.755195]}, "properties": {"name": "kost putri msulimah azkayra", "type": "Guest House", "category": "tempat_tinggal", "subcategory": "Guest House", "opening_hours": null, "operator": null, "osm_id": 12357642473}}, {"type": "Feature", "geometry": {"type": "Point", "coordinates": [110.364783, -7.755176]}, "properties": {"name": "kost bu prapto", "type": "Guest House", "category": "tempat_tinggal", "subcategory": "Guest House", "opening_hours": null, "operator": null, "osm_id": 12357642476}}, {"type": "Feature", "geometry": {"type": "Point", "coordinates": [110.366377, -7.755861]}, "properties": {"name": "zhafira kost kutu tegal", "type": "Guest House", "category": "tempat_tinggal", "subcategory": "Guest House", "opening_hours": null, "operator": null, "osm_id": 12357642483}}, {"type": "Feature", "geometry": {"type": "Point", "coordinates": [110.364361, -7.755822]}, "properties": {"name": "bale tardian homestay", "type": "Guest House", "category": "tempat_tinggal", "subcategory": "Guest House", "opening_hours": null, "operator": null, "osm_id": 12357642487}}, {"type": "Feature", "geometry": {"type": "Point", "coordinates": [110.366023, -7.756002]}, "properties": {"name": "kost putri bintang", "type": "Guest House", "category": "tempat_tinggal", "subcategory": "Guest House", "opening_hours": null, "operator": null, "osm_id": 12357642491}}, {"type": "Feature", "geometry": {"type": "Point", "coordinates": [110.366231, -7.752262]}, "properties": {"name": "Kos Afi Julantari", "type": "Guest House", "category": "tempat_tinggal", "subcategory": "Guest House", "opening_hours": null, "operator": null, "osm_id": 12357578894}}, {"type": "Feature", "geometry": {"type": "Point", "coordinates": [110.365477, -7.752576]}, "properties": {"name": "Kost Candra", "type": "Guest House", "category": "tempat_tinggal", "subcategory": "Guest House", "opening_hours": null, "operator": null, "osm_id": 12357612407}}, {"type": "Feature", "geometry": {"type": "Point", "coordinates": [110.365063, -7.75337]}, "properties": {"name": "Kost Putri Bu Icuk", "type": "Guest House", "category": "tempat_tinggal", "subcategory": "Guest House", "opening_hours": null, "operator": null, "osm_id": 12357606617}}, {"type": "Feature", "geometry": {"type": "Point", "coordinates": [110.36486, -7.761317]}, "properties": {"name": "Kos Pintu Orange", "type": "Guest House", "category": "tempat_tinggal", "subcategory": "Guest House", "opening_hours": null, "operator": null, "osm_id": 12357538048}}, {"type": "Feature", "geometry": {"type": "Point", "coordinates": [110.364077, -7.758823]}, "properties": {"name": "Kos TISAGA", "type": "Guest House", "category": "tempat_tinggal", "subcategory": "Guest House", "opening_hours": null, "operator": null, "osm_id": 12357538054}}, {"type": "Feature", "geometry": {"type": "Point", "coordinates": [110.366045, -7.757869]}, "properties": {"name": "Rumah Kirana", "type": "Guest House", "category": "tempat_tinggal", "subcategory": "Guest House", "opening_hours": null, "operator": null, "osm_id": 12357538067}}, {"type": "Feature", "geometry": {"type": "Point", "coordinates": [110.365722, -7.751527]}, "properties": {"name": "Kos Putra Bmth", "type": "Guest House", "category": "tempat_tinggal", "subcategory": "Guest House", "opening_hours": null, "operator": null, "osm_id": 12357573602}}, {"type": "Feature", "geometry": {"type": "Point", "coordinates": [110.366153, -7.751052]}, "properties": {"name": "Sugar Guest House 2", "type": "Guest House", "category": "tempat_tinggal", "subcategory": "Guest House", "opening_hours": null, "operator": null, "osm_id": 12357566597}}, {"type": "Feature", "geometry": {"type": "Point", "coordinates": [110.365395, -7.750955]}, "properties": {"name": "Kost JOMBRO", "type": "Guest House", "category": "tempat_tinggal", "subcategory": "Guest House", "opening_hours": null, "operator": null, "osm_id": 12357566600}}, {"type": "Feature", "geometry": {"type": "Point", "coordinates": [110.427576, -7.602952]}, "properties": {"name": "Abadi", "type": "Guest House", "category": "tempat_tinggal", "subcategory": "Guest House", "opening_hours": null, "operator": null, "osm_id": 3661146382}}, {"type": "Feature", "geometry": {"type": "Point", "coordinates": [110.428228, -7.601306]}, "properties": {"name": "Mentorogo", "type": "Guest House", "category": "tempat_tinggal", "subcategory": "Guest House", "opening_hours": null, "operator": null, "osm_id": 3661147634}}, {"type": "Feature", "geometry": {"type": "Point", "coordinates": [110.424854, -7.599682]}, "properties": {"name": "Hotel Rayu Manis", "type": "Guest House", "category": "tempat_tinggal", "subcategory": "Guest House", "opening_hours": null, "operator": null, "osm_id": 3661146416}}, {"type": "Feature", "geometry": {"type": "Point", "coordinates": [110.425726, -7.600052]}, "properties": {"name": "Arimbi", "type": "Guest House", "category": "tempat_tinggal", "subcategory": "Guest House", "opening_hours": null, "operator": null, "osm_id": 3661146388}}, {"type": "Feature", "geometry": {"type": "Point", "coordinates": [110.423707, -7.599]}, "properties": {"name": "Mawar", "type": "Guest House", "category": "tempat_tinggal", "subcategory": "Guest House", "opening_hours": null, "operator": null, "osm_id": 3661147631}}, {"type": "Feature", "geometry": {"type": "Point", "coordinates": [110.428839, -7.59915]}, "properties": {"name": "Margo Asih", "type": "Guest House", "category": "tempat_tinggal", "subcategory": "Guest House", "opening_hours": null, "operator": null, "osm_id": 3661147629}}, {"type": "Feature", "geometry": {"type": "Point", "coordinates": [110.430419, -7.598205]}, "properties": {"name": "Rinjani", "type": "Guest House", "category": "tempat_tinggal", "subcategory": "Guest House", "opening_hours": null, "operator": null, "osm_id": 3661199900}}, {"type": "Feature", "geometry": {"type": "Point", "coordinates": [110.427676, -7.598494]}, "properties": {"name": "Merapi Hotel Villa", "type": "Guest House", "category": "tempat_tinggal", "subcategory": "Guest House", "opening_hours": null, "operator": null, "osm_id": 3661147635}}, {"type": "Feature", "geometry": {"type": "Point", "coordinates": [110.426884, -7.598303]}, "properties": {"name": "Hotel Joyo", "type": "Guest House", "category": "tempat_tinggal", "subcategory": "Guest House", "opening_hours": null, "operator": null, "osm_id": 3661146413}}, {"type": "Feature", "geometry": {"type": "Point", "coordinates": [110.428883, -7.598332]}, "properties": {"name": "Griya Nalendra", "type": "Hotel", "category": "tempat_tinggal", "subcategory": "Hotel", "opening_hours": null, "operator": null, "osm_id": 3661199890}}, {"type": "Feature", "geometry": {"type": "Point", "coordinates": [110.429192, -7.597734]}, "properties": {"name": "Sederhana", "type": "Guest House", "category": "tempat_tinggal", "subcategory": "Guest House", "opening_hours": null, "operator": null, "osm_id": 3661199901}}, {"type": "Feature", "geometry": {"type": "Point", "coordinates": [110.430436, -7.598123]}, "properties": {"name": "Sri Pratala", "type": "Guest House", "category": "tempat_tinggal", "subcategory": "Guest House", "opening_hours": null, "operator": null, "osm_id": 3661199904}}, {"type": "Feature", "geometry": {"type": "Point", "coordinates": [110.430388, -7.597378]}, "properties": {"name": "Nayoga", "type": "Guest House", "category": "tempat_tinggal", "subcategory": "Guest House", "opening_hours": null, "operator": null, "osm_id": 3661199897}}, {"type": "Feature", "geometry": {"type": "Point", "coordinates": [110.430458, -7.597613]}, "properties": {"name": "Setia", "type": "Guest House", "category": "tempat_tinggal", "subcategory": "Guest House", "opening_hours": null, "operator": null, "osm_id": 3661199902}}, {"type": "Feature", "geometry": {"type": "Point", "coordinates": [110.42618, -7.596748]}, "properties": {"name": "Vila van Resink", "type": "Guest House", "category": "tempat_tinggal", "subcategory": "Guest House", "opening_hours": null, "operator": null, "osm_id": 3661199907}}, {"type": "Feature", "geometry": {"type": "Point", "coordinates": [110.430142, -7.59665]}, "properties": {"name": "Yoga Mandiri 1", "type": "Guest House", "category": "tempat_tinggal", "subcategory": "Guest House", "opening_hours": null, "operator": null, "osm_id": 3661199913}}, {"type": "Feature", "geometry": {"type": "Point", "coordinates": [110.430108, -7.596572]}, "properties": {"name": "Anjasmara", "type": "Guest House", "category": "tempat_tinggal", "subcategory": "Guest House", "opening_hours": null, "operator": null, "osm_id": 3661199888}}, {"type": "Feature", "geometry": {"type": "Point", "coordinates": [110.430095, -7.596522]}, "properties": {"name": "Karya Mulia", "type": "Guest House", "category": "tempat_tinggal", "subcategory": "Guest House", "opening_hours": null, "operator": null, "osm_id": 3661199892}}, {"type": "Feature", "geometry": {"type": "Point", "coordinates": [110.430063, -7.596428]}, "properties": {"name": "Lariza", "type": "Guest House", "category": "tempat_tinggal", "subcategory": "Guest House", "opening_hours": null, "operator": null, "osm_id": 3661199893}}, {"type": "Feature", "geometry": {"type": "Point", "coordinates": [110.429058, -7.596365]}, "properties": {"name": "Madukoro 2", "type": "Guest House", "category": "tempat_tinggal", "subcategory": "Guest House", "opening_hours": null, "operator": null, "osm_id": 3661199895}}, {"type": "Feature", "geometry": {"type": "Point", "coordinates": [110.429071, -7.596436]}, "properties": {"name": "Sri Handayani", "type": "Guest House", "category": "tempat_tinggal", "subcategory": "Guest House", "opening_hours": null, "operator": null, "osm_id": 3661199903}}, {"type": "Feature", "geometry": {"type": "Point", "coordinates": [110.429075, -7.596494]}, "properties": {"name": "Sri Rejeki", "type": "Guest House", "category": "tempat_tinggal", "subcategory": "Guest House", "opening_hours": null, "operator": null, "osm_id": 3661199905}}, {"type": "Feature", "geometry": {"type": "Point", "coordinates": [110.4294, -7.595666]}, "properties": {"name": "Hotel Wismancala", "type": "Guest House", "category": "tempat_tinggal", "subcategory": "Guest House", "opening_hours": null, "operator": null, "osm_id": 3661199891}}, {"type": "Feature", "geometry": {"type": "Point", "coordinates": [110.429699, -7.595296]}, "properties": {"name": "Srikandi", "type": "Guest House", "category": "tempat_tinggal", "subcategory": "Guest House", "opening_hours": null, "operator": null, "osm_id": 3661199906}}, {"type": "Feature", "geometry": {"type": "Point", "coordinates": [110.430315, -7.594829]}, "properties": {"name": "Wisma Hargo", "type": "Guest House", "category": "tempat_tinggal", "subcategory": "Guest House", "opening_hours": null, "operator": null, "osm_id": 3661199912}}, {"type": "Feature", "geometry": {"type": "Point", "coordinates": [110.430614, -7.594117]}, "properties": {"name": "Wisma Emalta", "type": "Guest House", "category": "tempat_tinggal", "subcategory": "Guest House", "opening_hours": null, "operator": null, "osm_id": 3661199910}}, {"type": "Feature", "geometry": {"type": "Point", "coordinates": [110.388224, -7.801451]}, "properties": {"name": "favehotel Kusumanegara", "type": "Hotel", "category": "tempat_tinggal", "subcategory": "Hotel", "opening_hours": null, "operator": null, "osm_id": 3472798344}}, {"type": "Feature", "geometry": {"type": "Point", "coordinates": [110.377257, -7.763455]}, "properties": {"name": "Asrama Ratnaningsih Kinanti 1 UGM", "type": "Hostel", "category": "tempat_tinggal", "subcategory": "Guest House", "opening_hours": null, "operator": null, "osm_id": 12854937380}}, {"type": "Feature", "geometry": {"type": "Point", "coordinates": [110.365412, -7.759301]}, "properties": {"name": "Kos Putri Kenyo Ayu", "type": "Guest House", "category": "tempat_tinggal", "subcategory": "Guest House", "opening_hours": null, "operator": "Juan", "osm_id": 12357538058}}, {"type": "Feature", "geometry": {"type": "Point", "coordinates": [110.365747, -7.757985]}, "properties": {"name": "Tree Residence", "type": "Guest House", "category": "tempat_tinggal", "subcategory": "Guest House", "opening_hours": null, "operator": "Juan", "osm_id": 12357538065}}, {"type": "Feature", "geometry": {"type": "Point", "coordinates": [110.366041, -7.758744]}, "properties": {"name": "Kos Atap Biru", "type": "Guest House", "category": "tempat_tinggal", "subcategory": "Guest House", "opening_hours": null, "operator": "Juan", "osm_id": 12357538063}}, {"type": "Feature", "geometry": {"type": "Point", "coordinates": [110.383507, -7.761472]}, "properties": {"name": "Athaya Hotel Jogja", "type": "Hotel", "category": "tempat_tinggal", "subcategory": "Hotel", "opening_hours": null, "operator": null, "osm_id": 6009385282}}, {"type": "Feature", "geometry": {"type": "Point", "coordinates": [110.390242, -7.77339]}, "properties": {"name": "Pendowo Huis", "type": "Hotel", "category": "tempat_tinggal", "subcategory": "Hotel", "opening_hours": null, "operator": null, "osm_id": 12106220502}}, {"type": "Feature", "geometry": {"type": "Point", "coordinates": [110.380488, -7.829727]}, "properties": {"name": "Kos Hijau BP", "type": "Hostel", "category": "tempat_tinggal", "subcategory": "Guest House", "opening_hours": null, "operator": null, "osm_id": 12583035076}}, {"type": "Feature", "geometry": {"type": "Point", "coordinates": [110.365002, -7.818653]}, "properties": {"name": "RedDoorz", "type": "Guest House", "category": "tempat_tinggal", "subcategory": "Guest House", "opening_hours": null, "operator": null, "osm_id": 5836038318}}, {"type": "Feature", "geometry": {"type": "Point", "coordinates": [110.360865, -7.818632]}, "properties": {"name": "Ma Casa Es Tu Casa", "type": "Guest House", "category": "tempat_tinggal", "subcategory": "Guest House", "opening_hours": null, "operator": null, "osm_id": 4326459990}}, {"type": "Feature", "geometry": {"type": "Point", "coordinates": [110.368594, -7.819065]}, "properties": {"name": "Wisam Gajah", "type": "Hotel", "category": "tempat_tinggal", "subcategory": "Hotel", "opening_hours": null, "operator": null, "osm_id": 4946718522}}, {"type": "Feature", "geometry": {"type": "Point", "coordinates": [110.368942, -7.819114]}, "properties": {"name": "Airlangga", "type": "Hotel", "category": "tempat_tinggal", "subcategory": "Hotel", "opening_hours": null, "operator": null, "osm_id": 4946698256}}, {"type": "Feature", "geometry": {"type": "Point", "coordinates": [110.367547, -7.818382]}, "properties": {"name": "A&A B&B", "type": "Hostel", "category": "tempat_tinggal", "subcategory": "Guest House", "opening_hours": null, "operator": null, "osm_id": 4194479189}}, {"type": "Feature", "geometry": {"type": "Point", "coordinates": [110.361461, -7.817692]}, "properties": {"name": "OstiC hostel", "type": "Hostel", "category": "tempat_tinggal", "subcategory": "Guest House", "opening_hours": null, "operator": null, "osm_id": 4279473389}}, {"type": "Feature", "geometry": {"type": "Point", "coordinates": [110.359734, -7.816891]}, "properties": {"name": "Hotel Brongto", "type": "Hotel", "category": "tempat_tinggal", "subcategory": "Hotel", "opening_hours": null, "operator": null, "osm_id": 2093265444}}, {"type": "Feature", "geometry": {"type": "Point", "coordinates": [110.359191, -7.816313]}, "properties": {"name": "Luwabica Art n Coffee House", "type": "Guest House", "category": "tempat_tinggal", "subcategory": "Guest House", "opening_hours": null, "operator": null, "osm_id": 4269549591}}, {"type": "Feature", "geometry": {"type": "Point", "coordinates": [110.366589, -7.814717]}, "properties": {"name": "Puspita", "type": "Hotel", "category": "tempat_tinggal", "subcategory": "Hotel", "opening_hours": null, "operator": null, "osm_id": 3256672764}}, {"type": "Feature", "geometry": {"type": "Point", "coordinates": [110.36639, -7.814635]}, "properties": {"name": "Posein", "type": "Hotel", "category": "tempat_tinggal", "subcategory": "Hotel", "opening_hours": null, "operator": null, "osm_id": 3256672771}}, {"type": "Feature", "geometry": {"type": "Point", "coordinates": [110.367936, -7.814181]}, "properties": {"name": "Abrakadabra", "type": "Hostel", "category": "tempat_tinggal", "subcategory": "Guest House", "opening_hours": null, "operator": null, "osm_id": 10188396617}}, {"type": "Feature", "geometry": {"type": "Point", "coordinates": [110.368837, -7.824221]}, "properties": {"name": "Dusun Jogja Village inn", "type": "Hotel", "category": "tempat_tinggal", "subcategory": "Hotel", "opening_hours": null, "operator": null, "osm_id": 1640517334}}, {"type": "Feature", "geometry": {"type": "Point", "coordinates": [110.367988, -7.821921]}, "properties": {"name": "Matahari", "type": "Hotel", "category": "tempat_tinggal", "subcategory": "Hotel", "opening_hours": null, "operator": null, "osm_id": 1654009037}}, {"type": "Feature", "geometry": {"type": "Point", "coordinates": [110.360282, -7.821934]}, "properties": {"name": "The Wayang Homestay", "type": "Guest House", "category": "tempat_tinggal", "subcategory": "Guest House", "opening_hours": null, "operator": null, "osm_id": 5847948755}}, {"type": "Feature", "geometry": {"type": "Point", "coordinates": [110.366511, -7.820564]}, "properties": {"name": "Venezia Garden Homestay", "type": "Hotel", "category": "tempat_tinggal", "subcategory": "Hotel", "opening_hours": null, "operator": null, "osm_id": 4338038990}}, {"type": "Feature", "geometry": {"type": "Point", "coordinates": [110.361956, -7.821214]}, "properties": {"name": "Ruba Graha", "type": "Hotel", "category": "tempat_tinggal", "subcategory": "Hotel", "opening_hours": null, "operator": null, "osm_id": 1654014636}}, {"type": "Feature", "geometry": {"type": "Point", "coordinates": [110.369088, -7.820036]}, "properties": {"name": "GreenHost Hotel", "type": "Hotel", "category": "tempat_tinggal", "subcategory": "Hotel", "opening_hours": null, "operator": null, "osm_id": 3585118450}}, {"type": "Feature", "geometry": {"type": "Point", "coordinates": [110.367285, -7.82004]}, "properties": {"name": "Rumah Eyang", "type": "Hotel", "category": "tempat_tinggal", "subcategory": "Hotel", "opening_hours": null, "operator": null, "osm_id": 6899374154}}, {"type": "Feature", "geometry": {"type": "Point", "coordinates": [110.367219, -7.819635]}, "properties": {"name": "Ndalem Mantrijeron", "type": "Hotel", "category": "tempat_tinggal", "subcategory": "Hotel", "opening_hours": null, "operator": null, "osm_id": 6899369099}}, {"type": "Feature", "geometry": {"type": "Point", "coordinates": [110.36719, -7.819652]}, "properties": {"name": "Ndaleman Mantrijeroan", "type": "Hotel", "category": "tempat_tinggal", "subcategory": "Hotel", "opening_hours": null, "operator": null, "osm_id": 6899347341}}, {"type": "Feature", "geometry": {"type": "Point", "coordinates": [110.368702, -7.819693]}, "properties": {"name": "Mercury", "type": "Hotel", "category": "tempat_tinggal", "subcategory": "Hotel", "opening_hours": null, "operator": null, "osm_id": 1640328040}}, {"type": "Feature", "geometry": {"type": "Point", "coordinates": [110.366297, -7.819868]}, "properties": {"name": "Maturnuwun", "type": "Guest House", "category": "tempat_tinggal", "subcategory": "Guest House", "opening_hours": null, "operator": null, "osm_id": 5225391851}}, {"type": "Feature", "geometry": {"type": "Point", "coordinates": [110.367097, -7.820039]}, "properties": {"name": "Winatasastra", "type": "Hotel", "category": "tempat_tinggal", "subcategory": "Hotel", "opening_hours": null, "operator": null, "osm_id": 6899266842}}, {"type": "Feature", "geometry": {"type": "Point", "coordinates": [110.347535, -7.826275]}, "properties": {"name": "Fort Hotel", "type": "Hotel", "category": "tempat_tinggal", "subcategory": "Hotel", "opening_hours": null, "operator": null, "osm_id": 3630324587}}, {"type": "Feature", "geometry": {"type": "Point", "coordinates": [110.341807, -7.822049]}, "properties": {"name": "Guest House", "type": "Guest House", "category": "tempat_tinggal", "subcategory": "Guest House", "opening_hours": null, "operator": null, "osm_id": 4368839693}}, {"type": "Feature", "geometry": {"type": "Point", "coordinates": [110.35839, -7.822633]}, "properties": {"name": "KOS GRIYA MBAMBANGAN", "type": "Hostel", "category": "tempat_tinggal", "subcategory": "Guest House", "opening_hours": null, "operator": "Bambang", "osm_id": 9391539689}}, {"type": "Feature", "geometry": {"type": "Point", "coordinates": [110.358117, -7.818155]}, "properties": {"name": "Jogja Dreams Bed and Breakfast", "type": "Guest House", "category": "tempat_tinggal", "subcategory": "Guest House", "opening_hours": null, "operator": null, "osm_id": 4393626789}}, {"type": "Feature", "geometry": {"type": "Point", "coordinates": [110.340284, -7.816992]}, "properties": {"name": "Jawajiwa Homestay", "type": "Guest House", "category": "tempat_tinggal", "subcategory": "Guest House", "opening_hours": null, "operator": null, "osm_id": 5059843835}}, {"type": "Feature", "geometry": {"type": "Point", "coordinates": [110.356339, -7.815548]}, "properties": {"name": "Tasik Jogja Hotel", "type": "Hotel", "category": "tempat_tinggal", "subcategory": "Hotel", "opening_hours": null, "operator": null, "osm_id": 9247001004}}, {"type": "Feature", "geometry": {"type": "Point", "coordinates": [110.356518, -7.80281]}, "properties": {"name": "Bunk Bed and Breakfast Hostel", "type": "Hostel", "category": "tempat_tinggal", "subcategory": "Guest House", "opening_hours": null, "operator": null, "osm_id": 4226633916}}, {"type": "Feature", "geometry": {"type": "Point", "coordinates": [110.368052, -7.792364]}, "properties": {"name": "Penak Malioboro", "type": "Hostel", "category": "tempat_tinggal", "subcategory": "Guest House", "opening_hours": null, "operator": null, "osm_id": 7117184675}}, {"type": "Feature", "geometry": {"type": "Point", "coordinates": [110.361954, -7.791243]}, "properties": {"name": "Wakeup Homestay", "type": "Hostel", "category": "tempat_tinggal", "subcategory": "Guest House", "opening_hours": null, "operator": null, "osm_id": 4364472392}}, {"type": "Feature", "geometry": {"type": "Point", "coordinates": [110.363727, -7.791129]}, "properties": {"name": "Lotus Losmen", "type": "Guest House", "category": "tempat_tinggal", "subcategory": "Guest House", "opening_hours": null, "operator": null, "osm_id": 4528072890}}, {"type": "Feature", "geometry": {"type": "Point", "coordinates": [110.365091, -7.791448]}, "properties": {"name": "Merbubu", "type": "Hotel", "category": "tempat_tinggal", "subcategory": "Hotel", "opening_hours": null, "operator": null, "osm_id": 5507247629}}, {"type": "Feature", "geometry": {"type": "Point", "coordinates": [110.359929, -7.791433]}, "properties": {"name": "Homy Backpackers Homestay Yogyakarta", "type": "Hostel", "category": "tempat_tinggal", "subcategory": "Guest House", "opening_hours": null, "operator": null, "osm_id": 9831930494}}, {"type": "Feature", "geometry": {"type": "Point", "coordinates": [110.364336, -7.791589]}, "properties": {"name": "Dewi Hostel", "type": "Hostel", "category": "tempat_tinggal", "subcategory": "Guest House", "opening_hours": null, "operator": null, "osm_id": 10647906400}}, {"type": "Feature", "geometry": {"type": "Point", "coordinates": [110.370742, -7.790796]}, "properties": {"name": "Laura's backpacker 523, nr 2", "type": "Hostel", "category": "tempat_tinggal", "subcategory": "Guest House", "opening_hours": null, "operator": null, "osm_id": 4217400845}}, {"type": "Feature", "geometry": {"type": "Point", "coordinates": [110.363691, -7.790925]}, "properties": {"name": "Betty losmen", "type": "Guest House", "category": "tempat_tinggal", "subcategory": "Guest House", "opening_hours": null, "operator": null, "osm_id": 2415513216}}, {"type": "Feature", "geometry": {"type": "Point", "coordinates": [110.365213, -7.790908]}, "properties": {"name": "105 Homestay", "type": "Guest House", "category": "tempat_tinggal", "subcategory": "Guest House", "opening_hours": null, "operator": null, "osm_id": 6679862338}}, {"type": "Feature", "geometry": {"type": "Point", "coordinates": [110.364106, -7.790704]}, "properties": {"name": "1001Malam", "type": "Hotel", "category": "tempat_tinggal", "subcategory": "Hotel", "opening_hours": null, "operator": null, "osm_id": 4361980601}}, {"type": "Feature", "geometry": {"type": "Point", "coordinates": [110.364114, -7.790743]}, "properties": {"name": "Anda Losmen", "type": "Guest House", "category": "tempat_tinggal", "subcategory": "Guest House", "opening_hours": null, "operator": null, "osm_id": 6679865106}}, {"type": "Feature", "geometry": {"type": "Point", "coordinates": [110.363773, -7.790728]}, "properties": {"name": "Hostel", "type": "Hostel", "category": "tempat_tinggal", "subcategory": "Guest House", "opening_hours": null, "operator": null, "osm_id": 9886327917}}, {"type": "Feature", "geometry": {"type": "Point", "coordinates": [110.363916, -7.790371]}, "properties": {"name": "Andrea Hotel", "type": "Hostel", "category": "tempat_tinggal", "subcategory": "Guest House", "opening_hours": null, "operator": null, "osm_id": 4183414489}}, {"type": "Feature", "geometry": {"type": "Point", "coordinates": [110.365443, -7.794995]}, "properties": {"name": "Bobobox", "type": "Hotel", "category": "tempat_tinggal", "subcategory": "Hotel", "opening_hours": null, "operator": null, "osm_id": 10658056005}}, {"type": "Feature", "geometry": {"type": "Point", "coordinates": [110.365073, -7.793954]}, "properties": {"name": "The Packer Lodge", "type": "Hostel", "category": "tempat_tinggal", "subcategory": "Guest House", "opening_hours": null, "operator": null, "osm_id": 5302095619}}, {"type": "Feature", "geometry": {"type": "Point", "coordinates": [110.370668, -7.804165]}, "properties": {"name": "Jasmine Heritage Homestay", "type": "Guest House", "category": "tempat_tinggal", "subcategory": "Guest House", "opening_hours": null, "operator": null, "osm_id": 5833839182}}, {"type": "Feature", "geometry": {"type": "Point", "coordinates": [110.396789, -7.767218]}, "properties": {"name": "OYO 1643 Grand Monica", "type": "Hotel", "category": "tempat_tinggal", "subcategory": "Hotel", "opening_hours": null, "operator": null, "osm_id": 1016460017}}, {"type": "Feature", "geometry": {"type": "Point", "coordinates": [110.388139, -7.767082]}, "properties": {"name": "Campus Inn Hotel Sleman", "type": "Hotel", "category": "tempat_tinggal", "subcategory": "Hotel", "opening_hours": null, "operator": null, "osm_id": 1016752120}}, {"type": "Feature", "geometry": {"type": "Point", "coordinates": [110.412718, -7.77478]}, "properties": {"name": "OYO 890 Dewi Fortuna Guest House", "type": "Guest House", "category": "tempat_tinggal", "subcategory": "Guest House", "opening_hours": null, "operator": null, "osm_id": 364058918}}, {"type": "Feature", "geometry": {"type": "Point", "coordinates": [110.37902, -7.779593]}, "properties": {"name": "Hotel Sala 3", "type": "Hotel", "category": "tempat_tinggal", "subcategory": "Hotel", "opening_hours": null, "operator": null, "osm_id": 319259507}}, {"type": "Feature", "geometry": {"type": "Point", "coordinates": [110.375727, -7.779515]}, "properties": {"name": "Guest House", "type": "Guest House", "category": "tempat_tinggal", "subcategory": "Guest House", "opening_hours": null, "operator": null, "osm_id": 122832553}}, {"type": "Feature", "geometry": {"type": "Point", "coordinates": [110.379298, -7.779908]}, "properties": {"name": "Carani Hotel", "type": "Hotel", "category": "tempat_tinggal", "subcategory": "Hotel", "opening_hours": null, "operator": null, "osm_id": 319259524}}, {"type": "Feature", "geometry": {"type": "Point", "coordinates": [110.375938, -7.780542]}, "properties": {"name": "Padma Amita Yogyakarta", "type": "Hotel", "category": "tempat_tinggal", "subcategory": "Hotel", "opening_hours": null, "operator": null, "osm_id": 631346193}}, {"type": "Feature", "geometry": {"type": "Point", "coordinates": [110.387058, -7.778988]}, "properties": {"name": "Puri Chorus Boutique Hotel", "type": "Hotel", "category": "tempat_tinggal", "subcategory": "Hotel", "opening_hours": null, "operator": null, "osm_id": 610149161}}, {"type": "Feature", "geometry": {"type": "Point", "coordinates": [110.389401, -7.778604]}, "properties": {"name": "Remen Room Bed & Breakfast Caturtunggal", "type": "Hostel", "category": "tempat_tinggal", "subcategory": "Guest House", "opening_hours": null, "operator": null, "osm_id": 610142567}}, {"type": "Feature", "geometry": {"type": "Point", "coordinates": [110.377881, -7.778588]}, "properties": {"name": "The Sleeping Room Hostel", "type": "Hostel", "category": "tempat_tinggal", "subcategory": "Guest House", "opening_hours": null, "operator": null, "osm_id": 362134281}}, {"type": "Feature", "geometry": {"type": "Point", "coordinates": [110.431774, -7.766845]}, "properties": {"name": "Innside by Meli\u00e3", "type": "Hotel", "category": "tempat_tinggal", "subcategory": "Hotel", "opening_hours": null, "operator": "Meli\u00e3 Hotels International, S.A.", "osm_id": 270034650}}, {"type": "Feature", "geometry": {"type": "Point", "coordinates": [110.399545, -7.780412]}, "properties": {"name": "D'royal Kost Eksklusif & Guest House", "type": "Guest House", "category": "tempat_tinggal", "subcategory": "Guest House", "opening_hours": null, "operator": null, "osm_id": 1017731766}}, {"type": "Feature", "geometry": {"type": "Point", "coordinates": [110.429979, -7.76624]}, "properties": {"name": "Wisma Cepaka Mulya 2 Meguwo", "type": "Hotel", "category": "tempat_tinggal", "subcategory": "Hotel", "opening_hours": null, "operator": null, "osm_id": 365560910}}, {"type": "Feature", "geometry": {"type": "Point", "coordinates": [110.411169, -7.778625]}, "properties": {"name": "Kost Putri Floraya", "type": "Hostel", "category": "tempat_tinggal", "subcategory": "Guest House", "opening_hours": null, "operator": null, "osm_id": 1016805227}}, {"type": "Feature", "geometry": {"type": "Point", "coordinates": [110.411241, -7.778903]}, "properties": {"name": "Royal Homy Syariah", "type": "Hotel", "category": "tempat_tinggal", "subcategory": "Hotel", "opening_hours": null, "operator": null, "osm_id": 365432465}}, {"type": "Feature", "geometry": {"type": "Point", "coordinates": [110.434878, -7.781309]}, "properties": {"name": "University Hotel", "type": "Hotel", "category": "tempat_tinggal", "subcategory": "Hotel", "opening_hours": null, "operator": null, "osm_id": 365281106}}, {"type": "Feature", "geometry": {"type": "Point", "coordinates": [110.387985, -7.780239]}, "properties": {"name": "All Nite & Day Hotel Gejayan Yogyakarta", "type": "Hotel", "category": "tempat_tinggal", "subcategory": "Hotel", "opening_hours": null, "operator": null, "osm_id": 610345601}}, {"type": "Feature", "geometry": {"type": "Point", "coordinates": [110.386808, -7.782834]}, "properties": {"name": "Hotel Horison Yogyakarta", "type": "Hotel", "category": "tempat_tinggal", "subcategory": "Hotel", "opening_hours": null, "operator": null, "osm_id": 610133087}}, {"type": "Feature", "geometry": {"type": "Point", "coordinates": [110.387305, -7.783849]}, "properties": {"name": "Hotel OGH Doni Jogja", "type": "Hotel", "category": "tempat_tinggal", "subcategory": "Hotel", "opening_hours": null, "operator": null, "osm_id": 610132556}}, {"type": "Feature", "geometry": {"type": "Point", "coordinates": [110.377541, -7.809474]}, "properties": {"name": "Hotel Wisanti", "type": "Hotel", "category": "tempat_tinggal", "subcategory": "Hotel", "opening_hours": null, "operator": null, "osm_id": 374833328}}, {"type": "Feature", "geometry": {"type": "Point", "coordinates": [110.377393, -7.811122]}, "properties": {"name": "OYO 2285 Art Guest House Syariah", "type": "Hotel", "category": "tempat_tinggal", "subcategory": "Hotel", "opening_hours": null, "operator": null, "osm_id": 610364681}}, {"type": "Feature", "geometry": {"type": "Point", "coordinates": [110.403378, -7.783593]}, "properties": {"name": "Hotel Paku Mas", "type": "Hotel", "category": "tempat_tinggal", "subcategory": "Hotel", "opening_hours": null, "operator": null, "osm_id": 362198197}}, {"type": "Feature", "geometry": {"type": "Point", "coordinates": [110.392854, -7.785791]}, "properties": {"name": "Club House UIN", "type": "Guest House", "category": "tempat_tinggal", "subcategory": "Guest House", "opening_hours": null, "operator": null, "osm_id": 615739570}}, {"type": "Feature", "geometry": {"type": "Point", "coordinates": [110.404979, -7.770419]}, "properties": {"name": "Hotel Tafana Yogyakarta", "type": "Hotel", "category": "tempat_tinggal", "subcategory": "Hotel", "opening_hours": null, "operator": null, "osm_id": 362367006}}, {"type": "Feature", "geometry": {"type": "Point", "coordinates": [110.388774, -7.772532]}, "properties": {"name": "Prime Gejayan Residence", "type": "Hotel", "category": "tempat_tinggal", "subcategory": "Hotel", "opening_hours": null, "operator": null, "osm_id": 1016780961}}, {"type": "Feature", "geometry": {"type": "Point", "coordinates": [110.390241, -7.803691]}, "properties": {"name": "Hotel Citra", "type": "Hotel", "category": "tempat_tinggal", "subcategory": "Hotel", "opening_hours": null, "operator": null, "osm_id": 611061035}}, {"type": "Feature", "geometry": {"type": "Point", "coordinates": [110.403401, -7.780016]}, "properties": {"name": "The Victoria Hotel", "type": "Hotel", "category": "tempat_tinggal", "subcategory": "Hotel", "opening_hours": null, "operator": null, "osm_id": 362206302}}, {"type": "Feature", "geometry": {"type": "Point", "coordinates": [110.39965, -7.780816]}, "properties": {"name": "Hotel Srikandi", "type": "Hotel", "category": "tempat_tinggal", "subcategory": "Hotel", "opening_hours": null, "operator": null, "osm_id": 619112603}}, {"type": "Feature", "geometry": {"type": "Point", "coordinates": [110.405955, -7.779348]}, "properties": {"name": "The Soemarsono Hotel", "type": "Hotel", "category": "tempat_tinggal", "subcategory": "Hotel", "opening_hours": null, "operator": null, "osm_id": 362199346}}, {"type": "Feature", "geometry": {"type": "Point", "coordinates": [110.403601, -7.798413]}, "properties": {"name": "Wijaya Imperial Hotel Yogyakarta", "type": "Hotel", "category": "tempat_tinggal", "subcategory": "Hotel", "opening_hours": null, "operator": null, "osm_id": 610105601}}, {"type": "Feature", "geometry": {"type": "Point", "coordinates": [110.392671, -7.779787]}, "properties": {"name": "Hotel LPP Convention", "type": "Hotel", "category": "tempat_tinggal", "subcategory": "Hotel", "opening_hours": null, "operator": null, "osm_id": 362357813}}, {"type": "Feature", "geometry": {"type": "Point", "coordinates": [110.393248, -7.778503]}, "properties": {"name": "Woodpecker Pavilion", "type": "Hotel", "category": "tempat_tinggal", "subcategory": "Hotel", "opening_hours": null, "operator": null, "osm_id": 362358196}}, {"type": "Feature", "geometry": {"type": "Point", "coordinates": [110.377683, -7.782386]}, "properties": {"name": "Kimaya Sudirman Yogyakarta by Harris", "type": "Hotel", "category": "tempat_tinggal", "subcategory": "Hotel", "opening_hours": null, "operator": null, "osm_id": 120880598}}, {"type": "Feature", "geometry": {"type": "Point", "coordinates": [110.39073, -7.780195]}, "properties": {"name": "D'kayon Hotel", "type": "Hotel", "category": "tempat_tinggal", "subcategory": "Hotel", "opening_hours": null, "operator": null, "osm_id": 1016760333}}, {"type": "Feature", "geometry": {"type": "Point", "coordinates": [110.389806, -7.768294]}, "properties": {"name": "Hotel Oasis Dua Caturtunggal", "type": "Hotel", "category": "tempat_tinggal", "subcategory": "Hotel", "opening_hours": null, "operator": null, "osm_id": 612942842}}, {"type": "Feature", "geometry": {"type": "Point", "coordinates": [110.390609, -7.767841]}, "properties": {"name": "Oasis Studio Hotel Satu", "type": "Hotel", "category": "tempat_tinggal", "subcategory": "Hotel", "opening_hours": null, "operator": null, "osm_id": 1016752035}}, {"type": "Feature", "geometry": {"type": "Point", "coordinates": [110.391703, -7.769109]}, "properties": {"name": "Reddoorz Plus Affandi Gejayan", "type": "Hotel", "category": "tempat_tinggal", "subcategory": "Hotel", "opening_hours": null, "operator": null, "osm_id": 362491739}}, {"type": "Feature", "geometry": {"type": "Point", "coordinates": [110.368609, -7.773852]}, "properties": {"name": "Hotel Tentrem", "type": "Hotel", "category": "tempat_tinggal", "subcategory": "Hotel", "opening_hours": null, "operator": null, "osm_id": 247974332}}, {"type": "Feature", "geometry": {"type": "Point", "coordinates": [110.402458, -7.769492]}, "properties": {"name": "Sutan Raja Exclusive", "type": "Hotel", "category": "tempat_tinggal", "subcategory": "Hotel", "opening_hours": null, "operator": null, "osm_id": 1020421232}}, {"type": "Feature", "geometry": {"type": "Point", "coordinates": [110.403401, -7.767986]}, "properties": {"name": "Reddoorz Condongcatur", "type": "Hotel", "category": "tempat_tinggal", "subcategory": "Hotel", "opening_hours": null, "operator": null, "osm_id": 1016776801}}, {"type": "Feature", "geometry": {"type": "Point", "coordinates": [110.403278, -7.767857]}, "properties": {"name": "Roemah Djogja Guest House", "type": "Hotel", "category": "tempat_tinggal", "subcategory": "Hotel", "opening_hours": null, "operator": null, "osm_id": 362367018}}, {"type": "Feature", "geometry": {"type": "Point", "coordinates": [110.400563, -7.76932]}, "properties": {"name": "First Living", "type": "Hotel", "category": "tempat_tinggal", "subcategory": "Hotel", "opening_hours": null, "operator": null, "osm_id": 362488191}}, {"type": "Feature", "geometry": {"type": "Point", "coordinates": [110.389552, -7.771292]}, "properties": {"name": "Yellow Star Hotel Gejayan", "type": "Hotel", "category": "tempat_tinggal", "subcategory": "Hotel", "opening_hours": null, "operator": null, "osm_id": 1017762879}}, {"type": "Feature", "geometry": {"type": "Point", "coordinates": [110.402339, -7.766304]}, "properties": {"name": "Hotel Gardenia", "type": "Hotel", "category": "tempat_tinggal", "subcategory": "Hotel", "opening_hours": null, "operator": null, "osm_id": 362367287}}, {"type": "Feature", "geometry": {"type": "Point", "coordinates": [110.396038, -7.771752]}, "properties": {"name": "D'Paragon Pringwulung Jogja", "type": "Hotel", "category": "tempat_tinggal", "subcategory": "Hotel", "opening_hours": null, "operator": null, "osm_id": 362494840}}, {"type": "Feature", "geometry": {"type": "Point", "coordinates": [110.395097, -7.771786]}, "properties": {"name": "K Homestay", "type": "Hotel", "category": "tempat_tinggal", "subcategory": "Hotel", "opening_hours": null, "operator": null, "osm_id": 362495565}}, {"type": "Feature", "geometry": {"type": "Point", "coordinates": [110.384149, -7.772692]}, "properties": {"name": "Kos Ico Bu Danny", "type": "Hotel", "category": "tempat_tinggal", "subcategory": "Hotel", "opening_hours": null, "operator": null, "osm_id": 362684617}}, {"type": "Feature", "geometry": {"type": "Point", "coordinates": [110.399904, -7.772643]}, "properties": {"name": "Rivisha Hotel Condongcatur", "type": "Hotel", "category": "tempat_tinggal", "subcategory": "Hotel", "opening_hours": null, "operator": null, "osm_id": 362499478}}, {"type": "Feature", "geometry": {"type": "Point", "coordinates": [110.401628, -7.773291]}, "properties": {"name": "Allstay Hotel Yogyakarta", "type": "Hotel", "category": "tempat_tinggal", "subcategory": "Hotel", "opening_hours": null, "operator": null, "osm_id": 1016734534}}, {"type": "Feature", "geometry": {"type": "Point", "coordinates": [110.417187, -7.773762]}, "properties": {"name": "Babarsari TB 18 No 1 C", "type": "Guest House", "category": "tempat_tinggal", "subcategory": "Guest House", "opening_hours": null, "operator": null, "osm_id": 350242814}}, {"type": "Feature", "geometry": {"type": "Point", "coordinates": [110.416017, -7.774755]}, "properties": {"name": "Kost Eksklusif Putri Princess", "type": "Guest House", "category": "tempat_tinggal", "subcategory": "Guest House", "opening_hours": null, "operator": null, "osm_id": 530763473}}, {"type": "Feature", "geometry": {"type": "Point", "coordinates": [110.41605, -7.775175]}, "properties": {"name": "Ceria Boutique", "type": "Hotel", "category": "tempat_tinggal", "subcategory": "Hotel", "opening_hours": null, "operator": null, "osm_id": 530763471}}, {"type": "Feature", "geometry": {"type": "Point", "coordinates": [110.415911, -7.772097]}, "properties": {"name": "Puri Cartenz", "type": "Guest House", "category": "tempat_tinggal", "subcategory": "Guest House", "opening_hours": null, "operator": null, "osm_id": 530763476}}, {"type": "Feature", "geometry": {"type": "Point", "coordinates": [110.395967, -7.767002]}, "properties": {"name": "Reddoorz Gejayan", "type": "Hotel", "category": "tempat_tinggal", "subcategory": "Hotel", "opening_hours": null, "operator": null, "osm_id": 362491767}}, {"type": "Feature", "geometry": {"type": "Point", "coordinates": [110.395911, -7.767433]}, "properties": {"name": "Hotel Srikandi", "type": "Hotel", "category": "tempat_tinggal", "subcategory": "Hotel", "opening_hours": null, "operator": null, "osm_id": 362491685}}, {"type": "Feature", "geometry": {"type": "Point", "coordinates": [110.397441, -7.768979]}, "properties": {"name": "Airy Room Jogja Amazon Green 2", "type": "Hotel", "category": "tempat_tinggal", "subcategory": "Hotel", "opening_hours": null, "operator": null, "osm_id": 1016460000}}, {"type": "Feature", "geometry": {"type": "Point", "coordinates": [110.367781, -7.791908]}, "properties": {"name": "Hotel Pules Yogyakarta", "type": "Hotel", "category": "tempat_tinggal", "subcategory": "Hotel", "opening_hours": null, "operator": null, "osm_id": 610998633}}, {"type": "Feature", "geometry": {"type": "Point", "coordinates": [110.36047, -7.790988]}, "properties": {"name": "Arizon Hotel Yogyakarta", "type": "Hotel", "category": "tempat_tinggal", "subcategory": "Hotel", "opening_hours": null, "operator": null, "osm_id": 1002811214}}, {"type": "Feature", "geometry": {"type": "Point", "coordinates": [110.36058, -7.790814]}, "properties": {"name": "Happy Family Hotel Yogyakarta", "type": "Hotel", "category": "tempat_tinggal", "subcategory": "Hotel", "opening_hours": null, "operator": null, "osm_id": 926238650}}, {"type": "Feature", "geometry": {"type": "Point", "coordinates": [110.362142, -7.790693]}, "properties": {"name": "Pop Hotel Malioboro", "type": "Hotel", "category": "tempat_tinggal", "subcategory": "Hotel", "opening_hours": null, "operator": null, "osm_id": 640343489}}, {"type": "Feature", "geometry": {"type": "Point", "coordinates": [110.36659, -7.781262]}, "properties": {"name": "Griya Jogja The Boutique Hotel Yogyakarta", "type": "Hotel", "category": "tempat_tinggal", "subcategory": "Hotel", "opening_hours": null, "operator": null, "osm_id": 610463939}}, {"type": "Feature", "geometry": {"type": "Point", "coordinates": [110.366701, -7.781461]}, "properties": {"name": "Golden Inn 2", "type": "Hotel", "category": "tempat_tinggal", "subcategory": "Hotel", "opening_hours": null, "operator": null, "osm_id": 610463941}}, {"type": "Feature", "geometry": {"type": "Point", "coordinates": [110.407106, -7.755697]}, "properties": {"name": "Bs Family", "type": "Hostel", "category": "tempat_tinggal", "subcategory": "Guest House", "opening_hours": null, "operator": null, "osm_id": 363068441}}, {"type": "Feature", "geometry": {"type": "Point", "coordinates": [110.405262, -7.788445]}, "properties": {"name": "OYO 590 Wisma Arya 2 Syariah", "type": "Hostel", "category": "tempat_tinggal", "subcategory": "Guest House", "opening_hours": null, "operator": null, "osm_id": 1018211406}}, {"type": "Feature", "geometry": {"type": "Point", "coordinates": [110.381683, -7.755998]}, "properties": {"name": "Grhatama Guest House Catur Tunggal", "type": "Hotel", "category": "tempat_tinggal", "subcategory": "Hotel", "opening_hours": null, "operator": null, "osm_id": 362542944}}, {"type": "Feature", "geometry": {"type": "Point", "coordinates": [110.376757, -7.756741]}, "properties": {"name": "Kos Pogung Baru F 59", "type": "Hotel", "category": "tempat_tinggal", "subcategory": "Hotel", "opening_hours": null, "operator": null, "osm_id": 259559214}}, {"type": "Feature", "geometry": {"type": "Point", "coordinates": [110.36218, -7.746937]}, "properties": {"name": "Sunrise Hotel", "type": "Hotel", "category": "tempat_tinggal", "subcategory": "Hotel", "opening_hours": null, "operator": null, "osm_id": 362333592}}, {"type": "Feature", "geometry": {"type": "Point", "coordinates": [110.377915, -7.810892]}, "properties": {"name": "Cailendra Extension", "type": "Hotel", "category": "tempat_tinggal", "subcategory": "Hotel", "opening_hours": null, "operator": null, "osm_id": 610364652}}, {"type": "Feature", "geometry": {"type": "Point", "coordinates": [110.362546, -7.791418]}, "properties": {"name": "Karunia", "type": "Hotel", "category": "tempat_tinggal", "subcategory": "Hotel", "opening_hours": null, "operator": null, "osm_id": 283909559}}, {"type": "Feature", "geometry": {"type": "Point", "coordinates": [110.362761, -7.791413]}, "properties": {"name": "Bladok Losmen & Restaurant", "type": "Hotel", "category": "tempat_tinggal", "subcategory": "Hotel", "opening_hours": null, "operator": null, "osm_id": 285166923}}, {"type": "Feature", "geometry": {"type": "Point", "coordinates": [110.360468, -7.791704]}, "properties": {"name": "Hotel Mataram 2 Yogyakarta", "type": "Hotel", "category": "tempat_tinggal", "subcategory": "Hotel", "opening_hours": null, "operator": null, "osm_id": 616069771}}, {"type": "Feature", "geometry": {"type": "Point", "coordinates": [110.362706, -7.791768]}, "properties": {"name": "Oryza Hotel Yogyakarta", "type": "Hotel", "category": "tempat_tinggal", "subcategory": "Hotel", "opening_hours": null, "operator": null, "osm_id": 283921322}}, {"type": "Feature", "geometry": {"type": "Point", "coordinates": [110.365327, -7.791536]}, "properties": {"name": "Summer Season Boutique Hotel Yogyakarta", "type": "Hotel", "category": "tempat_tinggal", "subcategory": "Hotel", "opening_hours": null, "operator": null, "osm_id": 283537882}}, {"type": "Feature", "geometry": {"type": "Point", "coordinates": [110.361724, -7.791166]}, "properties": {"name": "Prima In Hotel Malioboro Yogyakarta", "type": "Hotel", "category": "tempat_tinggal", "subcategory": "Hotel", "opening_hours": null, "operator": null, "osm_id": 1002811224}}, {"type": "Feature", "geometry": {"type": "Point", "coordinates": [110.353859, -7.791268]}, "properties": {"name": "Agung Mas Hotel", "type": "Hotel", "category": "tempat_tinggal", "subcategory": "Hotel", "opening_hours": null, "operator": null, "osm_id": 610449371}}, {"type": "Feature", "geometry": {"type": "Point", "coordinates": [110.353446, -7.791381]}, "properties": {"name": "Top Malioboro Hotel", "type": "Hotel", "category": "tempat_tinggal", "subcategory": "Hotel", "opening_hours": null, "operator": null, "osm_id": 610449498}}, {"type": "Feature", "geometry": {"type": "Point", "coordinates": [110.356814, -7.791792]}, "properties": {"name": "OYO 1309 Hotel Shafira", "type": "Hotel", "category": "tempat_tinggal", "subcategory": "Hotel", "opening_hours": null, "operator": null, "osm_id": 610445976}}, {"type": "Feature", "geometry": {"type": "Point", "coordinates": [110.362879, -7.791425]}, "properties": {"name": "Grand Puri Saron Hotel Malioboro", "type": "Hotel", "category": "tempat_tinggal", "subcategory": "Hotel", "opening_hours": null, "operator": null, "osm_id": 640351059}}, {"type": "Feature", "geometry": {"type": "Point", "coordinates": [110.364126, -7.792383]}, "properties": {"name": "Taman Yuwono Heritage Malioboro Guest House Jogja", "type": "Hotel", "category": "tempat_tinggal", "subcategory": "Hotel", "opening_hours": null, "operator": null, "osm_id": 610118782}}, {"type": "Feature", "geometry": {"type": "Point", "coordinates": [110.366566, -7.782315]}, "properties": {"name": "Hotel Poncowinatan Yogyakarta", "type": "Hotel", "category": "tempat_tinggal", "subcategory": "Hotel", "opening_hours": null, "operator": null, "osm_id": 942927366}}, {"type": "Feature", "geometry": {"type": "Point", "coordinates": [110.342928, -7.78086]}, "properties": {"name": "Hotel Star 88", "type": "Hotel", "category": "tempat_tinggal", "subcategory": "Hotel", "opening_hours": null, "operator": null, "osm_id": 612896431}}, {"type": "Feature", "geometry": {"type": "Point", "coordinates": [110.323523, -7.803372]}, "properties": {"name": "Griya Amalia", "type": "Guest House", "category": "tempat_tinggal", "subcategory": "Guest House", "opening_hours": null, "operator": null, "osm_id": 530392857}}, {"type": "Feature", "geometry": {"type": "Point", "coordinates": [110.343273, -7.802928]}, "properties": {"name": "Hotel Nitipuran Permai", "type": "Hotel", "category": "tempat_tinggal", "subcategory": "Hotel", "opening_hours": null, "operator": null, "osm_id": 975072835}}, {"type": "Feature", "geometry": {"type": "Point", "coordinates": [110.374818, -7.707642]}, "properties": {"name": "Balai RW", "type": "Community Centre", "category": "tempat_tinggal", "subcategory": "Rumah/Kos", "opening_hours": null, "operator": null, "osm_id": 363676082}}, {"type": "Feature", "geometry": {"type": "Point", "coordinates": [110.486303, -7.787249]}, "properties": {"name": "Ojan Home", "type": "Guest House", "category": "tempat_tinggal", "subcategory": "Guest House", "opening_hours": null, "operator": null, "osm_id": 530987194}}, {"type": "Feature", "geometry": {"type": "Point", "coordinates": [110.065847, -7.885688]}, "properties": {"name": "Morazen", "type": "Hotel", "category": "tempat_tinggal", "subcategory": "Hotel", "opening_hours": null, "operator": null, "osm_id": 866190911}}, {"type": "Feature", "geometry": {"type": "Point", "coordinates": [110.351675, -7.843261]}, "properties": {"name": "Omah Kayu Sawit Homestay Yogyakarta", "type": "Hotel", "category": "tempat_tinggal", "subcategory": "Hotel", "opening_hours": null, "operator": null, "osm_id": 1293804364}}, {"type": "Feature", "geometry": {"type": "Point", "coordinates": [110.408153, -7.777536]}, "properties": {"name": "Grand HD Hotel by Srikandi", "type": "Hotel", "category": "tempat_tinggal", "subcategory": "Hotel", "opening_hours": null, "operator": null, "osm_id": 1165118104}}, {"type": "Feature", "geometry": {"type": "Point", "coordinates": [110.413791, -7.775421]}, "properties": {"name": "Arkostel", "type": "Hotel", "category": "tempat_tinggal", "subcategory": "Hotel", "opening_hours": null, "operator": null, "osm_id": 1011280524}}, {"type": "Feature", "geometry": {"type": "Point", "coordinates": [110.413832, -7.768397]}, "properties": {"name": "Griya Inap Moeslem KEMALA", "type": "Guest House", "category": "tempat_tinggal", "subcategory": "Guest House", "opening_hours": null, "operator": null, "osm_id": 530763481}}, {"type": "Feature", "geometry": {"type": "Point", "coordinates": [110.424094, -7.768691]}, "properties": {"name": "Griya Zahira Kos Exclusive", "type": "Hostel", "category": "tempat_tinggal", "subcategory": "Guest House", "opening_hours": null, "operator": null, "osm_id": 649371253}}, {"type": "Feature", "geometry": {"type": "Point", "coordinates": [110.497178, -7.768543]}, "properties": {"name": "Sumberwatu Heritage", "type": "Hotel", "category": "tempat_tinggal", "subcategory": "Hotel", "opening_hours": null, "operator": null, "osm_id": 1265516551}}, {"type": "Feature", "geometry": {"type": "Point", "coordinates": [110.409969, -7.766598]}, "properties": {"name": "Casa De Celestine", "type": "Hotel", "category": "tempat_tinggal", "subcategory": "Hotel", "opening_hours": null, "operator": null, "osm_id": 530575911}}, {"type": "Feature", "geometry": {"type": "Point", "coordinates": [110.366251, -7.817754]}, "properties": {"name": "Losmanos Hostel", "type": "Hostel", "category": "tempat_tinggal", "subcategory": "Guest House", "opening_hours": null, "operator": null, "osm_id": 557665544}}, {"type": "Feature", "geometry": {"type": "Point", "coordinates": [110.42969, -7.595664]}, "properties": {"name": "Nguntara Gati", "type": "Guest House", "category": "tempat_tinggal", "subcategory": "Guest House", "opening_hours": null, "operator": null, "osm_id": 311502150}}, {"type": "Feature", "geometry": {"type": "Point", "coordinates": [110.429737, -7.59615]}, "properties": {"name": "Yes", "type": "Guest House", "category": "tempat_tinggal", "subcategory": "Guest House", "opening_hours": null, "operator": null, "osm_id": 311502337}}, {"type": "Feature", "geometry": {"type": "Point", "coordinates": [110.430287, -7.597935]}, "properties": {"name": "Seroga", "type": "Guest House", "category": "tempat_tinggal", "subcategory": "Guest House", "opening_hours": null, "operator": null, "osm_id": 314505204}}, {"type": "Feature", "geometry": {"type": "Point", "coordinates": [110.369956, -7.716703]}, "properties": {"name": "Warung Angkring Lesehan", "type": "Restaurant", "category": "tempat_tinggal", "subcategory": "Rumah/Kos", "opening_hours": null, "operator": null, "osm_id": 363609460}}, {"type": "Feature", "geometry": {"type": "Point", "coordinates": [110.428224, -7.596446]}, "properties": {"name": "Wisma Puas", "type": "Guest House", "category": "tempat_tinggal", "subcategory": "Guest House", "opening_hours": null, "operator": null, "osm_id": 311502157}}, {"type": "Feature", "geometry": {"type": "Point", "coordinates": [110.424277, -7.648663]}, "properties": {"name": "balebale Resort", "type": "Hotel", "category": "tempat_tinggal", "subcategory": "Hotel", "opening_hours": null, "operator": null, "osm_id": 1078976708}}, {"type": "Feature", "geometry": {"type": "Point", "coordinates": [110.073198, -7.887322]}, "properties": {"name": "Ibis", "type": "Hotel", "category": "tempat_tinggal", "subcategory": "Hotel", "opening_hours": null, "operator": "Accor", "osm_id": 343565491}}, {"type": "Feature", "geometry": {"type": "Point", "coordinates": [110.425798, -7.608757]}, "properties": {"name": "Banyu Manik", "type": "Hotel", "category": "tempat_tinggal", "subcategory": "Hotel", "opening_hours": null, "operator": null, "osm_id": 403099656}}, {"type": "Feature", "geometry": {"type": "Point", "coordinates": [110.426704, -7.609122]}, "properties": {"name": "Sido Lestari", "type": "Hotel", "category": "tempat_tinggal", "subcategory": "Hotel", "opening_hours": null, "operator": null, "osm_id": 403099660}}, {"type": "Feature", "geometry": {"type": "Point", "coordinates": [110.428055, -7.595914]}, "properties": {"name": "griya narendra", "type": "Hotel", "category": "tempat_tinggal", "subcategory": "Hotel", "opening_hours": null, "operator": null, "osm_id": 637411425}}, {"type": "Feature", "geometry": {"type": "Point", "coordinates": [110.424107, -7.756244]}, "properties": {"name": "Samanta Pura", "type": "Guest House", "category": "tempat_tinggal", "subcategory": "Guest House", "opening_hours": null, "operator": null, "osm_id": 726750383}}, {"type": "Feature", "geometry": {"type": "Point", "coordinates": [110.481075, -7.75478]}, "properties": {"name": "Simply Homy", "type": "Guest House", "category": "tempat_tinggal", "subcategory": "Guest House", "opening_hours": "24/7", "operator": null, "osm_id": 1064846631}}, {"type": "Feature", "geometry": {"type": "Point", "coordinates": [110.34559, -7.781691]}, "properties": {"name": "OYO 1118 Artomoro Family Guesthouse", "type": "Hotel", "category": "tempat_tinggal", "subcategory": "Hotel", "opening_hours": null, "operator": null, "osm_id": 612896475}}, {"type": "Feature", "geometry": {"type": "Point", "coordinates": [110.361272, -7.763519]}, "properties": {"name": "Hotel Namira Syariah Sinduadi", "type": "Hotel", "category": "tempat_tinggal", "subcategory": "Hotel", "opening_hours": null, "operator": null, "osm_id": 1009041836}}, {"type": "Feature", "geometry": {"type": "Point", "coordinates": [110.364867, -7.775087]}, "properties": {"name": "Omah Cening", "type": "Hostel", "category": "tempat_tinggal", "subcategory": "Guest House", "opening_hours": null, "operator": null, "osm_id": 362690633}}, {"type": "Feature", "geometry": {"type": "Point", "coordinates": [110.360822, -7.768825]}, "properties": {"name": "Grand Serela Yogyakarta", "type": "Hotel", "category": "tempat_tinggal", "subcategory": "Hotel", "opening_hours": null, "operator": null, "osm_id": 287308043}}, {"type": "Feature", "geometry": {"type": "Point", "coordinates": [110.360976, -7.781219]}, "properties": {"name": "OYO 2669 Crown Residence", "type": "Hotel", "category": "tempat_tinggal", "subcategory": "Hotel", "opening_hours": null, "operator": null, "osm_id": 610487776}}, {"type": "Feature", "geometry": {"type": "Point", "coordinates": [110.365072, -7.780759]}, "properties": {"name": "Yobel Guest House Yogyakarta", "type": "Hotel", "category": "tempat_tinggal", "subcategory": "Hotel", "opening_hours": null, "operator": null, "osm_id": 610432972}}, {"type": "Feature", "geometry": {"type": "Point", "coordinates": [110.379595, -7.749978]}, "properties": {"name": "Spot Residence Exclusive Boarding House", "type": "Hostel", "category": "tempat_tinggal", "subcategory": "Guest House", "opening_hours": null, "operator": null, "osm_id": 509819250}}, {"type": "Feature", "geometry": {"type": "Point", "coordinates": [110.368132, -7.748644]}, "properties": {"name": "Cotton House Monjali", "type": "Hotel", "category": "tempat_tinggal", "subcategory": "Hotel", "opening_hours": null, "operator": null, "osm_id": 362228654}}, {"type": "Feature", "geometry": {"type": "Point", "coordinates": [110.379443, -7.728984]}, "properties": {"name": "La Luna Resort", "type": "Hotel", "category": "tempat_tinggal", "subcategory": "Hotel", "opening_hours": null, "operator": null, "osm_id": 546574946}}, {"type": "Feature", "geometry": {"type": "Point", "coordinates": [110.362129, -7.748252]}, "properties": {"name": "Hotel Borobudur Terminal Jombor", "type": "Hotel", "category": "tempat_tinggal", "subcategory": "Hotel", "opening_hours": null, "operator": null, "osm_id": 121297859}}, {"type": "Feature", "geometry": {"type": "Point", "coordinates": [110.360366, -7.747587]}, "properties": {"name": "Yes", "type": "Hotel", "category": "tempat_tinggal", "subcategory": "Hotel", "opening_hours": null, "operator": null, "osm_id": 121523819}}, {"type": "Feature", "geometry": {"type": "Point", "coordinates": [110.359857, -7.747454]}, "properties": {"name": "The Atrium Hotel", "type": "Hotel", "category": "tempat_tinggal", "subcategory": "Hotel", "opening_hours": null, "operator": null, "osm_id": 506341011}}, {"type": "Feature", "geometry": {"type": "Point", "coordinates": [110.368732, -7.741019]}, "properties": {"name": "Hotel & Pool Griya Desa", "type": "Hotel", "category": "tempat_tinggal", "subcategory": "Hotel", "opening_hours": null, "operator": null, "osm_id": 366420079}}, {"type": "Feature", "geometry": {"type": "Point", "coordinates": [110.360778, -7.777641]}, "properties": {"name": "Uniq Hotel", "type": "Hotel", "category": "tempat_tinggal", "subcategory": "Hotel", "opening_hours": null, "operator": null, "osm_id": 611365250}}, {"type": "Feature", "geometry": {"type": "Point", "coordinates": [110.362971, -7.77845]}, "properties": {"name": "Hotel Maerakatja Yogyakarta", "type": "Hotel", "category": "tempat_tinggal", "subcategory": "Hotel", "opening_hours": null, "operator": null, "osm_id": 611068358}}, {"type": "Feature", "geometry": {"type": "Point", "coordinates": [110.392868, -7.798507]}, "properties": {"name": "@HOM Premiere By Horizon Timoho", "type": "Hotel", "category": "tempat_tinggal", "subcategory": "Hotel", "opening_hours": null, "operator": null, "osm_id": 1016773730}}, {"type": "Feature", "geometry": {"type": "Point", "coordinates": [110.38615, -7.795817]}, "properties": {"name": "Aliya Hostel", "type": "Hostel", "category": "tempat_tinggal", "subcategory": "Guest House", "opening_hours": null, "operator": null, "osm_id": 610967719}}, {"type": "Feature", "geometry": {"type": "Point", "coordinates": [110.386457, -7.795322]}, "properties": {"name": "OYO 2627 Ratamya Co-living", "type": "Hotel", "category": "tempat_tinggal", "subcategory": "Hotel", "opening_hours": null, "operator": null, "osm_id": 610967695}}, {"type": "Feature", "geometry": {"type": "Point", "coordinates": [110.337865, -8.027134]}, "properties": {"name": "Selo Karang", "type": "Restaurant", "category": "tempat_tinggal", "subcategory": "Guest House", "opening_hours": null, "operator": null, "osm_id": 896258275}}, {"type": "Feature", "geometry": {"type": "Point", "coordinates": [110.374775, -7.797195]}, "properties": {"name": "Omah Qu", "type": "Hotel", "category": "tempat_tinggal", "subcategory": "Hotel", "opening_hours": null, "operator": null, "osm_id": 258224068}}, {"type": "Feature", "geometry": {"type": "Point", "coordinates": [110.37296, -7.79705]}, "properties": {"name": "Hotel Vala", "type": "Hotel", "category": "tempat_tinggal", "subcategory": "Hotel", "opening_hours": null, "operator": null, "osm_id": 610376591}}, {"type": "Feature", "geometry": {"type": "Point", "coordinates": [110.373591, -7.791839]}, "properties": {"name": "Sky Hotel Hayam Wuruk", "type": "Hotel", "category": "tempat_tinggal", "subcategory": "Hotel", "opening_hours": null, "operator": null, "osm_id": 253278253}}, {"type": "Feature", "geometry": {"type": "Point", "coordinates": [110.399428, -7.786502]}, "properties": {"name": "Hotel Adilla Syariah", "type": "Hotel", "category": "tempat_tinggal", "subcategory": "Hotel", "opening_hours": null, "operator": null, "osm_id": 929014200}}, {"type": "Feature", "geometry": {"type": "Point", "coordinates": [110.386178, -7.784955]}, "properties": {"name": "Hotel Tribrata Yogyakarta", "type": "Hotel", "category": "tempat_tinggal", "subcategory": "Hotel", "opening_hours": null, "operator": null, "osm_id": 610132486}}, {"type": "Feature", "geometry": {"type": "Point", "coordinates": [110.397876, -7.789812]}, "properties": {"name": "Hotel Satya Nugraha Bantul", "type": "Hotel", "category": "tempat_tinggal", "subcategory": "Hotel", "opening_hours": null, "operator": null, "osm_id": 610726654}}, {"type": "Feature", "geometry": {"type": "Point", "coordinates": [110.39317, -7.789965]}, "properties": {"name": "Delta Hotel Yogyakarta", "type": "Hotel", "category": "tempat_tinggal", "subcategory": "Hotel", "opening_hours": null, "operator": null, "osm_id": 120562879}}, {"type": "Feature", "geometry": {"type": "Point", "coordinates": [110.372868, -7.818884]}, "properties": {"name": "Grand Marto Hotel", "type": "Hotel", "category": "tempat_tinggal", "subcategory": "Hotel", "opening_hours": null, "operator": null, "osm_id": 630832442}}, {"type": "Feature", "geometry": {"type": "Point", "coordinates": [110.382556, -7.818701]}, "properties": {"name": "Hotel Cinka Garini", "type": "Hotel", "category": "tempat_tinggal", "subcategory": "Hotel", "opening_hours": null, "operator": null, "osm_id": 925729744}}, {"type": "Feature", "geometry": {"type": "Point", "coordinates": [110.381825, -7.782588]}, "properties": {"name": "Artotel Suites", "type": "Hotel", "category": "tempat_tinggal", "subcategory": "Hotel", "opening_hours": null, "operator": null, "osm_id": 381441374}}, {"type": "Feature", "geometry": {"type": "Point", "coordinates": [110.374268, -7.782681]}, "properties": {"name": "Swiss Boutique Hotel", "type": "Hotel", "category": "tempat_tinggal", "subcategory": "Hotel", "opening_hours": null, "operator": null, "osm_id": 362042858}}, {"type": "Feature", "geometry": {"type": "Point", "coordinates": [110.387245, -7.782954]}, "properties": {"name": "De Laxston Hotel Yogyakarta", "type": "Hotel", "category": "tempat_tinggal", "subcategory": "Hotel", "opening_hours": null, "operator": null, "osm_id": 610133093}}, {"type": "Feature", "geometry": {"type": "Point", "coordinates": [110.389436, -7.7923]}, "properties": {"name": "Rain Tree Boutique Villa & Gallery", "type": "Hotel", "category": "tempat_tinggal", "subcategory": "Hotel", "opening_hours": null, "operator": null, "osm_id": 610484355}}, {"type": "Feature", "geometry": {"type": "Point", "coordinates": [110.394599, -7.792756]}, "properties": {"name": "Asana Grove Hotel Yogyakarta", "type": "Hotel", "category": "tempat_tinggal", "subcategory": "Hotel", "opening_hours": null, "operator": null, "osm_id": 611034687}}, {"type": "Feature", "geometry": {"type": "Point", "coordinates": [110.39102, -7.793359]}, "properties": {"name": "Guest House Pondok Betah 2", "type": "Hostel", "category": "tempat_tinggal", "subcategory": "Guest House", "opening_hours": null, "operator": null, "osm_id": 611004250}}, {"type": "Feature", "geometry": {"type": "Point", "coordinates": [110.40297, -7.791978]}, "properties": {"name": "OYO 408 Graha Vege Jawi Syariah", "type": "Hotel", "category": "tempat_tinggal", "subcategory": "Hotel", "opening_hours": null, "operator": null, "osm_id": 666858280}}, {"type": "Feature", "geometry": {"type": "Point", "coordinates": [110.377779, -7.793866]}, "properties": {"name": "Cashlez Homestay", "type": "Hotel", "category": "tempat_tinggal", "subcategory": "Hotel", "opening_hours": null, "operator": null, "osm_id": 610095211}}, {"type": "Feature", "geometry": {"type": "Point", "coordinates": [110.39422, -7.835006]}, "properties": {"name": "Hotel Caniga Yogyakarta", "type": "Hotel", "category": "tempat_tinggal", "subcategory": "Hotel", "opening_hours": null, "operator": null, "osm_id": 536533923}}, {"type": "Feature", "geometry": {"type": "Point", "coordinates": [110.370767, -7.799366]}, "properties": {"name": "Hotel Putra Sabar", "type": "Hotel", "category": "tempat_tinggal", "subcategory": "Hotel", "opening_hours": null, "operator": null, "osm_id": 287976611}}, {"type": "Feature", "geometry": {"type": "Point", "coordinates": [110.362516, -7.81491]}, "properties": {"name": "OYO 1592 Gading 4u Homestay", "type": "Hotel", "category": "tempat_tinggal", "subcategory": "Hotel", "opening_hours": null, "operator": null, "osm_id": 611385629}}, {"type": "Feature", "geometry": {"type": "Point", "coordinates": [110.351708, -7.780321]}, "properties": {"name": "Hotel Bener", "type": "Hotel", "category": "tempat_tinggal", "subcategory": "Hotel", "opening_hours": null, "operator": null, "osm_id": 610088868}}, {"type": "Feature", "geometry": {"type": "Point", "coordinates": [110.365964, -7.819345]}, "properties": {"name": "Maharani Guest House", "type": "Hotel", "category": "tempat_tinggal", "subcategory": "Hotel", "opening_hours": null, "operator": null, "osm_id": 629383348}}, {"type": "Feature", "geometry": {"type": "Point", "coordinates": [110.362413, -7.809823]}, "properties": {"name": "Ndalem Ngabean Guest House", "type": "Guest House", "category": "tempat_tinggal", "subcategory": "Guest House", "opening_hours": null, "operator": null, "osm_id": 372827588}}, {"type": "Feature", "geometry": {"type": "Point", "coordinates": [110.37082, -7.80514]}, "properties": {"name": "Banana Homestay Prawirodirjan", "type": "Hostel", "category": "tempat_tinggal", "subcategory": "Guest House", "opening_hours": null, "operator": null, "osm_id": 123631528}}, {"type": "Feature", "geometry": {"type": "Point", "coordinates": [110.369828, -7.816774]}, "properties": {"name": "Duta Garden", "type": "Hotel", "category": "tempat_tinggal", "subcategory": "Hotel", "opening_hours": null, "operator": null, "osm_id": 363419995}}, {"type": "Feature", "geometry": {"type": "Point", "coordinates": [110.364506, -7.792358]}, "properties": {"name": "Hotel Batik Yogyakarta", "type": "Hotel", "category": "tempat_tinggal", "subcategory": "Hotel", "opening_hours": null, "operator": null, "osm_id": 285166529}}, {"type": "Feature", "geometry": {"type": "Point", "coordinates": [110.363194, -7.790321]}, "properties": {"name": "Abadi Hotel Malioboro", "type": "Hotel", "category": "tempat_tinggal", "subcategory": "Hotel", "opening_hours": null, "operator": null, "osm_id": 201299430}}, {"type": "Feature", "geometry": {"type": "Point", "coordinates": [110.364609, -7.791566]}, "properties": {"name": "Rama", "type": "Hotel", "category": "tempat_tinggal", "subcategory": "Hotel", "opening_hours": null, "operator": null, "osm_id": 283537905}}, {"type": "Feature", "geometry": {"type": "Point", "coordinates": [110.36437, -7.790141]}, "properties": {"name": "Malioboro Suites", "type": "Hotel", "category": "tempat_tinggal", "subcategory": "Hotel", "opening_hours": null, "operator": null, "osm_id": 283557473}}, {"type": "Feature", "geometry": {"type": "Point", "coordinates": [110.362928, -7.790098]}, "properties": {"name": "Nusantara", "type": "Hotel", "category": "tempat_tinggal", "subcategory": "Hotel", "opening_hours": null, "operator": null, "osm_id": 201299425}}, {"type": "Feature", "geometry": {"type": "Point", "coordinates": [110.362594, -7.790045]}, "properties": {"name": "Berlian", "type": "Hotel", "category": "tempat_tinggal", "subcategory": "Hotel", "opening_hours": null, "operator": null, "osm_id": 283557695}}, {"type": "Feature", "geometry": {"type": "Point", "coordinates": [110.362302, -7.791314]}, "properties": {"name": "Grage", "type": "Hotel", "category": "tempat_tinggal", "subcategory": "Hotel", "opening_hours": null, "operator": null, "osm_id": 283908747}}, {"type": "Feature", "geometry": {"type": "Point", "coordinates": [110.361918, -7.79143]}, "properties": {"name": "Wakeup Homestay", "type": "Guest House", "category": "tempat_tinggal", "subcategory": "Guest House", "opening_hours": null, "operator": null, "osm_id": 640343495}}, {"type": "Feature", "geometry": {"type": "Point", "coordinates": [110.347607, -7.807872]}, "properties": {"name": "Yats - Colony", "type": "Hotel", "category": "tempat_tinggal", "subcategory": "Hotel", "opening_hours": null, "operator": null, "osm_id": 918536789}}, {"type": "Feature", "geometry": {"type": "Point", "coordinates": [110.367632, -7.831779]}, "properties": {"name": "Syariah Family Hotel", "type": "Hotel", "category": "tempat_tinggal", "subcategory": "Hotel", "opening_hours": null, "operator": null, "osm_id": 974389622}}, {"type": "Feature", "geometry": {"type": "Point", "coordinates": [110.352936, -7.796661]}, "properties": {"name": "OYO 857 Pakuncen Malioboro Syariah", "type": "Hotel", "category": "tempat_tinggal", "subcategory": "Hotel", "opening_hours": null, "operator": null, "osm_id": 610095874}}, {"type": "Feature", "geometry": {"type": "Point", "coordinates": [110.368157, -7.815802]}, "properties": {"name": "The Cube Hotel Prawirotaman", "type": "Hotel", "category": "tempat_tinggal", "subcategory": "Hotel", "opening_hours": null, "operator": null, "osm_id": 629355537}}, {"type": "Feature", "geometry": {"type": "Point", "coordinates": [110.365702, -7.821983]}, "properties": {"name": "Grand Palace", "type": "Hotel", "category": "tempat_tinggal", "subcategory": "Hotel", "opening_hours": null, "operator": null, "osm_id": 610751028}}, {"type": "Feature", "geometry": {"type": "Point", "coordinates": [110.356581, -7.798423]}, "properties": {"name": "Hotel Ancora Ngampilan", "type": "Hotel", "category": "tempat_tinggal", "subcategory": "Hotel", "opening_hours": null, "operator": null, "osm_id": 610400491}}, {"type": "Feature", "geometry": {"type": "Point", "coordinates": [110.366981, -7.787643]}, "properties": {"name": "Grand Zuri Hotel", "type": "Hotel", "category": "tempat_tinggal", "subcategory": "Hotel", "opening_hours": null, "operator": null, "osm_id": 352734975}}, {"type": "Feature", "geometry": {"type": "Point", "coordinates": [110.367119, -7.785168]}, "properties": {"name": "Hotel Arjuna", "type": "Hotel", "category": "tempat_tinggal", "subcategory": "Hotel", "opening_hours": null, "operator": null, "osm_id": 293029839}}, {"type": "Feature", "geometry": {"type": "Point", "coordinates": [110.361476, -7.793883]}, "properties": {"name": "Ibis Styles", "type": "Hotel", "category": "tempat_tinggal", "subcategory": "Hotel", "opening_hours": null, "operator": null, "osm_id": 611460035}}, {"type": "Feature", "geometry": {"type": "Point", "coordinates": [110.377553, -8.028848]}, "properties": {"name": "Masjid Al-Ikhlas Gelang", "type": "Place Of Worship", "category": "tempat_tinggal", "subcategory": "Rumah/Kos", "opening_hours": null, "operator": null, "osm_id": 1200997607}}, {"type": "Feature", "geometry": {"type": "Point", "coordinates": [110.384601, -7.781698]}, "properties": {"name": "Kost Cattleya Kepuh", "type": "Hostel", "category": "tempat_tinggal", "subcategory": "Guest House", "opening_hours": null, "operator": null, "osm_id": 362414647}}, {"type": "Feature", "geometry": {"type": "Point", "coordinates": [110.398264, -7.787607]}, "properties": {"name": "Kos Mayang Garini", "type": "Hostel", "category": "tempat_tinggal", "subcategory": "Guest House", "opening_hours": null, "operator": null, "osm_id": 611013291}}, {"type": "Feature", "geometry": {"type": "Point", "coordinates": [110.398225, -7.807967]}, "properties": {"name": "Griya Kebun Raya Exclusive House", "type": "Hotel", "category": "tempat_tinggal", "subcategory": "Hotel", "opening_hours": null, "operator": null, "osm_id": 610411118}}, {"type": "Feature", "geometry": {"type": "Point", "coordinates": [110.40246, -7.811082]}, "properties": {"name": "Hotel Gemah Ripah", "type": "Hotel", "category": "tempat_tinggal", "subcategory": "Hotel", "opening_hours": null, "operator": null, "osm_id": 240368328}}, {"type": "Feature", "geometry": {"type": "Point", "coordinates": [110.377403, -7.808976]}, "properties": {"name": "Hotel Cempaka", "type": "Hotel", "category": "tempat_tinggal", "subcategory": "Hotel", "opening_hours": null, "operator": null, "osm_id": 610364597}}, {"type": "Feature", "geometry": {"type": "Point", "coordinates": [110.379827, -7.810686]}, "properties": {"name": "Rumah Tuntungan", "type": "Hostel", "category": "tempat_tinggal", "subcategory": "Guest House", "opening_hours": null, "operator": null, "osm_id": 610128569}}, {"type": "Feature", "geometry": {"type": "Point", "coordinates": [110.376263, -7.804158]}, "properties": {"name": "S5 Guest House Yogyakarta", "type": "Hotel", "category": "tempat_tinggal", "subcategory": "Hotel", "opening_hours": null, "operator": null, "osm_id": 636774754}}, {"type": "Feature", "geometry": {"type": "Point", "coordinates": [110.381212, -7.812369]}, "properties": {"name": "Cahaya Homestay 2", "type": "Hotel", "category": "tempat_tinggal", "subcategory": "Hotel", "opening_hours": null, "operator": null, "osm_id": 610180204}}, {"type": "Feature", "geometry": {"type": "Point", "coordinates": [110.373382, -7.79889]}, "properties": {"name": "1O1 STYLE Yogyakarta Malioboro", "type": "Hotel", "category": "tempat_tinggal", "subcategory": "Hotel", "opening_hours": "24/7", "operator": "PHM Hotels", "osm_id": 1155737729}}, {"type": "Feature", "geometry": {"type": "Point", "coordinates": [110.391079, -7.802318]}, "properties": {"name": "wisnugraha", "type": "Hotel", "category": "tempat_tinggal", "subcategory": "Hotel", "opening_hours": null, "operator": null, "osm_id": 610699383}}, {"type": "Feature", "geometry": {"type": "Point", "coordinates": [110.378708, -7.80288]}, "properties": {"name": "Hotel Nirwana", "type": "Hotel", "category": "tempat_tinggal", "subcategory": "Hotel", "opening_hours": null, "operator": null, "osm_id": 277271724}}, {"type": "Feature", "geometry": {"type": "Point", "coordinates": [110.426577, -7.61124]}, "properties": {"name": "Bunga Mekar", "type": "Hotel", "category": "tempat_tinggal", "subcategory": "Hotel", "opening_hours": null, "operator": null, "osm_id": 403099657}}, {"type": "Feature", "geometry": {"type": "Point", "coordinates": [110.427691, -7.608554]}, "properties": {"name": "Gading", "type": "Hotel", "category": "tempat_tinggal", "subcategory": "Hotel", "opening_hours": null, "operator": null, "osm_id": 403099658}}, {"type": "Feature", "geometry": {"type": "Point", "coordinates": [110.385701, -7.797589]}, "properties": {"name": "Hotel Wijaya Kusuma", "type": "Hotel", "category": "tempat_tinggal", "subcategory": "Hotel", "opening_hours": null, "operator": null, "osm_id": 610967702}}, {"type": "Feature", "geometry": {"type": "Point", "coordinates": [110.409001, -7.804325]}, "properties": {"name": "Tirta Kencana Hotel & Garden Resto", "type": "Hotel", "category": "tempat_tinggal", "subcategory": "Hotel", "opening_hours": null, "operator": null, "osm_id": 614399958}}, {"type": "Feature", "geometry": {"type": "Point", "coordinates": [110.377015, -7.80456]}, "properties": {"name": "Hotel Musafira Gunung Ketur", "type": "Hotel", "category": "tempat_tinggal", "subcategory": "Hotel", "opening_hours": null, "operator": null, "osm_id": 519209389}}, {"type": "Feature", "geometry": {"type": "Point", "coordinates": [110.377305, -7.804979]}, "properties": {"name": "Surokarsan Residence", "type": "Hotel", "category": "tempat_tinggal", "subcategory": "Hotel", "opening_hours": null, "operator": null, "osm_id": 636774521}}, {"type": "Feature", "geometry": {"type": "Point", "coordinates": [110.402593, -7.804002]}, "properties": {"name": "Al Baik Guesthouse", "type": "Hotel", "category": "tempat_tinggal", "subcategory": "Hotel", "opening_hours": null, "operator": null, "osm_id": 610478091}}, {"type": "Feature", "geometry": {"type": "Point", "coordinates": [110.402178, -7.797268]}, "properties": {"name": "Hotel Yudhisthira", "type": "Hotel", "category": "tempat_tinggal", "subcategory": "Hotel", "opening_hours": null, "operator": null, "osm_id": 668789012}}, {"type": "Feature", "geometry": {"type": "Point", "coordinates": [110.3674, -7.784264]}, "properties": {"name": "The Srikandi Hotel", "type": "Hotel", "category": "tempat_tinggal", "subcategory": "Hotel", "opening_hours": null, "operator": null, "osm_id": 974095847}}, {"type": "Feature", "geometry": {"type": "Point", "coordinates": [110.36714, -7.784729]}, "properties": {"name": "Harper Malioboro Yogyakarta", "type": "Hotel", "category": "tempat_tinggal", "subcategory": "Hotel", "opening_hours": null, "operator": null, "osm_id": 293029083}}, {"type": "Feature", "geometry": {"type": "Point", "coordinates": [110.367158, -7.783812]}, "properties": {"name": "Yes", "type": "Hotel", "category": "tempat_tinggal", "subcategory": "Hotel", "opening_hours": null, "operator": null, "osm_id": 942927368}}, {"type": "Feature", "geometry": {"type": "Point", "coordinates": [110.375519, -7.761059]}, "properties": {"name": "Amaya Suites", "type": "Hotel", "category": "tempat_tinggal", "subcategory": "Hotel", "opening_hours": null, "operator": null, "osm_id": 551802346}}, {"type": "Feature", "geometry": {"type": "Point", "coordinates": [110.363265, -7.787069]}, "properties": {"name": "Hotel Gowongan Inn Malioboro", "type": "Hotel", "category": "tempat_tinggal", "subcategory": "Hotel", "opening_hours": null, "operator": null, "osm_id": 639341011}}, {"type": "Feature", "geometry": {"type": "Point", "coordinates": [110.357712, -7.787069]}, "properties": {"name": "Hinggil Family Homestay", "type": "Hotel", "category": "tempat_tinggal", "subcategory": "Hotel", "opening_hours": null, "operator": null, "osm_id": 610481369}}, {"type": "Feature", "geometry": {"type": "Point", "coordinates": [110.366081, -7.788674]}, "properties": {"name": "Wisma Ratih", "type": "Hotel", "category": "tempat_tinggal", "subcategory": "Hotel", "opening_hours": null, "operator": null, "osm_id": 292986496}}, {"type": "Feature", "geometry": {"type": "Point", "coordinates": [110.363573, -7.787493]}, "properties": {"name": "Horaios Malioboro Hotel", "type": "Hotel", "category": "tempat_tinggal", "subcategory": "Hotel", "opening_hours": null, "operator": null, "osm_id": 610118729}}, {"type": "Feature", "geometry": {"type": "Point", "coordinates": [110.366107, -7.788337]}, "properties": {"name": "Hotel Bhinneka Yogyakarta", "type": "Hotel", "category": "tempat_tinggal", "subcategory": "Hotel", "opening_hours": null, "operator": null, "osm_id": 293031467}}, {"type": "Feature", "geometry": {"type": "Point", "coordinates": [110.410313, -7.689471]}, "properties": {"name": "Kost Putra Adhiwangsa", "type": "Hostel", "category": "tempat_tinggal", "subcategory": "Guest House", "opening_hours": null, "operator": null, "osm_id": 745526100}}, {"type": "Feature", "geometry": {"type": "Point", "coordinates": [110.407888, -7.779251]}, "properties": {"name": "Omah Ambarukmo", "type": "Hotel", "category": "tempat_tinggal", "subcategory": "Hotel", "opening_hours": null, "operator": null, "osm_id": 613189728}}, {"type": "Feature", "geometry": {"type": "Point", "coordinates": [110.408638, -7.780263]}, "properties": {"name": "Hotel Latifa", "type": "Hotel", "category": "tempat_tinggal", "subcategory": "Hotel", "opening_hours": null, "operator": null, "osm_id": 1016787595}}, {"type": "Feature", "geometry": {"type": "Point", "coordinates": [110.386772, -7.780944]}, "properties": {"name": "Hotel Paramitha Yogyakarta", "type": "Hotel", "category": "tempat_tinggal", "subcategory": "Hotel", "opening_hours": null, "operator": null, "osm_id": 610345913}}, {"type": "Feature", "geometry": {"type": "Point", "coordinates": [110.373662, -7.758809]}, "properties": {"name": "Wisma Khadijah", "type": "Hotel", "category": "tempat_tinggal", "subcategory": "Hotel", "opening_hours": null, "operator": null, "osm_id": 362688009}}, {"type": "Feature", "geometry": {"type": "Point", "coordinates": [110.373972, -7.759152]}, "properties": {"name": "Kos Muslimah Rin", "type": "Hotel", "category": "tempat_tinggal", "subcategory": "Hotel", "opening_hours": null, "operator": null, "osm_id": 362688120}}, {"type": "Feature", "geometry": {"type": "Point", "coordinates": [110.376989, -7.758541]}, "properties": {"name": "Pondok Karya Student Homestay", "type": "Hotel", "category": "tempat_tinggal", "subcategory": "Hotel", "opening_hours": null, "operator": null, "osm_id": 329422604}}, {"type": "Feature", "geometry": {"type": "Point", "coordinates": [110.376207, -7.757276]}, "properties": {"name": "Simply Homy Guest House", "type": "Guest House", "category": "tempat_tinggal", "subcategory": "Guest House", "opening_hours": null, "operator": null, "osm_id": 341994079}}, {"type": "Feature", "geometry": {"type": "Point", "coordinates": [110.373691, -7.760622]}, "properties": {"name": "Dasinem Family Homestay", "type": "Hotel", "category": "tempat_tinggal", "subcategory": "Hotel", "opening_hours": null, "operator": null, "osm_id": 363414841}}, {"type": "Feature", "geometry": {"type": "Point", "coordinates": [110.387332, -7.779573]}, "properties": {"name": "Puri Chorus 2 Hotel Yogyakarta", "type": "Hotel", "category": "tempat_tinggal", "subcategory": "Hotel", "opening_hours": null, "operator": null, "osm_id": 610346059}}, {"type": "Feature", "geometry": {"type": "Point", "coordinates": [110.386793, -7.779824]}, "properties": {"name": "Wisma Imanuel", "type": "Hostel", "category": "tempat_tinggal", "subcategory": "Guest House", "opening_hours": null, "operator": null, "osm_id": 610346072}}, {"type": "Feature", "geometry": {"type": "Point", "coordinates": [110.367659, -7.781451]}, "properties": {"name": "POP! Hotel Sangaji", "type": "Hotel", "category": "tempat_tinggal", "subcategory": "Hotel", "opening_hours": null, "operator": null, "osm_id": 610463976}}, {"type": "Feature", "geometry": {"type": "Point", "coordinates": [110.368574, -7.782531]}, "properties": {"name": "The Phoenix Hotel Yogyakarta", "type": "Hotel", "category": "tempat_tinggal", "subcategory": "Hotel", "opening_hours": null, "operator": "MGallery Collection", "osm_id": 259319559}}, {"type": "Feature", "geometry": {"type": "Point", "coordinates": [110.370944, -7.771927]}, "properties": {"name": "Tembok Batu Residence", "type": "Hotel", "category": "tempat_tinggal", "subcategory": "Hotel", "opening_hours": null, "operator": null, "osm_id": 336036972}}, {"type": "Feature", "geometry": {"type": "Point", "coordinates": [110.360836, -7.77154]}, "properties": {"name": "Hotel Tara Yogyakarta", "type": "Hotel", "category": "tempat_tinggal", "subcategory": "Hotel", "opening_hours": null, "operator": null, "osm_id": 530363462}}, {"type": "Feature", "geometry": {"type": "Point", "coordinates": [110.36642, -7.786116]}, "properties": {"name": "Rene Hotel Yogyakarta", "type": "Hotel", "category": "tempat_tinggal", "subcategory": "Hotel", "opening_hours": null, "operator": null, "osm_id": 611517703}}, {"type": "Feature", "geometry": {"type": "Point", "coordinates": [110.364163, -7.790019]}, "properties": {"name": "Khresna Guesthouse Yogyakarta", "type": "Hostel", "category": "tempat_tinggal", "subcategory": "Guest House", "opening_hours": null, "operator": null, "osm_id": 611054403}}, {"type": "Feature", "geometry": {"type": "Point", "coordinates": [110.361841, -7.789882]}, "properties": {"name": "Kota", "type": "Hotel", "category": "tempat_tinggal", "subcategory": "Hotel", "opening_hours": null, "operator": null, "osm_id": 282074051}}, {"type": "Feature", "geometry": {"type": "Point", "coordinates": [110.365646, -7.790212]}, "properties": {"name": "Hotel Trim", "type": "Hotel", "category": "tempat_tinggal", "subcategory": "Hotel", "opening_hours": null, "operator": null, "osm_id": 280982725}}, {"type": "Feature", "geometry": {"type": "Point", "coordinates": [110.365238, -7.790138]}, "properties": {"name": "Whiz Prime", "type": "Hotel", "category": "tempat_tinggal", "subcategory": "Hotel", "opening_hours": null, "operator": null, "osm_id": 280983705}}, {"type": "Feature", "geometry": {"type": "Point", "coordinates": [110.363666, -7.790136]}, "properties": {"name": "Unisi", "type": "Hotel", "category": "tempat_tinggal", "subcategory": "Hotel", "opening_hours": null, "operator": null, "osm_id": 201299449}}, {"type": "Feature", "geometry": {"type": "Point", "coordinates": [110.362744, -7.790196]}, "properties": {"name": "Mataram", "type": "Hotel", "category": "tempat_tinggal", "subcategory": "Hotel", "opening_hours": null, "operator": null, "osm_id": 201299455}}, {"type": "Feature", "geometry": {"type": "Point", "coordinates": [110.35848, -7.790974]}, "properties": {"name": "Septia Hotel Jogjakarta", "type": "Hotel", "category": "tempat_tinggal", "subcategory": "Hotel", "opening_hours": null, "operator": null, "osm_id": 930054836}}, {"type": "Feature", "geometry": {"type": "Point", "coordinates": [110.407082, -7.768419]}, "properties": {"name": "Puri Cerah", "type": "Guest House", "category": "tempat_tinggal", "subcategory": "Guest House", "opening_hours": null, "operator": null, "osm_id": 530575901}}, {"type": "Feature", "geometry": {"type": "Point", "coordinates": [110.362239, -7.790037]}, "properties": {"name": "Arte Hotel Yogyakarta", "type": "Hotel", "category": "tempat_tinggal", "subcategory": "Hotel", "opening_hours": null, "operator": null, "osm_id": 283558104}}, {"type": "Feature", "geometry": {"type": "Point", "coordinates": [110.397618, -7.783483]}, "properties": {"name": "Hotel Yellow Star Ambarukmo", "type": "Hotel", "category": "tempat_tinggal", "subcategory": "Hotel", "opening_hours": null, "operator": null, "osm_id": 1018427803}}, {"type": "Feature", "geometry": {"type": "Point", "coordinates": [110.402607, -7.757818]}, "properties": {"name": "Wisma JIH", "type": "Guest House", "category": "tempat_tinggal", "subcategory": "Guest House", "opening_hours": null, "operator": null, "osm_id": 530299331}}, {"type": "Feature", "geometry": {"type": "Point", "coordinates": [110.365857, -7.794527]}, "properties": {"name": "Mutiara I", "type": "Hotel", "category": "tempat_tinggal", "subcategory": "Hotel", "opening_hours": null, "operator": null, "osm_id": 283720227}}, {"type": "Feature", "geometry": {"type": "Point", "coordinates": [110.414477, -7.821661]}, "properties": {"name": "Guest House Restu", "type": "Guest House", "category": "tempat_tinggal", "subcategory": "Guest House", "opening_hours": null, "operator": null, "osm_id": 613644470}}, {"type": "Feature", "geometry": {"type": "Point", "coordinates": [110.380201, -7.755084]}, "properties": {"name": "OYO LIFE 2374 ALIKA Syariah", "type": "Hotel", "category": "tempat_tinggal", "subcategory": "Hotel", "opening_hours": null, "operator": null, "osm_id": 362542999}}, {"type": "Feature", "geometry": {"type": "Point", "coordinates": [110.380299, -7.763934]}, "properties": {"name": "Hotel Ishiro Kencana", "type": "Hotel", "category": "tempat_tinggal", "subcategory": "Hotel", "opening_hours": null, "operator": null, "osm_id": 249857812}}, {"type": "Feature", "geometry": {"type": "Point", "coordinates": [110.378378, -7.763432]}, "properties": {"name": "Reddoorz Catur Tunggal", "type": "Hotel", "category": "tempat_tinggal", "subcategory": "Hotel", "opening_hours": null, "operator": null, "osm_id": 850122455}}, {"type": "Feature", "geometry": {"type": "Point", "coordinates": [110.399463, -7.754316]}, "properties": {"name": "OYO 2892 Sm Exclusive Condong Catur", "type": "Hotel", "category": "tempat_tinggal", "subcategory": "Hotel", "opening_hours": null, "operator": null, "osm_id": 362996104}}, {"type": "Feature", "geometry": {"type": "Point", "coordinates": [110.399779, -7.753852]}, "properties": {"name": "Griya Hanum Syariah", "type": "Hotel", "category": "tempat_tinggal", "subcategory": "Hotel", "opening_hours": null, "operator": null, "osm_id": 649370952}}, {"type": "Feature", "geometry": {"type": "Point", "coordinates": [110.399731, -7.753948]}, "properties": {"name": "Wisma Anggajaya Dadap", "type": "Hotel", "category": "tempat_tinggal", "subcategory": "Hotel", "opening_hours": null, "operator": null, "osm_id": 649370951}}, {"type": "Feature", "geometry": {"type": "Point", "coordinates": [110.39242, -7.754108]}, "properties": {"name": "Colivingku Aster II", "type": "Hotel", "category": "tempat_tinggal", "subcategory": "Hotel", "opening_hours": null, "operator": null, "osm_id": 362981652}}, {"type": "Feature", "geometry": {"type": "Point", "coordinates": [110.385167, -7.759788]}, "properties": {"name": "Retra Hostel Rambutan", "type": "Hostel", "category": "tempat_tinggal", "subcategory": "Guest House", "opening_hours": null, "operator": null, "osm_id": 363155699}}, {"type": "Feature", "geometry": {"type": "Point", "coordinates": [110.403416, -7.760809]}, "properties": {"name": "Reddoorz Near Hartono Mall 3 Condongcatur", "type": "Hotel", "category": "tempat_tinggal", "subcategory": "Hotel", "opening_hours": null, "operator": null, "osm_id": 363062798}}, {"type": "Feature", "geometry": {"type": "Point", "coordinates": [110.405887, -7.751228]}, "properties": {"name": "OYO 1072 Kampung Condro Wulan Guesthouse", "type": "Hotel", "category": "tempat_tinggal", "subcategory": "Hotel", "opening_hours": null, "operator": null, "osm_id": 122809074}}, {"type": "Feature", "geometry": {"type": "Point", "coordinates": [110.395883, -7.758804]}, "properties": {"name": "Grand Sarila Hotel", "type": "Hotel", "category": "tempat_tinggal", "subcategory": "Hotel", "opening_hours": null, "operator": null, "osm_id": 259567266}}, {"type": "Feature", "geometry": {"type": "Point", "coordinates": [110.370945, -7.814688]}, "properties": {"name": "Candra Dewi", "type": "Hotel", "category": "tempat_tinggal", "subcategory": "Hotel", "opening_hours": null, "operator": null, "osm_id": 551999589}}, {"type": "Feature", "geometry": {"type": "Point", "coordinates": [110.38473, -7.754617]}, "properties": {"name": "OYO 1593 Pondok Garini Syariah", "type": "Hotel", "category": "tempat_tinggal", "subcategory": "Hotel", "opening_hours": null, "operator": null, "osm_id": 362680042}}, {"type": "Feature", "geometry": {"type": "Point", "coordinates": [110.418258, -7.763441]}, "properties": {"name": "Indekost Eksklusif Chadea", "type": "Guest House", "category": "tempat_tinggal", "subcategory": "Guest House", "opening_hours": null, "operator": null, "osm_id": 363942508}}, {"type": "Feature", "geometry": {"type": "Point", "coordinates": [110.407189, -7.754661]}, "properties": {"name": "Junarso Grup Mawar Kost", "type": "Hostel", "category": "tempat_tinggal", "subcategory": "Guest House", "opening_hours": null, "operator": null, "osm_id": 363091306}}, {"type": "Feature", "geometry": {"type": "Point", "coordinates": [110.398711, -7.764444]}, "properties": {"name": "Omah Sastro", "type": "Hostel", "category": "tempat_tinggal", "subcategory": "Guest House", "opening_hours": null, "operator": null, "osm_id": 363103441}}, {"type": "Feature", "geometry": {"type": "Point", "coordinates": [110.384006, -7.755958]}, "properties": {"name": "Hotel Aryuka", "type": "Hotel", "category": "tempat_tinggal", "subcategory": "Hotel", "opening_hours": null, "operator": null, "osm_id": 362680021}}, {"type": "Feature", "geometry": {"type": "Point", "coordinates": [110.365379, -7.815302]}, "properties": {"name": "The Alana Hotel and Conference Center Malioboro", "type": "Hotel", "category": "tempat_tinggal", "subcategory": "Hotel", "opening_hours": null, "operator": null, "osm_id": 629418835}}, {"type": "Feature", "geometry": {"type": "Point", "coordinates": [110.386112, -7.75644]}, "properties": {"name": "Kirana Dormitory Kost Putri", "type": "Hostel", "category": "tempat_tinggal", "subcategory": "Guest House", "opening_hours": null, "operator": null, "osm_id": 363155725}}, {"type": "Feature", "geometry": {"type": "Point", "coordinates": [110.364662, -7.81292]}, "properties": {"name": "Puri Langenarjan", "type": "Hotel", "category": "tempat_tinggal", "subcategory": "Hotel", "opening_hours": null, "operator": null, "osm_id": 610444758}}, {"type": "Feature", "geometry": {"type": "Point", "coordinates": [110.35723, -7.813829]}, "properties": {"name": "Pondok 71 Suryodiningratan", "type": "Hostel", "category": "tempat_tinggal", "subcategory": "Guest House", "opening_hours": null, "operator": null, "osm_id": 536681645}}, {"type": "Feature", "geometry": {"type": "Point", "coordinates": [110.415996, -7.762374]}, "properties": {"name": "Front One Resort Jogja", "type": "Hotel", "category": "tempat_tinggal", "subcategory": "Hotel", "opening_hours": null, "operator": null, "osm_id": 363942366}}, {"type": "Feature", "geometry": {"type": "Point", "coordinates": [110.396328, -7.762428]}, "properties": {"name": "OYO 1319 88 Exclusive Guesthouse", "type": "Hotel", "category": "tempat_tinggal", "subcategory": "Hotel", "opening_hours": null, "operator": null, "osm_id": 259557663}}, {"type": "Feature", "geometry": {"type": "Point", "coordinates": [110.383793, -7.763126]}, "properties": {"name": "Putri Delta19", "type": "Guest House", "category": "tempat_tinggal", "subcategory": "Guest House", "opening_hours": null, "operator": null, "osm_id": 122903577}}, {"type": "Feature", "geometry": {"type": "Point", "coordinates": [110.403766, -7.756128]}, "properties": {"name": "Kos Putri Kiyyara", "type": "Hostel", "category": "tempat_tinggal", "subcategory": "Guest House", "opening_hours": null, "operator": null, "osm_id": 1020429417}}, {"type": "Feature", "geometry": {"type": "Point", "coordinates": [110.405114, -7.757307]}, "properties": {"name": "Kos Putri Meta", "type": "Guest House", "category": "tempat_tinggal", "subcategory": "Guest House", "opening_hours": null, "operator": null, "osm_id": 1020175316}}, {"type": "Feature", "geometry": {"type": "Point", "coordinates": [110.403638, -7.762485]}, "properties": {"name": "Nirvana Inn", "type": "Hotel", "category": "tempat_tinggal", "subcategory": "Hotel", "opening_hours": null, "operator": null, "osm_id": 363063120}}, {"type": "Feature", "geometry": {"type": "Point", "coordinates": [110.382737, -7.763244]}, "properties": {"name": "OYO 2008 Sellinas Family Residence Syariah", "type": "Hotel", "category": "tempat_tinggal", "subcategory": "Hotel", "opening_hours": null, "operator": null, "osm_id": 362528327}}, {"type": "Feature", "geometry": {"type": "Point", "coordinates": [110.375283, -7.762473]}, "properties": {"name": "Griya Mentari", "type": "Hostel", "category": "tempat_tinggal", "subcategory": "Guest House", "opening_hours": null, "operator": null, "osm_id": 551802314}}, {"type": "Feature", "geometry": {"type": "Point", "coordinates": [110.409817, -7.759564]}, "properties": {"name": "Tulip Dormitory", "type": "Hostel", "category": "tempat_tinggal", "subcategory": "Guest House", "opening_hours": null, "operator": null, "osm_id": 1012942161}}, {"type": "Feature", "geometry": {"type": "Point", "coordinates": [110.396011, -7.763989]}, "properties": {"name": "Nirvanna Inn", "type": "Hotel", "category": "tempat_tinggal", "subcategory": "Hotel", "opening_hours": null, "operator": null, "osm_id": 259558374}}, {"type": "Feature", "geometry": {"type": "Point", "coordinates": [110.405792, -7.762839]}, "properties": {"name": "Hotel Koslo", "type": "Hotel", "category": "tempat_tinggal", "subcategory": "Hotel", "opening_hours": null, "operator": null, "osm_id": 314517443}}, {"type": "Feature", "geometry": {"type": "Point", "coordinates": [110.403989, -7.764221]}, "properties": {"name": "Chorus Family Homestay", "type": "Hotel", "category": "tempat_tinggal", "subcategory": "Hotel", "opening_hours": null, "operator": null, "osm_id": 363062617}}, {"type": "Feature", "geometry": {"type": "Point", "coordinates": [110.375685, -7.761655]}, "properties": {"name": "Griya Khoirunnisa", "type": "Hostel", "category": "tempat_tinggal", "subcategory": "Guest House", "opening_hours": null, "operator": null, "osm_id": 551780936}}, {"type": "Feature", "geometry": {"type": "Point", "coordinates": [110.375749, -7.761507]}, "properties": {"name": "Kost Roemah Boenda", "type": "Hotel", "category": "tempat_tinggal", "subcategory": "Hotel", "opening_hours": null, "operator": null, "osm_id": 551780942}}, {"type": "Feature", "geometry": {"type": "Point", "coordinates": [110.375992, -7.761618]}, "properties": {"name": "Griya Aisha", "type": "Hostel", "category": "tempat_tinggal", "subcategory": "Guest House", "opening_hours": null, "operator": null, "osm_id": 551802319}}, {"type": "Feature", "geometry": {"type": "Point", "coordinates": [110.410489, -7.757449]}, "properties": {"name": "Hotel Omahe Dav", "type": "Hotel", "category": "tempat_tinggal", "subcategory": "Hotel", "opening_hours": null, "operator": null, "osm_id": 363080571}}, {"type": "Feature", "geometry": {"type": "Point", "coordinates": [110.369305, -7.820926]}, "properties": {"name": "Dtalent Hotel Yogyakarta", "type": "Hotel", "category": "tempat_tinggal", "subcategory": "Hotel", "opening_hours": null, "operator": null, "osm_id": 612936530}}, {"type": "Feature", "geometry": {"type": "Point", "coordinates": [110.359754, -7.820971]}, "properties": {"name": "Puri Minggiran Guesthouse", "type": "Hostel", "category": "tempat_tinggal", "subcategory": "Guest House", "opening_hours": null, "operator": null, "osm_id": 610176365}}, {"type": "Feature", "geometry": {"type": "Point", "coordinates": [110.365935, -7.821609]}, "properties": {"name": "Arjuna Homestay & Garden Resto", "type": "Hotel", "category": "tempat_tinggal", "subcategory": "Hotel", "opening_hours": null, "operator": null, "osm_id": 610959401}}, {"type": "Feature", "geometry": {"type": "Point", "coordinates": [110.372107, -7.818672]}, "properties": {"name": "Aloha Hotel Yogyakarta", "type": "Hotel", "category": "tempat_tinggal", "subcategory": "Hotel", "opening_hours": null, "operator": null, "osm_id": 629510421}}, {"type": "Feature", "geometry": {"type": "Point", "coordinates": [110.370525, -7.818205]}, "properties": {"name": "Otu Hostel", "type": "Hostel", "category": "tempat_tinggal", "subcategory": "Guest House", "opening_hours": null, "operator": null, "osm_id": 629846882}}, {"type": "Feature", "geometry": {"type": "Point", "coordinates": [110.369302, -7.817412]}, "properties": {"name": "Nau Hostel by NGINAP", "type": "Hostel", "category": "tempat_tinggal", "subcategory": "Guest House", "opening_hours": null, "operator": "NGINAP Hospitality", "osm_id": 630828219}}, {"type": "Feature", "geometry": {"type": "Point", "coordinates": [110.367403, -7.82241]}, "properties": {"name": "KJ Hotel", "type": "Hotel", "category": "tempat_tinggal", "subcategory": "Hotel", "opening_hours": null, "operator": null, "osm_id": 610965493}}, {"type": "Feature", "geometry": {"type": "Point", "coordinates": [110.366545, -7.824057]}, "properties": {"name": "Burza Hotel", "type": "Hotel", "category": "tempat_tinggal", "subcategory": "Hotel", "opening_hours": null, "operator": null, "osm_id": 610984691}}, {"type": "Feature", "geometry": {"type": "Point", "coordinates": [110.351819, -7.797096]}, "properties": {"name": "Oyo 3083 D Kost 3 Syariah Pakuncen", "type": "Hostel", "category": "tempat_tinggal", "subcategory": "Guest House", "opening_hours": null, "operator": null, "osm_id": 611430634}}, {"type": "Feature", "geometry": {"type": "Point", "coordinates": [110.365643, -7.824389]}, "properties": {"name": "Hotel Jogokaryan", "type": "Hotel", "category": "tempat_tinggal", "subcategory": "Hotel", "opening_hours": null, "operator": null, "osm_id": 611001533}}, {"type": "Feature", "geometry": {"type": "Point", "coordinates": [110.363547, -7.824349]}, "properties": {"name": "Hotel Seno", "type": "Hotel", "category": "tempat_tinggal", "subcategory": "Hotel", "opening_hours": null, "operator": null, "osm_id": 1070553815}}, {"type": "Feature", "geometry": {"type": "Point", "coordinates": [110.364364, -7.82184]}, "properties": {"name": "Grand Palace", "type": "Hotel", "category": "tempat_tinggal", "subcategory": "Hotel", "opening_hours": null, "operator": null, "osm_id": 341598451}}, {"type": "Feature", "geometry": {"type": "Point", "coordinates": [110.371923, -7.792206]}, "properties": {"name": "Hotel Suryaputri Tegal Panggung", "type": "Hotel", "category": "tempat_tinggal", "subcategory": "Hotel", "opening_hours": null, "operator": null, "osm_id": 610379999}}, {"type": "Feature", "geometry": {"type": "Point", "coordinates": [110.361735, -7.798357]}, "properties": {"name": "Cordela Hotel Kartika Dewi Yogyakarta", "type": "Hotel", "category": "tempat_tinggal", "subcategory": "Hotel", "opening_hours": null, "operator": null, "osm_id": 610944577}}, {"type": "Feature", "geometry": {"type": "Point", "coordinates": [110.363264, -7.798271]}, "properties": {"name": "KHAS Malioboro Hotel Yogyakarta", "type": "Hotel", "category": "tempat_tinggal", "subcategory": "Hotel", "opening_hours": null, "operator": null, "osm_id": 286006148}}, {"type": "Feature", "geometry": {"type": "Point", "coordinates": [110.370492, -7.797029]}, "properties": {"name": "Front One Cabin Malioboro Jogja", "type": "Hotel", "category": "tempat_tinggal", "subcategory": "Hotel", "opening_hours": null, "operator": null, "osm_id": 610376682}}, {"type": "Feature", "geometry": {"type": "Point", "coordinates": [110.394315, -7.751976]}, "properties": {"name": "Kost Biru Pojokan", "type": "Hostel", "category": "tempat_tinggal", "subcategory": "Guest House", "opening_hours": null, "operator": null, "osm_id": 1010394768}}, {"type": "Feature", "geometry": {"type": "Point", "coordinates": [110.410976, -7.765656]}, "properties": {"name": "Hotel Dafam", "type": "Hotel", "category": "tempat_tinggal", "subcategory": "Hotel", "opening_hours": null, "operator": null, "osm_id": 463270427}}, {"type": "Feature", "geometry": {"type": "Point", "coordinates": [110.394798, -7.759161]}, "properties": {"name": "Citihub Hotel Gejayan", "type": "Hotel", "category": "tempat_tinggal", "subcategory": "Hotel", "opening_hours": null, "operator": null, "osm_id": 259567262}}, {"type": "Feature", "geometry": {"type": "Point", "coordinates": [110.395874, -7.759413]}, "properties": {"name": "Grand Keisha Hotel Yogyakarta", "type": "Hotel", "category": "tempat_tinggal", "subcategory": "Hotel", "opening_hours": null, "operator": null, "osm_id": 1018407256}}, {"type": "Feature", "geometry": {"type": "Point", "coordinates": [110.387933, -7.75989]}, "properties": {"name": "Lafayette Boutique", "type": "Hotel", "category": "tempat_tinggal", "subcategory": "Hotel", "opening_hours": null, "operator": null, "osm_id": 530204751}}, {"type": "Feature", "geometry": {"type": "Point", "coordinates": [110.388748, -7.755209]}, "properties": {"name": "Omah Njonja Bed & Brasserie Sleman", "type": "Hotel", "category": "tempat_tinggal", "subcategory": "Hotel", "opening_hours": null, "operator": null, "osm_id": 505285637}}, {"type": "Feature", "geometry": {"type": "Point", "coordinates": [110.353214, -7.81403]}, "properties": {"name": "Deep Purple Homestay 1", "type": "Hostel", "category": "tempat_tinggal", "subcategory": "Guest House", "opening_hours": null, "operator": null, "osm_id": 612892364}}, {"type": "Feature", "geometry": {"type": "Point", "coordinates": [110.390688, -7.761689]}, "properties": {"name": "Rumah Kandjani Sleman", "type": "Hotel", "category": "tempat_tinggal", "subcategory": "Hotel", "opening_hours": null, "operator": null, "osm_id": 362918094}}, {"type": "Feature", "geometry": {"type": "Point", "coordinates": [110.422838, -7.76017]}, "properties": {"name": "Seroja Exclusive Kostel Maguwo", "type": "Hotel", "category": "tempat_tinggal", "subcategory": "Hotel", "opening_hours": null, "operator": null, "osm_id": 1016773275}}, {"type": "Feature", "geometry": {"type": "Point", "coordinates": [110.382115, -7.760687]}, "properties": {"name": "Vee Hotel Catur Tunggal", "type": "Hotel", "category": "tempat_tinggal", "subcategory": "Hotel", "opening_hours": null, "operator": null, "osm_id": 362512048}}, {"type": "Feature", "geometry": {"type": "Point", "coordinates": [110.373289, -7.794063]}, "properties": {"name": "Danurejan Guesthouse", "type": "Hotel", "category": "tempat_tinggal", "subcategory": "Hotel", "opening_hours": null, "operator": null, "osm_id": 610437608}}, {"type": "Feature", "geometry": {"type": "Point", "coordinates": [110.380071, -7.758584]}, "properties": {"name": "OYO 1073 Pogung W1 Exclusive", "type": "Hotel", "category": "tempat_tinggal", "subcategory": "Hotel", "opening_hours": null, "operator": null, "osm_id": 362543148}}, {"type": "Feature", "geometry": {"type": "Point", "coordinates": [110.379809, -7.758502]}, "properties": {"name": "Kost Putri Pogung Baru W5", "type": "Hostel", "category": "tempat_tinggal", "subcategory": "Guest House", "opening_hours": null, "operator": null, "osm_id": 362543406}}, {"type": "Feature", "geometry": {"type": "Point", "coordinates": [110.378429, -7.759679]}, "properties": {"name": "Guest House Pogung Baru", "type": "Guest House", "category": "tempat_tinggal", "subcategory": "Guest House", "opening_hours": null, "operator": null, "osm_id": 259526913}}, {"type": "Feature", "geometry": {"type": "Point", "coordinates": [110.372457, -7.757062]}, "properties": {"name": "Bedjo Homestay Sinduadi", "type": "Hotel", "category": "tempat_tinggal", "subcategory": "Hotel", "opening_hours": null, "operator": null, "osm_id": 850118920}}, {"type": "Feature", "geometry": {"type": "Point", "coordinates": [110.370398, -7.753028]}, "properties": {"name": "Comfy Guest House Yogyakarta", "type": "Hotel", "category": "tempat_tinggal", "subcategory": "Hotel", "opening_hours": null, "operator": null, "osm_id": 362715895}}, {"type": "Feature", "geometry": {"type": "Point", "coordinates": [110.369806, -7.755161]}, "properties": {"name": "Reddoorz Grya Rintaka Sinduadi", "type": "Hotel", "category": "tempat_tinggal", "subcategory": "Hotel", "opening_hours": null, "operator": null, "osm_id": 362687888}}, {"type": "Feature", "geometry": {"type": "Point", "coordinates": [110.405708, -7.758018]}, "properties": {"name": "Graha Bam", "type": "Hotel", "category": "tempat_tinggal", "subcategory": "Hotel", "opening_hours": null, "operator": null, "osm_id": 363068326}}, {"type": "Feature", "geometry": {"type": "Point", "coordinates": [110.372609, -7.750278]}, "properties": {"name": "Indoluxe Hotel", "type": "Hotel", "category": "tempat_tinggal", "subcategory": "Hotel", "opening_hours": null, "operator": null, "osm_id": 553160186}}, {"type": "Feature", "geometry": {"type": "Point", "coordinates": [110.373214, -7.751332]}, "properties": {"name": "Reddoorz Sariharjo", "type": "Hotel", "category": "tempat_tinggal", "subcategory": "Hotel", "opening_hours": null, "operator": null, "osm_id": 362716735}}, {"type": "Feature", "geometry": {"type": "Point", "coordinates": [110.373326, -7.79921]}, "properties": {"name": "Zest Hotel Yogyakarta", "type": "Hotel", "category": "tempat_tinggal", "subcategory": "Hotel", "opening_hours": null, "operator": null, "osm_id": 610718355}}, {"type": "Feature", "geometry": {"type": "Point", "coordinates": [110.361908, -7.800472]}, "properties": {"name": "The Cabin Hotel Bhayangkara", "type": "Hotel", "category": "tempat_tinggal", "subcategory": "Hotel", "opening_hours": null, "operator": null, "osm_id": 610944530}}, {"type": "Feature", "geometry": {"type": "Point", "coordinates": [110.392563, -7.763134]}, "properties": {"name": "D'Paragon Pelem Kecut Jogja", "type": "Hotel", "category": "tempat_tinggal", "subcategory": "Hotel", "opening_hours": null, "operator": null, "osm_id": 1020420947}}, {"type": "Feature", "geometry": {"type": "Point", "coordinates": [110.393367, -7.755367]}, "properties": {"name": "Blok III No.20 Komplek Turangga Sari", "type": "Hotel", "category": "tempat_tinggal", "subcategory": "Hotel", "opening_hours": null, "operator": null, "osm_id": 984062801}}, {"type": "Feature", "geometry": {"type": "Point", "coordinates": [110.381835, -7.752982]}, "properties": {"name": "Masrilink's Guest House Sinduadi", "type": "Hotel", "category": "tempat_tinggal", "subcategory": "Hotel", "opening_hours": null, "operator": null, "osm_id": 362972524}}, {"type": "Feature", "geometry": {"type": "Point", "coordinates": [110.366821, -7.794188]}, "properties": {"name": "Hotel Malioboro Garden", "type": "Hotel", "category": "tempat_tinggal", "subcategory": "Hotel", "opening_hours": null, "operator": null, "osm_id": 610978400}}, {"type": "Feature", "geometry": {"type": "Point", "coordinates": [110.367651, -7.794261]}, "properties": {"name": "Puspo Nugroho Hotel Yogyakarta", "type": "Hotel", "category": "tempat_tinggal", "subcategory": "Hotel", "opening_hours": null, "operator": null, "osm_id": 610978434}}, {"type": "Feature", "geometry": {"type": "Point", "coordinates": [110.367882, -7.794228]}, "properties": {"name": "Akur Optic & Hotel Yogyakarta", "type": "Hotel", "category": "tempat_tinggal", "subcategory": "Hotel", "opening_hours": null, "operator": null, "osm_id": 610978431}}, {"type": "Feature", "geometry": {"type": "Point", "coordinates": [110.363922, -7.794002]}, "properties": {"name": "Peti Mas Hotel Yogyakarta", "type": "Hotel", "category": "tempat_tinggal", "subcategory": "Hotel", "opening_hours": null, "operator": null, "osm_id": 611391160}}, {"type": "Feature", "geometry": {"type": "Point", "coordinates": [110.364594, -7.794761]}, "properties": {"name": "Homestay Mawar Putih Sosromenduran", "type": "Hostel", "category": "tempat_tinggal", "subcategory": "Guest House", "opening_hours": null, "operator": null, "osm_id": 611391078}}, {"type": "Feature", "geometry": {"type": "Point", "coordinates": [110.371673, -7.800967]}, "properties": {"name": "Hotel Rajadani Yogyakarta", "type": "Hotel", "category": "tempat_tinggal", "subcategory": "Hotel", "opening_hours": null, "operator": null, "osm_id": 273391262}}, {"type": "Feature", "geometry": {"type": "Point", "coordinates": [110.358, -7.793418]}, "properties": {"name": "Pondok Manggolo Malioboro Yogyakarta", "type": "Hotel", "category": "tempat_tinggal", "subcategory": "Hotel", "opening_hours": null, "operator": null, "osm_id": 888262996}}, {"type": "Feature", "geometry": {"type": "Point", "coordinates": [110.36455, -7.793716]}, "properties": {"name": "Hotel Amarta Yogyakarta", "type": "Hotel", "category": "tempat_tinggal", "subcategory": "Hotel", "opening_hours": null, "operator": null, "osm_id": 611391202}}, {"type": "Feature", "geometry": {"type": "Point", "coordinates": [110.36427, -7.793608]}, "properties": {"name": "New Hotel Lilik Yogyakarta", "type": "Hotel", "category": "tempat_tinggal", "subcategory": "Hotel", "opening_hours": null, "operator": null, "osm_id": 283910046}}, {"type": "Feature", "geometry": {"type": "Point", "coordinates": [110.36479, -7.793764]}, "properties": {"name": "Whiz", "type": "Hotel", "category": "tempat_tinggal", "subcategory": "Hotel", "opening_hours": null, "operator": null, "osm_id": 611391204}}, {"type": "Feature", "geometry": {"type": "Point", "coordinates": [110.351386, -7.79483]}, "properties": {"name": "Kula Sentana Homestay Yogyakarta", "type": "Hotel", "category": "tempat_tinggal", "subcategory": "Hotel", "opening_hours": null, "operator": null, "osm_id": 611370873}}, {"type": "Feature", "geometry": {"type": "Point", "coordinates": [110.363233, -7.793539]}, "properties": {"name": "Hotel Puntodewo Yogyakarta", "type": "Hotel", "category": "tempat_tinggal", "subcategory": "Hotel", "opening_hours": null, "operator": null, "osm_id": 611391176}}, {"type": "Feature", "geometry": {"type": "Point", "coordinates": [110.362847, -7.793484]}, "properties": {"name": "Hotel Dafam Fortuna Malioboro Yogyakarta", "type": "Hotel", "category": "tempat_tinggal", "subcategory": "Hotel", "opening_hours": null, "operator": null, "osm_id": 611460415}}, {"type": "Feature", "geometry": {"type": "Point", "coordinates": [110.363375, -7.793645]}, "properties": {"name": "Yes", "type": "Hotel", "category": "tempat_tinggal", "subcategory": "Hotel", "opening_hours": null, "operator": null, "osm_id": 543169235}}, {"type": "Feature", "geometry": {"type": "Point", "coordinates": [110.361842, -7.793461]}, "properties": {"name": "Maranatha Grand Hotel Yogyakarta", "type": "Hotel", "category": "tempat_tinggal", "subcategory": "Hotel", "opening_hours": null, "operator": null, "osm_id": 611460340}}, {"type": "Feature", "geometry": {"type": "Point", "coordinates": [110.364618, -7.792154]}, "properties": {"name": "Summer Quest Hotel Yogyakarta", "type": "Hotel", "category": "tempat_tinggal", "subcategory": "Hotel", "opening_hours": null, "operator": null, "osm_id": 532466525}}, {"type": "Feature", "geometry": {"type": "Point", "coordinates": [110.36558, -7.79192]}, "properties": {"name": "Pyrenees Hotel", "type": "Hotel", "category": "tempat_tinggal", "subcategory": "Hotel", "opening_hours": null, "operator": null, "osm_id": 640552766}}, {"type": "Feature", "geometry": {"type": "Point", "coordinates": [110.373631, -7.757988]}, "properties": {"name": "Reddoorz Pogung Raya", "type": "Hotel", "category": "tempat_tinggal", "subcategory": "Hotel", "opening_hours": null, "operator": null, "osm_id": 850134386}}, {"type": "Feature", "geometry": {"type": "Point", "coordinates": [110.374906, -7.760996]}, "properties": {"name": "Omah Cecak", "type": "Hotel", "category": "tempat_tinggal", "subcategory": "Hotel", "opening_hours": null, "operator": null, "osm_id": 551780865}}, {"type": "Feature", "geometry": {"type": "Point", "coordinates": [110.375315, -7.75741]}, "properties": {"name": "Radhisha House Exclusive Kost", "type": "Hotel", "category": "tempat_tinggal", "subcategory": "Hotel", "opening_hours": null, "operator": null, "osm_id": 341994107}}, {"type": "Feature", "geometry": {"type": "Point", "coordinates": [110.356368, -7.869818]}, "properties": {"name": "Tembi Rumah Budaya", "type": "Arts Centre", "category": "tempat_tinggal", "subcategory": "Guest House", "opening_hours": null, "operator": null, "osm_id": 345472423}}, {"type": "Feature", "geometry": {"type": "Point", "coordinates": [110.382228, -7.75658]}, "properties": {"name": "Artotel Hotel Yogyakarta", "type": "Hotel", "category": "tempat_tinggal", "subcategory": "Hotel", "opening_hours": null, "operator": null, "osm_id": 352269167}}, {"type": "Feature", "geometry": {"type": "Point", "coordinates": [110.376451, -7.755792]}, "properties": {"name": "Zu-pa", "type": "Restaurant", "category": "tempat_tinggal", "subcategory": "Rumah/Kos", "opening_hours": null, "operator": null, "osm_id": 259549760}}, {"type": "Feature", "geometry": {"type": "Point", "coordinates": [110.382178, -7.758432]}, "properties": {"name": "Hotel Cakra Kembang", "type": "Hotel", "category": "tempat_tinggal", "subcategory": "Hotel", "opening_hours": null, "operator": null, "osm_id": 780090301}}, {"type": "Feature", "geometry": {"type": "Point", "coordinates": [110.371888, -7.819434]}, "properties": {"name": "Prayogo Lama Hotel", "type": "Hotel", "category": "tempat_tinggal", "subcategory": "Hotel", "opening_hours": null, "operator": null, "osm_id": 630832356}}, {"type": "Feature", "geometry": {"type": "Point", "coordinates": [110.372234, -7.819952]}, "properties": {"name": "Hotel Adhisthana Yogyakarta", "type": "Hotel", "category": "tempat_tinggal", "subcategory": "Hotel", "opening_hours": null, "operator": null, "osm_id": 610692422}}, {"type": "Feature", "geometry": {"type": "Point", "coordinates": [110.371682, -7.819956]}, "properties": {"name": "Hotel Prayogo Baru", "type": "Hotel", "category": "tempat_tinggal", "subcategory": "Hotel", "opening_hours": null, "operator": null, "osm_id": 610692434}}, {"type": "Feature", "geometry": {"type": "Point", "coordinates": [110.37117, -7.819402]}, "properties": {"name": "Hotel Grand Rosela", "type": "Hotel", "category": "tempat_tinggal", "subcategory": "Hotel", "opening_hours": null, "operator": null, "osm_id": 630942560}}, {"type": "Feature", "geometry": {"type": "Point", "coordinates": [110.37051, -7.819462]}, "properties": {"name": "Hotel Sumaryo Yogyakarta", "type": "Hotel", "category": "tempat_tinggal", "subcategory": "Hotel", "opening_hours": null, "operator": null, "osm_id": 629846770}}, {"type": "Feature", "geometry": {"type": "Point", "coordinates": [110.3717, -7.819496]}, "properties": {"name": "Guest House Parikesit", "type": "Hotel", "category": "tempat_tinggal", "subcategory": "Hotel", "opening_hours": null, "operator": null, "osm_id": 630942578}}, {"type": "Feature", "geometry": {"type": "Point", "coordinates": [110.37103, -7.819508]}, "properties": {"name": "Duta", "type": "Guest House", "category": "tempat_tinggal", "subcategory": "Guest House", "opening_hours": null, "operator": null, "osm_id": 395779023}}, {"type": "Feature", "geometry": {"type": "Point", "coordinates": [110.369507, -7.820578]}, "properties": {"name": "Indies Heritage", "type": "Hotel", "category": "tempat_tinggal", "subcategory": "Hotel", "opening_hours": null, "operator": null, "osm_id": 592700899}}, {"type": "Feature", "geometry": {"type": "Point", "coordinates": [110.368863, -7.819652]}, "properties": {"name": "Java Villas Boutique Hotel & Resto", "type": "Hotel", "category": "tempat_tinggal", "subcategory": "Hotel", "opening_hours": null, "operator": null, "osm_id": 629846805}}, {"type": "Feature", "geometry": {"type": "Point", "coordinates": [110.366518, -7.819578]}, "properties": {"name": "Hotel Nugraha", "type": "Hotel", "category": "tempat_tinggal", "subcategory": "Hotel", "opening_hours": null, "operator": null, "osm_id": 629383349}}, {"type": "Feature", "geometry": {"type": "Point", "coordinates": [110.366186, -7.819452]}, "properties": {"name": "Harmony Inn Hotel", "type": "Hotel", "category": "tempat_tinggal", "subcategory": "Hotel", "opening_hours": null, "operator": null, "osm_id": 629383366}}, {"type": "Feature", "geometry": {"type": "Point", "coordinates": [110.375204, -7.762626]}, "properties": {"name": "Kost Putri Kinanti", "type": "Hostel", "category": "tempat_tinggal", "subcategory": "Guest House", "opening_hours": null, "operator": null, "osm_id": 720848197}}, {"type": "Feature", "geometry": {"type": "Point", "coordinates": [110.363441, -7.824192]}, "properties": {"name": "House 24", "type": "Hotel", "category": "tempat_tinggal", "subcategory": "Hotel", "opening_hours": null, "operator": null, "osm_id": 611001685}}, {"type": "Feature", "geometry": {"type": "Point", "coordinates": [110.369451, -7.819191]}, "properties": {"name": "Putra Jaya Hotel", "type": "Hotel", "category": "tempat_tinggal", "subcategory": "Hotel", "opening_hours": null, "operator": null, "osm_id": 629846801}}, {"type": "Feature", "geometry": {"type": "Point", "coordinates": [110.368435, -7.818074]}, "properties": {"name": "Hotel Sritimur", "type": "Hotel", "category": "tempat_tinggal", "subcategory": "Hotel", "opening_hours": null, "operator": null, "osm_id": 629532640}}, {"type": "Feature", "geometry": {"type": "Point", "coordinates": [110.347798, -7.804949]}, "properties": {"name": "Omah Pari Boutique Hotel", "type": "Hotel", "category": "tempat_tinggal", "subcategory": "Hotel", "opening_hours": null, "operator": null, "osm_id": 610698720}}, {"type": "Feature", "geometry": {"type": "Point", "coordinates": [110.352878, -7.801422]}, "properties": {"name": "Hotel Sartika", "type": "Hotel", "category": "tempat_tinggal", "subcategory": "Hotel", "opening_hours": null, "operator": null, "osm_id": 610485280}}, {"type": "Feature", "geometry": {"type": "Point", "coordinates": [110.355846, -7.800718]}, "properties": {"name": "Cavinton", "type": "Hotel", "category": "tempat_tinggal", "subcategory": "Hotel", "opening_hours": null, "operator": null, "osm_id": 610400235}}, {"type": "Feature", "geometry": {"type": "Point", "coordinates": [110.390857, -7.836174]}, "properties": {"name": "Rhona Guest House Syariah", "type": "Guest House", "category": "tempat_tinggal", "subcategory": "Guest House", "opening_hours": null, "operator": null, "osm_id": 610414997}}, {"type": "Feature", "geometry": {"type": "Point", "coordinates": [110.344996, -7.808775]}, "properties": {"name": "Sonosewu Guest House", "type": "Guest House", "category": "tempat_tinggal", "subcategory": "Guest House", "opening_hours": null, "operator": null, "osm_id": 938148098}}, {"type": "Feature", "geometry": {"type": "Point", "coordinates": [110.379036, -7.781779]}, "properties": {"name": "h boutique hotel", "type": "Hotel", "category": "tempat_tinggal", "subcategory": "Hotel", "opening_hours": null, "operator": null, "osm_id": 349869799}}, {"type": "Feature", "geometry": {"type": "Point", "coordinates": [110.377218, -7.739397]}, "properties": {"name": "Alana Hotel", "type": "Hotel", "category": "tempat_tinggal", "subcategory": "Hotel", "opening_hours": null, "operator": null, "osm_id": 533294411}}, {"type": "Feature", "geometry": {"type": "Point", "coordinates": [110.371003, -7.796875]}, "properties": {"name": "Kalingga Hotel", "type": "Hotel", "category": "tempat_tinggal", "subcategory": "Hotel", "opening_hours": null, "operator": null, "osm_id": 610739283}}, {"type": "Feature", "geometry": {"type": "Point", "coordinates": [110.382054, -7.776606]}, "properties": {"name": "PORTA by The Ambarrukmo", "type": "Hotel", "category": "tempat_tinggal", "subcategory": "Hotel", "opening_hours": null, "operator": null, "osm_id": 975724942}}, {"type": "Feature", "geometry": {"type": "Point", "coordinates": [110.377927, -7.781479]}, "properties": {"name": "RedDoorz Syariah near Galeria Mall Yogyakarta", "type": "Hotel", "category": "tempat_tinggal", "subcategory": "Hotel", "opening_hours": null, "operator": null, "osm_id": 362031920}}, {"type": "Feature", "geometry": {"type": "Point", "coordinates": [110.372208, -7.797593]}, "properties": {"name": "Jambuluwuk Malioboro Boutique Hotel", "type": "Hotel", "category": "tempat_tinggal", "subcategory": "Hotel", "opening_hours": null, "operator": null, "osm_id": 258909540}}, {"type": "Feature", "geometry": {"type": "Point", "coordinates": [110.370758, -7.794357]}, "properties": {"name": "Tegal Panggung Guest House", "type": "Guest House", "category": "tempat_tinggal", "subcategory": "Guest House", "opening_hours": null, "operator": null, "osm_id": 286527238}}, {"type": "Feature", "geometry": {"type": "Point", "coordinates": [110.348192, -7.799444]}, "properties": {"name": "House", "type": "Guest House", "category": "tempat_tinggal", "subcategory": "Guest House", "opening_hours": null, "operator": null, "osm_id": 418522131}}, {"type": "Feature", "geometry": {"type": "Point", "coordinates": [110.363002, -7.791762]}, "properties": {"name": "Hotel Family", "type": "Hotel", "category": "tempat_tinggal", "subcategory": "Hotel", "opening_hours": null, "operator": null, "osm_id": 1178715248}}, {"type": "Feature", "geometry": {"type": "Point", "coordinates": [110.368831, -7.797177]}, "properties": {"name": "Meli\u00e1 Purosani", "type": "Hotel", "category": "tempat_tinggal", "subcategory": "Hotel", "opening_hours": null, "operator": null, "osm_id": 276154376}}, {"type": "Feature", "geometry": {"type": "Point", "coordinates": [110.366761, -7.793072]}, "properties": {"name": "Novotel Suites Yogyakarta Malioboro", "type": "Hotel", "category": "tempat_tinggal", "subcategory": "Hotel", "opening_hours": null, "operator": null, "osm_id": 1224690627}}, {"type": "Feature", "geometry": {"type": "Point", "coordinates": [110.360945, -7.783376]}, "properties": {"name": "Best City Hotel", "type": "Hotel", "category": "tempat_tinggal", "subcategory": "Hotel", "opening_hours": null, "operator": null, "osm_id": 1070135678}}, {"type": "Feature", "geometry": {"type": "Point", "coordinates": [110.388964, -7.801508]}, "properties": {"name": "Swiss-Bel Express", "type": "Hotel", "category": "tempat_tinggal", "subcategory": "Hotel", "opening_hours": null, "operator": null, "osm_id": 610982547}}, {"type": "Feature", "geometry": {"type": "Point", "coordinates": [110.389907, -7.777085]}, "properties": {"name": "Loman Park Hotel Yogyakarta", "type": "Hotel", "category": "tempat_tinggal", "subcategory": "Hotel", "opening_hours": null, "operator": null, "osm_id": 241201954}}, {"type": "Feature", "geometry": {"type": "Point", "coordinates": [110.381294, -7.758238]}, "properties": {"name": "Pulang ke Uttara", "type": "Hotel", "category": "tempat_tinggal", "subcategory": "Hotel", "opening_hours": null, "operator": null, "osm_id": 1482098981}}, {"type": "Feature", "geometry": {"type": "Point", "coordinates": [110.366706, -7.824613]}, "properties": {"name": "1O1 URBAN Heritage Yogyakarta Lynn Prawirotaman", "type": "Hotel", "category": "tempat_tinggal", "subcategory": "Hotel", "opening_hours": null, "operator": null, "osm_id": 610984613}}, {"type": "Feature", "geometry": {"type": "Point", "coordinates": [110.404796, -7.781963]}, "properties": {"name": "Wisma Ambarrukmo 2", "type": "Hotel", "category": "tempat_tinggal", "subcategory": "Hotel", "opening_hours": null, "operator": null, "osm_id": 1446402036}}, {"type": "Feature", "geometry": {"type": "Point", "coordinates": [110.440167, -7.895503]}, "properties": {"name": "Little Tokyo", "type": "Hotel", "category": "tempat_tinggal", "subcategory": "Hotel", "opening_hours": null, "operator": null, "osm_id": 613247681}}, {"type": "Feature", "geometry": {"type": "Point", "coordinates": [110.367135, -7.790517]}, "properties": {"name": "Grand Inna Malioboro", "type": "Hotel", "category": "tempat_tinggal", "subcategory": "Hotel", "opening_hours": null, "operator": null, "osm_id": 121675863}}, {"type": "Feature", "geometry": {"type": "Point", "coordinates": [110.41367, -7.768689]}, "properties": {"name": "Pondok Idjo", "type": "Guest House", "category": "tempat_tinggal", "subcategory": "Guest House", "opening_hours": null, "operator": null, "osm_id": 530763482}}, {"type": "Feature", "geometry": {"type": "Point", "coordinates": [110.415774, -7.771923]}, "properties": {"name": "Raudah Family Homestay / Guest House", "type": "Guest House", "category": "tempat_tinggal", "subcategory": "Guest House", "opening_hours": null, "operator": null, "osm_id": 530763475}}, {"type": "Feature", "geometry": {"type": "Point", "coordinates": [110.415889, -7.772519]}, "properties": {"name": "Jogja Istimewaah Kost and Homestay", "type": "Guest House", "category": "tempat_tinggal", "subcategory": "Guest House", "opening_hours": null, "operator": null, "osm_id": 364059372}}, {"type": "Feature", "geometry": {"type": "Point", "coordinates": [110.405441, -7.719454]}, "properties": {"name": "Hotel Purnama", "type": "Hotel", "category": "tempat_tinggal", "subcategory": "Hotel", "opening_hours": null, "operator": null, "osm_id": 362374048}}, {"type": "Feature", "geometry": {"type": "Point", "coordinates": [110.363128, -7.783278]}, "properties": {"name": "Khas Tugu Hotel", "type": "Hotel", "category": "tempat_tinggal", "subcategory": "Hotel", "opening_hours": null, "operator": null, "osm_id": 616245794}}, {"type": "Feature", "geometry": {"type": "Point", "coordinates": [110.359864, -7.79192]}, "properties": {"name": "The Jogja Hotel & Conference Center", "type": "Hotel", "category": "tempat_tinggal", "subcategory": "Hotel", "opening_hours": null, "operator": null, "osm_id": 1475031004}}, {"type": "Feature", "geometry": {"type": "Point", "coordinates": [110.364622, -7.790095]}, "properties": {"name": "Neo", "type": "Hotel", "category": "tempat_tinggal", "subcategory": "Hotel", "opening_hours": null, "operator": null, "osm_id": 283556627}}, {"type": "Feature", "geometry": {"type": "Point", "coordinates": [110.362884, -7.78332]}, "properties": {"name": "Hotel Kotta GO", "type": "Hotel", "category": "tempat_tinggal", "subcategory": "Hotel", "opening_hours": null, "operator": null, "osm_id": 121520359}}, {"type": "Feature", "geometry": {"type": "Point", "coordinates": [110.378101, -7.816671]}, "properties": {"name": "The Journey Hotel", "type": "Hotel", "category": "tempat_tinggal", "subcategory": "Hotel", "opening_hours": null, "operator": null, "osm_id": 632576001}}, {"type": "Feature", "geometry": {"type": "Point", "coordinates": [110.391484, -7.798702]}, "properties": {"name": "POP! Hotel Timoho", "type": "Hotel", "category": "tempat_tinggal", "subcategory": "Hotel", "opening_hours": null, "operator": null, "osm_id": 610684445}}, {"type": "Feature", "geometry": {"type": "Point", "coordinates": [110.38373, -7.757411]}, "properties": {"name": "Hotel Srikandi Baru Catur Tunggal", "type": "Hotel", "category": "tempat_tinggal", "subcategory": "Hotel", "opening_hours": null, "operator": null, "osm_id": 779807866}}, {"type": "Feature", "geometry": {"type": "Point", "coordinates": [110.398503, -7.761514]}, "properties": {"name": "Marriott Hotel", "type": "Hotel", "category": "tempat_tinggal", "subcategory": "Hotel", "opening_hours": null, "operator": null, "osm_id": 1066717987}}, {"type": "Feature", "geometry": {"type": "Point", "coordinates": [110.416204, -7.786561]}, "properties": {"name": "Devo Studio Living", "type": "Hotel", "category": "tempat_tinggal", "subcategory": "Hotel", "opening_hours": null, "operator": null, "osm_id": 666852731}}, {"type": "Feature", "geometry": {"type": "Point", "coordinates": [110.368295, -7.774331]}, "properties": {"name": "Mustokoweni The Heritage Hotel", "type": "Hotel", "category": "tempat_tinggal", "subcategory": "Hotel", "opening_hours": null, "operator": null, "osm_id": 362783723}}, {"type": "Feature", "geometry": {"type": "Point", "coordinates": [110.434442, -7.764955]}, "properties": {"name": "Klinik dr. Basar", "type": "Doctors", "category": "tempat_tinggal", "subcategory": "Rumah/Kos", "opening_hours": null, "operator": null, "osm_id": 231053497}}, {"type": "Feature", "geometry": {"type": "Point", "coordinates": [110.376376, -7.780129]}, "properties": {"name": "Sagan Hotel", "type": "Hotel", "category": "tempat_tinggal", "subcategory": "Hotel", "opening_hours": null, "operator": null, "osm_id": 319259498}}, {"type": "Feature", "geometry": {"type": "Point", "coordinates": [110.377532, -7.781271]}, "properties": {"name": "Sagan Huis Hotel", "type": "Hotel", "category": "tempat_tinggal", "subcategory": "Hotel", "opening_hours": null, "operator": null, "osm_id": 319259580}}, {"type": "Feature", "geometry": {"type": "Point", "coordinates": [110.376877, -7.781645]}, "properties": {"name": "Galuh Anindita Hotel Yogyakarta", "type": "Hotel", "category": "tempat_tinggal", "subcategory": "Hotel", "opening_hours": null, "operator": null, "osm_id": 362031330}}, {"type": "Feature", "geometry": {"type": "Point", "coordinates": [110.419478, -7.783926]}, "properties": {"name": "Hotel Jayakarta", "type": "Hotel", "category": "tempat_tinggal", "subcategory": "Hotel", "opening_hours": null, "operator": null, "osm_id": 270038246}}, {"type": "Feature", "geometry": {"type": "Point", "coordinates": [110.398453, -7.723378]}, "properties": {"name": "Yes", "type": "Hotel", "category": "tempat_tinggal", "subcategory": "Hotel", "opening_hours": null, "operator": null, "osm_id": 1493049713}}, {"type": "Feature", "geometry": {"type": "Point", "coordinates": [110.39124, -7.783966]}, "properties": {"name": "Hotel Saphir", "type": "Hotel", "category": "tempat_tinggal", "subcategory": "Hotel", "opening_hours": null, "operator": null, "osm_id": 121614972}}, {"type": "Feature", "geometry": {"type": "Point", "coordinates": [110.402722, -7.782186]}, "properties": {"name": "Royal Ambarrukmo Yogyakarta", "type": "Hotel", "category": "tempat_tinggal", "subcategory": "Hotel", "opening_hours": null, "operator": null, "osm_id": 1446402025}}, {"type": "Feature", "geometry": {"type": "Point", "coordinates": [110.377874, -7.753398]}, "properties": {"name": "Retra's Wg", "type": "Hotel", "category": "tempat_tinggal", "subcategory": "Hotel", "opening_hours": null, "operator": null, "osm_id": 259543002}}, {"type": "Feature", "geometry": {"type": "Point", "coordinates": [110.390388, -7.819712]}, "properties": {"name": "Hotel Kayu Manis", "type": "Hotel", "category": "tempat_tinggal", "subcategory": "Hotel", "opening_hours": null, "operator": null, "osm_id": 945329307}}, {"type": "Feature", "geometry": {"type": "Point", "coordinates": [110.368405, -7.808937]}, "properties": {"name": "Ndalem Mantrigawen", "type": "Hotel", "category": "tempat_tinggal", "subcategory": "Hotel", "opening_hours": null, "operator": null, "osm_id": 247808133}}, {"type": "Feature", "geometry": {"type": "Point", "coordinates": [110.371054, -7.808365]}, "properties": {"name": "Tasneem Hotel", "type": "Hotel", "category": "tempat_tinggal", "subcategory": "Hotel", "opening_hours": null, "operator": null, "osm_id": 216475759}}, {"type": "Feature", "geometry": {"type": "Point", "coordinates": [110.370567, -7.807733]}, "properties": {"name": "St. Mary I Dormitory", "type": "Hostel", "category": "tempat_tinggal", "subcategory": "Guest House", "opening_hours": null, "operator": null, "osm_id": 216488125}}, {"type": "Feature", "geometry": {"type": "Point", "coordinates": [110.378986, -7.825783]}, "properties": {"name": "Rumah Nugraha Hotel Syariah", "type": "Hotel", "category": "tempat_tinggal", "subcategory": "Hotel", "opening_hours": null, "operator": null, "osm_id": 610098532}}, {"type": "Feature", "geometry": {"type": "Point", "coordinates": [110.401497, -7.813483]}, "properties": {"name": "Kalya Hotel Yogyakarta (Tune Hotel)", "type": "Hotel", "category": "tempat_tinggal", "subcategory": "Hotel", "opening_hours": null, "operator": null, "osm_id": 536699011}}, {"type": "Feature", "geometry": {"type": "Point", "coordinates": [110.388279, -7.815261]}, "properties": {"name": "Asri Graha", "type": "Hotel", "category": "tempat_tinggal", "subcategory": "Hotel", "opening_hours": null, "operator": null, "osm_id": 632172033}}, {"type": "Feature", "geometry": {"type": "Point", "coordinates": [110.385567, -7.816576]}, "properties": {"name": "Hotel Safara", "type": "Hotel", "category": "tempat_tinggal", "subcategory": "Hotel", "opening_hours": null, "operator": null, "osm_id": 632172499}}, {"type": "Feature", "geometry": {"type": "Point", "coordinates": [110.387865, -7.815787]}, "properties": {"name": "Satya Graha Hotel Yogyakarta", "type": "Hotel", "category": "tempat_tinggal", "subcategory": "Hotel", "opening_hours": null, "operator": null, "osm_id": 616211548}}, {"type": "Feature", "geometry": {"type": "Point", "coordinates": [110.388525, -7.815826]}, "properties": {"name": "Hotel Surya Citra Yogyakarta", "type": "Hotel", "category": "tempat_tinggal", "subcategory": "Hotel", "opening_hours": null, "operator": null, "osm_id": 632172163}}, {"type": "Feature", "geometry": {"type": "Point", "coordinates": [110.383456, -7.815827]}, "properties": {"name": "Hotel Restu", "type": "Hotel", "category": "tempat_tinggal", "subcategory": "Hotel", "opening_hours": null, "operator": null, "osm_id": 610461023}}, {"type": "Feature", "geometry": {"type": "Point", "coordinates": [110.365158, -7.79001]}, "properties": {"name": "Mulia Kencana", "type": "Hotel", "category": "tempat_tinggal", "subcategory": "Hotel", "opening_hours": null, "operator": null, "osm_id": 280983704}}, {"type": "Feature", "geometry": {"type": "Point", "coordinates": [110.366498, -7.793101]}, "properties": {"name": "Hotel Malyabhara", "type": "Hotel", "category": "tempat_tinggal", "subcategory": "Hotel", "opening_hours": null, "operator": null, "osm_id": 283534319}}, {"type": "Feature", "geometry": {"type": "Point", "coordinates": [110.363729, -7.801536]}, "properties": {"name": "Mitra Hotel", "type": "Hotel", "category": "tempat_tinggal", "subcategory": "Hotel", "opening_hours": null, "operator": null, "osm_id": 610114270}}, {"type": "Feature", "geometry": {"type": "Point", "coordinates": [110.382475, -7.814822]}, "properties": {"name": "Janitra Homestay Jogja", "type": "Hotel", "category": "tempat_tinggal", "subcategory": "Hotel", "opening_hours": null, "operator": null, "osm_id": 1070516482}}, {"type": "Feature", "geometry": {"type": "Point", "coordinates": [110.381299, -7.813197]}, "properties": {"name": "Omah Bumi Guesthouse", "type": "Guest House", "category": "tempat_tinggal", "subcategory": "Guest House", "opening_hours": null, "operator": null, "osm_id": 610180188}}, {"type": "Feature", "geometry": {"type": "Point", "coordinates": [110.38674, -7.813097]}, "properties": {"name": "Nayottama Homestay", "type": "Hotel", "category": "tempat_tinggal", "subcategory": "Hotel", "opening_hours": null, "operator": null, "osm_id": 611434068}}, {"type": "Feature", "geometry": {"type": "Point", "coordinates": [110.353409, -7.803447]}, "properties": {"name": "OYO 2394 Hotel Brosta", "type": "Hotel", "category": "tempat_tinggal", "subcategory": "Hotel", "opening_hours": null, "operator": null, "osm_id": 610485176}}, {"type": "Feature", "geometry": {"type": "Point", "coordinates": [110.392927, -7.782792]}, "properties": {"name": "Atrium", "type": "Hotel", "category": "tempat_tinggal", "subcategory": "Hotel", "opening_hours": null, "operator": null, "osm_id": 130818992}}, {"type": "Feature", "geometry": {"type": "Point", "coordinates": [110.380277, -7.829916]}, "properties": {"name": "Restaurant", "type": "Restaurant", "category": "tempat_tinggal", "subcategory": "Rumah/Kos", "opening_hours": null, "operator": null, "osm_id": 1359400914}}, {"type": "Feature", "geometry": {"type": "Point", "coordinates": [110.363248, -7.813552]}, "properties": {"name": "Rumah Roso Homestay", "type": "Hotel", "category": "tempat_tinggal", "subcategory": "Hotel", "opening_hours": null, "operator": null, "osm_id": 610444716}}, {"type": "Feature", "geometry": {"type": "Point", "coordinates": [110.379976, -7.761167]}, "properties": {"name": "OYO 1150 Omah Ladrang", "type": "Hotel", "category": "tempat_tinggal", "subcategory": "Hotel", "opening_hours": null, "operator": null, "osm_id": 362512096}}, {"type": "Feature", "geometry": {"type": "Point", "coordinates": [110.383875, -7.759911]}, "properties": {"name": "OYO 2311 C9 Exclusive", "type": "Hotel", "category": "tempat_tinggal", "subcategory": "Hotel", "opening_hours": null, "operator": null, "osm_id": 362679901}}, {"type": "Feature", "geometry": {"type": "Point", "coordinates": [110.418847, -7.780823]}, "properties": {"name": "Core Hotel Yogyakarta", "type": "Hotel", "category": "tempat_tinggal", "subcategory": "Hotel", "opening_hours": null, "operator": null, "osm_id": 944519863}}, {"type": "Feature", "geometry": {"type": "Point", "coordinates": [110.358767, -7.804212]}, "properties": {"name": "Mawar Asri Hotel", "type": "Hotel", "category": "tempat_tinggal", "subcategory": "Hotel", "opening_hours": null, "operator": null, "osm_id": 610984806}}, {"type": "Feature", "geometry": {"type": "Point", "coordinates": [110.359936, -7.804273]}, "properties": {"name": "Wisma Hidayah Hotel", "type": "Hotel", "category": "tempat_tinggal", "subcategory": "Hotel", "opening_hours": null, "operator": null, "osm_id": 610984844}}, {"type": "Feature", "geometry": {"type": "Point", "coordinates": [110.38106, -7.776022]}, "properties": {"name": "Wisma MM UGM", "type": "Hotel", "category": "tempat_tinggal", "subcategory": "Hotel", "opening_hours": null, "operator": null, "osm_id": 120419524}}, {"type": "Feature", "geometry": {"type": "Point", "coordinates": [110.377417, -7.773122]}, "properties": {"name": "University Club Hotel - UGM", "type": "Hotel", "category": "tempat_tinggal", "subcategory": "Hotel", "opening_hours": null, "operator": null, "osm_id": 120422195}}, {"type": "Feature", "geometry": {"type": "Point", "coordinates": [110.3932, -7.761828]}, "properties": {"name": "Salam Tailor", "type": "Tailor", "category": "tempat_tinggal", "subcategory": "Rumah/Kos", "opening_hours": "Mo-Sa 08:00-20:00", "operator": null, "osm_id": 362918194}}, {"type": "Feature", "geometry": {"type": "Point", "coordinates": [110.345037, -7.802758]}, "properties": {"name": "Khaira Homestay", "type": "Hostel", "category": "tempat_tinggal", "subcategory": "Guest House", "opening_hours": null, "operator": null, "osm_id": 610366475}}, {"type": "Feature", "geometry": {"type": "Point", "coordinates": [110.343417, -7.803691]}, "properties": {"name": "Hotel Kinasih", "type": "Hotel", "category": "tempat_tinggal", "subcategory": "Hotel", "opening_hours": null, "operator": null, "osm_id": 610398448}}, {"type": "Feature", "geometry": {"type": "Point", "coordinates": [110.364357, -7.75585]}, "properties": {"name": "Bale Tardian Homestay", "type": "Hotel", "category": "tempat_tinggal", "subcategory": "Hotel", "opening_hours": null, "operator": null, "osm_id": 362016360}}, {"type": "Feature", "geometry": {"type": "Point", "coordinates": [110.458731, -7.682436]}, "properties": {"name": "Dinas Sosial PSAA Bimo Martani", "type": "House", "category": "tempat_tinggal", "subcategory": "Rumah/Kos", "opening_hours": null, "operator": null, "osm_id": 266966730}}, {"type": "Feature", "geometry": {"type": "Point", "coordinates": [110.070061, -7.887326]}, "properties": {"name": "Swiss-Belhotel Yogyakarta International Airport", "type": "Hotel", "category": "tempat_tinggal", "subcategory": "Hotel", "opening_hours": null, "operator": null, "osm_id": 343565955}}, {"type": "Feature", "geometry": {"type": "Point", "coordinates": [110.072563, -7.88715]}, "properties": {"name": "Novotel", "type": "Hotel", "category": "tempat_tinggal", "subcategory": "Hotel", "opening_hours": null, "operator": "Accor", "osm_id": 352999527}}, {"type": "Feature", "geometry": {"type": "Point", "coordinates": [110.369076, -7.801268]}, "properties": {"name": "Hotel Limaran", "type": "Hotel", "category": "tempat_tinggal", "subcategory": "Hotel", "opening_hours": null, "operator": null, "osm_id": 610956159}}, {"type": "Feature", "geometry": {"type": "Point", "coordinates": [110.370003, -7.801845]}, "properties": {"name": "D'Senopati Malioboro Grand Hotel", "type": "Hotel", "category": "tempat_tinggal", "subcategory": "Hotel", "opening_hours": null, "operator": null, "osm_id": 277018686}}, {"type": "Feature", "geometry": {"type": "Point", "coordinates": [110.067312, -7.886162]}, "properties": {"name": "Ketemon Hotel", "type": "Hotel", "category": "tempat_tinggal", "subcategory": "Hotel", "opening_hours": null, "operator": null, "osm_id": 866190925}}, {"type": "Feature", "geometry": {"type": "Point", "coordinates": [110.349413, -7.801213]}, "properties": {"name": "Hotel Dermaga Keluarga", "type": "Hotel", "category": "tempat_tinggal", "subcategory": "Hotel", "opening_hours": null, "operator": null, "osm_id": 611471878}}, {"type": "Feature", "geometry": {"type": "Point", "coordinates": [110.367822, -7.796453]}, "properties": {"name": "Hotel Suryapuri", "type": "Hotel", "category": "tempat_tinggal", "subcategory": "Hotel", "opening_hours": null, "operator": null, "osm_id": 610480298}}, {"type": "Feature", "geometry": {"type": "Point", "coordinates": [110.364677, -7.796101]}, "properties": {"name": "Amaris Hotel Malioboro", "type": "Hotel", "category": "tempat_tinggal", "subcategory": "Hotel", "opening_hours": null, "operator": null, "osm_id": 285455119}}, {"type": "Feature", "geometry": {"type": "Point", "coordinates": [110.356886, -7.801524]}, "properties": {"name": "Ayaartta Hotel", "type": "Hotel", "category": "tempat_tinggal", "subcategory": "Hotel", "opening_hours": null, "operator": null, "osm_id": 610365864}}, {"type": "Feature", "geometry": {"type": "Point", "coordinates": [110.355704, -7.803067]}, "properties": {"name": "RedDoorz Syariah Near Titik Nol Yogyakarta", "type": "Hotel", "category": "tempat_tinggal", "subcategory": "Hotel", "opening_hours": null, "operator": null, "osm_id": 610368523}}, {"type": "Feature", "geometry": {"type": "Point", "coordinates": [110.35046, -7.805563]}, "properties": {"name": "Home Addicts Yogya", "type": "Hotel", "category": "tempat_tinggal", "subcategory": "Hotel", "opening_hours": null, "operator": null, "osm_id": 611126130}}, {"type": "Feature", "geometry": {"type": "Point", "coordinates": [110.340172, -7.808528]}, "properties": {"name": "Wisma Azalia", "type": "Hotel", "category": "tempat_tinggal", "subcategory": "Hotel", "opening_hours": null, "operator": null, "osm_id": 613167833}}, {"type": "Feature", "geometry": {"type": "Point", "coordinates": [110.378896, -7.730307]}, "properties": {"name": "Laluna Resort Yogyakarta", "type": "Hotel", "category": "tempat_tinggal", "subcategory": "Hotel", "opening_hours": null, "operator": null, "osm_id": 363601485}}, {"type": "Feature", "geometry": {"type": "Point", "coordinates": [110.394421, -7.727986]}, "properties": {"name": "OYO 999 Garuda Guesthouse", "type": "Hotel", "category": "tempat_tinggal", "subcategory": "Hotel", "opening_hours": null, "operator": null, "osm_id": 929166639}}, {"type": "Feature", "geometry": {"type": "Point", "coordinates": [110.394905, -7.745162]}, "properties": {"name": "OYO 895 Mahameru Residence", "type": "Hotel", "category": "tempat_tinggal", "subcategory": "Hotel", "opening_hours": null, "operator": null, "osm_id": 530034726}}, {"type": "Feature", "geometry": {"type": "Point", "coordinates": [110.373128, -7.740597]}, "properties": {"name": "Hotel Hyatt", "type": "Hotel", "category": "tempat_tinggal", "subcategory": "Hotel", "opening_hours": null, "operator": null, "osm_id": 493550170}}, {"type": "Feature", "geometry": {"type": "Point", "coordinates": [110.39431, -7.742446]}, "properties": {"name": "SPOT ON 2881 Nabila Homestay", "type": "Hotel", "category": "tempat_tinggal", "subcategory": "Hotel", "opening_hours": null, "operator": null, "osm_id": 363787691}}, {"type": "Feature", "geometry": {"type": "Point", "coordinates": [110.486446, -7.787285]}, "properties": {"name": "Ojan Home", "type": "Guest House", "category": "tempat_tinggal", "subcategory": "Guest House", "opening_hours": null, "operator": null, "osm_id": 530987191}}, {"type": "Feature", "geometry": {"type": "Point", "coordinates": [110.486356, -7.787249]}, "properties": {"name": "Ojan Home", "type": "Guest House", "category": "tempat_tinggal", "subcategory": "Guest House", "opening_hours": null, "operator": null, "osm_id": 530987193}}, {"type": "Feature", "geometry": {"type": "Point", "coordinates": [110.372715, -7.788639]}, "properties": {"name": "Hotel Le Krasak", "type": "Hotel", "category": "tempat_tinggal", "subcategory": "Hotel", "opening_hours": null, "operator": null, "osm_id": 7087504}}, {"type": "Feature", "geometry": {"type": "Point", "coordinates": [110.390477, -7.784847]}, "properties": {"name": "Wisma RDE Demangan", "type": "Hotel", "category": "tempat_tinggal", "subcategory": "Hotel", "opening_hours": null, "operator": null, "osm_id": 8468262}}]}